    0    0    0    0    1    0    1    0    2    0    2    0 0.1530212240 0.0000000000 
    0    0    0    0    1    0    1    0    2    0    2    1 -0.0000000000 0.0000000000 
    0    0    0    0    1    0    1    0    2    1    2    0 -0.0000000000 -0.0000000000 
    0    0    0    0    1    0    1    0    2    1    2    1 0.0969787760 0.0000000000 
    0    0    0    0    1    0    1    1    2    0    2    0 -0.0000000000 0.0000000000 
    0    0    0    0    1    0    1    1    2    0    2    1 0.0615035406 0.0132357568 
    0    0    0    0    1    0    1    1    2    1    2    0 -0.0615035406 0.0132357568 
    0    0    0    0    1    0    1    1    2    1    2    1 0.0000000000 -0.0000000000 
    0    0    0    0    1    1    1    0    2    0    2    0 -0.0000000000 -0.0000000000 
    0    0    0    0    1    1    1    0    2    0    2    1 -0.0615035406 -0.0132357568 
    0    0    0    0    1    1    1    0    2    1    2    0 0.0615035406 -0.0132357568 
    0    0    0    0    1    1    1    0    2    1    2    1 0.0000000000 0.0000000000 
    0    0    0    0    1    1    1    1    2    0    2    0 0.1530212240 0.0000000000 
    0    0    0    0    1    1    1    1    2    0    2    1 -0.0000000000 -0.0000000000 
    0    0    0    0    1    1    1    1    2    1    2    0 -0.0000000000 0.0000000000 
    0    0    0    0    1    1    1    1    2    1    2    1 0.0969787760 0.0000000000 
    0    0    0    1    1    0    1    0    2    0    2    0 0.0000000000 -0.0000000000 
    0    0    0    1    1    0    1    0    2    0    2    1 0.0000000000 -0.0182913660 
    0    0    0    1    1    0    1    0    2    1    2    0 0.0000000000 -0.0182913660 
    0    0    0    1    1    0    1    0    2    1    2    1 0.0000000000 0.0000000000 
    0    0    0    1    1    0    1    1    2    0    2    0 -0.0780944512 0.0132357568 
    0    0    0    1    1    0    1    1    2    0    2    1 0.0000000000 -0.0000000000 
    0    0    0    1    1    0    1    1    2    1    2    0 0.0000000000 -0.0000000000 
    0    0    0    1    1    0    1    1    2    1    2    1 -0.0780944512 -0.0132357568 
    0    0    0    1    1    1    1    0    2    0    2    0 -0.0780944512 0.0132357568 
    0    0    0    1    1    1    1    0    2    0    2    1 0.0000000000 -0.0000000000 
    0    0    0    1    1    1    1    0    2    1    2    0 0.0000000000 -0.0000000000 
    0    0    0    1    1    1    1    0    2    1    2    1 -0.0780944512 -0.0132357568 
    0    0    0    1    1    1    1    1    2    0    2    0 -0.0000000000 0.0000000000 
    0    0    0    1    1    1    1    1    2    0    2    1 0.0000000000 0.0182913660 
    0    0    0    1    1    1    1    1    2    1    2    0 -0.0000000000 0.0182913660 
    0    0    0    1    1    1    1    1    2    1    2    1 -0.0000000000 -0.0000000000 
    0    1    0    0    1    0    1    0    2    0    2    0 0.0000000000 0.0000000000 
    0    1    0    0    1    0    1    0    2    0    2    1 0.0000000000 0.0182913660 
    0    1    0    0    1    0    1    0    2    1    2    0 0.0000000000 0.0182913660 
    0    1    0    0    1    0    1    0    2    1    2    1 0.0000000000 -0.0000000000 
    0    1    0    0    1    0    1    1    2    0    2    0 -0.0780944512 -0.0132357568 
    0    1    0    0    1    0    1    1    2    0    2    1 0.0000000000 0.0000000000 
    0    1    0    0    1    0    1    1    2    1    2    0 0.0000000000 0.0000000000 
    0    1    0    0    1    0    1    1    2    1    2    1 -0.0780944512 0.0132357568 
    0    1    0    0    1    1    1    0    2    0    2    0 -0.0780944512 -0.0132357568 
    0    1    0    0    1    1    1    0    2    0    2    1 0.0000000000 0.0000000000 
    0    1    0    0    1    1    1    0    2    1    2    0 0.0000000000 0.0000000000 
    0    1    0    0    1    1    1    0    2    1    2    1 -0.0780944512 0.0132357568 
    0    1    0    0    1    1    1    1    2    0    2    0 -0.0000000000 -0.0000000000 
    0    1    0    0    1    1    1    1    2    0    2    1 -0.0000000000 -0.0182913660 
    0    1    0    0    1    1    1    1    2    1    2    0 0.0000000000 -0.0182913660 
    0    1    0    0    1    1    1    1    2    1    2    1 -0.0000000000 0.0000000000 
    0    1    0    1    1    0    1    0    2    0    2    0 0.0969787760 0.0000000000 
    0    1    0    1    1    0    1    0    2    0    2    1 -0.0000000000 -0.0000000000 
    0    1    0    1    1    0    1    0    2    1    2    0 -0.0000000000 0.0000000000 
    0    1    0    1    1    0    1    0    2    1    2    1 0.1530212240 0.0000000000 
    0    1    0    1    1    0    1    1    2    0    2    0 -0.0000000000 -0.0000000000 
    0    1    0    1    1    0    1    1    2    0    2    1 0.0615035406 -0.0132357568 
    0    1    0    1    1    0    1    1    2    1    2    0 -0.0615035406 -0.0132357568 
    0    1    0    1    1    0    1    1    2    1    2    1 -0.0000000000 0.0000000000 
    0    1    0    1    1    1    1    0    2    0    2    0 -0.0000000000 0.0000000000 
    0    1    0    1    1    1    1    0    2    0    2    1 -0.0615035406 0.0132357568 
    0    1    0    1    1    1    1    0    2    1    2    0 0.0615035406 0.0132357568 
    0    1    0    1    1    1    1    0    2    1    2    1 -0.0000000000 -0.0000000000 
    0    1    0    1    1    1    1    1    2    0    2    0 0.0969787760 0.0000000000 
    0    1    0    1    1    1    1    1    2    0    2    1 -0.0000000000 0.0000000000 
    0    1    0    1    1    1    1    1    2    1    2    0 -0.0000000000 -0.0000000000 
    0    1    0    1    1    1    1    1    2    1    2    1 0.1530212240 0.0000000000 
    0    0    0    0    1    0    1    0    3    0    3    0 0.1530212240 0.0000000000 
    0    0    0    0    1    0    1    0    3    0    3    1 0.0000000000 0.0000000000 
    0    0    0    0    1    0    1    0    3    1    3    0 0.0000000000 -0.0000000000 
    0    0    0    0    1    0    1    0    3    1    3    1 0.0969787760 0.0000000000 
    0    0    0    0    1    0    1    1    3    0    3    0 -0.0000000000 -0.0000000000 
    0    0    0    0    1    0    1    1    3    0    3    1 0.0000000000 -0.0182913660 
    0    0    0    0    1    0    1    1    3    1    3    0 -0.0000000000 -0.0182913660 
    0    0    0    0    1    0    1    1    3    1    3    1 0.0000000000 -0.0000000000 
    0    0    0    0    1    1    1    0    3    0    3    0 -0.0000000000 0.0000000000 
    0    0    0    0    1    1    1    0    3    0    3    1 -0.0000000000 0.0182913660 
    0    0    0    0    1    1    1    0    3    1    3    0 0.0000000000 0.0182913660 
    0    0    0    0    1    1    1    0    3    1    3    1 0.0000000000 0.0000000000 
    0    0    0    0    1    1    1    1    3    0    3    0 0.0969787760 0.0000000000 
    0    0    0    0    1    1    1    1    3    0    3    1 0.0000000000 0.0000000000 
    0    0    0    0    1    1    1    1    3    1    3    0 0.0000000000 -0.0000000000 
    0    0    0    0    1    1    1    1    3    1    3    1 0.1530212240 0.0000000000 
    0    0    0    1    1    0    1    0    3    0    3    0 0.0000000000 -0.0000000000 
    0    0    0    1    1    0    1    0    3    0    3    1 0.0615035406 0.0132357568 
    0    0    0    1    1    0    1    0    3    1    3    0 -0.0615035406 0.0132357568 
    0    0    0    1    1    0    1    0    3    1    3    1 0.0000000000 -0.0000000000 
    0    0    0    1    1    0    1    1    3    0    3    0 -0.0780944512 0.0132357568 
    0    0    0    1    1    0    1    1    3    0    3    1 -0.0000000000 0.0000000000 
    0    0    0    1    1    0    1    1    3    1    3    0 -0.0000000000 0.0000000000 
    0    0    0    1    1    0    1    1    3    1    3    1 -0.0780944512 -0.0132357568 
    0    0    0    1    1    1    1    0    3    0    3    0 -0.0780944512 -0.0132357568 
    0    0    0    1    1    1    1    0    3    0    3    1 -0.0000000000 0.0000000000 
    0    0    0    1    1    1    1    0    3    1    3    0 -0.0000000000 0.0000000000 
    0    0    0    1    1    1    1    0    3    1    3    1 -0.0780944512 0.0132357568 
    0    0    0    1    1    1    1    1    3    0    3    0 -0.0000000000 -0.0000000000 
    0    0    0    1    1    1    1    1    3    0    3    1 0.0615035406 -0.0132357568 
    0    0    0    1    1    1    1    1    3    1    3    0 -0.0615035406 -0.0132357568 
    0    0    0    1    1    1    1    1    3    1    3    1 -0.0000000000 -0.0000000000 
    0    1    0    0    1    0    1    0    3    0    3    0 0.0000000000 0.0000000000 
    0    1    0    0    1    0    1    0    3    0    3    1 -0.0615035406 -0.0132357568 
    0    1    0    0    1    0    1    0    3    1    3    0 0.0615035406 -0.0132357568 
    0    1    0    0    1    0    1    0    3    1    3    1 0.0000000000 0.0000000000 
    0    1    0    0    1    0    1    1    3    0    3    0 -0.0780944512 0.0132357568 
    0    1    0    0    1    0    1    1    3    0    3    1 -0.0000000000 -0.0000000000 
    0    1    0    0    1    0    1    1    3    1    3    0 -0.0000000000 -0.0000000000 
    0    1    0    0    1    0    1    1    3    1    3    1 -0.0780944512 -0.0132357568 
    0    1    0    0    1    1    1    0    3    0    3    0 -0.0780944512 -0.0132357568 
    0    1    0    0    1    1    1    0    3    0    3    1 -0.0000000000 -0.0000000000 
    0    1    0    0    1    1    1    0    3    1    3    0 -0.0000000000 -0.0000000000 
    0    1    0    0    1    1    1    0    3    1    3    1 -0.0780944512 0.0132357568 
    0    1    0    0    1    1    1    1    3    0    3    0 -0.0000000000 0.0000000000 
    0    1    0    0    1    1    1    1    3    0    3    1 -0.0615035406 0.0132357568 
    0    1    0    0    1    1    1    1    3    1    3    0 0.0615035406 0.0132357568 
    0    1    0    0    1    1    1    1    3    1    3    1 -0.0000000000 0.0000000000 
    0    1    0    1    1    0    1    0    3    0    3    0 0.1530212240 0.0000000000 
    0    1    0    1    1    0    1    0    3    0    3    1 0.0000000000 0.0000000000 
    0    1    0    1    1    0    1    0    3    1    3    0 0.0000000000 -0.0000000000 
    0    1    0    1    1    0    1    0    3    1    3    1 0.0969787760 0.0000000000 
    0    1    0    1    1    0    1    1    3    0    3    0 0.0000000000 0.0000000000 
    0    1    0    1    1    0    1    1    3    0    3    1 0.0000000000 0.0182913660 
    0    1    0    1    1    0    1    1    3    1    3    0 0.0000000000 0.0182913660 
    0    1    0    1    1    0    1    1    3    1    3    1 -0.0000000000 0.0000000000 
    0    1    0    1    1    1    1    0    3    0    3    0 0.0000000000 -0.0000000000 
    0    1    0    1    1    1    1    0    3    0    3    1 0.0000000000 -0.0182913660 
    0    1    0    1    1    1    1    0    3    1    3    0 0.0000000000 -0.0182913660 
    0    1    0    1    1    1    1    0    3    1    3    1 -0.0000000000 -0.0000000000 
    0    1    0    1    1    1    1    1    3    0    3    0 0.0969787760 0.0000000000 
    0    1    0    1    1    1    1    1    3    0    3    1 0.0000000000 0.0000000000 
    0    1    0    1    1    1    1    1    3    1    3    0 0.0000000000 -0.0000000000 
    0    1    0    1    1    1    1    1    3    1    3    1 0.1530212240 0.0000000000 
    0    0    0    0    1    0    1    0    4    0    4    0 0.0623437432 0.0000000000 
    0    0    0    0    1    0    1    0    4    0    4    1 -0.0000000000 -0.0000000000 
    0    0    0    0    1    0    1    0    4    1    4    0 -0.0000000000 0.0000000000 
    0    0    0    0    1    0    1    0    4    1    4    1 0.1876562568 0.0000000000 
    0    0    0    0    1    0    1    1    4    0    4    0 0.0000000000 0.0000000000 
    0    0    0    0    1    0    1    1    4    0    4    1 -0.0000000000 0.0185416318 
    0    0    0    0    1    0    1    1    4    1    4    0 0.0000000000 0.1156268764 
    0    0    0    0    1    0    1    1    4    1    4    1 -0.0000000000 -0.0000000000 
    0    0    0    0    1    1    1    0    4    0    4    0 0.0000000000 -0.0000000000 
    0    0    0    0    1    1    1    0    4    0    4    1 0.0000000000 -0.1156268764 
    0    0    0    0    1    1    1    0    4    1    4    0 -0.0000000000 -0.0185416318 
    0    0    0    0    1    1    1    0    4    1    4    1 -0.0000000000 0.0000000000 
    0    0    0    0    1    1    1    1    4    0    4    0 0.1876562568 0.0000000000 
    0    0    0    0    1    1    1    1    4    0    4    1 -0.0000000000 0.0000000000 
    0    0    0    0    1    1    1    1    4    1    4    0 -0.0000000000 -0.0000000000 
    0    0    0    0    1    1    1    1    4    1    4    1 0.0623437432 0.0000000000 
    0    0    0    1    1    0    1    0    4    0    4    0 0.0000000000 -0.0000000000 
    0    0    0    1    1    0    1    0    4    0    4    1 -0.0112865244 -0.0485426223 
    0    0    0    1    1    0    1    0    4    1    4    0 0.0112865244 -0.0485426223 
    0    0    0    1    1    0    1    0    4    1    4    1 0.0000000000 -0.0000000000 
    0    0    0    1    1    0    1    1    4    0    4    0 -0.0780944512 -0.0000000000 
    0    0    0    1    1    0    1    1    4    0    4    1 0.0000000000 0.0000000000 
    0    0    0    1    1    0    1    1    4    1    4    0 0.0000000000 -0.0000000000 
    0    0    0    1    1    0    1    1    4    1    4    1 -0.0780944512 0.0000000000 
    0    0    0    1    1    1    1    0    4    0    4    0 -0.0780944512 -0.0000000000 
    0    0    0    1    1    1    1    0    4    0    4    1 0.0000000000 -0.0000000000 
    0    0    0    1    1    1    1    0    4    1    4    0 0.0000000000 0.0000000000 
    0    0    0    1    1    1    1    0    4    1    4    1 -0.0780944512 0.0000000000 
    0    0    0    1    1    1    1    1    4    0    4    0 -0.0000000000 -0.0000000000 
    0    0    0    1    1    1    1    1    4    0    4    1 -0.0112865244 0.0485426223 
    0    0    0    1    1    1    1    1    4    1    4    0 0.0112865244 0.0485426223 
    0    0    0    1    1    1    1    1    4    1    4    1 0.0000000000 -0.0000000000 
    0    1    0    0    1    0    1    0    4    0    4    0 0.0000000000 0.0000000000 
    0    1    0    0    1    0    1    0    4    0    4    1 0.0112865244 0.0485426223 
    0    1    0    0    1    0    1    0    4    1    4    0 -0.0112865244 0.0485426223 
    0    1    0    0    1    0    1    0    4    1    4    1 0.0000000000 0.0000000000 
    0    1    0    0    1    0    1    1    4    0    4    0 -0.0780944512 0.0000000000 
    0    1    0    0    1    0    1    1    4    0    4    1 0.0000000000 -0.0000000000 
    0    1    0    0    1    0    1    1    4    1    4    0 0.0000000000 0.0000000000 
    0    1    0    0    1    0    1    1    4    1    4    1 -0.0780944512 -0.0000000000 
    0    1    0    0    1    1    1    0    4    0    4    0 -0.0780944512 0.0000000000 
    0    1    0    0    1    1    1    0    4    0    4    1 0.0000000000 0.0000000000 
    0    1    0    0    1    1    1    0    4    1    4    0 0.0000000000 -0.0000000000 
    0    1    0    0    1    1    1    0    4    1    4    1 -0.0780944512 -0.0000000000 
    0    1    0    0    1    1    1    1    4    0    4    0 -0.0000000000 0.0000000000 
    0    1    0    0    1    1    1    1    4    0    4    1 0.0112865244 -0.0485426223 
    0    1    0    0    1    1    1    1    4    1    4    0 -0.0112865244 -0.0485426223 
    0    1    0    0    1    1    1    1    4    1    4    1 0.0000000000 0.0000000000 
    0    1    0    1    1    0    1    0    4    0    4    0 0.0623437432 0.0000000000 
    0    1    0    1    1    0    1    0    4    0    4    1 -0.0000000000 0.0000000000 
    0    1    0    1    1    0    1    0    4    1    4    0 -0.0000000000 -0.0000000000 
    0    1    0    1    1    0    1    0    4    1    4    1 0.1876562568 0.0000000000 
    0    1    0    1    1    0    1    1    4    0    4    0 -0.0000000000 0.0000000000 
    0    1    0    1    1    0    1    1    4    0    4    1 -0.0000000000 -0.0185416318 
    0    1    0    1    1    0    1    1    4    1    4    0 0.0000000000 -0.1156268764 
    0    1    0    1    1    0    1    1    4    1    4    1 -0.0000000000 0.0000000000 
    0    1    0    1    1    1    1    0    4    0    4    0 -0.0000000000 -0.0000000000 
    0    1    0    1    1    1    1    0    4    0    4    1 0.0000000000 0.1156268764 
    0    1    0    1    1    1    1    0    4    1    4    0 -0.0000000000 0.0185416318 
    0    1    0    1    1    1    1    0    4    1    4    1 -0.0000000000 -0.0000000000 
    0    1    0    1    1    1    1    1    4    0    4    0 0.1876562568 0.0000000000 
    0    1    0    1    1    1    1    1    4    0    4    1 -0.0000000000 -0.0000000000 
    0    1    0    1    1    1    1    1    4    1    4    0 -0.0000000000 0.0000000000 
    0    1    0    1    1    1    1    1    4    1    4    1 0.0623437432 0.0000000000 
    0    0    0    0    1    0    1    0    5    0    5    0 0.0623437432 0.0000000000 
    0    0    0    0    1    0    1    0    5    0    5    1 0.0000000000 -0.0000000000 
    0    0    0    0    1    0    1    0    5    1    5    0 0.0000000000 0.0000000000 
    0    0    0    0    1    0    1    0    5    1    5    1 0.1876562568 0.0000000000 
    0    0    0    0    1    0    1    1    5    0    5    0 0.0000000000 -0.0000000000 
    0    0    0    0    1    0    1    1    5    0    5    1 -0.0112865244 -0.0485426223 
    0    0    0    0    1    0    1    1    5    1    5    0 0.0112865244 -0.0485426223 
    0    0    0    0    1    0    1    1    5    1    5    1 0.0000000000 0.0000000000 
    0    0    0    0    1    1    1    0    5    0    5    0 0.0000000000 0.0000000000 
    0    0    0    0    1    1    1    0    5    0    5    1 0.0112865244 0.0485426223 
    0    0    0    0    1    1    1    0    5    1    5    0 -0.0112865244 0.0485426223 
    0    0    0    0    1    1    1    0    5    1    5    1 0.0000000000 -0.0000000000 
    0    0    0    0    1    1    1    1    5    0    5    0 0.0623437432 0.0000000000 
    0    0    0    0    1    1    1    1    5    0    5    1 0.0000000000 -0.0000000000 
    0    0    0    0    1    1    1    1    5    1    5    0 0.0000000000 0.0000000000 
    0    0    0    0    1    1    1    1    5    1    5    1 0.1876562568 0.0000000000 
    0    0    0    1    1    0    1    0    5    0    5    0 0.0000000000 -0.0000000000 
    0    0    0    1    1    0    1    0    5    0    5    1 -0.0000000000 0.0185416318 
    0    0    0    1    1    0    1    0    5    1    5    0 0.0000000000 0.1156268764 
    0    0    0    1    1    0    1    0    5    1    5    1 0.0000000000 -0.0000000000 
    0    0    0    1    1    0    1    1    5    0    5    0 -0.0780944512 -0.0000000000 
    0    0    0    1    1    0    1    1    5    0    5    1 -0.0000000000 0.0000000000 
    0    0    0    1    1    0    1    1    5    1    5    0 -0.0000000000 -0.0000000000 
    0    0    0    1    1    0    1    1    5    1    5    1 -0.0780944512 0.0000000000 
    0    0    0    1    1    1    1    0    5    0    5    0 -0.0780944512 0.0000000000 
    0    0    0    1    1    1    1    0    5    0    5    1 -0.0000000000 0.0000000000 
    0    0    0    1    1    1    1    0    5    1    5    0 -0.0000000000 0.0000000000 
    0    0    0    1    1    1    1    0    5    1    5    1 -0.0780944512 -0.0000000000 
    0    0    0    1    1    1    1    1    5    0    5    0 -0.0000000000 -0.0000000000 
    0    0    0    1    1    1    1    1    5    0    5    1 -0.0000000000 -0.0185416318 
    0    0    0    1    1    1    1    1    5    1    5    0 0.0000000000 -0.1156268764 
    0    0    0    1    1    1    1    1    5    1    5    1 -0.0000000000 -0.0000000000 
    0    1    0    0    1    0    1    0    5    0    5    0 0.0000000000 0.0000000000 
    0    1    0    0    1    0    1    0    5    0    5    1 0.0000000000 -0.1156268764 
    0    1    0    0    1    0    1    0    5    1    5    0 -0.0000000000 -0.0185416318 
    0    1    0    0    1    0    1    0    5    1    5    1 0.0000000000 0.0000000000 
    0    1    0    0    1    0    1    1    5    0    5    0 -0.0780944512 -0.0000000000 
    0    1    0    0    1    0    1    1    5    0    5    1 -0.0000000000 -0.0000000000 
    0    1    0    0    1    0    1    1    5    1    5    0 -0.0000000000 -0.0000000000 
    0    1    0    0    1    0    1    1    5    1    5    1 -0.0780944512 0.0000000000 
    0    1    0    0    1    1    1    0    5    0    5    0 -0.0780944512 0.0000000000 
    0    1    0    0    1    1    1    0    5    0    5    1 -0.0000000000 0.0000000000 
    0    1    0    0    1    1    1    0    5    1    5    0 -0.0000000000 -0.0000000000 
    0    1    0    0    1    1    1    0    5    1    5    1 -0.0780944512 -0.0000000000 
    0    1    0    0    1    1    1    1    5    0    5    0 -0.0000000000 0.0000000000 
    0    1    0    0    1    1    1    1    5    0    5    1 0.0000000000 0.1156268764 
    0    1    0    0    1    1    1    1    5    1    5    0 -0.0000000000 0.0185416318 
    0    1    0    0    1    1    1    1    5    1    5    1 -0.0000000000 0.0000000000 
    0    1    0    1    1    0    1    0    5    0    5    0 0.1876562568 0.0000000000 
    0    1    0    1    1    0    1    0    5    0    5    1 0.0000000000 -0.0000000000 
    0    1    0    1    1    0    1    0    5    1    5    0 0.0000000000 0.0000000000 
    0    1    0    1    1    0    1    0    5    1    5    1 0.0623437432 0.0000000000 
    0    1    0    1    1    0    1    1    5    0    5    0 -0.0000000000 0.0000000000 
    0    1    0    1    1    0    1    1    5    0    5    1 -0.0112865244 0.0485426223 
    0    1    0    1    1    0    1    1    5    1    5    0 0.0112865244 0.0485426223 
    0    1    0    1    1    0    1    1    5    1    5    1 -0.0000000000 0.0000000000 
    0    1    0    1    1    1    1    0    5    0    5    0 -0.0000000000 -0.0000000000 
    0    1    0    1    1    1    1    0    5    0    5    1 0.0112865244 -0.0485426223 
    0    1    0    1    1    1    1    0    5    1    5    0 -0.0112865244 -0.0485426223 
    0    1    0    1    1    1    1    0    5    1    5    1 -0.0000000000 -0.0000000000 
    0    1    0    1    1    1    1    1    5    0    5    0 0.1876562568 0.0000000000 
    0    1    0    1    1    1    1    1    5    0    5    1 0.0000000000 -0.0000000000 
    0    1    0    1    1    1    1    1    5    1    5    0 0.0000000000 0.0000000000 
    0    1    0    1    1    1    1    1    5    1    5    1 0.0623437432 0.0000000000 
    0    0    0    0    1    0    1    0    6    0    6    0 0.0903638623 0.0000000000 
    0    0    0    0    1    0    1    0    6    0    6    1 0.0000000000 0.0000000000 
    0    0    0    0    1    0    1    0    6    1    6    0 0.0000000000 -0.0000000000 
    0    0    0    0    1    0    1    0    6    1    6    1 0.1596361377 0.0000000000 
    0    0    0    0    1    0    1    1    6    0    6    0 0.0000000000 -0.0000000000 
    0    0    0    0    1    0    1    1    6    0    6    1 0.0020016565 -0.0000000000 
    0    0    0    0    1    0    1    1    6    1    6    0 -0.0259001663 -0.0000000000 
    0    0    0    0    1    0    1    1    6    1    6    1 0.0000000000 -0.0000000000 
    0    0    0    0    1    1    1    0    6    0    6    0 0.0000000000 0.0000000000 
    0    0    0    0    1    1    1    0    6    0    6    1 -0.0259001663 0.0000000000 
    0    0    0    0    1    1    1    0    6    1    6    0 0.0020016565 0.0000000000 
    0    0    0    0    1    1    1    0    6    1    6    1 0.0000000000 0.0000000000 
    0    0    0    0    1    1    1    1    6    0    6    0 0.1596361377 0.0000000000 
    0    0    0    0    1    1    1    1    6    0    6    1 -0.0000000000 0.0000000000 
    0    0    0    0    1    1    1    1    6    1    6    0 -0.0000000000 -0.0000000000 
    0    0    0    0    1    1    1    1    6    1    6    1 0.0903638623 0.0000000000 
    0    0    0    1    1    0    1    0    6    0    6    0 0.0000000000 -0.0000000000 
    0    0    0    1    1    0    1    0    6    0    6    1 0.0096671503 0.0185416318 
    0    0    0    1    1    0    1    0    6    1    6    0 0.0096671503 -0.0185416318 
    0    0    0    1    1    0    1    0    6    1    6    1 0.0000000000 -0.0000000000 
    0    0    0    1    1    0    1    1    6    0    6    0 -0.0780944512 -0.0050556092 
    0    0    0    1    1    0    1    1    6    0    6    1 -0.0000000000 -0.0000000000 
    0    0    0    1    1    0    1    1    6    1    6    0 -0.0000000000 0.0000000000 
    0    0    0    1    1    0    1    1    6    1    6    1 -0.0780944512 0.0050556092 
    0    0    0    1    1    1    1    0    6    0    6    0 -0.0780944512 0.0050556092 
    0    0    0    1    1    1    1    0    6    0    6    1 0.0000000000 -0.0000000000 
    0    0    0    1    1    1    1    0    6    1    6    0 0.0000000000 -0.0000000000 
    0    0    0    1    1    1    1    0    6    1    6    1 -0.0780944512 -0.0050556092 
    0    0    0    1    1    1    1    1    6    0    6    0 -0.0000000000 -0.0000000000 
    0    0    0    1    1    1    1    1    6    0    6    1 0.0096671503 -0.0185416318 
    0    0    0    1    1    1    1    1    6    1    6    0 0.0096671503 0.0185416318 
    0    0    0    1    1    1    1    1    6    1    6    1 -0.0000000000 -0.0000000000 
    0    1    0    0    1    0    1    0    6    0    6    0 0.0000000000 0.0000000000 
    0    1    0    0    1    0    1    0    6    0    6    1 0.0096671503 0.0185416318 
    0    1    0    0    1    0    1    0    6    1    6    0 0.0096671503 -0.0185416318 
    0    1    0    0    1    0    1    0    6    1    6    1 0.0000000000 0.0000000000 
    0    1    0    0    1    0    1    1    6    0    6    0 -0.0780944512 -0.0050556092 
    0    1    0    0    1    0    1    1    6    0    6    1 0.0000000000 0.0000000000 
    0    1    0    0    1    0    1    1    6    1    6    0 0.0000000000 0.0000000000 
    0    1    0    0    1    0    1    1    6    1    6    1 -0.0780944512 0.0050556092 
    0    1    0    0    1    1    1    0    6    0    6    0 -0.0780944512 0.0050556092 
    0    1    0    0    1    1    1    0    6    0    6    1 -0.0000000000 -0.0000000000 
    0    1    0    0    1    1    1    0    6    1    6    0 -0.0000000000 0.0000000000 
    0    1    0    0    1    1    1    0    6    1    6    1 -0.0780944512 -0.0050556092 
    0    1    0    0    1    1    1    1    6    0    6    0 -0.0000000000 0.0000000000 
    0    1    0    0    1    1    1    1    6    0    6    1 0.0096671503 -0.0185416318 
    0    1    0    0    1    1    1    1    6    1    6    0 0.0096671503 0.0185416318 
    0    1    0    0    1    1    1    1    6    1    6    1 -0.0000000000 0.0000000000 
    0    1    0    1    1    0    1    0    6    0    6    0 0.0903638623 0.0000000000 
    0    1    0    1    1    0    1    0    6    0    6    1 0.0000000000 0.0000000000 
    0    1    0    1    1    0    1    0    6    1    6    0 0.0000000000 -0.0000000000 
    0    1    0    1    1    0    1    0    6    1    6    1 0.1596361377 0.0000000000 
    0    1    0    1    1    0    1    1    6    0    6    0 -0.0000000000 0.0000000000 
    0    1    0    1    1    0    1    1    6    0    6    1 0.0020016565 0.0000000000 
    0    1    0    1    1    0    1    1    6    1    6    0 -0.0259001663 -0.0000000000 
    0    1    0    1    1    0    1    1    6    1    6    1 0.0000000000 0.0000000000 
    0    1    0    1    1    1    1    0    6    0    6    0 -0.0000000000 -0.0000000000 
    0    1    0    1    1    1    1    0    6    0    6    1 -0.0259001663 0.0000000000 
    0    1    0    1    1    1    1    0    6    1    6    0 0.0020016565 -0.0000000000 
    0    1    0    1    1    1    1    0    6    1    6    1 0.0000000000 -0.0000000000 
    0    1    0    1    1    1    1    1    6    0    6    0 0.1596361377 0.0000000000 
    0    1    0    1    1    1    1    1    6    0    6    1 0.0000000000 0.0000000000 
    0    1    0    1    1    1    1    1    6    1    6    0 0.0000000000 -0.0000000000 
    0    1    0    1    1    1    1    1    6    1    6    1 0.0903638623 0.0000000000 
    0    0    0    0    1    0    1    0    7    0    7    0 0.0903638623 0.0000000000 
    0    0    0    0    1    0    1    0    7    0    7    1 -0.0000000000 0.0000000000 
    0    0    0    0    1    0    1    0    7    1    7    0 -0.0000000000 -0.0000000000 
    0    0    0    0    1    0    1    0    7    1    7    1 0.1596361377 0.0000000000 
    0    0    0    0    1    0    1    1    7    0    7    0 0.0000000000 -0.0000000000 
    0    0    0    0    1    0    1    1    7    0    7    1 0.0096671503 0.0185416318 
    0    0    0    0    1    0    1    1    7    1    7    0 0.0096671503 -0.0185416318 
    0    0    0    0    1    0    1    1    7    1    7    1 0.0000000000 0.0000000000 
    0    0    0    0    1    1    1    0    7    0    7    0 0.0000000000 0.0000000000 
    0    0    0    0    1    1    1    0    7    0    7    1 0.0096671503 0.0185416318 
    0    0    0    0    1    1    1    0    7    1    7    0 0.0096671503 -0.0185416318 
    0    0    0    0    1    1    1    0    7    1    7    1 0.0000000000 -0.0000000000 
    0    0    0    0    1    1    1    1    7    0    7    0 0.0903638623 0.0000000000 
    0    0    0    0    1    1    1    1    7    0    7    1 0.0000000000 -0.0000000000 
    0    0    0    0    1    1    1    1    7    1    7    0 0.0000000000 0.0000000000 
    0    0    0    0    1    1    1    1    7    1    7    1 0.1596361377 0.0000000000 
    0    0    0    1    1    0    1    0    7    0    7    0 0.0000000000 0.0000000000 
    0    0    0    1    1    0    1    0    7    0    7    1 0.0020016565 -0.0000000000 
    0    0    0    1    1    0    1    0    7    1    7    0 -0.0259001663 0.0000000000 
    0    0    0    1    1    0    1    0    7    1    7    1 0.0000000000 -0.0000000000 
    0    0    0    1    1    0    1    1    7    0    7    0 -0.0780944512 -0.0050556092 
    0    0    0    1    1    0    1    1    7    0    7    1 0.0000000000 -0.0000000000 
    0    0    0    1    1    0    1    1    7    1    7    0 0.0000000000 0.0000000000 
    0    0    0    1    1    0    1    1    7    1    7    1 -0.0780944512 0.0050556092 
    0    0    0    1    1    1    1    0    7    0    7    0 -0.0780944512 -0.0050556092 
    0    0    0    1    1    1    1    0    7    0    7    1 -0.0000000000 0.0000000000 
    0    0    0    1    1    1    1    0    7    1    7    0 -0.0000000000 -0.0000000000 
    0    0    0    1    1    1    1    0    7    1    7    1 -0.0780944512 0.0050556092 
    0    0    0    1    1    1    1    1    7    0    7    0 -0.0000000000 -0.0000000000 
    0    0    0    1    1    1    1    1    7    0    7    1 0.0020016565 0.0000000000 
    0    0    0    1    1    1    1    1    7    1    7    0 -0.0259001663 0.0000000000 
    0    0    0    1    1    1    1    1    7    1    7    1 -0.0000000000 -0.0000000000 
    0    1    0    0    1    0    1    0    7    0    7    0 0.0000000000 -0.0000000000 
    0    1    0    0    1    0    1    0    7    0    7    1 -0.0259001663 -0.0000000000 
    0    1    0    0    1    0    1    0    7    1    7    0 0.0020016565 0.0000000000 
    0    1    0    0    1    0    1    0    7    1    7    1 0.0000000000 0.0000000000 
    0    1    0    0    1    0    1    1    7    0    7    0 -0.0780944512 0.0050556092 
    0    1    0    0    1    0    1    1    7    0    7    1 -0.0000000000 0.0000000000 
    0    1    0    0    1    0    1    1    7    1    7    0 -0.0000000000 -0.0000000000 
    0    1    0    0    1    0    1    1    7    1    7    1 -0.0780944512 -0.0050556092 
    0    1    0    0    1    1    1    0    7    0    7    0 -0.0780944512 0.0050556092 
    0    1    0    0    1    1    1    0    7    0    7    1 0.0000000000 -0.0000000000 
    0    1    0    0    1    1    1    0    7    1    7    0 0.0000000000 0.0000000000 
    0    1    0    0    1    1    1    0    7    1    7    1 -0.0780944512 -0.0050556092 
    0    1    0    0    1    1    1    1    7    0    7    0 -0.0000000000 0.0000000000 
    0    1    0    0    1    1    1    1    7    0    7    1 -0.0259001663 -0.0000000000 
    0    1    0    0    1    1    1    1    7    1    7    0 0.0020016565 -0.0000000000 
    0    1    0    0    1    1    1    1    7    1    7    1 -0.0000000000 0.0000000000 
    0    1    0    1    1    0    1    0    7    0    7    0 0.1596361377 0.0000000000 
    0    1    0    1    1    0    1    0    7    0    7    1 -0.0000000000 -0.0000000000 
    0    1    0    1    1    0    1    0    7    1    7    0 -0.0000000000 0.0000000000 
    0    1    0    1    1    0    1    0    7    1    7    1 0.0903638623 0.0000000000 
    0    1    0    1    1    0    1    1    7    0    7    0 -0.0000000000 0.0000000000 
    0    1    0    1    1    0    1    1    7    0    7    1 0.0096671503 -0.0185416318 
    0    1    0    1    1    0    1    1    7    1    7    0 0.0096671503 0.0185416318 
    0    1    0    1    1    0    1    1    7    1    7    1 -0.0000000000 -0.0000000000 
    0    1    0    1    1    1    1    0    7    0    7    0 -0.0000000000 -0.0000000000 
    0    1    0    1    1    1    1    0    7    0    7    1 0.0096671503 -0.0185416318 
    0    1    0    1    1    1    1    0    7    1    7    0 0.0096671503 0.0185416318 
    0    1    0    1    1    1    1    0    7    1    7    1 -0.0000000000 0.0000000000 
    0    1    0    1    1    1    1    1    7    0    7    0 0.1596361377 0.0000000000 
    0    1    0    1    1    1    1    1    7    0    7    1 -0.0000000000 0.0000000000 
    0    1    0    1    1    1    1    1    7    1    7    0 -0.0000000000 -0.0000000000 
    0    1    0    1    1    1    1    1    7    1    7    1 0.0903638623 0.0000000000 
    0    0    0    0    2    0    2    0    3    0    3    0 0.1530212240 0.0000000000 
    0    0    0    0    2    0    2    0    3    0    3    1 0.0000000000 0.0000000000 
    0    0    0    0    2    0    2    0    3    1    3    0 0.0000000000 -0.0000000000 
    0    0    0    0    2    0    2    0    3    1    3    1 0.1530212240 0.0000000000 
    0    0    0    0    2    0    2    1    3    0    3    0 -0.0000000000 -0.0000000000 
    0    0    0    0    2    0    2    1    3    0    3    1 -0.0780944512 0.0132357568 
    0    0    0    0    2    0    2    1    3    1    3    0 -0.0780944512 0.0132357568 
    0    0    0    0    2    0    2    1    3    1    3    1 -0.0000000000 -0.0000000000 
    0    0    0    0    2    1    2    0    3    0    3    0 -0.0000000000 0.0000000000 
    0    0    0    0    2    1    2    0    3    0    3    1 -0.0780944512 -0.0132357568 
    0    0    0    0    2    1    2    0    3    1    3    0 -0.0780944512 -0.0132357568 
    0    0    0    0    2    1    2    0    3    1    3    1 -0.0000000000 0.0000000000 
    0    0    0    0    2    1    2    1    3    0    3    0 0.0969787760 0.0000000000 
    0    0    0    0    2    1    2    1    3    0    3    1 0.0000000000 0.0000000000 
    0    0    0    0    2    1    2    1    3    1    3    0 0.0000000000 -0.0000000000 
    0    0    0    0    2    1    2    1    3    1    3    1 0.0969787760 0.0000000000 
    0    0    0    1    2    0    2    0    3    0    3    0 0.0000000000 -0.0000000000 
    0    0    0    1    2    0    2    0    3    0    3    1 0.0615035406 0.0132357568 
    0    0    0    1    2    0    2    0    3    1    3    0 -0.0615035406 -0.0132357568 
    0    0    0    1    2    0    2    0    3    1    3    1 -0.0000000000 -0.0000000000 
    0    0    0    1    2    0    2    1    3    0    3    0 0.0000000000 -0.0182913660 
    0    0    0    1    2    0    2    1    3    0    3    1 -0.0000000000 -0.0000000000 
    0    0    0    1    2    0    2    1    3    1    3    0 0.0000000000 0.0000000000 
    0    0    0    1    2    0    2    1    3    1    3    1 0.0000000000 0.0182913660 
    0    0    0    1    2    1    2    0    3    0    3    0 -0.0000000000 0.0182913660 
    0    0    0    1    2    1    2    0    3    0    3    1 0.0000000000 -0.0000000000 
    0    0    0    1    2    1    2    0    3    1    3    0 -0.0000000000 0.0000000000 
    0    0    0    1    2    1    2    0    3    1    3    1 -0.0000000000 -0.0182913660 
    0    0    0    1    2    1    2    1    3    0    3    0 -0.0000000000 -0.0000000000 
    0    0    0    1    2    1    2    1    3    0    3    1 0.0615035406 -0.0132357568 
    0    0    0    1    2    1    2    1    3    1    3    0 -0.0615035406 0.0132357568 
    0    0    0    1    2    1    2    1    3    1    3    1 0.0000000000 -0.0000000000 
    0    1    0    0    2    0    2    0    3    0    3    0 0.0000000000 0.0000000000 
    0    1    0    0    2    0    2    0    3    0    3    1 -0.0615035406 0.0132357568 
    0    1    0    0    2    0    2    0    3    1    3    0 0.0615035406 -0.0132357568 
    0    1    0    0    2    0    2    0    3    1    3    1 -0.0000000000 0.0000000000 
    0    1    0    0    2    0    2    1    3    0    3    0 -0.0000000000 -0.0182913660 
    0    1    0    0    2    0    2    1    3    0    3    1 -0.0000000000 -0.0000000000 
    0    1    0    0    2    0    2    1    3    1    3    0 0.0000000000 0.0000000000 
    0    1    0    0    2    0    2    1    3    1    3    1 -0.0000000000 0.0182913660 
    0    1    0    0    2    1    2    0    3    0    3    0 0.0000000000 0.0182913660 
    0    1    0    0    2    1    2    0    3    0    3    1 0.0000000000 -0.0000000000 
    0    1    0    0    2    1    2    0    3    1    3    0 -0.0000000000 0.0000000000 
    0    1    0    0    2    1    2    0    3    1    3    1 0.0000000000 -0.0182913660 
    0    1    0    0    2    1    2    1    3    0    3    0 -0.0000000000 0.0000000000 
    0    1    0    0    2    1    2    1    3    0    3    1 -0.0615035406 -0.0132357568 
    0    1    0    0    2    1    2    1    3    1    3    0 0.0615035406 0.0132357568 
    0    1    0    0    2    1    2    1    3    1    3    1 0.0000000000 0.0000000000 
    0    1    0    1    2    0    2    0    3    0    3    0 0.0969787760 0.0000000000 
    0    1    0    1    2    0    2    0    3    0    3    1 0.0000000000 0.0000000000 
    0    1    0    1    2    0    2    0    3    1    3    0 0.0000000000 -0.0000000000 
    0    1    0    1    2    0    2    0    3    1    3    1 0.0969787760 0.0000000000 
    0    1    0    1    2    0    2    1    3    0    3    0 -0.0000000000 -0.0000000000 
    0    1    0    1    2    0    2    1    3    0    3    1 -0.0780944512 -0.0132357568 
    0    1    0    1    2    0    2    1    3    1    3    0 -0.0780944512 -0.0132357568 
    0    1    0    1    2    0    2    1    3    1    3    1 -0.0000000000 -0.0000000000 
    0    1    0    1    2    1    2    0    3    0    3    0 -0.0000000000 0.0000000000 
    0    1    0    1    2    1    2    0    3    0    3    1 -0.0780944512 0.0132357568 
    0    1    0    1    2    1    2    0    3    1    3    0 -0.0780944512 0.0132357568 
    0    1    0    1    2    1    2    0    3    1    3    1 -0.0000000000 0.0000000000 
    0    1    0    1    2    1    2    1    3    0    3    0 0.1530212240 0.0000000000 
    0    1    0    1    2    1    2    1    3    0    3    1 0.0000000000 0.0000000000 
    0    1    0    1    2    1    2    1    3    1    3    0 0.0000000000 -0.0000000000 
    0    1    0    1    2    1    2    1    3    1    3    1 0.1530212240 0.0000000000 
    0    0    0    0    2    0    2    0    4    0    4    0 0.1530212240 0.0000000000 
    0    0    0    0    2    0    2    0    4    0    4    1 -0.0000000000 0.0000000000 
    0    0    0    0    2    0    2    0    4    1    4    0 -0.0000000000 -0.0000000000 
    0    0    0    0    2    0    2    0    4    1    4    1 0.1530212240 0.0000000000 
    0    0    0    0    2    0    2    1    4    0    4    0 -0.0000000000 -0.0000000000 
    0    0    0    0    2    0    2    1    4    0    4    1 0.0096671503 -0.0229187173 
    0    0    0    0    2    0    2    1    4    1    4    0 0.0096671503 -0.0229187173 
    0    0    0    0    2    0    2    1    4    1    4    1 -0.0000000000 -0.0000000000 
    0    0    0    0    2    1    2    0    4    0    4    0 -0.0000000000 0.0000000000 
    0    0    0    0    2    1    2    0    4    0    4    1 0.0096671503 0.0229187173 
    0    0    0    0    2    1    2    0    4    1    4    0 0.0096671503 0.0229187173 
    0    0    0    0    2    1    2    0    4    1    4    1 -0.0000000000 0.0000000000 
    0    0    0    0    2    1    2    1    4    0    4    0 0.0969787760 0.0000000000 
    0    0    0    0    2    1    2    1    4    0    4    1 -0.0000000000 0.0000000000 
    0    0    0    0    2    1    2    1    4    1    4    0 -0.0000000000 -0.0000000000 
    0    0    0    0    2    1    2    1    4    1    4    1 0.0969787760 0.0000000000 
    0    0    0    1    2    0    2    0    4    0    4    0 -0.0000000000 -0.0000000000 
    0    0    0    1    2    0    2    0    4    0    4    1 -0.0112865244 0.0098393562 
    0    0    0    1    2    0    2    0    4    1    4    0 0.0112865244 -0.0098393562 
    0    0    0    1    2    0    2    0    4    1    4    1 0.0000000000 -0.0000000000 
    0    0    0    1    2    0    2    1    4    0    4    0 0.0000000000 0.0062490767 
    0    0    0    1    2    0    2    1    4    0    4    1 -0.0000000000 -0.0000000000 
    0    0    0    1    2    0    2    1    4    1    4    0 -0.0000000000 0.0000000000 
    0    0    0    1    2    0    2    1    4    1    4    1 0.0000000000 -0.0062490767 
    0    0    0    1    2    1    2    0    4    0    4    0 -0.0000000000 0.0062490767 
    0    0    0    1    2    1    2    0    4    0    4    1 -0.0000000000 0.0000000000 
    0    0    0    1    2    1    2    0    4    1    4    0 -0.0000000000 -0.0000000000 
    0    0    0    1    2    1    2    0    4    1    4    1 0.0000000000 -0.0062490767 
    0    0    0    1    2    1    2    1    4    0    4    0 -0.0000000000 -0.0000000000 
    0    0    0    1    2    1    2    1    4    0    4    1 -0.0112865244 -0.0098393562 
    0    0    0    1    2    1    2    1    4    1    4    0 0.0112865244 0.0098393562 
    0    0    0    1    2    1    2    1    4    1    4    1 0.0000000000 -0.0000000000 
    0    1    0    0    2    0    2    0    4    0    4    0 -0.0000000000 0.0000000000 
    0    1    0    0    2    0    2    0    4    0    4    1 0.0112865244 0.0098393562 
    0    1    0    0    2    0    2    0    4    1    4    0 -0.0112865244 -0.0098393562 
    0    1    0    0    2    0    2    0    4    1    4    1 0.0000000000 0.0000000000 
    0    1    0    0    2    0    2    1    4    0    4    0 -0.0000000000 -0.0062490767 
    0    1    0    0    2    0    2    1    4    0    4    1 -0.0000000000 0.0000000000 
    0    1    0    0    2    0    2    1    4    1    4    0 -0.0000000000 -0.0000000000 
    0    1    0    0    2    0    2    1    4    1    4    1 0.0000000000 0.0062490767 
    0    1    0    0    2    1    2    0    4    0    4    0 0.0000000000 -0.0062490767 
    0    1    0    0    2    1    2    0    4    0    4    1 -0.0000000000 -0.0000000000 
    0    1    0    0    2    1    2    0    4    1    4    0 -0.0000000000 0.0000000000 
    0    1    0    0    2    1    2    0    4    1    4    1 0.0000000000 0.0062490767 
    0    1    0    0    2    1    2    1    4    0    4    0 -0.0000000000 0.0000000000 
    0    1    0    0    2    1    2    1    4    0    4    1 0.0112865244 -0.0098393562 
    0    1    0    0    2    1    2    1    4    1    4    0 -0.0112865244 0.0098393562 
    0    1    0    0    2    1    2    1    4    1    4    1 0.0000000000 0.0000000000 
    0    1    0    1    2    0    2    0    4    0    4    0 0.0969787760 0.0000000000 
    0    1    0    1    2    0    2    0    4    0    4    1 0.0000000000 -0.0000000000 
    0    1    0    1    2    0    2    0    4    1    4    0 0.0000000000 0.0000000000 
    0    1    0    1    2    0    2    0    4    1    4    1 0.0969787760 0.0000000000 
    0    1    0    1    2    0    2    1    4    0    4    0 -0.0000000000 -0.0000000000 
    0    1    0    1    2    0    2    1    4    0    4    1 0.0096671503 0.0229187173 
    0    1    0    1    2    0    2    1    4    1    4    0 0.0096671503 0.0229187173 
    0    1    0    1    2    0    2    1    4    1    4    1 -0.0000000000 -0.0000000000 
    0    1    0    1    2    1    2    0    4    0    4    0 -0.0000000000 0.0000000000 
    0    1    0    1    2    1    2    0    4    0    4    1 0.0096671503 -0.0229187173 
    0    1    0    1    2    1    2    0    4    1    4    0 0.0096671503 -0.0229187173 
    0    1    0    1    2    1    2    0    4    1    4    1 -0.0000000000 0.0000000000 
    0    1    0    1    2    1    2    1    4    0    4    0 0.1530212240 0.0000000000 
    0    1    0    1    2    1    2    1    4    0    4    1 -0.0000000000 -0.0000000000 
    0    1    0    1    2    1    2    1    4    1    4    0 -0.0000000000 0.0000000000 
    0    1    0    1    2    1    2    1    4    1    4    1 0.1530212240 0.0000000000 
    0    0    0    0    2    0    2    0    5    0    5    0 0.0557288295 0.0000000000 
    0    0    0    0    2    0    2    0    5    0    5    1 0.0000000000 0.0000000000 
    0    0    0    0    2    0    2    0    5    1    5    0 0.0000000000 -0.0000000000 
    0    0    0    0    2    0    2    0    5    1    5    1 0.2503136185 0.0000000000 
    0    0    0    0    2    0    2    1    5    0    5    0 -0.0000000000 0.0000000000 
    0    0    0    0    2    0    2    1    5    0    5    1 0.0020016565 0.0105814255 
    0    0    0    0    2    0    2    1    5    1    5    0 -0.0259001663 0.0265018382 
    0    0    0    0    2    0    2    1    5    1    5    1 -0.0000000000 -0.0000000000 
    0    0    0    0    2    1    2    0    5    0    5    0 -0.0000000000 -0.0000000000 
    0    0    0    0    2    1    2    0    5    0    5    1 -0.0259001663 -0.0265018382 
    0    0    0    0    2    1    2    0    5    1    5    0 0.0020016565 -0.0105814255 
    0    0    0    0    2    1    2    0    5    1    5    1 -0.0000000000 0.0000000000 
    0    0    0    0    2    1    2    1    5    0    5    0 0.0689586569 0.0000000000 
    0    0    0    0    2    1    2    1    5    0    5    1 0.0000000000 -0.0000000000 
    0    0    0    0    2    1    2    1    5    1    5    0 0.0000000000 0.0000000000 
    0    0    0    0    2    1    2    1    5    1    5    1 0.1249988950 0.0000000000 
    0    0    0    1    2    0    2    0    5    0    5    0 0.0000000000 -0.0000000000 
    0    0    0    1    2    0    2    0    5    0    5    1 -0.0000000000 -0.0000000000 
    0    0    0    1    2    0    2    0    5    1    5    0 0.0000000000 0.0000000000 
    0    0    0    1    2    0    2    0    5    1    5    1 0.0000000000 -0.0000000000 
    0    0    0    1    2    0    2    1    5    0    5    0 0.0000000000 0.0000000000 
    0    0    0    1    2    0    2    1    5    0    5    1 0.0000000000 -0.0000000000 
    0    0    0    1    2    0    2    1    5    1    5    0 0.0000000000 0.0000000000 
    0    0    0    1    2    0    2    1    5    1    5    1 0.0000000000 -0.0000000000 
    0    0    0    1    2    1    2    0    5    0    5    0 0.0000000000 -0.0000000000 
    0    0    0    1    2    1    2    0    5    0    5    1 0.0000000000 -0.0000000000 
    0    0    0    1    2    1    2    0    5    1    5    0 0.0000000000 0.0000000000 
    0    0    0    1    2    1    2    0    5    1    5    1 -0.0000000000 0.0000000000 
    0    0    0    1    2    1    2    1    5    0    5    0 0.0000000000 -0.0000000000 
    0    0    0    1    2    1    2    1    5    0    5    1 -0.0000000000 0.0000000000 
    0    0    0    1    2    1    2    1    5    1    5    0 0.0000000000 -0.0000000000 
    0    0    0    1    2    1    2    1    5    1    5    1 -0.0000000000 -0.0000000000 
    0    1    0    0    2    0    2    0    5    0    5    0 0.0000000000 0.0000000000 
    0    1    0    0    2    0    2    0    5    0    5    1 0.0000000000 -0.0000000000 
    0    1    0    0    2    0    2    0    5    1    5    0 -0.0000000000 0.0000000000 
    0    1    0    0    2    0    2    0    5    1    5    1 0.0000000000 0.0000000000 
    0    1    0    0    2    0    2    1    5    0    5    0 0.0000000000 0.0000000000 
    0    1    0    0    2    0    2    1    5    0    5    1 0.0000000000 -0.0000000000 
    0    1    0    0    2    0    2    1    5    1    5    0 0.0000000000 0.0000000000 
    0    1    0    0    2    0    2    1    5    1    5    1 -0.0000000000 -0.0000000000 
    0    1    0    0    2    1    2    0    5    0    5    0 0.0000000000 -0.0000000000 
    0    1    0    0    2    1    2    0    5    0    5    1 0.0000000000 -0.0000000000 
    0    1    0    0    2    1    2    0    5    1    5    0 0.0000000000 0.0000000000 
    0    1    0    0    2    1    2    0    5    1    5    1 0.0000000000 0.0000000000 
    0    1    0    0    2    1    2    1    5    0    5    0 0.0000000000 0.0000000000 
    0    1    0    0    2    1    2    1    5    0    5    1 0.0000000000 0.0000000000 
    0    1    0    0    2    1    2    1    5    1    5    0 -0.0000000000 -0.0000000000 
    0    1    0    0    2    1    2    1    5    1    5    1 -0.0000000000 0.0000000000 
    0    1    0    1    2    0    2    0    5    0    5    0 0.1249988950 0.0000000000 
    0    1    0    1    2    0    2    0    5    0    5    1 -0.0000000000 -0.0000000000 
    0    1    0    1    2    0    2    0    5    1    5    0 -0.0000000000 0.0000000000 
    0    1    0    1    2    0    2    0    5    1    5    1 0.0689586569 0.0000000000 
    0    1    0    1    2    0    2    1    5    0    5    0 -0.0000000000 0.0000000000 
    0    1    0    1    2    0    2    1    5    0    5    1 0.0020016565 -0.0105814255 
    0    1    0    1    2    0    2    1    5    1    5    0 -0.0259001663 -0.0265018382 
    0    1    0    1    2    0    2    1    5    1    5    1 -0.0000000000 -0.0000000000 
    0    1    0    1    2    1    2    0    5    0    5    0 -0.0000000000 -0.0000000000 
    0    1    0    1    2    1    2    0    5    0    5    1 -0.0259001663 0.0265018382 
    0    1    0    1    2    1    2    0    5    1    5    0 0.0020016565 0.0105814255 
    0    1    0    1    2    1    2    0    5    1    5    1 -0.0000000000 0.0000000000 
    0    1    0    1    2    1    2    1    5    0    5    0 0.2503136185 0.0000000000 
    0    1    0    1    2    1    2    1    5    0    5    1 0.0000000000 0.0000000000 
    0    1    0    1    2    1    2    1    5    1    5    0 0.0000000000 -0.0000000000 
    0    1    0    1    2    1    2    1    5    1    5    1 0.0557288295 0.0000000000 
    0    0    0    0    2    0    2    0    6    0    6    0 0.1530212240 0.0000000000 
    0    0    0    0    2    0    2    0    6    0    6    1 0.0000000000 -0.0000000000 
    0    0    0    0    2    0    2    0    6    1    6    0 0.0000000000 0.0000000000 
    0    0    0    0    2    0    2    0    6    1    6    1 0.1530212240 0.0000000000 
    0    0    0    0    2    0    2    1    6    0    6    0 -0.0000000000 -0.0000000000 
    0    0    0    0    2    0    2    1    6    0    6    1 -0.0112865244 0.0098393562 
    0    0    0    0    2    0    2    1    6    1    6    0 0.0112865244 -0.0098393562 
    0    0    0    0    2    0    2    1    6    1    6    1 -0.0000000000 -0.0000000000 
    0    0    0    0    2    1    2    0    6    0    6    0 -0.0000000000 0.0000000000 
    0    0    0    0    2    1    2    0    6    0    6    1 0.0112865244 0.0098393562 
    0    0    0    0    2    1    2    0    6    1    6    0 -0.0112865244 -0.0098393562 
    0    0    0    0    2    1    2    0    6    1    6    1 -0.0000000000 0.0000000000 
    0    0    0    0    2    1    2    1    6    0    6    0 0.0969787760 0.0000000000 
    0    0    0    0    2    1    2    1    6    0    6    1 0.0000000000 0.0000000000 
    0    0    0    0    2    1    2    1    6    1    6    0 0.0000000000 -0.0000000000 
    0    0    0    0    2    1    2    1    6    1    6    1 0.0969787760 0.0000000000 
    0    0    0    1    2    0    2    0    6    0    6    0 -0.0000000000 -0.0000000000 
    0    0    0    1    2    0    2    0    6    0    6    1 0.0096671503 -0.0229187173 
    0    0    0    1    2    0    2    0    6    1    6    0 0.0096671503 -0.0229187173 
    0    0    0    1    2    0    2    0    6    1    6    1 0.0000000000 -0.0000000000 
    0    0    0    1    2    0    2    1    6    0    6    0 0.0000000000 0.0062490767 
    0    0    0    1    2    0    2    1    6    0    6    1 -0.0000000000 0.0000000000 
    0    0    0    1    2    0    2    1    6    1    6    0 -0.0000000000 -0.0000000000 
    0    0    0    1    2    0    2    1    6    1    6    1 0.0000000000 -0.0062490767 
    0    0    0    1    2    1    2    0    6    0    6    0 -0.0000000000 -0.0062490767 
    0    0    0    1    2    1    2    0    6    0    6    1 -0.0000000000 0.0000000000 
    0    0    0    1    2    1    2    0    6    1    6    0 -0.0000000000 0.0000000000 
    0    0    0    1    2    1    2    0    6    1    6    1 0.0000000000 0.0062490767 
    0    0    0    1    2    1    2    1    6    0    6    0 0.0000000000 -0.0000000000 
    0    0    0    1    2    1    2    1    6    0    6    1 0.0096671503 0.0229187173 
    0    0    0    1    2    1    2    1    6    1    6    0 0.0096671503 0.0229187173 
    0    0    0    1    2    1    2    1    6    1    6    1 -0.0000000000 -0.0000000000 
    0    1    0    0    2    0    2    0    6    0    6    0 -0.0000000000 0.0000000000 
    0    1    0    0    2    0    2    0    6    0    6    1 0.0096671503 0.0229187173 
    0    1    0    0    2    0    2    0    6    1    6    0 0.0096671503 0.0229187173 
    0    1    0    0    2    0    2    0    6    1    6    1 0.0000000000 0.0000000000 
    0    1    0    0    2    0    2    1    6    0    6    0 -0.0000000000 0.0062490767 
    0    1    0    0    2    0    2    1    6    0    6    1 -0.0000000000 -0.0000000000 
    0    1    0    0    2    0    2    1    6    1    6    0 -0.0000000000 -0.0000000000 
    0    1    0    0    2    0    2    1    6    1    6    1 0.0000000000 -0.0062490767 
    0    1    0    0    2    1    2    0    6    0    6    0 0.0000000000 -0.0062490767 
    0    1    0    0    2    1    2    0    6    0    6    1 -0.0000000000 0.0000000000 
    0    1    0    0    2    1    2    0    6    1    6    0 -0.0000000000 -0.0000000000 
    0    1    0    0    2    1    2    0    6    1    6    1 0.0000000000 0.0062490767 
    0    1    0    0    2    1    2    1    6    0    6    0 0.0000000000 0.0000000000 
    0    1    0    0    2    1    2    1    6    0    6    1 0.0096671503 -0.0229187173 
    0    1    0    0    2    1    2    1    6    1    6    0 0.0096671503 -0.0229187173 
    0    1    0    0    2    1    2    1    6    1    6    1 -0.0000000000 0.0000000000 
    0    1    0    1    2    0    2    0    6    0    6    0 0.0969787760 0.0000000000 
    0    1    0    1    2    0    2    0    6    0    6    1 0.0000000000 0.0000000000 
    0    1    0    1    2    0    2    0    6    1    6    0 0.0000000000 -0.0000000000 
    0    1    0    1    2    0    2    0    6    1    6    1 0.0969787760 0.0000000000 
    0    1    0    1    2    0    2    1    6    0    6    0 -0.0000000000 0.0000000000 
    0    1    0    1    2    0    2    1    6    0    6    1 -0.0112865244 -0.0098393562 
    0    1    0    1    2    0    2    1    6    1    6    0 0.0112865244 0.0098393562 
    0    1    0    1    2    0    2    1    6    1    6    1 -0.0000000000 -0.0000000000 
    0    1    0    1    2    1    2    0    6    0    6    0 -0.0000000000 -0.0000000000 
    0    1    0    1    2    1    2    0    6    0    6    1 0.0112865244 -0.0098393562 
    0    1    0    1    2    1    2    0    6    1    6    0 -0.0112865244 0.0098393562 
    0    1    0    1    2    1    2    0    6    1    6    1 -0.0000000000 0.0000000000 
    0    1    0    1    2    1    2    1    6    0    6    0 0.1530212240 0.0000000000 
    0    1    0    1    2    1    2    1    6    0    6    1 0.0000000000 0.0000000000 
    0    1    0    1    2    1    2    1    6    1    6    0 0.0000000000 -0.0000000000 
    0    1    0    1    2    1    2    1    6    1    6    1 0.1530212240 0.0000000000 
    0    0    0    0    2    0    2    0    7    0    7    0 0.0557288295 0.0000000000 
    0    0    0    0    2    0    2    0    7    0    7    1 -0.0000000000 -0.0000000000 
    0    0    0    0    2    0    2    0    7    1    7    0 -0.0000000000 0.0000000000 
    0    0    0    0    2    0    2    0    7    1    7    1 0.2503136185 0.0000000000 
    0    0    0    0    2    0    2    1    7    0    7    0 -0.0000000000 0.0000000000 
    0    0    0    0    2    0    2    1    7    0    7    1 -0.0000000000 -0.0000000000 
    0    0    0    0    2    0    2    1    7    1    7    0 0.0000000000 -0.0000000000 
    0    0    0    0    2    0    2    1    7    1    7    1 -0.0000000000 -0.0000000000 
    0    0    0    0    2    1    2    0    7    0    7    0 -0.0000000000 -0.0000000000 
    0    0    0    0    2    1    2    0    7    0    7    1 0.0000000000 0.0000000000 
    0    0    0    0    2    1    2    0    7    1    7    0 -0.0000000000 0.0000000000 
    0    0    0    0    2    1    2    0    7    1    7    1 -0.0000000000 0.0000000000 
    0    0    0    0    2    1    2    1    7    0    7    0 0.1249988950 0.0000000000 
    0    0    0    0    2    1    2    1    7    0    7    1 -0.0000000000 -0.0000000000 
    0    0    0    0    2    1    2    1    7    1    7    0 -0.0000000000 0.0000000000 
    0    0    0    0    2    1    2    1    7    1    7    1 0.0689586569 0.0000000000 
    0    0    0    1    2    0    2    0    7    0    7    0 0.0000000000 -0.0000000000 
    0    0    0    1    2    0    2    0    7    0    7    1 0.0020016565 0.0105814255 
    0    0    0    1    2    0    2    0    7    1    7    0 -0.0259001663 0.0265018382 
    0    0    0    1    2    0    2    0    7    1    7    1 0.0000000000 -0.0000000000 
    0    0    0    1    2    0    2    1    7    0    7    0 0.0000000000 0.0000000000 
    0    0    0    1    2    0    2    1    7    0    7    1 -0.0000000000 0.0000000000 
    0    0    0    1    2    0    2    1    7    1    7    0 0.0000000000 -0.0000000000 
    0    0    0    1    2    0    2    1    7    1    7    1 0.0000000000 -0.0000000000 
    0    0    0    1    2    1    2    0    7    0    7    0 -0.0000000000 0.0000000000 
    0    0    0    1    2    1    2    0    7    0    7    1 0.0000000000 -0.0000000000 
    0    0    0    1    2    1    2    0    7    1    7    0 0.0000000000 -0.0000000000 
    0    0    0    1    2    1    2    0    7    1    7    1 0.0000000000 -0.0000000000 
    0    0    0    1    2    1    2    1    7    0    7    0 0.0000000000 -0.0000000000 
    0    0    0    1    2    1    2    1    7    0    7    1 0.0020016565 -0.0105814255 
    0    0    0    1    2    1    2    1    7    1    7    0 -0.0259001663 -0.0265018382 
    0    0    0    1    2    1    2    1    7    1    7    1 -0.0000000000 -0.0000000000 
    0    1    0    0    2    0    2    0    7    0    7    0 0.0000000000 0.0000000000 
    0    1    0    0    2    0    2    0    7    0    7    1 -0.0259001663 -0.0265018382 
    0    1    0    0    2    0    2    0    7    1    7    0 0.0020016565 -0.0105814255 
    0    1    0    0    2    0    2    0    7    1    7    1 0.0000000000 0.0000000000 
    0    1    0    0    2    0    2    1    7    0    7    0 -0.0000000000 -0.0000000000 
    0    1    0    0    2    0    2    1    7    0    7    1 0.0000000000 0.0000000000 
    0    1    0    0    2    0    2    1    7    1    7    0 0.0000000000 0.0000000000 
    0    1    0    0    2    0    2    1    7    1    7    1 0.0000000000 0.0000000000 
    0    1    0    0    2    1    2    0    7    0    7    0 0.0000000000 -0.0000000000 
    0    1    0    0    2    1    2    0    7    0    7    1 0.0000000000 0.0000000000 
    0    1    0    0    2    1    2    0    7    1    7    0 -0.0000000000 -0.0000000000 
    0    1    0    0    2    1    2    0    7    1    7    1 0.0000000000 0.0000000000 
    0    1    0    0    2    1    2    1    7    0    7    0 0.0000000000 0.0000000000 
    0    1    0    0    2    1    2    1    7    0    7    1 -0.0259001663 0.0265018382 
    0    1    0    0    2    1    2    1    7    1    7    0 0.0020016565 0.0105814255 
    0    1    0    0    2    1    2    1    7    1    7    1 -0.0000000000 0.0000000000 
    0    1    0    1    2    0    2    0    7    0    7    0 0.0689586569 0.0000000000 
    0    1    0    1    2    0    2    0    7    0    7    1 -0.0000000000 0.0000000000 
    0    1    0    1    2    0    2    0    7    1    7    0 -0.0000000000 -0.0000000000 
    0    1    0    1    2    0    2    0    7    1    7    1 0.1249988950 0.0000000000 
    0    1    0    1    2    0    2    1    7    0    7    0 -0.0000000000 -0.0000000000 
    0    1    0    1    2    0    2    1    7    0    7    1 -0.0000000000 0.0000000000 
    0    1    0    1    2    0    2    1    7    1    7    0 0.0000000000 -0.0000000000 
    0    1    0    1    2    0    2    1    7    1    7    1 -0.0000000000 0.0000000000 
    0    1    0    1    2    1    2    0    7    0    7    0 -0.0000000000 0.0000000000 
    0    1    0    1    2    1    2    0    7    0    7    1 0.0000000000 0.0000000000 
    0    1    0    1    2    1    2    0    7    1    7    0 -0.0000000000 -0.0000000000 
    0    1    0    1    2    1    2    0    7    1    7    1 -0.0000000000 -0.0000000000 
    0    1    0    1    2    1    2    1    7    0    7    0 0.2503136185 0.0000000000 
    0    1    0    1    2    1    2    1    7    0    7    1 -0.0000000000 -0.0000000000 
    0    1    0    1    2    1    2    1    7    1    7    0 -0.0000000000 0.0000000000 
    0    1    0    1    2    1    2    1    7    1    7    1 0.0557288295 0.0000000000 
    0    0    0    0    3    0    3    0    4    0    4    0 0.0903638623 0.0000000000 
    0    0    0    0    3    0    3    0    4    0    4    1 -0.0000000000 0.0000000000 
    0    0    0    0    3    0    3    0    4    1    4    0 -0.0000000000 -0.0000000000 
    0    0    0    0    3    0    3    0    4    1    4    1 0.1596361377 0.0000000000 
    0    0    0    0    3    0    3    1    4    0    4    0 0.0000000000 0.0000000000 
    0    0    0    0    3    0    3    1    4    0    4    1 0.0020016565 0.0000000000 
    0    0    0    0    3    0    3    1    4    1    4    0 -0.0259001663 -0.0000000000 
    0    0    0    0    3    0    3    1    4    1    4    1 0.0000000000 0.0000000000 
    0    0    0    0    3    1    3    0    4    0    4    0 0.0000000000 -0.0000000000 
    0    0    0    0    3    1    3    0    4    0    4    1 -0.0259001663 0.0000000000 
    0    0    0    0    3    1    3    0    4    1    4    0 0.0020016565 -0.0000000000 
    0    0    0    0    3    1    3    0    4    1    4    1 0.0000000000 -0.0000000000 
    0    0    0    0    3    1    3    1    4    0    4    0 0.1596361377 0.0000000000 
    0    0    0    0    3    1    3    1    4    0    4    1 -0.0000000000 -0.0000000000 
    0    0    0    0    3    1    3    1    4    1    4    0 -0.0000000000 0.0000000000 
    0    0    0    0    3    1    3    1    4    1    4    1 0.0903638623 0.0000000000 
    0    0    0    1    3    0    3    0    4    0    4    0 -0.0000000000 -0.0000000000 
    0    0    0    1    3    0    3    0    4    0    4    1 -0.0112865244 -0.0079602064 
    0    0    0    1    3    0    3    0    4    1    4    0 0.0112865244 -0.0079602064 
    0    0    0    1    3    0    3    0    4    1    4    1 0.0000000000 -0.0000000000 
    0    0    0    1    3    0    3    1    4    0    4    0 0.0615035406 -0.0050556092 
    0    0    0    1    3    0    3    1    4    0    4    1 0.0000000000 0.0000000000 
    0    0    0    1    3    0    3    1    4    1    4    0 0.0000000000 -0.0000000000 
    0    0    0    1    3    0    3    1    4    1    4    1 0.0615035406 0.0050556092 
    0    0    0    1    3    1    3    0    4    0    4    0 -0.0615035406 -0.0050556092 
    0    0    0    1    3    1    3    0    4    0    4    1 0.0000000000 0.0000000000 
    0    0    0    1    3    1    3    0    4    1    4    0 0.0000000000 -0.0000000000 
    0    0    0    1    3    1    3    0    4    1    4    1 -0.0615035406 0.0050556092 
    0    0    0    1    3    1    3    1    4    0    4    0 -0.0000000000 -0.0000000000 
    0    0    0    1    3    1    3    1    4    0    4    1 -0.0112865244 0.0079602064 
    0    0    0    1    3    1    3    1    4    1    4    0 0.0112865244 0.0079602064 
    0    0    0    1    3    1    3    1    4    1    4    1 0.0000000000 -0.0000000000 
    0    1    0    0    3    0    3    0    4    0    4    0 -0.0000000000 0.0000000000 
    0    1    0    0    3    0    3    0    4    0    4    1 0.0112865244 0.0079602064 
    0    1    0    0    3    0    3    0    4    1    4    0 -0.0112865244 0.0079602064 
    0    1    0    0    3    0    3    0    4    1    4    1 0.0000000000 0.0000000000 
    0    1    0    0    3    0    3    1    4    0    4    0 -0.0615035406 0.0050556092 
    0    1    0    0    3    0    3    1    4    0    4    1 0.0000000000 0.0000000000 
    0    1    0    0    3    0    3    1    4    1    4    0 0.0000000000 -0.0000000000 
    0    1    0    0    3    0    3    1    4    1    4    1 -0.0615035406 -0.0050556092 
    0    1    0    0    3    1    3    0    4    0    4    0 0.0615035406 0.0050556092 
    0    1    0    0    3    1    3    0    4    0    4    1 0.0000000000 0.0000000000 
    0    1    0    0    3    1    3    0    4    1    4    0 0.0000000000 -0.0000000000 
    0    1    0    0    3    1    3    0    4    1    4    1 0.0615035406 -0.0050556092 
    0    1    0    0    3    1    3    1    4    0    4    0 -0.0000000000 0.0000000000 
    0    1    0    0    3    1    3    1    4    0    4    1 0.0112865244 -0.0079602064 
    0    1    0    0    3    1    3    1    4    1    4    0 -0.0112865244 -0.0079602064 
    0    1    0    0    3    1    3    1    4    1    4    1 0.0000000000 0.0000000000 
    0    1    0    1    3    0    3    0    4    0    4    0 0.0903638623 0.0000000000 
    0    1    0    1    3    0    3    0    4    0    4    1 -0.0000000000 -0.0000000000 
    0    1    0    1    3    0    3    0    4    1    4    0 -0.0000000000 0.0000000000 
    0    1    0    1    3    0    3    0    4    1    4    1 0.1596361377 0.0000000000 
    0    1    0    1    3    0    3    1    4    0    4    0 0.0000000000 0.0000000000 
    0    1    0    1    3    0    3    1    4    0    4    1 0.0020016565 0.0000000000 
    0    1    0    1    3    0    3    1    4    1    4    0 -0.0259001663 -0.0000000000 
    0    1    0    1    3    0    3    1    4    1    4    1 0.0000000000 0.0000000000 
    0    1    0    1    3    1    3    0    4    0    4    0 0.0000000000 -0.0000000000 
    0    1    0    1    3    1    3    0    4    0    4    1 -0.0259001663 0.0000000000 
    0    1    0    1    3    1    3    0    4    1    4    0 0.0020016565 -0.0000000000 
    0    1    0    1    3    1    3    0    4    1    4    1 0.0000000000 -0.0000000000 
    0    1    0    1    3    1    3    1    4    0    4    0 0.1596361377 0.0000000000 
    0    1    0    1    3    1    3    1    4    0    4    1 0.0000000000 0.0000000000 
    0    1    0    1    3    1    3    1    4    1    4    0 0.0000000000 -0.0000000000 
    0    1    0    1    3    1    3    1    4    1    4    1 0.0903638623 0.0000000000 
    0    0    0    0    3    0    3    0    5    0    5    0 0.0623437432 0.0000000000 
    0    0    0    0    3    0    3    0    5    0    5    1 0.0000000000 0.0000000000 
    0    0    0    0    3    0    3    0    5    1    5    0 0.0000000000 -0.0000000000 
    0    0    0    0    3    0    3    0    5    1    5    1 0.1876562568 0.0000000000 
    0    0    0    0    3    0    3    1    5    0    5    0 0.0000000000 0.0000000000 
    0    0    0    0    3    0    3    1    5    0    5    1 0.0096671503 0.0208400908 
    0    0    0    0    3    0    3    1    5    1    5    0 0.0096671503 -0.0208400908 
    0    0    0    0    3    0    3    1    5    1    5    1 0.0000000000 0.0000000000 
    0    0    0    0    3    1    3    0    5    0    5    0 0.0000000000 -0.0000000000 
    0    0    0    0    3    1    3    0    5    0    5    1 0.0096671503 0.0208400908 
    0    0    0    0    3    1    3    0    5    1    5    0 0.0096671503 -0.0208400908 
    0    0    0    0    3    1    3    0    5    1    5    1 0.0000000000 -0.0000000000 
    0    0    0    0    3    1    3    1    5    0    5    0 0.0623437432 0.0000000000 
    0    0    0    0    3    1    3    1    5    0    5    1 0.0000000000 -0.0000000000 
    0    0    0    0    3    1    3    1    5    1    5    0 0.0000000000 0.0000000000 
    0    0    0    0    3    1    3    1    5    1    5    1 0.1876562568 0.0000000000 
    0    0    0    1    3    0    3    0    5    0    5    0 -0.0000000000 -0.0000000000 
    0    0    0    1    3    0    3    0    5    0    5    1 0.0000000000 -0.0079602064 
    0    0    0    1    3    0    3    0    5    1    5    0 0.0000000000 0.0496403880 
    0    0    0    1    3    0    3    0    5    1    5    1 -0.0000000000 -0.0000000000 
    0    0    0    1    3    0    3    1    5    0    5    0 0.0615035406 -0.0000000000 
    0    0    0    1    3    0    3    1    5    0    5    1 -0.0000000000 0.0000000000 
    0    0    0    1    3    0    3    1    5    1    5    0 -0.0000000000 -0.0000000000 
    0    0    0    1    3    0    3    1    5    1    5    1 0.0615035406 -0.0000000000 
    0    0    0    1    3    1    3    0    5    0    5    0 -0.0615035406 0.0000000000 
    0    0    0    1    3    1    3    0    5    0    5    1 -0.0000000000 0.0000000000 
    0    0    0    1    3    1    3    0    5    1    5    0 -0.0000000000 -0.0000000000 
    0    0    0    1    3    1    3    0    5    1    5    1 -0.0615035406 -0.0000000000 
    0    0    0    1    3    1    3    1    5    0    5    0 0.0000000000 -0.0000000000 
    0    0    0    1    3    1    3    1    5    0    5    1 -0.0000000000 0.0079602064 
    0    0    0    1    3    1    3    1    5    1    5    0 0.0000000000 -0.0496403880 
    0    0    0    1    3    1    3    1    5    1    5    1 0.0000000000 -0.0000000000 
    0    1    0    0    3    0    3    0    5    0    5    0 -0.0000000000 0.0000000000 
    0    1    0    0    3    0    3    0    5    0    5    1 0.0000000000 -0.0496403880 
    0    1    0    0    3    0    3    0    5    1    5    0 0.0000000000 0.0079602064 
    0    1    0    0    3    0    3    0    5    1    5    1 -0.0000000000 0.0000000000 
    0    1    0    0    3    0    3    1    5    0    5    0 -0.0615035406 -0.0000000000 
    0    1    0    0    3    0    3    1    5    0    5    1 -0.0000000000 0.0000000000 
    0    1    0    0    3    0    3    1    5    1    5    0 -0.0000000000 -0.0000000000 
    0    1    0    0    3    0    3    1    5    1    5    1 -0.0615035406 0.0000000000 
    0    1    0    0    3    1    3    0    5    0    5    0 0.0615035406 0.0000000000 
    0    1    0    0    3    1    3    0    5    0    5    1 -0.0000000000 0.0000000000 
    0    1    0    0    3    1    3    0    5    1    5    0 -0.0000000000 -0.0000000000 
    0    1    0    0    3    1    3    0    5    1    5    1 0.0615035406 0.0000000000 
    0    1    0    0    3    1    3    1    5    0    5    0 0.0000000000 0.0000000000 
    0    1    0    0    3    1    3    1    5    0    5    1 0.0000000000 0.0496403880 
    0    1    0    0    3    1    3    1    5    1    5    0 -0.0000000000 -0.0079602064 
    0    1    0    0    3    1    3    1    5    1    5    1 0.0000000000 0.0000000000 
    0    1    0    1    3    0    3    0    5    0    5    0 0.1876562568 0.0000000000 
    0    1    0    1    3    0    3    0    5    0    5    1 0.0000000000 -0.0000000000 
    0    1    0    1    3    0    3    0    5    1    5    0 0.0000000000 0.0000000000 
    0    1    0    1    3    0    3    0    5    1    5    1 0.0623437432 0.0000000000 
    0    1    0    1    3    0    3    1    5    0    5    0 0.0000000000 0.0000000000 
    0    1    0    1    3    0    3    1    5    0    5    1 0.0096671503 -0.0208400908 
    0    1    0    1    3    0    3    1    5    1    5    0 0.0096671503 0.0208400908 
    0    1    0    1    3    0    3    1    5    1    5    1 0.0000000000 0.0000000000 
    0    1    0    1    3    1    3    0    5    0    5    0 0.0000000000 -0.0000000000 
    0    1    0    1    3    1    3    0    5    0    5    1 0.0096671503 -0.0208400908 
    0    1    0    1    3    1    3    0    5    1    5    0 0.0096671503 0.0208400908 
    0    1    0    1    3    1    3    0    5    1    5    1 0.0000000000 -0.0000000000 
    0    1    0    1    3    1    3    1    5    0    5    0 0.1876562568 0.0000000000 
    0    1    0    1    3    1    3    1    5    0    5    1 0.0000000000 -0.0000000000 
    0    1    0    1    3    1    3    1    5    1    5    0 0.0000000000 0.0000000000 
    0    1    0    1    3    1    3    1    5    1    5    1 0.0623437432 0.0000000000 
    0    0    0    0    3    0    3    0    6    0    6    0 0.0623437432 0.0000000000 
    0    0    0    0    3    0    3    0    6    0    6    1 0.0000000000 -0.0000000000 
    0    0    0    0    3    0    3    0    6    1    6    0 0.0000000000 0.0000000000 
    0    0    0    0    3    0    3    0    6    1    6    1 0.1876562568 0.0000000000 
    0    0    0    0    3    0    3    1    6    0    6    0 0.0000000000 0.0000000000 
    0    0    0    0    3    0    3    1    6    0    6    1 -0.0000000000 -0.0079602064 
    0    0    0    0    3    0    3    1    6    1    6    0 0.0000000000 0.0496403880 
    0    0    0    0    3    0    3    1    6    1    6    1 0.0000000000 0.0000000000 
    0    0    0    0    3    1    3    0    6    0    6    0 0.0000000000 -0.0000000000 
    0    0    0    0    3    1    3    0    6    0    6    1 0.0000000000 -0.0496403880 
    0    0    0    0    3    1    3    0    6    1    6    0 -0.0000000000 0.0079602064 
    0    0    0    0    3    1    3    0    6    1    6    1 0.0000000000 -0.0000000000 
    0    0    0    0    3    1    3    1    6    0    6    0 0.1876562568 0.0000000000 
    0    0    0    0    3    1    3    1    6    0    6    1 0.0000000000 0.0000000000 
    0    0    0    0    3    1    3    1    6    1    6    0 0.0000000000 -0.0000000000 
    0    0    0    0    3    1    3    1    6    1    6    1 0.0623437432 0.0000000000 
    0    0    0    1    3    0    3    0    6    0    6    0 -0.0000000000 -0.0000000000 
    0    0    0    1    3    0    3    0    6    0    6    1 0.0096671503 0.0208400908 
    0    0    0    1    3    0    3    0    6    1    6    0 0.0096671503 -0.0208400908 
    0    0    0    1    3    0    3    0    6    1    6    1 0.0000000000 -0.0000000000 
    0    0    0    1    3    0    3    1    6    0    6    0 0.0615035406 -0.0000000000 
    0    0    0    1    3    0    3    1    6    0    6    1 0.0000000000 -0.0000000000 
    0    0    0    1    3    0    3    1    6    1    6    0 0.0000000000 0.0000000000 
    0    0    0    1    3    0    3    1    6    1    6    1 0.0615035406 -0.0000000000 
    0    0    0    1    3    1    3    0    6    0    6    0 -0.0615035406 -0.0000000000 
    0    0    0    1    3    1    3    0    6    0    6    1 0.0000000000 -0.0000000000 
    0    0    0    1    3    1    3    0    6    1    6    0 0.0000000000 0.0000000000 
    0    0    0    1    3    1    3    0    6    1    6    1 -0.0615035406 0.0000000000 
    0    0    0    1    3    1    3    1    6    0    6    0 0.0000000000 -0.0000000000 
    0    0    0    1    3    1    3    1    6    0    6    1 0.0096671503 -0.0208400908 
    0    0    0    1    3    1    3    1    6    1    6    0 0.0096671503 0.0208400908 
    0    0    0    1    3    1    3    1    6    1    6    1 -0.0000000000 -0.0000000000 
    0    1    0    0    3    0    3    0    6    0    6    0 -0.0000000000 0.0000000000 
    0    1    0    0    3    0    3    0    6    0    6    1 0.0096671503 0.0208400908 
    0    1    0    0    3    0    3    0    6    1    6    0 0.0096671503 -0.0208400908 
    0    1    0    0    3    0    3    0    6    1    6    1 0.0000000000 0.0000000000 
    0    1    0    0    3    0    3    1    6    0    6    0 -0.0615035406 0.0000000000 
    0    1    0    0    3    0    3    1    6    0    6    1 0.0000000000 -0.0000000000 
    0    1    0    0    3    0    3    1    6    1    6    0 0.0000000000 0.0000000000 
    0    1    0    0    3    0    3    1    6    1    6    1 -0.0615035406 -0.0000000000 
    0    1    0    0    3    1    3    0    6    0    6    0 0.0615035406 0.0000000000 
    0    1    0    0    3    1    3    0    6    0    6    1 0.0000000000 -0.0000000000 
    0    1    0    0    3    1    3    0    6    1    6    0 0.0000000000 0.0000000000 
    0    1    0    0    3    1    3    0    6    1    6    1 0.0615035406 0.0000000000 
    0    1    0    0    3    1    3    1    6    0    6    0 0.0000000000 0.0000000000 
    0    1    0    0    3    1    3    1    6    0    6    1 0.0096671503 -0.0208400908 
    0    1    0    0    3    1    3    1    6    1    6    0 0.0096671503 0.0208400908 
    0    1    0    0    3    1    3    1    6    1    6    1 -0.0000000000 0.0000000000 
    0    1    0    1    3    0    3    0    6    0    6    0 0.0623437432 0.0000000000 
    0    1    0    1    3    0    3    0    6    0    6    1 0.0000000000 0.0000000000 
    0    1    0    1    3    0    3    0    6    1    6    0 0.0000000000 -0.0000000000 
    0    1    0    1    3    0    3    0    6    1    6    1 0.1876562568 0.0000000000 
    0    1    0    1    3    0    3    1    6    0    6    0 0.0000000000 0.0000000000 
    0    1    0    1    3    0    3    1    6    0    6    1 0.0000000000 0.0079602064 
    0    1    0    1    3    0    3    1    6    1    6    0 0.0000000000 -0.0496403880 
    0    1    0    1    3    0    3    1    6    1    6    1 0.0000000000 0.0000000000 
    0    1    0    1    3    1    3    0    6    0    6    0 0.0000000000 -0.0000000000 
    0    1    0    1    3    1    3    0    6    0    6    1 0.0000000000 0.0496403880 
    0    1    0    1    3    1    3    0    6    1    6    0 0.0000000000 -0.0079602064 
    0    1    0    1    3    1    3    0    6    1    6    1 0.0000000000 -0.0000000000 
    0    1    0    1    3    1    3    1    6    0    6    0 0.1876562568 0.0000000000 
    0    1    0    1    3    1    3    1    6    0    6    1 0.0000000000 0.0000000000 
    0    1    0    1    3    1    3    1    6    1    6    0 0.0000000000 -0.0000000000 
    0    1    0    1    3    1    3    1    6    1    6    1 0.0623437432 0.0000000000 
    0    0    0    0    3    0    3    0    7    0    7    0 0.0903638623 0.0000000000 
    0    0    0    0    3    0    3    0    7    0    7    1 0.0000000000 -0.0000000000 
    0    0    0    0    3    0    3    0    7    1    7    0 0.0000000000 0.0000000000 
    0    0    0    0    3    0    3    0    7    1    7    1 0.1596361377 0.0000000000 
    0    0    0    0    3    0    3    1    7    0    7    0 0.0000000000 0.0000000000 
    0    0    0    0    3    0    3    1    7    0    7    1 -0.0112865244 -0.0079602064 
    0    0    0    0    3    0    3    1    7    1    7    0 0.0112865244 -0.0079602064 
    0    0    0    0    3    0    3    1    7    1    7    1 0.0000000000 0.0000000000 
    0    0    0    0    3    1    3    0    7    0    7    0 0.0000000000 -0.0000000000 
    0    0    0    0    3    1    3    0    7    0    7    1 0.0112865244 0.0079602064 
    0    0    0    0    3    1    3    0    7    1    7    0 -0.0112865244 0.0079602064 
    0    0    0    0    3    1    3    0    7    1    7    1 0.0000000000 -0.0000000000 
    0    0    0    0    3    1    3    1    7    0    7    0 0.0903638623 0.0000000000 
    0    0    0    0    3    1    3    1    7    0    7    1 -0.0000000000 0.0000000000 
    0    0    0    0    3    1    3    1    7    1    7    0 -0.0000000000 -0.0000000000 
    0    0    0    0    3    1    3    1    7    1    7    1 0.1596361377 0.0000000000 
    0    0    0    1    3    0    3    0    7    0    7    0 -0.0000000000 -0.0000000000 
    0    0    0    1    3    0    3    0    7    0    7    1 0.0020016565 -0.0000000000 
    0    0    0    1    3    0    3    0    7    1    7    0 -0.0259001663 0.0000000000 
    0    0    0    1    3    0    3    0    7    1    7    1 0.0000000000 -0.0000000000 
    0    0    0    1    3    0    3    1    7    0    7    0 0.0615035406 -0.0050556092 
    0    0    0    1    3    0    3    1    7    0    7    1 -0.0000000000 -0.0000000000 
    0    0    0    1    3    0    3    1    7    1    7    0 -0.0000000000 0.0000000000 
    0    0    0    1    3    0    3    1    7    1    7    1 0.0615035406 0.0050556092 
    0    0    0    1    3    1    3    0    7    0    7    0 -0.0615035406 0.0050556092 
    0    0    0    1    3    1    3    0    7    0    7    1 0.0000000000 -0.0000000000 
    0    0    0    1    3    1    3    0    7    1    7    0 -0.0000000000 0.0000000000 
    0    0    0    1    3    1    3    0    7    1    7    1 -0.0615035406 -0.0050556092 
    0    0    0    1    3    1    3    1    7    0    7    0 0.0000000000 -0.0000000000 
    0    0    0    1    3    1    3    1    7    0    7    1 0.0020016565 0.0000000000 
    0    0    0    1    3    1    3    1    7    1    7    0 -0.0259001663 0.0000000000 
    0    0    0    1    3    1    3    1    7    1    7    1 -0.0000000000 -0.0000000000 
    0    1    0    0    3    0    3    0    7    0    7    0 -0.0000000000 0.0000000000 
    0    1    0    0    3    0    3    0    7    0    7    1 -0.0259001663 -0.0000000000 
    0    1    0    0    3    0    3    0    7    1    7    0 0.0020016565 0.0000000000 
    0    1    0    0    3    0    3    0    7    1    7    1 0.0000000000 0.0000000000 
    0    1    0    0    3    0    3    1    7    0    7    0 -0.0615035406 -0.0050556092 
    0    1    0    0    3    0    3    1    7    0    7    1 -0.0000000000 -0.0000000000 
    0    1    0    0    3    0    3    1    7    1    7    0 0.0000000000 0.0000000000 
    0    1    0    0    3    0    3    1    7    1    7    1 -0.0615035406 0.0050556092 
    0    1    0    0    3    1    3    0    7    0    7    0 0.0615035406 0.0050556092 
    0    1    0    0    3    1    3    0    7    0    7    1 -0.0000000000 -0.0000000000 
    0    1    0    0    3    1    3    0    7    1    7    0 -0.0000000000 0.0000000000 
    0    1    0    0    3    1    3    0    7    1    7    1 0.0615035406 -0.0050556092 
    0    1    0    0    3    1    3    1    7    0    7    0 0.0000000000 0.0000000000 
    0    1    0    0    3    1    3    1    7    0    7    1 -0.0259001663 -0.0000000000 
    0    1    0    0    3    1    3    1    7    1    7    0 0.0020016565 -0.0000000000 
    0    1    0    0    3    1    3    1    7    1    7    1 -0.0000000000 0.0000000000 
    0    1    0    1    3    0    3    0    7    0    7    0 0.1596361377 0.0000000000 
    0    1    0    1    3    0    3    0    7    0    7    1 -0.0000000000 0.0000000000 
    0    1    0    1    3    0    3    0    7    1    7    0 -0.0000000000 -0.0000000000 
    0    1    0    1    3    0    3    0    7    1    7    1 0.0903638623 0.0000000000 
    0    1    0    1    3    0    3    1    7    0    7    0 0.0000000000 0.0000000000 
    0    1    0    1    3    0    3    1    7    0    7    1 -0.0112865244 0.0079602064 
    0    1    0    1    3    0    3    1    7    1    7    0 0.0112865244 0.0079602064 
    0    1    0    1    3    0    3    1    7    1    7    1 0.0000000000 0.0000000000 
    0    1    0    1    3    1    3    0    7    0    7    0 0.0000000000 -0.0000000000 
    0    1    0    1    3    1    3    0    7    0    7    1 0.0112865244 -0.0079602064 
    0    1    0    1    3    1    3    0    7    1    7    0 -0.0112865244 -0.0079602064 
    0    1    0    1    3    1    3    0    7    1    7    1 0.0000000000 -0.0000000000 
    0    1    0    1    3    1    3    1    7    0    7    0 0.1596361377 0.0000000000 
    0    1    0    1    3    1    3    1    7    0    7    1 -0.0000000000 -0.0000000000 
    0    1    0    1    3    1    3    1    7    1    7    0 -0.0000000000 0.0000000000 
    0    1    0    1    3    1    3    1    7    1    7    1 0.0903638623 0.0000000000 
    0    0    0    0    4    0    4    0    5    0    5    0 0.0623437432 0.0000000000 
    0    0    0    0    4    0    4    0    5    0    5    1 0.0000000000 -0.0000000000 
    0    0    0    0    4    0    4    0    5    1    5    0 0.0000000000 0.0000000000 
    0    0    0    0    4    0    4    0    5    1    5    1 0.1876562568 0.0000000000 
    0    0    0    0    4    0    4    1    5    0    5    0 -0.0000000000 0.0000000000 
    0    0    0    0    4    0    4    1    5    0    5    1 -0.0780944512 -0.0000000000 
    0    0    0    0    4    0    4    1    5    1    5    0 -0.0780944512 -0.0000000000 
    0    0    0    0    4    0    4    1    5    1    5    1 -0.0000000000 -0.0000000000 
    0    0    0    0    4    1    4    0    5    0    5    0 -0.0000000000 -0.0000000000 
    0    0    0    0    4    1    4    0    5    0    5    1 -0.0780944512 0.0000000000 
    0    0    0    0    4    1    4    0    5    1    5    0 -0.0780944512 0.0000000000 
    0    0    0    0    4    1    4    0    5    1    5    1 -0.0000000000 0.0000000000 
    0    0    0    0    4    1    4    1    5    0    5    0 0.0623437432 0.0000000000 
    0    0    0    0    4    1    4    1    5    0    5    1 0.0000000000 -0.0000000000 
    0    0    0    0    4    1    4    1    5    1    5    0 0.0000000000 0.0000000000 
    0    0    0    0    4    1    4    1    5    1    5    1 0.1876562568 0.0000000000 
    0    0    0    1    4    0    4    0    5    0    5    0 0.0000000000 -0.0000000000 
    0    0    0    1    4    0    4    0    5    0    5    1 -0.0000000000 0.0185416318 
    0    0    0    1    4    0    4    0    5    1    5    0 0.0000000000 -0.1156268764 
    0    0    0    1    4    0    4    0    5    1    5    1 -0.0000000000 -0.0000000000 
    0    0    0    1    4    0    4    1    5    0    5    0 -0.0112865244 -0.0485426223 
    0    0    0    1    4    0    4    1    5    0    5    1 -0.0000000000 0.0000000000 
    0    0    0    1    4    0    4    1    5    1    5    0 0.0000000000 -0.0000000000 
    0    0    0    1    4    0    4    1    5    1    5    1 -0.0112865244 0.0485426223 
    0    0    0    1    4    1    4    0    5    0    5    0 0.0112865244 0.0485426223 
    0    0    0    1    4    1    4    0    5    0    5    1 0.0000000000 -0.0000000000 
    0    0    0    1    4    1    4    0    5    1    5    0 -0.0000000000 0.0000000000 
    0    0    0    1    4    1    4    0    5    1    5    1 0.0112865244 -0.0485426223 
    0    0    0    1    4    1    4    1    5    0    5    0 -0.0000000000 -0.0000000000 
    0    0    0    1    4    1    4    1    5    0    5    1 -0.0000000000 -0.0185416318 
    0    0    0    1    4    1    4    1    5    1    5    0 0.0000000000 0.1156268764 
    0    0    0    1    4    1    4    1    5    1    5    1 0.0000000000 -0.0000000000 
    0    1    0    0    4    0    4    0    5    0    5    0 0.0000000000 0.0000000000 
    0    1    0    0    4    0    4    0    5    0    5    1 0.0000000000 0.1156268764 
    0    1    0    0    4    0    4    0    5    1    5    0 -0.0000000000 -0.0185416318 
    0    1    0    0    4    0    4    0    5    1    5    1 -0.0000000000 0.0000000000 
    0    1    0    0    4    0    4    1    5    0    5    0 0.0112865244 -0.0485426223 
    0    1    0    0    4    0    4    1    5    0    5    1 -0.0000000000 -0.0000000000 
    0    1    0    0    4    0    4    1    5    1    5    0 0.0000000000 0.0000000000 
    0    1    0    0    4    0    4    1    5    1    5    1 0.0112865244 0.0485426223 
    0    1    0    0    4    1    4    0    5    0    5    0 -0.0112865244 0.0485426223 
    0    1    0    0    4    1    4    0    5    0    5    1 0.0000000000 0.0000000000 
    0    1    0    0    4    1    4    0    5    1    5    0 -0.0000000000 -0.0000000000 
    0    1    0    0    4    1    4    0    5    1    5    1 -0.0112865244 -0.0485426223 
    0    1    0    0    4    1    4    1    5    0    5    0 -0.0000000000 0.0000000000 
    0    1    0    0    4    1    4    1    5    0    5    1 0.0000000000 -0.1156268764 
    0    1    0    0    4    1    4    1    5    1    5    0 -0.0000000000 0.0185416318 
    0    1    0    0    4    1    4    1    5    1    5    1 0.0000000000 0.0000000000 
    0    1    0    1    4    0    4    0    5    0    5    0 0.1876562568 0.0000000000 
    0    1    0    1    4    0    4    0    5    0    5    1 0.0000000000 -0.0000000000 
    0    1    0    1    4    0    4    0    5    1    5    0 0.0000000000 0.0000000000 
    0    1    0    1    4    0    4    0    5    1    5    1 0.0623437432 0.0000000000 
    0    1    0    1    4    0    4    1    5    0    5    0 -0.0000000000 -0.0000000000 
    0    1    0    1    4    0    4    1    5    0    5    1 -0.0780944512 0.0000000000 
    0    1    0    1    4    0    4    1    5    1    5    0 -0.0780944512 0.0000000000 
    0    1    0    1    4    0    4    1    5    1    5    1 -0.0000000000 0.0000000000 
    0    1    0    1    4    1    4    0    5    0    5    0 -0.0000000000 0.0000000000 
    0    1    0    1    4    1    4    0    5    0    5    1 -0.0780944512 -0.0000000000 
    0    1    0    1    4    1    4    0    5    1    5    0 -0.0780944512 -0.0000000000 
    0    1    0    1    4    1    4    0    5    1    5    1 -0.0000000000 -0.0000000000 
    0    1    0    1    4    1    4    1    5    0    5    0 0.1876562568 0.0000000000 
    0    1    0    1    4    1    4    1    5    0    5    1 0.0000000000 -0.0000000000 
    0    1    0    1    4    1    4    1    5    1    5    0 0.0000000000 0.0000000000 
    0    1    0    1    4    1    4    1    5    1    5    1 0.0623437432 0.0000000000 
    0    0    0    0    4    0    4    0    6    0    6    0 0.1530212240 0.0000000000 
    0    0    0    0    4    0    4    0    6    0    6    1 -0.0000000000 0.0000000000 
    0    0    0    0    4    0    4    0    6    1    6    0 -0.0000000000 -0.0000000000 
    0    0    0    0    4    0    4    0    6    1    6    1 0.0969787760 0.0000000000 
    0    0    0    0    4    0    4    1    6    0    6    0 -0.0000000000 -0.0000000000 
    0    0    0    0    4    0    4    1    6    0    6    1 -0.0000000000 0.0062490767 
    0    0    0    0    4    0    4    1    6    1    6    0 -0.0000000000 0.0062490767 
    0    0    0    0    4    0    4    1    6    1    6    1 -0.0000000000 0.0000000000 
    0    0    0    0    4    1    4    0    6    0    6    0 -0.0000000000 0.0000000000 
    0    0    0    0    4    1    4    0    6    0    6    1 -0.0000000000 -0.0062490767 
    0    0    0    0    4    1    4    0    6    1    6    0 -0.0000000000 -0.0062490767 
    0    0    0    0    4    1    4    0    6    1    6    1 -0.0000000000 -0.0000000000 
    0    0    0    0    4    1    4    1    6    0    6    0 0.0969787760 0.0000000000 
    0    0    0    0    4    1    4    1    6    0    6    1 0.0000000000 0.0000000000 
    0    0    0    0    4    1    4    1    6    1    6    0 0.0000000000 -0.0000000000 
    0    0    0    0    4    1    4    1    6    1    6    1 0.1530212240 0.0000000000 
    0    0    0    1    4    0    4    0    6    0    6    0 -0.0000000000 -0.0000000000 
    0    0    0    1    4    0    4    0    6    0    6    1 0.0096671503 -0.0229187173 
    0    0    0    1    4    0    4    0    6    1    6    0 0.0096671503 0.0229187173 
    0    0    0    1    4    0    4    0    6    1    6    1 -0.0000000000 -0.0000000000 
    0    0    0    1    4    0    4    1    6    0    6    0 -0.0112865244 0.0098393562 
    0    0    0    1    4    0    4    1    6    0    6    1 0.0000000000 -0.0000000000 
    0    0    0    1    4    0    4    1    6    1    6    0 -0.0000000000 -0.0000000000 
    0    0    0    1    4    0    4    1    6    1    6    1 -0.0112865244 -0.0098393562 
    0    0    0    1    4    1    4    0    6    0    6    0 0.0112865244 0.0098393562 
    0    0    0    1    4    1    4    0    6    0    6    1 -0.0000000000 0.0000000000 
    0    0    0    1    4    1    4    0    6    1    6    0 0.0000000000 -0.0000000000 
    0    0    0    1    4    1    4    0    6    1    6    1 0.0112865244 -0.0098393562 
    0    0    0    1    4    1    4    1    6    0    6    0 0.0000000000 -0.0000000000 
    0    0    0    1    4    1    4    1    6    0    6    1 0.0096671503 0.0229187173 
    0    0    0    1    4    1    4    1    6    1    6    0 0.0096671503 -0.0229187173 
    0    0    0    1    4    1    4    1    6    1    6    1 0.0000000000 -0.0000000000 
    0    1    0    0    4    0    4    0    6    0    6    0 -0.0000000000 0.0000000000 
    0    1    0    0    4    0    4    0    6    0    6    1 0.0096671503 -0.0229187173 
    0    1    0    0    4    0    4    0    6    1    6    0 0.0096671503 0.0229187173 
    0    1    0    0    4    0    4    0    6    1    6    1 -0.0000000000 0.0000000000 
    0    1    0    0    4    0    4    1    6    0    6    0 0.0112865244 -0.0098393562 
    0    1    0    0    4    0    4    1    6    0    6    1 0.0000000000 0.0000000000 
    0    1    0    0    4    0    4    1    6    1    6    0 -0.0000000000 -0.0000000000 
    0    1    0    0    4    0    4    1    6    1    6    1 0.0112865244 0.0098393562 
    0    1    0    0    4    1    4    0    6    0    6    0 -0.0112865244 -0.0098393562 
    0    1    0    0    4    1    4    0    6    0    6    1 -0.0000000000 0.0000000000 
    0    1    0    0    4    1    4    0    6    1    6    0 0.0000000000 0.0000000000 
    0    1    0    0    4    1    4    0    6    1    6    1 -0.0112865244 0.0098393562 
    0    1    0    0    4    1    4    1    6    0    6    0 0.0000000000 0.0000000000 
    0    1    0    0    4    1    4    1    6    0    6    1 0.0096671503 0.0229187173 
    0    1    0    0    4    1    4    1    6    1    6    0 0.0096671503 -0.0229187173 
    0    1    0    0    4    1    4    1    6    1    6    1 0.0000000000 0.0000000000 
    0    1    0    1    4    0    4    0    6    0    6    0 0.1530212240 0.0000000000 
    0    1    0    1    4    0    4    0    6    0    6    1 0.0000000000 0.0000000000 
    0    1    0    1    4    0    4    0    6    1    6    0 0.0000000000 -0.0000000000 
    0    1    0    1    4    0    4    0    6    1    6    1 0.0969787760 0.0000000000 
    0    1    0    1    4    0    4    1    6    0    6    0 -0.0000000000 -0.0000000000 
    0    1    0    1    4    0    4    1    6    0    6    1 -0.0000000000 -0.0062490767 
    0    1    0    1    4    0    4    1    6    1    6    0 -0.0000000000 -0.0062490767 
    0    1    0    1    4    0    4    1    6    1    6    1 -0.0000000000 0.0000000000 
    0    1    0    1    4    1    4    0    6    0    6    0 -0.0000000000 0.0000000000 
    0    1    0    1    4    1    4    0    6    0    6    1 -0.0000000000 0.0062490767 
    0    1    0    1    4    1    4    0    6    1    6    0 -0.0000000000 0.0062490767 
    0    1    0    1    4    1    4    0    6    1    6    1 -0.0000000000 -0.0000000000 
    0    1    0    1    4    1    4    1    6    0    6    0 0.0969787760 0.0000000000 
    0    1    0    1    4    1    4    1    6    0    6    1 0.0000000000 0.0000000000 
    0    1    0    1    4    1    4    1    6    1    6    0 0.0000000000 -0.0000000000 
    0    1    0    1    4    1    4    1    6    1    6    1 0.1530212240 0.0000000000 
    0    0    0    0    4    0    4    0    7    0    7    0 0.0903638623 0.0000000000 
    0    0    0    0    4    0    4    0    7    0    7    1 0.0000000000 -0.0000000000 
    0    0    0    0    4    0    4    0    7    1    7    0 0.0000000000 0.0000000000 
    0    0    0    0    4    0    4    0    7    1    7    1 0.1596361377 0.0000000000 
    0    0    0    0    4    0    4    1    7    0    7    0 -0.0000000000 -0.0000000000 
    0    0    0    0    4    0    4    1    7    0    7    1 0.0615035406 -0.0050556092 
    0    0    0    0    4    0    4    1    7    1    7    0 -0.0615035406 -0.0050556092 
    0    0    0    0    4    0    4    1    7    1    7    1 0.0000000000 0.0000000000 
    0    0    0    0    4    1    4    0    7    0    7    0 -0.0000000000 0.0000000000 
    0    0    0    0    4    1    4    0    7    0    7    1 -0.0615035406 0.0050556092 
    0    0    0    0    4    1    4    0    7    1    7    0 0.0615035406 0.0050556092 
    0    0    0    0    4    1    4    0    7    1    7    1 0.0000000000 -0.0000000000 
    0    0    0    0    4    1    4    1    7    0    7    0 0.0903638623 0.0000000000 
    0    0    0    0    4    1    4    1    7    0    7    1 -0.0000000000 0.0000000000 
    0    0    0    0    4    1    4    1    7    1    7    0 -0.0000000000 -0.0000000000 
    0    0    0    0    4    1    4    1    7    1    7    1 0.1596361377 0.0000000000 
    0    0    0    1    4    0    4    0    7    0    7    0 -0.0000000000 -0.0000000000 
    0    0    0    1    4    0    4    0    7    0    7    1 0.0020016565 0.0000000000 
    0    0    0    1    4    0    4    0    7    1    7    0 -0.0259001663 0.0000000000 
    0    0    0    1    4    0    4    0    7    1    7    1 -0.0000000000 -0.0000000000 
    0    0    0    1    4    0    4    1    7    0    7    0 -0.0112865244 -0.0079602064 
    0    0    0    1    4    0    4    1    7    0    7    1 -0.0000000000 -0.0000000000 
    0    0    0    1    4    0    4    1    7    1    7    0 0.0000000000 0.0000000000 
    0    0    0    1    4    0    4    1    7    1    7    1 -0.0112865244 0.0079602064 
    0    0    0    1    4    1    4    0    7    0    7    0 0.0112865244 0.0079602064 
    0    0    0    1    4    1    4    0    7    0    7    1 -0.0000000000 0.0000000000 
    0    0    0    1    4    1    4    0    7    1    7    0 0.0000000000 0.0000000000 
    0    0    0    1    4    1    4    0    7    1    7    1 0.0112865244 -0.0079602064 
    0    0    0    1    4    1    4    1    7    0    7    0 0.0000000000 -0.0000000000 
    0    0    0    1    4    1    4    1    7    0    7    1 0.0020016565 -0.0000000000 
    0    0    0    1    4    1    4    1    7    1    7    0 -0.0259001663 0.0000000000 
    0    0    0    1    4    1    4    1    7    1    7    1 0.0000000000 -0.0000000000 
    0    1    0    0    4    0    4    0    7    0    7    0 -0.0000000000 0.0000000000 
    0    1    0    0    4    0    4    0    7    0    7    1 -0.0259001663 -0.0000000000 
    0    1    0    0    4    0    4    0    7    1    7    0 0.0020016565 -0.0000000000 
    0    1    0    0    4    0    4    0    7    1    7    1 -0.0000000000 0.0000000000 
    0    1    0    0    4    0    4    1    7    0    7    0 0.0112865244 -0.0079602064 
    0    1    0    0    4    0    4    1    7    0    7    1 0.0000000000 -0.0000000000 
    0    1    0    0    4    0    4    1    7    1    7    0 -0.0000000000 -0.0000000000 
    0    1    0    0    4    0    4    1    7    1    7    1 0.0112865244 0.0079602064 
    0    1    0    0    4    1    4    0    7    0    7    0 -0.0112865244 0.0079602064 
    0    1    0    0    4    1    4    0    7    0    7    1 0.0000000000 -0.0000000000 
    0    1    0    0    4    1    4    0    7    1    7    0 -0.0000000000 0.0000000000 
    0    1    0    0    4    1    4    0    7    1    7    1 -0.0112865244 -0.0079602064 
    0    1    0    0    4    1    4    1    7    0    7    0 0.0000000000 0.0000000000 
    0    1    0    0    4    1    4    1    7    0    7    1 -0.0259001663 -0.0000000000 
    0    1    0    0    4    1    4    1    7    1    7    0 0.0020016565 0.0000000000 
    0    1    0    0    4    1    4    1    7    1    7    1 0.0000000000 0.0000000000 
    0    1    0    1    4    0    4    0    7    0    7    0 0.1596361377 0.0000000000 
    0    1    0    1    4    0    4    0    7    0    7    1 -0.0000000000 0.0000000000 
    0    1    0    1    4    0    4    0    7    1    7    0 -0.0000000000 -0.0000000000 
    0    1    0    1    4    0    4    0    7    1    7    1 0.0903638623 0.0000000000 
    0    1    0    1    4    0    4    1    7    0    7    0 -0.0000000000 -0.0000000000 
    0    1    0    1    4    0    4    1    7    0    7    1 0.0615035406 0.0050556092 
    0    1    0    1    4    0    4    1    7    1    7    0 -0.0615035406 0.0050556092 
    0    1    0    1    4    0    4    1    7    1    7    1 0.0000000000 0.0000000000 
    0    1    0    1    4    1    4    0    7    0    7    0 -0.0000000000 0.0000000000 
    0    1    0    1    4    1    4    0    7    0    7    1 -0.0615035406 -0.0050556092 
    0    1    0    1    4    1    4    0    7    1    7    0 0.0615035406 -0.0050556092 
    0    1    0    1    4    1    4    0    7    1    7    1 0.0000000000 -0.0000000000 
    0    1    0    1    4    1    4    1    7    0    7    0 0.1596361377 0.0000000000 
    0    1    0    1    4    1    4    1    7    0    7    1 -0.0000000000 -0.0000000000 
    0    1    0    1    4    1    4    1    7    1    7    0 -0.0000000000 0.0000000000 
    0    1    0    1    4    1    4    1    7    1    7    1 0.0903638623 0.0000000000 
    0    0    0    0    5    0    5    0    6    0    6    0 0.0623437432 0.0000000000 
    0    0    0    0    5    0    5    0    6    0    6    1 0.0000000000 0.0000000000 
    0    0    0    0    5    0    5    0    6    1    6    0 0.0000000000 -0.0000000000 
    0    0    0    0    5    0    5    0    6    1    6    1 0.0623437432 0.0000000000 
    0    0    0    0    5    0    5    1    6    0    6    0 0.0000000000 -0.0000000000 
    0    0    0    0    5    0    5    1    6    0    6    1 0.0615035406 0.0000000000 
    0    0    0    0    5    0    5    1    6    1    6    0 -0.0615035406 0.0000000000 
    0    0    0    0    5    0    5    1    6    1    6    1 0.0000000000 0.0000000000 
    0    0    0    0    5    1    5    0    6    0    6    0 0.0000000000 0.0000000000 
    0    0    0    0    5    1    5    0    6    0    6    1 -0.0615035406 -0.0000000000 
    0    0    0    0    5    1    5    0    6    1    6    0 0.0615035406 -0.0000000000 
    0    0    0    0    5    1    5    0    6    1    6    1 0.0000000000 -0.0000000000 
    0    0    0    0    5    1    5    1    6    0    6    0 0.1876562568 0.0000000000 
    0    0    0    0    5    1    5    1    6    0    6    1 0.0000000000 -0.0000000000 
    0    0    0    0    5    1    5    1    6    1    6    0 0.0000000000 0.0000000000 
    0    0    0    0    5    1    5    1    6    1    6    1 0.1876562568 0.0000000000 
    0    0    0    1    5    0    5    0    6    0    6    0 0.0000000000 -0.0000000000 
    0    0    0    1    5    0    5    0    6    0    6    1 0.0096671503 0.0208400908 
    0    0    0    1    5    0    5    0    6    1    6    0 0.0096671503 0.0208400908 
    0    0    0    1    5    0    5    0    6    1    6    1 -0.0000000000 -0.0000000000 
    0    0    0    1    5    0    5    1    6    0    6    0 -0.0000000000 -0.0079602064 
    0    0    0    1    5    0    5    1    6    0    6    1 0.0000000000 -0.0000000000 
    0    0    0    1    5    0    5    1    6    1    6    0 0.0000000000 0.0000000000 
    0    0    0    1    5    0    5    1    6    1    6    1 0.0000000000 0.0079602064 
    0    0    0    1    5    1    5    0    6    0    6    0 0.0000000000 -0.0496403880 
    0    0    0    1    5    1    5    0    6    0    6    1 -0.0000000000 0.0000000000 
    0    0    0    1    5    1    5    0    6    1    6    0 -0.0000000000 0.0000000000 
    0    0    0    1    5    1    5    0    6    1    6    1 0.0000000000 0.0496403880 
    0    0    0    1    5    1    5    1    6    0    6    0 0.0000000000 -0.0000000000 
    0    0    0    1    5    1    5    1    6    0    6    1 0.0096671503 -0.0208400908 
    0    0    0    1    5    1    5    1    6    1    6    0 0.0096671503 -0.0208400908 
    0    0    0    1    5    1    5    1    6    1    6    1 0.0000000000 -0.0000000000 
    0    1    0    0    5    0    5    0    6    0    6    0 0.0000000000 0.0000000000 
    0    1    0    0    5    0    5    0    6    0    6    1 0.0096671503 -0.0208400908 
    0    1    0    0    5    0    5    0    6    1    6    0 0.0096671503 -0.0208400908 
    0    1    0    0    5    0    5    0    6    1    6    1 -0.0000000000 0.0000000000 
    0    1    0    0    5    0    5    1    6    0    6    0 0.0000000000 0.0496403880 
    0    1    0    0    5    0    5    1    6    0    6    1 -0.0000000000 -0.0000000000 
    0    1    0    0    5    0    5    1    6    1    6    0 -0.0000000000 -0.0000000000 
    0    1    0    0    5    0    5    1    6    1    6    1 0.0000000000 -0.0496403880 
    0    1    0    0    5    1    5    0    6    0    6    0 -0.0000000000 0.0079602064 
    0    1    0    0    5    1    5    0    6    0    6    1 0.0000000000 -0.0000000000 
    0    1    0    0    5    1    5    0    6    1    6    0 0.0000000000 0.0000000000 
    0    1    0    0    5    1    5    0    6    1    6    1 0.0000000000 -0.0079602064 
    0    1    0    0    5    1    5    1    6    0    6    0 0.0000000000 0.0000000000 
    0    1    0    0    5    1    5    1    6    0    6    1 0.0096671503 0.0208400908 
    0    1    0    0    5    1    5    1    6    1    6    0 0.0096671503 0.0208400908 
    0    1    0    0    5    1    5    1    6    1    6    1 0.0000000000 0.0000000000 
    0    1    0    1    5    0    5    0    6    0    6    0 0.1876562568 0.0000000000 
    0    1    0    1    5    0    5    0    6    0    6    1 0.0000000000 0.0000000000 
    0    1    0    1    5    0    5    0    6    1    6    0 0.0000000000 -0.0000000000 
    0    1    0    1    5    0    5    0    6    1    6    1 0.1876562568 0.0000000000 
    0    1    0    1    5    0    5    1    6    0    6    0 0.0000000000 -0.0000000000 
    0    1    0    1    5    0    5    1    6    0    6    1 0.0615035406 0.0000000000 
    0    1    0    1    5    0    5    1    6    1    6    0 -0.0615035406 -0.0000000000 
    0    1    0    1    5    0    5    1    6    1    6    1 0.0000000000 -0.0000000000 
    0    1    0    1    5    1    5    0    6    0    6    0 0.0000000000 0.0000000000 
    0    1    0    1    5    1    5    0    6    0    6    1 -0.0615035406 0.0000000000 
    0    1    0    1    5    1    5    0    6    1    6    0 0.0615035406 -0.0000000000 
    0    1    0    1    5    1    5    0    6    1    6    1 0.0000000000 0.0000000000 
    0    1    0    1    5    1    5    1    6    0    6    0 0.0623437432 0.0000000000 
    0    1    0    1    5    1    5    1    6    0    6    1 0.0000000000 0.0000000000 
    0    1    0    1    5    1    5    1    6    1    6    0 0.0000000000 -0.0000000000 
    0    1    0    1    5    1    5    1    6    1    6    1 0.0623437432 0.0000000000 
    0    0    0    0    5    0    5    0    7    0    7    0 0.0557288295 0.0000000000 
    0    0    0    0    5    0    5    0    7    0    7    1 -0.0000000000 -0.0000000000 
    0    0    0    0    5    0    5    0    7    1    7    0 -0.0000000000 0.0000000000 
    0    0    0    0    5    0    5    0    7    1    7    1 0.0689586569 0.0000000000 
    0    0    0    0    5    0    5    1    7    0    7    0 0.0000000000 -0.0000000000 
    0    0    0    0    5    0    5    1    7    0    7    1 -0.0000000000 0.0000000000 
    0    0    0    0    5    0    5    1    7    1    7    0 -0.0000000000 -0.0000000000 
    0    0    0    0    5    0    5    1    7    1    7    1 0.0000000000 0.0000000000 
    0    0    0    0    5    1    5    0    7    0    7    0 0.0000000000 0.0000000000 
    0    0    0    0    5    1    5    0    7    0    7    1 -0.0000000000 0.0000000000 
    0    0    0    0    5    1    5    0    7    1    7    0 -0.0000000000 -0.0000000000 
    0    0    0    0    5    1    5    0    7    1    7    1 0.0000000000 -0.0000000000 
    0    0    0    0    5    1    5    1    7    0    7    0 0.1249988950 0.0000000000 
    0    0    0    0    5    1    5    1    7    0    7    1 -0.0000000000 -0.0000000000 
    0    0    0    0    5    1    5    1    7    1    7    0 -0.0000000000 0.0000000000 
    0    0    0    0    5    1    5    1    7    1    7    1 0.2503136185 0.0000000000 
    0    0    0    1    5    0    5    0    7    0    7    0 0.0000000000 -0.0000000000 
    0    0    0    1    5    0    5    0    7    0    7    1 0.0020016565 0.0105814255 
    0    0    0    1    5    0    5    0    7    1    7    0 -0.0259001663 -0.0265018382 
    0    0    0    1    5    0    5    0    7    1    7    1 0.0000000000 -0.0000000000 
    0    0    0    1    5    0    5    1    7    0    7    0 -0.0000000000 0.0000000000 
    0    0    0    1    5    0    5    1    7    0    7    1 0.0000000000 -0.0000000000 
    0    0    0    1    5    0    5    1    7    1    7    0 -0.0000000000 -0.0000000000 
    0    0    0    1    5    0    5    1    7    1    7    1 -0.0000000000 -0.0000000000 
    0    0    0    1    5    1    5    0    7    0    7    0 0.0000000000 -0.0000000000 
    0    0    0    1    5    1    5    0    7    0    7    1 0.0000000000 0.0000000000 
    0    0    0    1    5    1    5    0    7    1    7    0 0.0000000000 -0.0000000000 
    0    0    0    1    5    1    5    0    7    1    7    1 0.0000000000 0.0000000000 
    0    0    0    1    5    1    5    1    7    0    7    0 -0.0000000000 -0.0000000000 
    0    0    0    1    5    1    5    1    7    0    7    1 0.0020016565 -0.0105814255 
    0    0    0    1    5    1    5    1    7    1    7    0 -0.0259001663 0.0265018382 
    0    0    0    1    5    1    5    1    7    1    7    1 0.0000000000 -0.0000000000 
    0    1    0    0    5    0    5    0    7    0    7    0 0.0000000000 0.0000000000 
    0    1    0    0    5    0    5    0    7    0    7    1 -0.0259001663 0.0265018382 
    0    1    0    0    5    0    5    0    7    1    7    0 0.0020016565 -0.0105814255 
    0    1    0    0    5    0    5    0    7    1    7    1 0.0000000000 0.0000000000 
    0    1    0    0    5    0    5    1    7    0    7    0 0.0000000000 0.0000000000 
    0    1    0    0    5    0    5    1    7    0    7    1 0.0000000000 0.0000000000 
    0    1    0    0    5    0    5    1    7    1    7    0 0.0000000000 -0.0000000000 
    0    1    0    0    5    0    5    1    7    1    7    1 0.0000000000 -0.0000000000 
    0    1    0    0    5    1    5    0    7    0    7    0 -0.0000000000 -0.0000000000 
    0    1    0    0    5    1    5    0    7    0    7    1 -0.0000000000 0.0000000000 
    0    1    0    0    5    1    5    0    7    1    7    0 0.0000000000 0.0000000000 
    0    1    0    0    5    1    5    0    7    1    7    1 -0.0000000000 0.0000000000 
    0    1    0    0    5    1    5    1    7    0    7    0 -0.0000000000 0.0000000000 
    0    1    0    0    5    1    5    1    7    0    7    1 -0.0259001663 -0.0265018382 
    0    1    0    0    5    1    5    1    7    1    7    0 0.0020016565 0.0105814255 
    0    1    0    0    5    1    5    1    7    1    7    1 0.0000000000 0.0000000000 
    0    1    0    1    5    0    5    0    7    0    7    0 0.2503136185 0.0000000000 
    0    1    0    1    5    0    5    0    7    0    7    1 -0.0000000000 0.0000000000 
    0    1    0    1    5    0    5    0    7    1    7    0 -0.0000000000 -0.0000000000 
    0    1    0    1    5    0    5    0    7    1    7    1 0.1249988950 0.0000000000 
    0    1    0    1    5    0    5    1    7    0    7    0 0.0000000000 0.0000000000 
    0    1    0    1    5    0    5    1    7    0    7    1 -0.0000000000 -0.0000000000 
    0    1    0    1    5    0    5    1    7    1    7    0 -0.0000000000 0.0000000000 
    0    1    0    1    5    0    5    1    7    1    7    1 -0.0000000000 -0.0000000000 
    0    1    0    1    5    1    5    0    7    0    7    0 0.0000000000 -0.0000000000 
    0    1    0    1    5    1    5    0    7    0    7    1 -0.0000000000 -0.0000000000 
    0    1    0    1    5    1    5    0    7    1    7    0 -0.0000000000 0.0000000000 
    0    1    0    1    5    1    5    0    7    1    7    1 -0.0000000000 0.0000000000 
    0    1    0    1    5    1    5    1    7    0    7    0 0.0689586569 0.0000000000 
    0    1    0    1    5    1    5    1    7    0    7    1 -0.0000000000 -0.0000000000 
    0    1    0    1    5    1    5    1    7    1    7    0 -0.0000000000 0.0000000000 
    0    1    0    1    5    1    5    1    7    1    7    1 0.0557288295 0.0000000000 
    0    0    0    0    6    0    6    0    7    0    7    0 0.0903638623 0.0000000000 
    0    0    0    0    6    0    6    0    7    0    7    1 -0.0000000000 0.0000000000 
    0    0    0    0    6    0    6    0    7    1    7    0 -0.0000000000 -0.0000000000 
    0    0    0    0    6    0    6    0    7    1    7    1 0.1596361377 0.0000000000 
    0    0    0    0    6    0    6    1    7    0    7    0 0.0000000000 0.0000000000 
    0    0    0    0    6    0    6    1    7    0    7    1 -0.0780944512 -0.0050556092 
    0    0    0    0    6    0    6    1    7    1    7    0 -0.0780944512 0.0050556092 
    0    0    0    0    6    0    6    1    7    1    7    1 0.0000000000 0.0000000000 
    0    0    0    0    6    1    6    0    7    0    7    0 0.0000000000 -0.0000000000 
    0    0    0    0    6    1    6    0    7    0    7    1 -0.0780944512 -0.0050556092 
    0    0    0    0    6    1    6    0    7    1    7    0 -0.0780944512 0.0050556092 
    0    0    0    0    6    1    6    0    7    1    7    1 0.0000000000 -0.0000000000 
    0    0    0    0    6    1    6    1    7    0    7    0 0.0903638623 0.0000000000 
    0    0    0    0    6    1    6    1    7    0    7    1 0.0000000000 -0.0000000000 
    0    0    0    0    6    1    6    1    7    1    7    0 0.0000000000 0.0000000000 
    0    0    0    0    6    1    6    1    7    1    7    1 0.1596361377 0.0000000000 
    0    0    0    1    6    0    6    0    7    0    7    0 0.0000000000 -0.0000000000 
    0    0    0    1    6    0    6    0    7    0    7    1 0.0020016565 -0.0000000000 
    0    0    0    1    6    0    6    0    7    1    7    0 -0.0259001663 0.0000000000 
    0    0    0    1    6    0    6    0    7    1    7    1 -0.0000000000 -0.0000000000 
    0    0    0    1    6    0    6    1    7    0    7    0 0.0096671503 0.0185416318 
    0    0    0    1    6    0    6    1    7    0    7    1 -0.0000000000 0.0000000000 
    0    0    0    1    6    0    6    1    7    1    7    0 0.0000000000 -0.0000000000 
    0    0    0    1    6    0    6    1    7    1    7    1 0.0096671503 -0.0185416318 
    0    0    0    1    6    1    6    0    7    0    7    0 0.0096671503 0.0185416318 
    0    0    0    1    6    1    6    0    7    0    7    1 0.0000000000 -0.0000000000 
    0    0    0    1    6    1    6    0    7    1    7    0 -0.0000000000 0.0000000000 
    0    0    0    1    6    1    6    0    7    1    7    1 0.0096671503 -0.0185416318 
    0    0    0    1    6    1    6    1    7    0    7    0 -0.0000000000 -0.0000000000 
    0    0    0    1    6    1    6    1    7    0    7    1 0.0020016565 0.0000000000 
    0    0    0    1    6    1    6    1    7    1    7    0 -0.0259001663 0.0000000000 
    0    0    0    1    6    1    6    1    7    1    7    1 0.0000000000 -0.0000000000 
    0    1    0    0    6    0    6    0    7    0    7    0 0.0000000000 0.0000000000 
    0    1    0    0    6    0    6    0    7    0    7    1 -0.0259001663 -0.0000000000 
    0    1    0    0    6    0    6    0    7    1    7    0 0.0020016565 0.0000000000 
    0    1    0    0    6    0    6    0    7    1    7    1 -0.0000000000 0.0000000000 
    0    1    0    0    6    0    6    1    7    0    7    0 0.0096671503 -0.0185416318 
    0    1    0    0    6    0    6    1    7    0    7    1 -0.0000000000 -0.0000000000 
    0    1    0    0    6    0    6    1    7    1    7    0 0.0000000000 0.0000000000 
    0    1    0    0    6    0    6    1    7    1    7    1 0.0096671503 0.0185416318 
    0    1    0    0    6    1    6    0    7    0    7    0 0.0096671503 -0.0185416318 
    0    1    0    0    6    1    6    0    7    0    7    1 0.0000000000 0.0000000000 
    0    1    0    0    6    1    6    0    7    1    7    0 -0.0000000000 -0.0000000000 
    0    1    0    0    6    1    6    0    7    1    7    1 0.0096671503 0.0185416318 
    0    1    0    0    6    1    6    1    7    0    7    0 -0.0000000000 0.0000000000 
    0    1    0    0    6    1    6    1    7    0    7    1 -0.0259001663 -0.0000000000 
    0    1    0    0    6    1    6    1    7    1    7    0 0.0020016565 -0.0000000000 
    0    1    0    0    6    1    6    1    7    1    7    1 0.0000000000 0.0000000000 
    0    1    0    1    6    0    6    0    7    0    7    0 0.1596361377 0.0000000000 
    0    1    0    1    6    0    6    0    7    0    7    1 -0.0000000000 0.0000000000 
    0    1    0    1    6    0    6    0    7    1    7    0 -0.0000000000 -0.0000000000 
    0    1    0    1    6    0    6    0    7    1    7    1 0.0903638623 0.0000000000 
    0    1    0    1    6    0    6    1    7    0    7    0 0.0000000000 -0.0000000000 
    0    1    0    1    6    0    6    1    7    0    7    1 -0.0780944512 0.0050556092 
    0    1    0    1    6    0    6    1    7    1    7    0 -0.0780944512 -0.0050556092 
    0    1    0    1    6    0    6    1    7    1    7    1 0.0000000000 0.0000000000 
    0    1    0    1    6    1    6    0    7    0    7    0 0.0000000000 0.0000000000 
    0    1    0    1    6    1    6    0    7    0    7    1 -0.0780944512 0.0050556092 
    0    1    0    1    6    1    6    0    7    1    7    0 -0.0780944512 -0.0050556092 
    0    1    0    1    6    1    6    0    7    1    7    1 0.0000000000 -0.0000000000 
    0    1    0    1    6    1    6    1    7    0    7    0 0.1596361377 0.0000000000 
    0    1    0    1    6    1    6    1    7    0    7    1 -0.0000000000 -0.0000000000 
    0    1    0    1    6    1    6    1    7    1    7    0 -0.0000000000 0.0000000000 
    0    1    0    1    6    1    6    1    7    1    7    1 0.0903638623 0.0000000000 
    1    0    1    0    2    0    2    0    3    0    3    0 0.1530212240 0.0000000000 
    1    0    1    0    2    0    2    0    3    0    3    1 0.0000000000 0.0000000000 
    1    0    1    0    2    0    2    0    3    1    3    0 0.0000000000 -0.0000000000 
    1    0    1    0    2    0    2    0    3    1    3    1 0.0969787760 0.0000000000 
    1    0    1    0    2    0    2    1    3    0    3    0 -0.0000000000 -0.0000000000 
    1    0    1    0    2    0    2    1    3    0    3    1 -0.0780944512 0.0132357568 
    1    0    1    0    2    0    2    1    3    1    3    0 -0.0780944512 -0.0132357568 
    1    0    1    0    2    0    2    1    3    1    3    1 -0.0000000000 0.0000000000 
    1    0    1    0    2    1    2    0    3    0    3    0 -0.0000000000 0.0000000000 
    1    0    1    0    2    1    2    0    3    0    3    1 -0.0780944512 0.0132357568 
    1    0    1    0    2    1    2    0    3    1    3    0 -0.0780944512 -0.0132357568 
    1    0    1    0    2    1    2    0    3    1    3    1 -0.0000000000 -0.0000000000 
    1    0    1    0    2    1    2    1    3    0    3    0 0.1530212240 0.0000000000 
    1    0    1    0    2    1    2    1    3    0    3    1 0.0000000000 -0.0000000000 
    1    0    1    0    2    1    2    1    3    1    3    0 0.0000000000 0.0000000000 
    1    0    1    0    2    1    2    1    3    1    3    1 0.0969787760 0.0000000000 
    1    0    1    1    2    0    2    0    3    0    3    0 -0.0000000000 -0.0000000000 
    1    0    1    1    2    0    2    0    3    0    3    1 0.0000000000 -0.0182913660 
    1    0    1    1    2    0    2    0    3    1    3    0 0.0000000000 0.0182913660 
    1    0    1    1    2    0    2    0    3    1    3    1 0.0000000000 0.0000000000 
    1    0    1    1    2    0    2    1    3    0    3    0 0.0615035406 0.0132357568 
    1    0    1    1    2    0    2    1    3    0    3    1 0.0000000000 0.0000000000 
    1    0    1    1    2    0    2    1    3    1    3    0 -0.0000000000 -0.0000000000 
    1    0    1    1    2    0    2    1    3    1    3    1 0.0615035406 -0.0132357568 
    1    0    1    1    2    1    2    0    3    0    3    0 -0.0615035406 -0.0132357568 
    1    0    1    1    2    1    2    0    3    0    3    1 -0.0000000000 0.0000000000 
    1    0    1    1    2    1    2    0    3    1    3    0 0.0000000000 -0.0000000000 
    1    0    1    1    2    1    2    0    3    1    3    1 -0.0615035406 0.0132357568 
    1    0    1    1    2    1    2    1    3    0    3    0 0.0000000000 0.0000000000 
    1    0    1    1    2    1    2    1    3    0    3    1 0.0000000000 0.0182913660 
    1    0    1    1    2    1    2    1    3    1    3    0 -0.0000000000 -0.0182913660 
    1    0    1    1    2    1    2    1    3    1    3    1 -0.0000000000 0.0000000000 
    1    1    1    0    2    0    2    0    3    0    3    0 -0.0000000000 0.0000000000 
    1    1    1    0    2    0    2    0    3    0    3    1 0.0000000000 -0.0182913660 
    1    1    1    0    2    0    2    0    3    1    3    0 0.0000000000 0.0182913660 
    1    1    1    0    2    0    2    0    3    1    3    1 0.0000000000 -0.0000000000 
    1    1    1    0    2    0    2    1    3    0    3    0 -0.0615035406 0.0132357568 
    1    1    1    0    2    0    2    1    3    0    3    1 0.0000000000 0.0000000000 
    1    1    1    0    2    0    2    1    3    1    3    0 -0.0000000000 -0.0000000000 
    1    1    1    0    2    0    2    1    3    1    3    1 -0.0615035406 -0.0132357568 
    1    1    1    0    2    1    2    0    3    0    3    0 0.0615035406 -0.0132357568 
    1    1    1    0    2    1    2    0    3    0    3    1 -0.0000000000 0.0000000000 
    1    1    1    0    2    1    2    0    3    1    3    0 0.0000000000 -0.0000000000 
    1    1    1    0    2    1    2    0    3    1    3    1 0.0615035406 0.0132357568 
    1    1    1    0    2    1    2    1    3    0    3    0 0.0000000000 -0.0000000000 
    1    1    1    0    2    1    2    1    3    0    3    1 -0.0000000000 0.0182913660 
    1    1    1    0    2    1    2    1    3    1    3    0 0.0000000000 -0.0182913660 
    1    1    1    0    2    1    2    1    3    1    3    1 -0.0000000000 -0.0000000000 
    1    1    1    1    2    0    2    0    3    0    3    0 0.0969787760 0.0000000000 
    1    1    1    1    2    0    2    0    3    0    3    1 0.0000000000 -0.0000000000 
    1    1    1    1    2    0    2    0    3    1    3    0 0.0000000000 0.0000000000 
    1    1    1    1    2    0    2    0    3    1    3    1 0.1530212240 0.0000000000 
    1    1    1    1    2    0    2    1    3    0    3    0 -0.0000000000 0.0000000000 
    1    1    1    1    2    0    2    1    3    0    3    1 -0.0780944512 -0.0132357568 
    1    1    1    1    2    0    2    1    3    1    3    0 -0.0780944512 0.0132357568 
    1    1    1    1    2    0    2    1    3    1    3    1 -0.0000000000 -0.0000000000 
    1    1    1    1    2    1    2    0    3    0    3    0 -0.0000000000 -0.0000000000 
    1    1    1    1    2    1    2    0    3    0    3    1 -0.0780944512 -0.0132357568 
    1    1    1    1    2    1    2    0    3    1    3    0 -0.0780944512 0.0132357568 
    1    1    1    1    2    1    2    0    3    1    3    1 -0.0000000000 0.0000000000 
    1    1    1    1    2    1    2    1    3    0    3    0 0.0969787760 0.0000000000 
    1    1    1    1    2    1    2    1    3    0    3    1 0.0000000000 0.0000000000 
    1    1    1    1    2    1    2    1    3    1    3    0 0.0000000000 -0.0000000000 
    1    1    1    1    2    1    2    1    3    1    3    1 0.1530212240 0.0000000000 
    1    0    1    0    2    0    2    0    4    0    4    0 0.0623437432 0.0000000000 
    1    0    1    0    2    0    2    0    4    0    4    1 0.0000000000 -0.0000000000 
    1    0    1    0    2    0    2    0    4    1    4    0 0.0000000000 0.0000000000 
    1    0    1    0    2    0    2    0    4    1    4    1 0.1876562568 0.0000000000 
    1    0    1    0    2    0    2    1    4    0    4    0 -0.0000000000 -0.0000000000 
    1    0    1    0    2    0    2    1    4    0    4    1 0.0096671503 0.0208400908 
    1    0    1    0    2    0    2    1    4    1    4    0 0.0096671503 -0.0208400908 
    1    0    1    0    2    0    2    1    4    1    4    1 -0.0000000000 -0.0000000000 
    1    0    1    0    2    1    2    0    4    0    4    0 -0.0000000000 0.0000000000 
    1    0    1    0    2    1    2    0    4    0    4    1 0.0096671503 0.0208400908 
    1    0    1    0    2    1    2    0    4    1    4    0 0.0096671503 -0.0208400908 
    1    0    1    0    2    1    2    0    4    1    4    1 -0.0000000000 0.0000000000 
    1    0    1    0    2    1    2    1    4    0    4    0 0.0623437432 0.0000000000 
    1    0    1    0    2    1    2    1    4    0    4    1 -0.0000000000 0.0000000000 
    1    0    1    0    2    1    2    1    4    1    4    0 -0.0000000000 -0.0000000000 
    1    0    1    0    2    1    2    1    4    1    4    1 0.1876562568 0.0000000000 
    1    0    1    1    2    0    2    0    4    0    4    0 0.0000000000 -0.0000000000 
    1    0    1    1    2    0    2    0    4    0    4    1 -0.0000000000 -0.0079602064 
    1    0    1    1    2    0    2    0    4    1    4    0 0.0000000000 0.0496403880 
    1    0    1    1    2    0    2    0    4    1    4    1 -0.0000000000 -0.0000000000 
    1    0    1    1    2    0    2    1    4    0    4    0 0.0615035406 0.0000000000 
    1    0    1    1    2    0    2    1    4    0    4    1 -0.0000000000 0.0000000000 
    1    0    1    1    2    0    2    1    4    1    4    0 0.0000000000 -0.0000000000 
    1    0    1    1    2    0    2    1    4    1    4    1 0.0615035406 0.0000000000 
    1    0    1    1    2    1    2    0    4    0    4    0 -0.0615035406 0.0000000000 
    1    0    1    1    2    1    2    0    4    0    4    1 0.0000000000 0.0000000000 
    1    0    1    1    2    1    2    0    4    1    4    0 0.0000000000 -0.0000000000 
    1    0    1    1    2    1    2    0    4    1    4    1 -0.0615035406 -0.0000000000 
    1    0    1    1    2    1    2    1    4    0    4    0 0.0000000000 0.0000000000 
    1    0    1    1    2    1    2    1    4    0    4    1 -0.0000000000 0.0079602064 
    1    0    1    1    2    1    2    1    4    1    4    0 0.0000000000 -0.0496403880 
    1    0    1    1    2    1    2    1    4    1    4    1 -0.0000000000 0.0000000000 
    1    1    1    0    2    0    2    0    4    0    4    0 0.0000000000 0.0000000000 
    1    1    1    0    2    0    2    0    4    0    4    1 0.0000000000 -0.0496403880 
    1    1    1    0    2    0    2    0    4    1    4    0 -0.0000000000 0.0079602064 
    1    1    1    0    2    0    2    0    4    1    4    1 -0.0000000000 0.0000000000 
    1    1    1    0    2    0    2    1    4    0    4    0 -0.0615035406 -0.0000000000 
    1    1    1    0    2    0    2    1    4    0    4    1 0.0000000000 0.0000000000 
    1    1    1    0    2    0    2    1    4    1    4    0 0.0000000000 -0.0000000000 
    1    1    1    0    2    0    2    1    4    1    4    1 -0.0615035406 0.0000000000 
    1    1    1    0    2    1    2    0    4    0    4    0 0.0615035406 -0.0000000000 
    1    1    1    0    2    1    2    0    4    0    4    1 0.0000000000 0.0000000000 
    1    1    1    0    2    1    2    0    4    1    4    0 -0.0000000000 -0.0000000000 
    1    1    1    0    2    1    2    0    4    1    4    1 0.0615035406 -0.0000000000 
    1    1    1    0    2    1    2    1    4    0    4    0 0.0000000000 -0.0000000000 
    1    1    1    0    2    1    2    1    4    0    4    1 0.0000000000 0.0496403880 
    1    1    1    0    2    1    2    1    4    1    4    0 -0.0000000000 -0.0079602064 
    1    1    1    0    2    1    2    1    4    1    4    1 -0.0000000000 -0.0000000000 
    1    1    1    1    2    0    2    0    4    0    4    0 0.1876562568 0.0000000000 
    1    1    1    1    2    0    2    0    4    0    4    1 -0.0000000000 -0.0000000000 
    1    1    1    1    2    0    2    0    4    1    4    0 -0.0000000000 0.0000000000 
    1    1    1    1    2    0    2    0    4    1    4    1 0.0623437432 0.0000000000 
    1    1    1    1    2    0    2    1    4    0    4    0 -0.0000000000 -0.0000000000 
    1    1    1    1    2    0    2    1    4    0    4    1 0.0096671503 -0.0208400908 
    1    1    1    1    2    0    2    1    4    1    4    0 0.0096671503 0.0208400908 
    1    1    1    1    2    0    2    1    4    1    4    1 -0.0000000000 -0.0000000000 
    1    1    1    1    2    1    2    0    4    0    4    0 -0.0000000000 0.0000000000 
    1    1    1    1    2    1    2    0    4    0    4    1 0.0096671503 -0.0208400908 
    1    1    1    1    2    1    2    0    4    1    4    0 0.0096671503 0.0208400908 
    1    1    1    1    2    1    2    0    4    1    4    1 -0.0000000000 0.0000000000 
    1    1    1    1    2    1    2    1    4    0    4    0 0.1876562568 0.0000000000 
    1    1    1    1    2    1    2    1    4    0    4    1 -0.0000000000 -0.0000000000 
    1    1    1    1    2    1    2    1    4    1    4    0 -0.0000000000 0.0000000000 
    1    1    1    1    2    1    2    1    4    1    4    1 0.0623437432 0.0000000000 
    1    0    1    0    2    0    2    0    5    0    5    0 0.0903638623 0.0000000000 
    1    0    1    0    2    0    2    0    5    0    5    1 -0.0000000000 -0.0000000000 
    1    0    1    0    2    0    2    0    5    1    5    0 -0.0000000000 0.0000000000 
    1    0    1    0    2    0    2    0    5    1    5    1 0.1596361377 0.0000000000 
    1    0    1    0    2    0    2    1    5    0    5    0 -0.0000000000 -0.0000000000 
    1    0    1    0    2    0    2    1    5    0    5    1 0.0020016565 -0.0000000000 
    1    0    1    0    2    0    2    1    5    1    5    0 -0.0259001663 0.0000000000 
    1    0    1    0    2    0    2    1    5    1    5    1 -0.0000000000 -0.0000000000 
    1    0    1    0    2    1    2    0    5    0    5    0 -0.0000000000 0.0000000000 
    1    0    1    0    2    1    2    0    5    0    5    1 -0.0259001663 -0.0000000000 
    1    0    1    0    2    1    2    0    5    1    5    0 0.0020016565 0.0000000000 
    1    0    1    0    2    1    2    0    5    1    5    1 -0.0000000000 0.0000000000 
    1    0    1    0    2    1    2    1    5    0    5    0 0.1596361377 0.0000000000 
    1    0    1    0    2    1    2    1    5    0    5    1 0.0000000000 -0.0000000000 
    1    0    1    0    2    1    2    1    5    1    5    0 0.0000000000 0.0000000000 
    1    0    1    0    2    1    2    1    5    1    5    1 0.0903638623 0.0000000000 
    1    0    1    1    2    0    2    0    5    0    5    0 -0.0000000000 -0.0000000000 
    1    0    1    1    2    0    2    0    5    0    5    1 -0.0112865244 -0.0079602064 
    1    0    1    1    2    0    2    0    5    1    5    0 0.0112865244 -0.0079602064 
    1    0    1    1    2    0    2    0    5    1    5    1 -0.0000000000 0.0000000000 
    1    0    1    1    2    0    2    1    5    0    5    0 0.0615035406 -0.0050556092 
    1    0    1    1    2    0    2    1    5    0    5    1 -0.0000000000 0.0000000000 
    1    0    1    1    2    0    2    1    5    1    5    0 -0.0000000000 -0.0000000000 
    1    0    1    1    2    0    2    1    5    1    5    1 0.0615035406 0.0050556092 
    1    0    1    1    2    1    2    0    5    0    5    0 -0.0615035406 -0.0050556092 
    1    0    1    1    2    1    2    0    5    0    5    1 -0.0000000000 0.0000000000 
    1    0    1    1    2    1    2    0    5    1    5    0 -0.0000000000 -0.0000000000 
    1    0    1    1    2    1    2    0    5    1    5    1 -0.0615035406 0.0050556092 
    1    0    1    1    2    1    2    1    5    0    5    0 -0.0000000000 0.0000000000 
    1    0    1    1    2    1    2    1    5    0    5    1 -0.0112865244 0.0079602064 
    1    0    1    1    2    1    2    1    5    1    5    0 0.0112865244 0.0079602064 
    1    0    1    1    2    1    2    1    5    1    5    1 0.0000000000 0.0000000000 
    1    1    1    0    2    0    2    0    5    0    5    0 -0.0000000000 0.0000000000 
    1    1    1    0    2    0    2    0    5    0    5    1 0.0112865244 0.0079602064 
    1    1    1    0    2    0    2    0    5    1    5    0 -0.0112865244 0.0079602064 
    1    1    1    0    2    0    2    0    5    1    5    1 -0.0000000000 -0.0000000000 
    1    1    1    0    2    0    2    1    5    0    5    0 -0.0615035406 0.0050556092 
    1    1    1    0    2    0    2    1    5    0    5    1 -0.0000000000 0.0000000000 
    1    1    1    0    2    0    2    1    5    1    5    0 -0.0000000000 -0.0000000000 
    1    1    1    0    2    0    2    1    5    1    5    1 -0.0615035406 -0.0050556092 
    1    1    1    0    2    1    2    0    5    0    5    0 0.0615035406 0.0050556092 
    1    1    1    0    2    1    2    0    5    0    5    1 -0.0000000000 0.0000000000 
    1    1    1    0    2    1    2    0    5    1    5    0 -0.0000000000 -0.0000000000 
    1    1    1    0    2    1    2    0    5    1    5    1 0.0615035406 -0.0050556092 
    1    1    1    0    2    1    2    1    5    0    5    0 -0.0000000000 -0.0000000000 
    1    1    1    0    2    1    2    1    5    0    5    1 0.0112865244 -0.0079602064 
    1    1    1    0    2    1    2    1    5    1    5    0 -0.0112865244 -0.0079602064 
    1    1    1    0    2    1    2    1    5    1    5    1 0.0000000000 -0.0000000000 
    1    1    1    1    2    0    2    0    5    0    5    0 0.0903638623 0.0000000000 
    1    1    1    1    2    0    2    0    5    0    5    1 0.0000000000 -0.0000000000 
    1    1    1    1    2    0    2    0    5    1    5    0 0.0000000000 0.0000000000 
    1    1    1    1    2    0    2    0    5    1    5    1 0.1596361377 0.0000000000 
    1    1    1    1    2    0    2    1    5    0    5    0 -0.0000000000 0.0000000000 
    1    1    1    1    2    0    2    1    5    0    5    1 0.0020016565 0.0000000000 
    1    1    1    1    2    0    2    1    5    1    5    0 -0.0259001663 -0.0000000000 
    1    1    1    1    2    0    2    1    5    1    5    1 -0.0000000000 -0.0000000000 
    1    1    1    1    2    1    2    0    5    0    5    0 -0.0000000000 -0.0000000000 
    1    1    1    1    2    1    2    0    5    0    5    1 -0.0259001663 0.0000000000 
    1    1    1    1    2    1    2    0    5    1    5    0 0.0020016565 -0.0000000000 
    1    1    1    1    2    1    2    0    5    1    5    1 -0.0000000000 0.0000000000 
    1    1    1    1    2    1    2    1    5    0    5    0 0.1596361377 0.0000000000 
    1    1    1    1    2    1    2    1    5    0    5    1 0.0000000000 0.0000000000 
    1    1    1    1    2    1    2    1    5    1    5    0 0.0000000000 -0.0000000000 
    1    1    1    1    2    1    2    1    5    1    5    1 0.0903638623 0.0000000000 
    1    0    1    0    2    0    2    0    6    0    6    0 0.0903638623 0.0000000000 
    1    0    1    0    2    0    2    0    6    0    6    1 0.0000000000 0.0000000000 
    1    0    1    0    2    0    2    0    6    1    6    0 0.0000000000 -0.0000000000 
    1    0    1    0    2    0    2    0    6    1    6    1 0.1596361377 0.0000000000 
    1    0    1    0    2    0    2    1    6    0    6    0 -0.0000000000 -0.0000000000 
    1    0    1    0    2    0    2    1    6    0    6    1 -0.0112865244 -0.0079602064 
    1    0    1    0    2    0    2    1    6    1    6    0 0.0112865244 -0.0079602064 
    1    0    1    0    2    0    2    1    6    1    6    1 -0.0000000000 -0.0000000000 
    1    0    1    0    2    1    2    0    6    0    6    0 -0.0000000000 0.0000000000 
    1    0    1    0    2    1    2    0    6    0    6    1 0.0112865244 0.0079602064 
    1    0    1    0    2    1    2    0    6    1    6    0 -0.0112865244 0.0079602064 
    1    0    1    0    2    1    2    0    6    1    6    1 -0.0000000000 0.0000000000 
    1    0    1    0    2    1    2    1    6    0    6    0 0.0903638623 0.0000000000 
    1    0    1    0    2    1    2    1    6    0    6    1 0.0000000000 0.0000000000 
    1    0    1    0    2    1    2    1    6    1    6    0 0.0000000000 -0.0000000000 
    1    0    1    0    2    1    2    1    6    1    6    1 0.1596361377 0.0000000000 
    1    0    1    1    2    0    2    0    6    0    6    0 0.0000000000 -0.0000000000 
    1    0    1    1    2    0    2    0    6    0    6    1 0.0020016565 -0.0000000000 
    1    0    1    1    2    0    2    0    6    1    6    0 -0.0259001663 -0.0000000000 
    1    0    1    1    2    0    2    0    6    1    6    1 -0.0000000000 -0.0000000000 
    1    0    1    1    2    0    2    1    6    0    6    0 0.0615035406 -0.0050556092 
    1    0    1    1    2    0    2    1    6    0    6    1 0.0000000000 0.0000000000 
    1    0    1    1    2    0    2    1    6    1    6    0 0.0000000000 0.0000000000 
    1    0    1    1    2    0    2    1    6    1    6    1 0.0615035406 0.0050556092 
    1    0    1    1    2    1    2    0    6    0    6    0 -0.0615035406 0.0050556092 
    1    0    1    1    2    1    2    0    6    0    6    1 -0.0000000000 -0.0000000000 
    1    0    1    1    2    1    2    0    6    1    6    0 0.0000000000 0.0000000000 
    1    0    1    1    2    1    2    0    6    1    6    1 -0.0615035406 -0.0050556092 
    1    0    1    1    2    1    2    1    6    0    6    0 -0.0000000000 0.0000000000 
    1    0    1    1    2    1    2    1    6    0    6    1 0.0020016565 0.0000000000 
    1    0    1    1    2    1    2    1    6    1    6    0 -0.0259001663 -0.0000000000 
    1    0    1    1    2    1    2    1    6    1    6    1 0.0000000000 0.0000000000 
    1    1    1    0    2    0    2    0    6    0    6    0 0.0000000000 0.0000000000 
    1    1    1    0    2    0    2    0    6    0    6    1 -0.0259001663 0.0000000000 
    1    1    1    0    2    0    2    0    6    1    6    0 0.0020016565 0.0000000000 
    1    1    1    0    2    0    2    0    6    1    6    1 -0.0000000000 0.0000000000 
    1    1    1    0    2    0    2    1    6    0    6    0 -0.0615035406 -0.0050556092 
    1    1    1    0    2    0    2    1    6    0    6    1 0.0000000000 -0.0000000000 
    1    1    1    0    2    0    2    1    6    1    6    0 -0.0000000000 0.0000000000 
    1    1    1    0    2    0    2    1    6    1    6    1 -0.0615035406 0.0050556092 
    1    1    1    0    2    1    2    0    6    0    6    0 0.0615035406 0.0050556092 
    1    1    1    0    2    1    2    0    6    0    6    1 0.0000000000 -0.0000000000 
    1    1    1    0    2    1    2    0    6    1    6    0 0.0000000000 -0.0000000000 
    1    1    1    0    2    1    2    0    6    1    6    1 0.0615035406 -0.0050556092 
    1    1    1    0    2    1    2    1    6    0    6    0 -0.0000000000 -0.0000000000 
    1    1    1    0    2    1    2    1    6    0    6    1 -0.0259001663 0.0000000000 
    1    1    1    0    2    1    2    1    6    1    6    0 0.0020016565 -0.0000000000 
    1    1    1    0    2    1    2    1    6    1    6    1 0.0000000000 -0.0000000000 
    1    1    1    1    2    0    2    0    6    0    6    0 0.1596361377 0.0000000000 
    1    1    1    1    2    0    2    0    6    0    6    1 0.0000000000 0.0000000000 
    1    1    1    1    2    0    2    0    6    1    6    0 0.0000000000 -0.0000000000 
    1    1    1    1    2    0    2    0    6    1    6    1 0.0903638623 0.0000000000 
    1    1    1    1    2    0    2    1    6    0    6    0 -0.0000000000 -0.0000000000 
    1    1    1    1    2    0    2    1    6    0    6    1 -0.0112865244 0.0079602064 
    1    1    1    1    2    0    2    1    6    1    6    0 0.0112865244 0.0079602064 
    1    1    1    1    2    0    2    1    6    1    6    1 -0.0000000000 -0.0000000000 
    1    1    1    1    2    1    2    0    6    0    6    0 -0.0000000000 0.0000000000 
    1    1    1    1    2    1    2    0    6    0    6    1 0.0112865244 -0.0079602064 
    1    1    1    1    2    1    2    0    6    1    6    0 -0.0112865244 -0.0079602064 
    1    1    1    1    2    1    2    0    6    1    6    1 -0.0000000000 0.0000000000 
    1    1    1    1    2    1    2    1    6    0    6    0 0.1596361377 0.0000000000 
    1    1    1    1    2    1    2    1    6    0    6    1 -0.0000000000 -0.0000000000 
    1    1    1    1    2    1    2    1    6    1    6    0 -0.0000000000 0.0000000000 
    1    1    1    1    2    1    2    1    6    1    6    1 0.0903638623 0.0000000000 
    1    0    1    0    2    0    2    0    7    0    7    0 0.0623437432 0.0000000000 
    1    0    1    0    2    0    2    0    7    0    7    1 -0.0000000000 0.0000000000 
    1    0    1    0    2    0    2    0    7    1    7    0 -0.0000000000 -0.0000000000 
    1    0    1    0    2    0    2    0    7    1    7    1 0.1876562568 0.0000000000 
    1    0    1    0    2    0    2    1    7    0    7    0 -0.0000000000 -0.0000000000 
    1    0    1    0    2    0    2    1    7    0    7    1 -0.0000000000 -0.0079602064 
    1    0    1    0    2    0    2    1    7    1    7    0 0.0000000000 0.0496403880 
    1    0    1    0    2    0    2    1    7    1    7    1 -0.0000000000 -0.0000000000 
    1    0    1    0    2    1    2    0    7    0    7    0 -0.0000000000 0.0000000000 
    1    0    1    0    2    1    2    0    7    0    7    1 0.0000000000 -0.0496403880 
    1    0    1    0    2    1    2    0    7    1    7    0 -0.0000000000 0.0079602064 
    1    0    1    0    2    1    2    0    7    1    7    1 -0.0000000000 0.0000000000 
    1    0    1    0    2    1    2    1    7    0    7    0 0.1876562568 0.0000000000 
    1    0    1    0    2    1    2    1    7    0    7    1 -0.0000000000 -0.0000000000 
    1    0    1    0    2    1    2    1    7    1    7    0 -0.0000000000 0.0000000000 
    1    0    1    0    2    1    2    1    7    1    7    1 0.0623437432 0.0000000000 
    1    0    1    1    2    0    2    0    7    0    7    0 0.0000000000 0.0000000000 
    1    0    1    1    2    0    2    0    7    0    7    1 0.0096671503 0.0208400908 
    1    0    1    1    2    0    2    0    7    1    7    0 0.0096671503 -0.0208400908 
    1    0    1    1    2    0    2    0    7    1    7    1 -0.0000000000 -0.0000000000 
    1    0    1    1    2    0    2    1    7    0    7    0 0.0615035406 0.0000000000 
    1    0    1    1    2    0    2    1    7    0    7    1 -0.0000000000 -0.0000000000 
    1    0    1    1    2    0    2    1    7    1    7    0 -0.0000000000 -0.0000000000 
    1    0    1    1    2    0    2    1    7    1    7    1 0.0615035406 0.0000000000 
    1    0    1    1    2    1    2    0    7    0    7    0 -0.0615035406 -0.0000000000 
    1    0    1    1    2    1    2    0    7    0    7    1 -0.0000000000 -0.0000000000 
    1    0    1    1    2    1    2    0    7    1    7    0 -0.0000000000 0.0000000000 
    1    0    1    1    2    1    2    0    7    1    7    1 -0.0615035406 0.0000000000 
    1    0    1    1    2    1    2    1    7    0    7    0 -0.0000000000 0.0000000000 
    1    0    1    1    2    1    2    1    7    0    7    1 0.0096671503 -0.0208400908 
    1    0    1    1    2    1    2    1    7    1    7    0 0.0096671503 0.0208400908 
    1    0    1    1    2    1    2    1    7    1    7    1 0.0000000000 0.0000000000 
    1    1    1    0    2    0    2    0    7    0    7    0 0.0000000000 -0.0000000000 
    1    1    1    0    2    0    2    0    7    0    7    1 0.0096671503 0.0208400908 
    1    1    1    0    2    0    2    0    7    1    7    0 0.0096671503 -0.0208400908 
    1    1    1    0    2    0    2    0    7    1    7    1 -0.0000000000 0.0000000000 
    1    1    1    0    2    0    2    1    7    0    7    0 -0.0615035406 0.0000000000 
    1    1    1    0    2    0    2    1    7    0    7    1 -0.0000000000 -0.0000000000 
    1    1    1    0    2    0    2    1    7    1    7    0 -0.0000000000 0.0000000000 
    1    1    1    0    2    0    2    1    7    1    7    1 -0.0615035406 -0.0000000000 
    1    1    1    0    2    1    2    0    7    0    7    0 0.0615035406 -0.0000000000 
    1    1    1    0    2    1    2    0    7    0    7    1 -0.0000000000 0.0000000000 
    1    1    1    0    2    1    2    0    7    1    7    0 -0.0000000000 0.0000000000 
    1    1    1    0    2    1    2    0    7    1    7    1 0.0615035406 -0.0000000000 
    1    1    1    0    2    1    2    1    7    0    7    0 -0.0000000000 -0.0000000000 
    1    1    1    0    2    1    2    1    7    0    7    1 0.0096671503 -0.0208400908 
    1    1    1    0    2    1    2    1    7    1    7    0 0.0096671503 0.0208400908 
    1    1    1    0    2    1    2    1    7    1    7    1 0.0000000000 -0.0000000000 
    1    1    1    1    2    0    2    0    7    0    7    0 0.0623437432 0.0000000000 
    1    1    1    1    2    0    2    0    7    0    7    1 -0.0000000000 0.0000000000 
    1    1    1    1    2    0    2    0    7    1    7    0 -0.0000000000 -0.0000000000 
    1    1    1    1    2    0    2    0    7    1    7    1 0.1876562568 0.0000000000 
    1    1    1    1    2    0    2    1    7    0    7    0 -0.0000000000 -0.0000000000 
    1    1    1    1    2    0    2    1    7    0    7    1 0.0000000000 0.0079602064 
    1    1    1    1    2    0    2    1    7    1    7    0 0.0000000000 -0.0496403880 
    1    1    1    1    2    0    2    1    7    1    7    1 -0.0000000000 -0.0000000000 
    1    1    1    1    2    1    2    0    7    0    7    0 -0.0000000000 0.0000000000 
    1    1    1    1    2    1    2    0    7    0    7    1 0.0000000000 0.0496403880 
    1    1    1    1    2    1    2    0    7    1    7    0 0.0000000000 -0.0079602064 
    1    1    1    1    2    1    2    0    7    1    7    1 -0.0000000000 0.0000000000 
    1    1    1    1    2    1    2    1    7    0    7    0 0.1876562568 0.0000000000 
    1    1    1    1    2    1    2    1    7    0    7    1 0.0000000000 -0.0000000000 
    1    1    1    1    2    1    2    1    7    1    7    0 0.0000000000 0.0000000000 
    1    1    1    1    2    1    2    1    7    1    7    1 0.0623437432 0.0000000000 
    1    0    1    0    3    0    3    0    4    0    4    0 0.0557288295 0.0000000000 
    1    0    1    0    3    0    3    0    4    0    4    1 -0.0000000000 0.0000000000 
    1    0    1    0    3    0    3    0    4    1    4    0 -0.0000000000 -0.0000000000 
    1    0    1    0    3    0    3    0    4    1    4    1 0.2503136185 0.0000000000 
    1    0    1    0    3    0    3    1    4    0    4    0 0.0000000000 0.0000000000 
    1    0    1    0    3    0    3    1    4    0    4    1 0.0020016565 0.0105814255 
    1    0    1    0    3    0    3    1    4    1    4    0 -0.0259001663 0.0265018382 
    1    0    1    0    3    0    3    1    4    1    4    1 0.0000000000 0.0000000000 
    1    0    1    0    3    1    3    0    4    0    4    0 0.0000000000 -0.0000000000 
    1    0    1    0    3    1    3    0    4    0    4    1 -0.0259001663 -0.0265018382 
    1    0    1    0    3    1    3    0    4    1    4    0 0.0020016565 -0.0105814255 
    1    0    1    0    3    1    3    0    4    1    4    1 0.0000000000 -0.0000000000 
    1    0    1    0    3    1    3    1    4    0    4    0 0.0689586569 0.0000000000 
    1    0    1    0    3    1    3    1    4    0    4    1 -0.0000000000 -0.0000000000 
    1    0    1    0    3    1    3    1    4    1    4    0 -0.0000000000 0.0000000000 
    1    0    1    0    3    1    3    1    4    1    4    1 0.1249988950 0.0000000000 
    1    0    1    1    3    0    3    0    4    0    4    0 0.0000000000 0.0000000000 
    1    0    1    1    3    0    3    0    4    0    4    1 0.0000000000 -0.0000000000 
    1    0    1    1    3    0    3    0    4    1    4    0 0.0000000000 -0.0000000000 
    1    0    1    1    3    0    3    0    4    1    4    1 -0.0000000000 0.0000000000 
    1    0    1    1    3    0    3    1    4    0    4    0 0.0000000000 0.0000000000 
    1    0    1    1    3    0    3    1    4    0    4    1 -0.0000000000 -0.0000000000 
    1    0    1    1    3    0    3    1    4    1    4    0 -0.0000000000 0.0000000000 
    1    0    1    1    3    0    3    1    4    1    4    1 0.0000000000 -0.0000000000 
    1    0    1    1    3    1    3    0    4    0    4    0 -0.0000000000 -0.0000000000 
    1    0    1    1    3    1    3    0    4    0    4    1 0.0000000000 0.0000000000 
    1    0    1    1    3    1    3    0    4    1    4    0 -0.0000000000 -0.0000000000 
    1    0    1    1    3    1    3    0    4    1    4    1 0.0000000000 0.0000000000 
    1    0    1    1    3    1    3    1    4    0    4    0 0.0000000000 0.0000000000 
    1    0    1    1    3    1    3    1    4    0    4    1 -0.0000000000 0.0000000000 
    1    0    1    1    3    1    3    1    4    1    4    0 0.0000000000 0.0000000000 
    1    0    1    1    3    1    3    1    4    1    4    1 -0.0000000000 -0.0000000000 
    1    1    1    0    3    0    3    0    4    0    4    0 0.0000000000 -0.0000000000 
    1    1    1    0    3    0    3    0    4    0    4    1 0.0000000000 0.0000000000 
    1    1    1    0    3    0    3    0    4    1    4    0 0.0000000000 0.0000000000 
    1    1    1    0    3    0    3    0    4    1    4    1 -0.0000000000 -0.0000000000 
    1    1    1    0    3    0    3    1    4    0    4    0 -0.0000000000 0.0000000000 
    1    1    1    0    3    0    3    1    4    0    4    1 -0.0000000000 0.0000000000 
    1    1    1    0    3    0    3    1    4    1    4    0 0.0000000000 -0.0000000000 
    1    1    1    0    3    0    3    1    4    1    4    1 0.0000000000 -0.0000000000 
    1    1    1    0    3    1    3    0    4    0    4    0 0.0000000000 -0.0000000000 
    1    1    1    0    3    1    3    0    4    0    4    1 -0.0000000000 -0.0000000000 
    1    1    1    0    3    1    3    0    4    1    4    0 -0.0000000000 0.0000000000 
    1    1    1    0    3    1    3    0    4    1    4    1 0.0000000000 0.0000000000 
    1    1    1    0    3    1    3    1    4    0    4    0 0.0000000000 -0.0000000000 
    1    1    1    0    3    1    3    1    4    0    4    1 0.0000000000 -0.0000000000 
    1    1    1    0    3    1    3    1    4    1    4    0 -0.0000000000 -0.0000000000 
    1    1    1    0    3    1    3    1    4    1    4    1 -0.0000000000 0.0000000000 
    1    1    1    1    3    0    3    0    4    0    4    0 0.1249988950 0.0000000000 
    1    1    1    1    3    0    3    0    4    0    4    1 -0.0000000000 0.0000000000 
    1    1    1    1    3    0    3    0    4    1    4    0 -0.0000000000 -0.0000000000 
    1    1    1    1    3    0    3    0    4    1    4    1 0.0689586569 0.0000000000 
    1    1    1    1    3    0    3    1    4    0    4    0 0.0000000000 0.0000000000 
    1    1    1    1    3    0    3    1    4    0    4    1 0.0020016565 -0.0105814255 
    1    1    1    1    3    0    3    1    4    1    4    0 -0.0259001663 -0.0265018382 
    1    1    1    1    3    0    3    1    4    1    4    1 0.0000000000 0.0000000000 
    1    1    1    1    3    1    3    0    4    0    4    0 0.0000000000 -0.0000000000 
    1    1    1    1    3    1    3    0    4    0    4    1 -0.0259001663 0.0265018382 
    1    1    1    1    3    1    3    0    4    1    4    0 0.0020016565 0.0105814255 
    1    1    1    1    3    1    3    0    4    1    4    1 0.0000000000 -0.0000000000 
    1    1    1    1    3    1    3    1    4    0    4    0 0.2503136185 0.0000000000 
    1    1    1    1    3    1    3    1    4    0    4    1 -0.0000000000 -0.0000000000 
    1    1    1    1    3    1    3    1    4    1    4    0 -0.0000000000 0.0000000000 
    1    1    1    1    3    1    3    1    4    1    4    1 0.0557288295 0.0000000000 
    1    0    1    0    3    0    3    0    5    0    5    0 0.1530212240 0.0000000000 
    1    0    1    0    3    0    3    0    5    0    5    1 0.0000000000 0.0000000000 
    1    0    1    0    3    0    3    0    5    1    5    0 0.0000000000 -0.0000000000 
    1    0    1    0    3    0    3    0    5    1    5    1 0.1530212240 0.0000000000 
    1    0    1    0    3    0    3    1    5    0    5    0 0.0000000000 0.0000000000 
    1    0    1    0    3    0    3    1    5    0    5    1 0.0096671503 -0.0229187173 
    1    0    1    0    3    0    3    1    5    1    5    0 0.0096671503 -0.0229187173 
    1    0    1    0    3    0    3    1    5    1    5    1 0.0000000000 0.0000000000 
    1    0    1    0    3    1    3    0    5    0    5    0 0.0000000000 -0.0000000000 
    1    0    1    0    3    1    3    0    5    0    5    1 0.0096671503 0.0229187173 
    1    0    1    0    3    1    3    0    5    1    5    0 0.0096671503 0.0229187173 
    1    0    1    0    3    1    3    0    5    1    5    1 0.0000000000 -0.0000000000 
    1    0    1    0    3    1    3    1    5    0    5    0 0.0969787760 0.0000000000 
    1    0    1    0    3    1    3    1    5    0    5    1 0.0000000000 -0.0000000000 
    1    0    1    0    3    1    3    1    5    1    5    0 0.0000000000 0.0000000000 
    1    0    1    0    3    1    3    1    5    1    5    1 0.0969787760 0.0000000000 
    1    0    1    1    3    0    3    0    5    0    5    0 -0.0000000000 0.0000000000 
    1    0    1    1    3    0    3    0    5    0    5    1 -0.0112865244 0.0098393562 
    1    0    1    1    3    0    3    0    5    1    5    0 0.0112865244 -0.0098393562 
    1    0    1    1    3    0    3    0    5    1    5    1 -0.0000000000 0.0000000000 
    1    0    1    1    3    0    3    1    5    0    5    0 0.0000000000 0.0062490767 
    1    0    1    1    3    0    3    1    5    0    5    1 0.0000000000 -0.0000000000 
    1    0    1    1    3    0    3    1    5    1    5    0 0.0000000000 0.0000000000 
    1    0    1    1    3    0    3    1    5    1    5    1 0.0000000000 -0.0062490767 
    1    0    1    1    3    1    3    0    5    0    5    0 0.0000000000 0.0062490767 
    1    0    1    1    3    1    3    0    5    0    5    1 0.0000000000 -0.0000000000 
    1    0    1    1    3    1    3    0    5    1    5    0 0.0000000000 0.0000000000 
    1    0    1    1    3    1    3    0    5    1    5    1 -0.0000000000 -0.0062490767 
    1    0    1    1    3    1    3    1    5    0    5    0 -0.0000000000 -0.0000000000 
    1    0    1    1    3    1    3    1    5    0    5    1 -0.0112865244 -0.0098393562 
    1    0    1    1    3    1    3    1    5    1    5    0 0.0112865244 0.0098393562 
    1    0    1    1    3    1    3    1    5    1    5    1 0.0000000000 0.0000000000 
    1    1    1    0    3    0    3    0    5    0    5    0 -0.0000000000 -0.0000000000 
    1    1    1    0    3    0    3    0    5    0    5    1 0.0112865244 0.0098393562 
    1    1    1    0    3    0    3    0    5    1    5    0 -0.0112865244 -0.0098393562 
    1    1    1    0    3    0    3    0    5    1    5    1 -0.0000000000 -0.0000000000 
    1    1    1    0    3    0    3    1    5    0    5    0 0.0000000000 -0.0062490767 
    1    1    1    0    3    0    3    1    5    0    5    1 0.0000000000 -0.0000000000 
    1    1    1    0    3    0    3    1    5    1    5    0 0.0000000000 0.0000000000 
    1    1    1    0    3    0    3    1    5    1    5    1 -0.0000000000 0.0062490767 
    1    1    1    0    3    1    3    0    5    0    5    0 0.0000000000 -0.0062490767 
    1    1    1    0    3    1    3    0    5    0    5    1 0.0000000000 -0.0000000000 
    1    1    1    0    3    1    3    0    5    1    5    0 0.0000000000 0.0000000000 
    1    1    1    0    3    1    3    0    5    1    5    1 0.0000000000 0.0062490767 
    1    1    1    0    3    1    3    1    5    0    5    0 -0.0000000000 0.0000000000 
    1    1    1    0    3    1    3    1    5    0    5    1 0.0112865244 -0.0098393562 
    1    1    1    0    3    1    3    1    5    1    5    0 -0.0112865244 0.0098393562 
    1    1    1    0    3    1    3    1    5    1    5    1 0.0000000000 -0.0000000000 
    1    1    1    1    3    0    3    0    5    0    5    0 0.0969787760 0.0000000000 
    1    1    1    1    3    0    3    0    5    0    5    1 0.0000000000 -0.0000000000 
    1    1    1    1    3    0    3    0    5    1    5    0 0.0000000000 0.0000000000 
    1    1    1    1    3    0    3    0    5    1    5    1 0.0969787760 0.0000000000 
    1    1    1    1    3    0    3    1    5    0    5    0 0.0000000000 0.0000000000 
    1    1    1    1    3    0    3    1    5    0    5    1 0.0096671503 0.0229187173 
    1    1    1    1    3    0    3    1    5    1    5    0 0.0096671503 0.0229187173 
    1    1    1    1    3    0    3    1    5    1    5    1 0.0000000000 0.0000000000 
    1    1    1    1    3    1    3    0    5    0    5    0 0.0000000000 -0.0000000000 
    1    1    1    1    3    1    3    0    5    0    5    1 0.0096671503 -0.0229187173 
    1    1    1    1    3    1    3    0    5    1    5    0 0.0096671503 -0.0229187173 
    1    1    1    1    3    1    3    0    5    1    5    1 0.0000000000 -0.0000000000 
    1    1    1    1    3    1    3    1    5    0    5    0 0.1530212240 0.0000000000 
    1    1    1    1    3    1    3    1    5    0    5    1 0.0000000000 -0.0000000000 
    1    1    1    1    3    1    3    1    5    1    5    0 0.0000000000 0.0000000000 
    1    1    1    1    3    1    3    1    5    1    5    1 0.1530212240 0.0000000000 
    1    0    1    0    3    0    3    0    6    0    6    0 0.0557288295 0.0000000000 
    1    0    1    0    3    0    3    0    6    0    6    1 0.0000000000 0.0000000000 
    1    0    1    0    3    0    3    0    6    1    6    0 0.0000000000 -0.0000000000 
    1    0    1    0    3    0    3    0    6    1    6    1 0.2503136185 0.0000000000 
    1    0    1    0    3    0    3    1    6    0    6    0 0.0000000000 0.0000000000 
    1    0    1    0    3    0    3    1    6    0    6    1 -0.0000000000 -0.0000000000 
    1    0    1    0    3    0    3    1    6    1    6    0 0.0000000000 0.0000000000 
    1    0    1    0    3    0    3    1    6    1    6    1 0.0000000000 0.0000000000 
    1    0    1    0    3    1    3    0    6    0    6    0 0.0000000000 -0.0000000000 
    1    0    1    0    3    1    3    0    6    0    6    1 0.0000000000 -0.0000000000 
    1    0    1    0    3    1    3    0    6    1    6    0 -0.0000000000 0.0000000000 
    1    0    1    0    3    1    3    0    6    1    6    1 0.0000000000 -0.0000000000 
    1    0    1    0    3    1    3    1    6    0    6    0 0.1249988950 0.0000000000 
    1    0    1    0    3    1    3    1    6    0    6    1 0.0000000000 0.0000000000 
    1    0    1    0    3    1    3    1    6    1    6    0 0.0000000000 -0.0000000000 
    1    0    1    0    3    1    3    1    6    1    6    1 0.0689586569 0.0000000000 
    1    0    1    1    3    0    3    0    6    0    6    0 -0.0000000000 0.0000000000 
    1    0    1    1    3    0    3    0    6    0    6    1 0.0020016565 0.0105814255 
    1    0    1    1    3    0    3    0    6    1    6    0 -0.0259001663 0.0265018382 
    1    0    1    1    3    0    3    0    6    1    6    1 0.0000000000 0.0000000000 
    1    0    1    1    3    0    3    1    6    0    6    0 0.0000000000 0.0000000000 
    1    0    1    1    3    0    3    1    6    0    6    1 0.0000000000 0.0000000000 
    1    0    1    1    3    0    3    1    6    1    6    0 -0.0000000000 -0.0000000000 
    1    0    1    1    3    0    3    1    6    1    6    1 0.0000000000 0.0000000000 
    1    0    1    1    3    1    3    0    6    0    6    0 -0.0000000000 0.0000000000 
    1    0    1    1    3    1    3    0    6    0    6    1 -0.0000000000 -0.0000000000 
    1    0    1    1    3    1    3    0    6    1    6    0 -0.0000000000 -0.0000000000 
    1    0    1    1    3    1    3    0    6    1    6    1 0.0000000000 -0.0000000000 
    1    0    1    1    3    1    3    1    6    0    6    0 -0.0000000000 0.0000000000 
    1    0    1    1    3    1    3    1    6    0    6    1 0.0020016565 -0.0105814255 
    1    0    1    1    3    1    3    1    6    1    6    0 -0.0259001663 -0.0265018382 
    1    0    1    1    3    1    3    1    6    1    6    1 0.0000000000 0.0000000000 
    1    1    1    0    3    0    3    0    6    0    6    0 -0.0000000000 -0.0000000000 
    1    1    1    0    3    0    3    0    6    0    6    1 -0.0259001663 -0.0265018382 
    1    1    1    0    3    0    3    0    6    1    6    0 0.0020016565 -0.0105814255 
    1    1    1    0    3    0    3    0    6    1    6    1 0.0000000000 -0.0000000000 
    1    1    1    0    3    0    3    1    6    0    6    0 -0.0000000000 -0.0000000000 
    1    1    1    0    3    0    3    1    6    0    6    1 -0.0000000000 0.0000000000 
    1    1    1    0    3    0    3    1    6    1    6    0 -0.0000000000 0.0000000000 
    1    1    1    0    3    0    3    1    6    1    6    1 0.0000000000 0.0000000000 
    1    1    1    0    3    1    3    0    6    0    6    0 0.0000000000 -0.0000000000 
    1    1    1    0    3    1    3    0    6    0    6    1 -0.0000000000 0.0000000000 
    1    1    1    0    3    1    3    0    6    1    6    0 0.0000000000 -0.0000000000 
    1    1    1    0    3    1    3    0    6    1    6    1 0.0000000000 -0.0000000000 
    1    1    1    0    3    1    3    1    6    0    6    0 -0.0000000000 -0.0000000000 
    1    1    1    0    3    1    3    1    6    0    6    1 -0.0259001663 0.0265018382 
    1    1    1    0    3    1    3    1    6    1    6    0 0.0020016565 0.0105814255 
    1    1    1    0    3    1    3    1    6    1    6    1 0.0000000000 -0.0000000000 
    1    1    1    1    3    0    3    0    6    0    6    0 0.0689586569 0.0000000000 
    1    1    1    1    3    0    3    0    6    0    6    1 -0.0000000000 0.0000000000 
    1    1    1    1    3    0    3    0    6    1    6    0 -0.0000000000 -0.0000000000 
    1    1    1    1    3    0    3    0    6    1    6    1 0.1249988950 0.0000000000 
    1    1    1    1    3    0    3    1    6    0    6    0 0.0000000000 0.0000000000 
    1    1    1    1    3    0    3    1    6    0    6    1 0.0000000000 0.0000000000 
    1    1    1    1    3    0    3    1    6    1    6    0 0.0000000000 -0.0000000000 
    1    1    1    1    3    0    3    1    6    1    6    1 0.0000000000 0.0000000000 
    1    1    1    1    3    1    3    0    6    0    6    0 0.0000000000 -0.0000000000 
    1    1    1    1    3    1    3    0    6    0    6    1 0.0000000000 0.0000000000 
    1    1    1    1    3    1    3    0    6    1    6    0 0.0000000000 -0.0000000000 
    1    1    1    1    3    1    3    0    6    1    6    1 0.0000000000 -0.0000000000 
    1    1    1    1    3    1    3    1    6    0    6    0 0.2503136185 0.0000000000 
    1    1    1    1    3    1    3    1    6    0    6    1 -0.0000000000 0.0000000000 
    1    1    1    1    3    1    3    1    6    1    6    0 -0.0000000000 -0.0000000000 
    1    1    1    1    3    1    3    1    6    1    6    1 0.0557288295 0.0000000000 
    1    0    1    0    3    0    3    0    7    0    7    0 0.1530212240 0.0000000000 
    1    0    1    0    3    0    3    0    7    0    7    1 -0.0000000000 -0.0000000000 
    1    0    1    0    3    0    3    0    7    1    7    0 -0.0000000000 0.0000000000 
    1    0    1    0    3    0    3    0    7    1    7    1 0.1530212240 0.0000000000 
    1    0    1    0    3    0    3    1    7    0    7    0 0.0000000000 0.0000000000 
    1    0    1    0    3    0    3    1    7    0    7    1 -0.0112865244 0.0098393562 
    1    0    1    0    3    0    3    1    7    1    7    0 0.0112865244 -0.0098393562 
    1    0    1    0    3    0    3    1    7    1    7    1 0.0000000000 0.0000000000 
    1    0    1    0    3    1    3    0    7    0    7    0 0.0000000000 -0.0000000000 
    1    0    1    0    3    1    3    0    7    0    7    1 0.0112865244 0.0098393562 
    1    0    1    0    3    1    3    0    7    1    7    0 -0.0112865244 -0.0098393562 
    1    0    1    0    3    1    3    0    7    1    7    1 0.0000000000 -0.0000000000 
    1    0    1    0    3    1    3    1    7    0    7    0 0.0969787760 0.0000000000 
    1    0    1    0    3    1    3    1    7    0    7    1 -0.0000000000 0.0000000000 
    1    0    1    0    3    1    3    1    7    1    7    0 -0.0000000000 -0.0000000000 
    1    0    1    0    3    1    3    1    7    1    7    1 0.0969787760 0.0000000000 
    1    0    1    1    3    0    3    0    7    0    7    0 0.0000000000 0.0000000000 
    1    0    1    1    3    0    3    0    7    0    7    1 0.0096671503 -0.0229187173 
    1    0    1    1    3    0    3    0    7    1    7    0 0.0096671503 -0.0229187173 
    1    0    1    1    3    0    3    0    7    1    7    1 -0.0000000000 -0.0000000000 
    1    0    1    1    3    0    3    1    7    0    7    0 0.0000000000 0.0062490767 
    1    0    1    1    3    0    3    1    7    0    7    1 -0.0000000000 0.0000000000 
    1    0    1    1    3    0    3    1    7    1    7    0 0.0000000000 -0.0000000000 
    1    0    1    1    3    0    3    1    7    1    7    1 0.0000000000 -0.0062490767 
    1    0    1    1    3    1    3    0    7    0    7    0 -0.0000000000 -0.0062490767 
    1    0    1    1    3    1    3    0    7    0    7    1 0.0000000000 0.0000000000 
    1    0    1    1    3    1    3    0    7    1    7    0 0.0000000000 0.0000000000 
    1    0    1    1    3    1    3    0    7    1    7    1 0.0000000000 0.0062490767 
    1    0    1    1    3    1    3    1    7    0    7    0 -0.0000000000 0.0000000000 
    1    0    1    1    3    1    3    1    7    0    7    1 0.0096671503 0.0229187173 
    1    0    1    1    3    1    3    1    7    1    7    0 0.0096671503 0.0229187173 
    1    0    1    1    3    1    3    1    7    1    7    1 0.0000000000 0.0000000000 
    1    1    1    0    3    0    3    0    7    0    7    0 0.0000000000 -0.0000000000 
    1    1    1    0    3    0    3    0    7    0    7    1 0.0096671503 0.0229187173 
    1    1    1    0    3    0    3    0    7    1    7    0 0.0096671503 0.0229187173 
    1    1    1    0    3    0    3    0    7    1    7    1 -0.0000000000 0.0000000000 
    1    1    1    0    3    0    3    1    7    0    7    0 -0.0000000000 0.0062490767 
    1    1    1    0    3    0    3    1    7    0    7    1 0.0000000000 -0.0000000000 
    1    1    1    0    3    0    3    1    7    1    7    0 0.0000000000 -0.0000000000 
    1    1    1    0    3    0    3    1    7    1    7    1 0.0000000000 -0.0062490767 
    1    1    1    0    3    1    3    0    7    0    7    0 0.0000000000 -0.0062490767 
    1    1    1    0    3    1    3    0    7    0    7    1 0.0000000000 0.0000000000 
    1    1    1    0    3    1    3    0    7    1    7    0 -0.0000000000 -0.0000000000 
    1    1    1    0    3    1    3    0    7    1    7    1 0.0000000000 0.0062490767 
    1    1    1    0    3    1    3    1    7    0    7    0 -0.0000000000 -0.0000000000 
    1    1    1    0    3    1    3    1    7    0    7    1 0.0096671503 -0.0229187173 
    1    1    1    0    3    1    3    1    7    1    7    0 0.0096671503 -0.0229187173 
    1    1    1    0    3    1    3    1    7    1    7    1 0.0000000000 -0.0000000000 
    1    1    1    1    3    0    3    0    7    0    7    0 0.0969787760 0.0000000000 
    1    1    1    1    3    0    3    0    7    0    7    1 0.0000000000 -0.0000000000 
    1    1    1    1    3    0    3    0    7    1    7    0 0.0000000000 0.0000000000 
    1    1    1    1    3    0    3    0    7    1    7    1 0.0969787760 0.0000000000 
    1    1    1    1    3    0    3    1    7    0    7    0 0.0000000000 0.0000000000 
    1    1    1    1    3    0    3    1    7    0    7    1 -0.0112865244 -0.0098393562 
    1    1    1    1    3    0    3    1    7    1    7    0 0.0112865244 0.0098393562 
    1    1    1    1    3    0    3    1    7    1    7    1 0.0000000000 0.0000000000 
    1    1    1    1    3    1    3    0    7    0    7    0 0.0000000000 -0.0000000000 
    1    1    1    1    3    1    3    0    7    0    7    1 0.0112865244 -0.0098393562 
    1    1    1    1    3    1    3    0    7    1    7    0 -0.0112865244 0.0098393562 
    1    1    1    1    3    1    3    0    7    1    7    1 0.0000000000 -0.0000000000 
    1    1    1    1    3    1    3    1    7    0    7    0 0.1530212240 0.0000000000 
    1    1    1    1    3    1    3    1    7    0    7    1 -0.0000000000 0.0000000000 
    1    1    1    1    3    1    3    1    7    1    7    0 -0.0000000000 -0.0000000000 
    1    1    1    1    3    1    3    1    7    1    7    1 0.1530212240 0.0000000000 
    1    0    1    0    4    0    4    0    5    0    5    0 0.0623437432 0.0000000000 
    1    0    1    0    4    0    4    0    5    0    5    1 0.0000000000 -0.0000000000 
    1    0    1    0    4    0    4    0    5    1    5    0 0.0000000000 0.0000000000 
    1    0    1    0    4    0    4    0    5    1    5    1 0.0623437432 0.0000000000 
    1    0    1    0    4    0    4    1    5    0    5    0 -0.0000000000 0.0000000000 
    1    0    1    0    4    0    4    1    5    0    5    1 -0.0780944512 -0.0000000000 
    1    0    1    0    4    0    4    1    5    1    5    0 -0.0780944512 0.0000000000 
    1    0    1    0    4    0    4    1    5    1    5    1 -0.0000000000 -0.0000000000 
    1    0    1    0    4    1    4    0    5    0    5    0 -0.0000000000 -0.0000000000 
    1    0    1    0    4    1    4    0    5    0    5    1 -0.0780944512 -0.0000000000 
    1    0    1    0    4    1    4    0    5    1    5    0 -0.0780944512 0.0000000000 
    1    0    1    0    4    1    4    0    5    1    5    1 -0.0000000000 0.0000000000 
    1    0    1    0    4    1    4    1    5    0    5    0 0.1876562568 0.0000000000 
    1    0    1    0    4    1    4    1    5    0    5    1 0.0000000000 -0.0000000000 
    1    0    1    0    4    1    4    1    5    1    5    0 0.0000000000 0.0000000000 
    1    0    1    0    4    1    4    1    5    1    5    1 0.1876562568 0.0000000000 
    1    0    1    1    4    0    4    0    5    0    5    0 -0.0000000000 -0.0000000000 
    1    0    1    1    4    0    4    0    5    0    5    1 -0.0112865244 -0.0485426223 
    1    0    1    1    4    0    4    0    5    1    5    0 0.0112865244 0.0485426223 
    1    0    1    1    4    0    4    0    5    1    5    1 0.0000000000 0.0000000000 
    1    0    1    1    4    0    4    1    5    0    5    0 -0.0000000000 0.0185416318 
    1    0    1    1    4    0    4    1    5    0    5    1 0.0000000000 0.0000000000 
    1    0    1    1    4    0    4    1    5    1    5    0 -0.0000000000 -0.0000000000 
    1    0    1    1    4    0    4    1    5    1    5    1 -0.0000000000 -0.0185416318 
    1    0    1    1    4    1    4    0    5    0    5    0 0.0000000000 -0.1156268764 
    1    0    1    1    4    1    4    0    5    0    5    1 -0.0000000000 -0.0000000000 
    1    0    1    1    4    1    4    0    5    1    5    0 0.0000000000 -0.0000000000 
    1    0    1    1    4    1    4    0    5    1    5    1 0.0000000000 0.1156268764 
    1    0    1    1    4    1    4    1    5    0    5    0 0.0000000000 0.0000000000 
    1    0    1    1    4    1    4    1    5    0    5    1 -0.0112865244 0.0485426223 
    1    0    1    1    4    1    4    1    5    1    5    0 0.0112865244 -0.0485426223 
    1    0    1    1    4    1    4    1    5    1    5    1 -0.0000000000 0.0000000000 
    1    1    1    0    4    0    4    0    5    0    5    0 -0.0000000000 0.0000000000 
    1    1    1    0    4    0    4    0    5    0    5    1 0.0112865244 -0.0485426223 
    1    1    1    0    4    0    4    0    5    1    5    0 -0.0112865244 0.0485426223 
    1    1    1    0    4    0    4    0    5    1    5    1 0.0000000000 -0.0000000000 
    1    1    1    0    4    0    4    1    5    0    5    0 0.0000000000 0.1156268764 
    1    1    1    0    4    0    4    1    5    0    5    1 0.0000000000 0.0000000000 
    1    1    1    0    4    0    4    1    5    1    5    0 -0.0000000000 0.0000000000 
    1    1    1    0    4    0    4    1    5    1    5    1 0.0000000000 -0.1156268764 
    1    1    1    0    4    1    4    0    5    0    5    0 -0.0000000000 -0.0185416318 
    1    1    1    0    4    1    4    0    5    0    5    1 -0.0000000000 0.0000000000 
    1    1    1    0    4    1    4    0    5    1    5    0 0.0000000000 -0.0000000000 
    1    1    1    0    4    1    4    0    5    1    5    1 -0.0000000000 0.0185416318 
    1    1    1    0    4    1    4    1    5    0    5    0 0.0000000000 -0.0000000000 
    1    1    1    0    4    1    4    1    5    0    5    1 0.0112865244 0.0485426223 
    1    1    1    0    4    1    4    1    5    1    5    0 -0.0112865244 -0.0485426223 
    1    1    1    0    4    1    4    1    5    1    5    1 -0.0000000000 -0.0000000000 
    1    1    1    1    4    0    4    0    5    0    5    0 0.1876562568 0.0000000000 
    1    1    1    1    4    0    4    0    5    0    5    1 0.0000000000 -0.0000000000 
    1    1    1    1    4    0    4    0    5    1    5    0 0.0000000000 0.0000000000 
    1    1    1    1    4    0    4    0    5    1    5    1 0.1876562568 0.0000000000 
    1    1    1    1    4    0    4    1    5    0    5    0 -0.0000000000 -0.0000000000 
    1    1    1    1    4    0    4    1    5    0    5    1 -0.0780944512 0.0000000000 
    1    1    1    1    4    0    4    1    5    1    5    0 -0.0780944512 -0.0000000000 
    1    1    1    1    4    0    4    1    5    1    5    1 -0.0000000000 0.0000000000 
    1    1    1    1    4    1    4    0    5    0    5    0 -0.0000000000 0.0000000000 
    1    1    1    1    4    1    4    0    5    0    5    1 -0.0780944512 0.0000000000 
    1    1    1    1    4    1    4    0    5    1    5    0 -0.0780944512 -0.0000000000 
    1    1    1    1    4    1    4    0    5    1    5    1 -0.0000000000 -0.0000000000 
    1    1    1    1    4    1    4    1    5    0    5    0 0.0623437432 0.0000000000 
    1    1    1    1    4    1    4    1    5    0    5    1 0.0000000000 -0.0000000000 
    1    1    1    1    4    1    4    1    5    1    5    0 0.0000000000 0.0000000000 
    1    1    1    1    4    1    4    1    5    1    5    1 0.0623437432 0.0000000000 
    1    0    1    0    4    0    4    0    6    0    6    0 0.0557288295 0.0000000000 
    1    0    1    0    4    0    4    0    6    0    6    1 0.0000000000 0.0000000000 
    1    0    1    0    4    0    4    0    6    1    6    0 0.0000000000 -0.0000000000 
    1    0    1    0    4    0    4    0    6    1    6    1 0.0689586569 0.0000000000 
    1    0    1    0    4    0    4    1    6    0    6    0 -0.0000000000 -0.0000000000 
    1    0    1    0    4    0    4    1    6    0    6    1 -0.0000000000 0.0000000000 
    1    0    1    0    4    0    4    1    6    1    6    0 -0.0000000000 -0.0000000000 
    1    0    1    0    4    0    4    1    6    1    6    1 -0.0000000000 0.0000000000 
    1    0    1    0    4    1    4    0    6    0    6    0 -0.0000000000 0.0000000000 
    1    0    1    0    4    1    4    0    6    0    6    1 -0.0000000000 0.0000000000 
    1    0    1    0    4    1    4    0    6    1    6    0 -0.0000000000 -0.0000000000 
    1    0    1    0    4    1    4    0    6    1    6    1 -0.0000000000 -0.0000000000 
    1    0    1    0    4    1    4    1    6    0    6    0 0.1249988950 0.0000000000 
    1    0    1    0    4    1    4    1    6    0    6    1 0.0000000000 0.0000000000 
    1    0    1    0    4    1    4    1    6    1    6    0 0.0000000000 -0.0000000000 
    1    0    1    0    4    1    4    1    6    1    6    1 0.2503136185 0.0000000000 
    1    0    1    1    4    0    4    0    6    0    6    0 -0.0000000000 0.0000000000 
    1    0    1    1    4    0    4    0    6    0    6    1 0.0020016565 0.0105814255 
    1    0    1    1    4    0    4    0    6    1    6    0 -0.0259001663 -0.0265018382 
    1    0    1    1    4    0    4    0    6    1    6    1 0.0000000000 0.0000000000 
    1    0    1    1    4    0    4    1    6    0    6    0 -0.0000000000 0.0000000000 
    1    0    1    1    4    0    4    1    6    0    6    1 -0.0000000000 0.0000000000 
    1    0    1    1    4    0    4    1    6    1    6    0 0.0000000000 0.0000000000 
    1    0    1    1    4    0    4    1    6    1    6    1 0.0000000000 -0.0000000000 
    1    0    1    1    4    1    4    0    6    0    6    0 0.0000000000 -0.0000000000 
    1    0    1    1    4    1    4    0    6    0    6    1 0.0000000000 0.0000000000 
    1    0    1    1    4    1    4    0    6    1    6    0 -0.0000000000 0.0000000000 
    1    0    1    1    4    1    4    0    6    1    6    1 0.0000000000 -0.0000000000 
    1    0    1    1    4    1    4    1    6    0    6    0 -0.0000000000 -0.0000000000 
    1    0    1    1    4    1    4    1    6    0    6    1 0.0020016565 -0.0105814255 
    1    0    1    1    4    1    4    1    6    1    6    0 -0.0259001663 0.0265018382 
    1    0    1    1    4    1    4    1    6    1    6    1 -0.0000000000 0.0000000000 
    1    1    1    0    4    0    4    0    6    0    6    0 -0.0000000000 -0.0000000000 
    1    1    1    0    4    0    4    0    6    0    6    1 -0.0259001663 0.0265018382 
    1    1    1    0    4    0    4    0    6    1    6    0 0.0020016565 -0.0105814255 
    1    1    1    0    4    0    4    0    6    1    6    1 0.0000000000 -0.0000000000 
    1    1    1    0    4    0    4    1    6    0    6    0 0.0000000000 0.0000000000 
    1    1    1    0    4    0    4    1    6    0    6    1 -0.0000000000 -0.0000000000 
    1    1    1    0    4    0    4    1    6    1    6    0 0.0000000000 -0.0000000000 
    1    1    1    0    4    0    4    1    6    1    6    1 0.0000000000 0.0000000000 
    1    1    1    0    4    1    4    0    6    0    6    0 -0.0000000000 -0.0000000000 
    1    1    1    0    4    1    4    0    6    0    6    1 0.0000000000 -0.0000000000 
    1    1    1    0    4    1    4    0    6    1    6    0 -0.0000000000 -0.0000000000 
    1    1    1    0    4    1    4    0    6    1    6    1 0.0000000000 0.0000000000 
    1    1    1    0    4    1    4    1    6    0    6    0 -0.0000000000 0.0000000000 
    1    1    1    0    4    1    4    1    6    0    6    1 -0.0259001663 -0.0265018382 
    1    1    1    0    4    1    4    1    6    1    6    0 0.0020016565 0.0105814255 
    1    1    1    0    4    1    4    1    6    1    6    1 -0.0000000000 -0.0000000000 
    1    1    1    1    4    0    4    0    6    0    6    0 0.2503136185 0.0000000000 
    1    1    1    1    4    0    4    0    6    0    6    1 -0.0000000000 0.0000000000 
    1    1    1    1    4    0    4    0    6    1    6    0 -0.0000000000 -0.0000000000 
    1    1    1    1    4    0    4    0    6    1    6    1 0.1249988950 0.0000000000 
    1    1    1    1    4    0    4    1    6    0    6    0 -0.0000000000 -0.0000000000 
    1    1    1    1    4    0    4    1    6    0    6    1 -0.0000000000 -0.0000000000 
    1    1    1    1    4    0    4    1    6    1    6    0 -0.0000000000 0.0000000000 
    1    1    1    1    4    0    4    1    6    1    6    1 -0.0000000000 0.0000000000 
    1    1    1    1    4    1    4    0    6    0    6    0 -0.0000000000 0.0000000000 
    1    1    1    1    4    1    4    0    6    0    6    1 -0.0000000000 -0.0000000000 
    1    1    1    1    4    1    4    0    6    1    6    0 -0.0000000000 0.0000000000 
    1    1    1    1    4    1    4    0    6    1    6    1 -0.0000000000 -0.0000000000 
    1    1    1    1    4    1    4    1    6    0    6    0 0.0689586569 0.0000000000 
    1    1    1    1    4    1    4    1    6    0    6    1 0.0000000000 0.0000000000 
    1    1    1    1    4    1    4    1    6    1    6    0 0.0000000000 -0.0000000000 
    1    1    1    1    4    1    4    1    6    1    6    1 0.0557288295 0.0000000000 
    1    0    1    0    4    0    4    0    7    0    7    0 0.0623437432 0.0000000000 
    1    0    1    0    4    0    4    0    7    0    7    1 0.0000000000 -0.0000000000 
    1    0    1    0    4    0    4    0    7    1    7    0 0.0000000000 0.0000000000 
    1    0    1    0    4    0    4    0    7    1    7    1 0.0623437432 0.0000000000 
    1    0    1    0    4    0    4    1    7    0    7    0 -0.0000000000 0.0000000000 
    1    0    1    0    4    0    4    1    7    0    7    1 0.0615035406 -0.0000000000 
    1    0    1    0    4    0    4    1    7    1    7    0 -0.0615035406 -0.0000000000 
    1    0    1    0    4    0    4    1    7    1    7    1 0.0000000000 0.0000000000 
    1    0    1    0    4    1    4    0    7    0    7    0 -0.0000000000 -0.0000000000 
    1    0    1    0    4    1    4    0    7    0    7    1 -0.0615035406 0.0000000000 
    1    0    1    0    4    1    4    0    7    1    7    0 0.0615035406 0.0000000000 
    1    0    1    0    4    1    4    0    7    1    7    1 0.0000000000 -0.0000000000 
    1    0    1    0    4    1    4    1    7    0    7    0 0.1876562568 0.0000000000 
    1    0    1    0    4    1    4    1    7    0    7    1 -0.0000000000 -0.0000000000 
    1    0    1    0    4    1    4    1    7    1    7    0 -0.0000000000 0.0000000000 
    1    0    1    0    4    1    4    1    7    1    7    1 0.1876562568 0.0000000000 
    1    0    1    1    4    0    4    0    7    0    7    0 -0.0000000000 0.0000000000 
    1    0    1    1    4    0    4    0    7    0    7    1 0.0096671503 0.0208400908 
    1    0    1    1    4    0    4    0    7    1    7    0 0.0096671503 0.0208400908 
    1    0    1    1    4    0    4    0    7    1    7    1 0.0000000000 0.0000000000 
    1    0    1    1    4    0    4    1    7    0    7    0 -0.0000000000 -0.0079602064 
    1    0    1    1    4    0    4    1    7    0    7    1 -0.0000000000 0.0000000000 
    1    0    1    1    4    0    4    1    7    1    7    0 -0.0000000000 -0.0000000000 
    1    0    1    1    4    0    4    1    7    1    7    1 -0.0000000000 0.0079602064 
    1    0    1    1    4    1    4    0    7    0    7    0 0.0000000000 -0.0496403880 
    1    0    1    1    4    1    4    0    7    0    7    1 0.0000000000 -0.0000000000 
    1    0    1    1    4    1    4    0    7    1    7    0 0.0000000000 -0.0000000000 
    1    0    1    1    4    1    4    0    7    1    7    1 0.0000000000 0.0496403880 
    1    0    1    1    4    1    4    1    7    0    7    0 -0.0000000000 0.0000000000 
    1    0    1    1    4    1    4    1    7    0    7    1 0.0096671503 -0.0208400908 
    1    0    1    1    4    1    4    1    7    1    7    0 0.0096671503 -0.0208400908 
    1    0    1    1    4    1    4    1    7    1    7    1 -0.0000000000 -0.0000000000 
    1    1    1    0    4    0    4    0    7    0    7    0 -0.0000000000 -0.0000000000 
    1    1    1    0    4    0    4    0    7    0    7    1 0.0096671503 -0.0208400908 
    1    1    1    0    4    0    4    0    7    1    7    0 0.0096671503 -0.0208400908 
    1    1    1    0    4    0    4    0    7    1    7    1 0.0000000000 -0.0000000000 
    1    1    1    0    4    0    4    1    7    0    7    0 0.0000000000 0.0496403880 
    1    1    1    0    4    0    4    1    7    0    7    1 0.0000000000 0.0000000000 
    1    1    1    0    4    0    4    1    7    1    7    0 0.0000000000 0.0000000000 
    1    1    1    0    4    0    4    1    7    1    7    1 0.0000000000 -0.0496403880 
    1    1    1    0    4    1    4    0    7    0    7    0 -0.0000000000 0.0079602064 
    1    1    1    0    4    1    4    0    7    0    7    1 -0.0000000000 0.0000000000 
    1    1    1    0    4    1    4    0    7    1    7    0 -0.0000000000 -0.0000000000 
    1    1    1    0    4    1    4    0    7    1    7    1 -0.0000000000 -0.0079602064 
    1    1    1    0    4    1    4    1    7    0    7    0 -0.0000000000 -0.0000000000 
    1    1    1    0    4    1    4    1    7    0    7    1 0.0096671503 0.0208400908 
    1    1    1    0    4    1    4    1    7    1    7    0 0.0096671503 0.0208400908 
    1    1    1    0    4    1    4    1    7    1    7    1 -0.0000000000 0.0000000000 
    1    1    1    1    4    0    4    0    7    0    7    0 0.1876562568 0.0000000000 
    1    1    1    1    4    0    4    0    7    0    7    1 0.0000000000 -0.0000000000 
    1    1    1    1    4    0    4    0    7    1    7    0 0.0000000000 0.0000000000 
    1    1    1    1    4    0    4    0    7    1    7    1 0.1876562568 0.0000000000 
    1    1    1    1    4    0    4    1    7    0    7    0 -0.0000000000 -0.0000000000 
    1    1    1    1    4    0    4    1    7    0    7    1 0.0615035406 -0.0000000000 
    1    1    1    1    4    0    4    1    7    1    7    0 -0.0615035406 -0.0000000000 
    1    1    1    1    4    0    4    1    7    1    7    1 0.0000000000 0.0000000000 
    1    1    1    1    4    1    4    0    7    0    7    0 -0.0000000000 0.0000000000 
    1    1    1    1    4    1    4    0    7    0    7    1 -0.0615035406 0.0000000000 
    1    1    1    1    4    1    4    0    7    1    7    0 0.0615035406 0.0000000000 
    1    1    1    1    4    1    4    0    7    1    7    1 0.0000000000 -0.0000000000 
    1    1    1    1    4    1    4    1    7    0    7    0 0.0623437432 0.0000000000 
    1    1    1    1    4    1    4    1    7    0    7    1 -0.0000000000 0.0000000000 
    1    1    1    1    4    1    4    1    7    1    7    0 -0.0000000000 -0.0000000000 
    1    1    1    1    4    1    4    1    7    1    7    1 0.0623437432 0.0000000000 
    1    0    1    0    5    0    5    0    6    0    6    0 0.0903638623 0.0000000000 
    1    0    1    0    5    0    5    0    6    0    6    1 0.0000000000 0.0000000000 
    1    0    1    0    5    0    5    0    6    1    6    0 0.0000000000 -0.0000000000 
    1    0    1    0    5    0    5    0    6    1    6    1 0.1596361377 0.0000000000 
    1    0    1    0    5    0    5    1    6    0    6    0 0.0000000000 -0.0000000000 
    1    0    1    0    5    0    5    1    6    0    6    1 0.0615035406 -0.0050556092 
    1    0    1    0    5    0    5    1    6    1    6    0 -0.0615035406 -0.0050556092 
    1    0    1    0    5    0    5    1    6    1    6    1 0.0000000000 0.0000000000 
    1    0    1    0    5    1    5    0    6    0    6    0 0.0000000000 0.0000000000 
    1    0    1    0    5    1    5    0    6    0    6    1 -0.0615035406 0.0050556092 
    1    0    1    0    5    1    5    0    6    1    6    0 0.0615035406 0.0050556092 
    1    0    1    0    5    1    5    0    6    1    6    1 0.0000000000 -0.0000000000 
    1    0    1    0    5    1    5    1    6    0    6    0 0.0903638623 0.0000000000 
    1    0    1    0    5    1    5    1    6    0    6    1 0.0000000000 -0.0000000000 
    1    0    1    0    5    1    5    1    6    1    6    0 0.0000000000 0.0000000000 
    1    0    1    0    5    1    5    1    6    1    6    1 0.1596361377 0.0000000000 
    1    0    1    1    5    0    5    0    6    0    6    0 -0.0000000000 -0.0000000000 
    1    0    1    1    5    0    5    0    6    0    6    1 0.0020016565 0.0000000000 
    1    0    1    1    5    0    5    0    6    1    6    0 -0.0259001663 -0.0000000000 
    1    0    1    1    5    0    5    0    6    1    6    1 0.0000000000 0.0000000000 
    1    0    1    1    5    0    5    1    6    0    6    0 -0.0112865244 -0.0079602064 
    1    0    1    1    5    0    5    1    6    0    6    1 0.0000000000 -0.0000000000 
    1    0    1    1    5    0    5    1    6    1    6    0 -0.0000000000 -0.0000000000 
    1    0    1    1    5    0    5    1    6    1    6    1 -0.0112865244 0.0079602064 
    1    0    1    1    5    1    5    0    6    0    6    0 0.0112865244 0.0079602064 
    1    0    1    1    5    1    5    0    6    0    6    1 0.0000000000 -0.0000000000 
    1    0    1    1    5    1    5    0    6    1    6    0 -0.0000000000 -0.0000000000 
    1    0    1    1    5    1    5    0    6    1    6    1 0.0112865244 -0.0079602064 
    1    0    1    1    5    1    5    1    6    0    6    0 -0.0000000000 0.0000000000 
    1    0    1    1    5    1    5    1    6    0    6    1 0.0020016565 -0.0000000000 
    1    0    1    1    5    1    5    1    6    1    6    0 -0.0259001663 -0.0000000000 
    1    0    1    1    5    1    5    1    6    1    6    1 0.0000000000 -0.0000000000 
    1    1    1    0    5    0    5    0    6    0    6    0 -0.0000000000 0.0000000000 
    1    1    1    0    5    0    5    0    6    0    6    1 -0.0259001663 0.0000000000 
    1    1    1    0    5    0    5    0    6    1    6    0 0.0020016565 -0.0000000000 
    1    1    1    0    5    0    5    0    6    1    6    1 0.0000000000 -0.0000000000 
    1    1    1    0    5    0    5    1    6    0    6    0 0.0112865244 -0.0079602064 
    1    1    1    0    5    0    5    1    6    0    6    1 -0.0000000000 0.0000000000 
    1    1    1    0    5    0    5    1    6    1    6    0 0.0000000000 0.0000000000 
    1    1    1    0    5    0    5    1    6    1    6    1 0.0112865244 0.0079602064 
    1    1    1    0    5    1    5    0    6    0    6    0 -0.0112865244 0.0079602064 
    1    1    1    0    5    1    5    0    6    0    6    1 -0.0000000000 0.0000000000 
    1    1    1    0    5    1    5    0    6    1    6    0 0.0000000000 0.0000000000 
    1    1    1    0    5    1    5    0    6    1    6    1 -0.0112865244 -0.0079602064 
    1    1    1    0    5    1    5    1    6    0    6    0 -0.0000000000 -0.0000000000 
    1    1    1    0    5    1    5    1    6    0    6    1 -0.0259001663 0.0000000000 
    1    1    1    0    5    1    5    1    6    1    6    0 0.0020016565 0.0000000000 
    1    1    1    0    5    1    5    1    6    1    6    1 0.0000000000 0.0000000000 
    1    1    1    1    5    0    5    0    6    0    6    0 0.1596361377 0.0000000000 
    1    1    1    1    5    0    5    0    6    0    6    1 0.0000000000 0.0000000000 
    1    1    1    1    5    0    5    0    6    1    6    0 0.0000000000 -0.0000000000 
    1    1    1    1    5    0    5    0    6    1    6    1 0.0903638623 0.0000000000 
    1    1    1    1    5    0    5    1    6    0    6    0 0.0000000000 -0.0000000000 
    1    1    1    1    5    0    5    1    6    0    6    1 0.0615035406 0.0050556092 
    1    1    1    1    5    0    5    1    6    1    6    0 -0.0615035406 0.0050556092 
    1    1    1    1    5    0    5    1    6    1    6    1 0.0000000000 -0.0000000000 
    1    1    1    1    5    1    5    0    6    0    6    0 0.0000000000 0.0000000000 
    1    1    1    1    5    1    5    0    6    0    6    1 -0.0615035406 -0.0050556092 
    1    1    1    1    5    1    5    0    6    1    6    0 0.0615035406 -0.0050556092 
    1    1    1    1    5    1    5    0    6    1    6    1 0.0000000000 0.0000000000 
    1    1    1    1    5    1    5    1    6    0    6    0 0.1596361377 0.0000000000 
    1    1    1    1    5    1    5    1    6    0    6    1 -0.0000000000 0.0000000000 
    1    1    1    1    5    1    5    1    6    1    6    0 -0.0000000000 -0.0000000000 
    1    1    1    1    5    1    5    1    6    1    6    1 0.0903638623 0.0000000000 
    1    0    1    0    5    0    5    0    7    0    7    0 0.1530212240 0.0000000000 
    1    0    1    0    5    0    5    0    7    0    7    1 -0.0000000000 -0.0000000000 
    1    0    1    0    5    0    5    0    7    1    7    0 -0.0000000000 0.0000000000 
    1    0    1    0    5    0    5    0    7    1    7    1 0.0969787760 0.0000000000 
    1    0    1    0    5    0    5    1    7    0    7    0 0.0000000000 0.0000000000 
    1    0    1    0    5    0    5    1    7    0    7    1 -0.0000000000 0.0062490767 
    1    0    1    0    5    0    5    1    7    1    7    0 -0.0000000000 0.0062490767 
    1    0    1    0    5    0    5    1    7    1    7    1 -0.0000000000 -0.0000000000 
    1    0    1    0    5    1    5    0    7    0    7    0 0.0000000000 -0.0000000000 
    1    0    1    0    5    1    5    0    7    0    7    1 -0.0000000000 -0.0062490767 
    1    0    1    0    5    1    5    0    7    1    7    0 -0.0000000000 -0.0062490767 
    1    0    1    0    5    1    5    0    7    1    7    1 -0.0000000000 0.0000000000 
    1    0    1    0    5    1    5    1    7    0    7    0 0.0969787760 0.0000000000 
    1    0    1    0    5    1    5    1    7    0    7    1 -0.0000000000 0.0000000000 
    1    0    1    0    5    1    5    1    7    1    7    0 -0.0000000000 -0.0000000000 
    1    0    1    0    5    1    5    1    7    1    7    1 0.1530212240 0.0000000000 
    1    0    1    1    5    0    5    0    7    0    7    0 -0.0000000000 0.0000000000 
    1    0    1    1    5    0    5    0    7    0    7    1 0.0096671503 -0.0229187173 
    1    0    1    1    5    0    5    0    7    1    7    0 0.0096671503 0.0229187173 
    1    0    1    1    5    0    5    0    7    1    7    1 -0.0000000000 -0.0000000000 
    1    0    1    1    5    0    5    1    7    0    7    0 -0.0112865244 0.0098393562 
    1    0    1    1    5    0    5    1    7    0    7    1 -0.0000000000 -0.0000000000 
    1    0    1    1    5    0    5    1    7    1    7    0 0.0000000000 0.0000000000 
    1    0    1    1    5    0    5    1    7    1    7    1 -0.0112865244 -0.0098393562 
    1    0    1    1    5    1    5    0    7    0    7    0 0.0112865244 0.0098393562 
    1    0    1    1    5    1    5    0    7    0    7    1 0.0000000000 0.0000000000 
    1    0    1    1    5    1    5    0    7    1    7    0 -0.0000000000 0.0000000000 
    1    0    1    1    5    1    5    0    7    1    7    1 0.0112865244 -0.0098393562 
    1    0    1    1    5    1    5    1    7    0    7    0 0.0000000000 0.0000000000 
    1    0    1    1    5    1    5    1    7    0    7    1 0.0096671503 0.0229187173 
    1    0    1    1    5    1    5    1    7    1    7    0 0.0096671503 -0.0229187173 
    1    0    1    1    5    1    5    1    7    1    7    1 0.0000000000 0.0000000000 
    1    1    1    0    5    0    5    0    7    0    7    0 -0.0000000000 -0.0000000000 
    1    1    1    0    5    0    5    0    7    0    7    1 0.0096671503 -0.0229187173 
    1    1    1    0    5    0    5    0    7    1    7    0 0.0096671503 0.0229187173 
    1    1    1    0    5    0    5    0    7    1    7    1 -0.0000000000 0.0000000000 
    1    1    1    0    5    0    5    1    7    0    7    0 0.0112865244 -0.0098393562 
    1    1    1    0    5    0    5    1    7    0    7    1 -0.0000000000 -0.0000000000 
    1    1    1    0    5    0    5    1    7    1    7    0 0.0000000000 -0.0000000000 
    1    1    1    0    5    0    5    1    7    1    7    1 0.0112865244 0.0098393562 
    1    1    1    0    5    1    5    0    7    0    7    0 -0.0112865244 -0.0098393562 
    1    1    1    0    5    1    5    0    7    0    7    1 0.0000000000 -0.0000000000 
    1    1    1    0    5    1    5    0    7    1    7    0 -0.0000000000 0.0000000000 
    1    1    1    0    5    1    5    0    7    1    7    1 -0.0112865244 0.0098393562 
    1    1    1    0    5    1    5    1    7    0    7    0 0.0000000000 -0.0000000000 
    1    1    1    0    5    1    5    1    7    0    7    1 0.0096671503 0.0229187173 
    1    1    1    0    5    1    5    1    7    1    7    0 0.0096671503 -0.0229187173 
    1    1    1    0    5    1    5    1    7    1    7    1 0.0000000000 -0.0000000000 
    1    1    1    1    5    0    5    0    7    0    7    0 0.1530212240 0.0000000000 
    1    1    1    1    5    0    5    0    7    0    7    1 -0.0000000000 0.0000000000 
    1    1    1    1    5    0    5    0    7    1    7    0 -0.0000000000 -0.0000000000 
    1    1    1    1    5    0    5    0    7    1    7    1 0.0969787760 0.0000000000 
    1    1    1    1    5    0    5    1    7    0    7    0 0.0000000000 -0.0000000000 
    1    1    1    1    5    0    5    1    7    0    7    1 -0.0000000000 -0.0062490767 
    1    1    1    1    5    0    5    1    7    1    7    0 -0.0000000000 -0.0062490767 
    1    1    1    1    5    0    5    1    7    1    7    1 0.0000000000 -0.0000000000 
    1    1    1    1    5    1    5    0    7    0    7    0 0.0000000000 0.0000000000 
    1    1    1    1    5    1    5    0    7    0    7    1 -0.0000000000 0.0062490767 
    1    1    1    1    5    1    5    0    7    1    7    0 -0.0000000000 0.0062490767 
    1    1    1    1    5    1    5    0    7    1    7    1 0.0000000000 0.0000000000 
    1    1    1    1    5    1    5    1    7    0    7    0 0.0969787760 0.0000000000 
    1    1    1    1    5    1    5    1    7    0    7    1 0.0000000000 -0.0000000000 
    1    1    1    1    5    1    5    1    7    1    7    0 0.0000000000 0.0000000000 
    1    1    1    1    5    1    5    1    7    1    7    1 0.1530212240 0.0000000000 
    1    0    1    0    6    0    6    0    7    0    7    0 0.0903638623 0.0000000000 
    1    0    1    0    6    0    6    0    7    0    7    1 -0.0000000000 0.0000000000 
    1    0    1    0    6    0    6    0    7    1    7    0 -0.0000000000 -0.0000000000 
    1    0    1    0    6    0    6    0    7    1    7    1 0.0903638623 0.0000000000 
    1    0    1    0    6    0    6    1    7    0    7    0 0.0000000000 -0.0000000000 
    1    0    1    0    6    0    6    1    7    0    7    1 -0.0780944512 -0.0050556092 
    1    0    1    0    6    0    6    1    7    1    7    0 -0.0780944512 -0.0050556092 
    1    0    1    0    6    0    6    1    7    1    7    1 0.0000000000 0.0000000000 
    1    0    1    0    6    1    6    0    7    0    7    0 0.0000000000 0.0000000000 
    1    0    1    0    6    1    6    0    7    0    7    1 -0.0780944512 0.0050556092 
    1    0    1    0    6    1    6    0    7    1    7    0 -0.0780944512 0.0050556092 
    1    0    1    0    6    1    6    0    7    1    7    1 0.0000000000 -0.0000000000 
    1    0    1    0    6    1    6    1    7    0    7    0 0.1596361377 0.0000000000 
    1    0    1    0    6    1    6    1    7    0    7    1 -0.0000000000 -0.0000000000 
    1    0    1    0    6    1    6    1    7    1    7    0 -0.0000000000 0.0000000000 
    1    0    1    0    6    1    6    1    7    1    7    1 0.1596361377 0.0000000000 
    1    0    1    1    6    0    6    0    7    0    7    0 -0.0000000000 0.0000000000 
    1    0    1    1    6    0    6    0    7    0    7    1 0.0096671503 0.0185416318 
    1    0    1    1    6    0    6    0    7    1    7    0 0.0096671503 0.0185416318 
    1    0    1    1    6    0    6    0    7    1    7    1 0.0000000000 0.0000000000 
    1    0    1    1    6    0    6    1    7    0    7    0 0.0020016565 -0.0000000000 
    1    0    1    1    6    0    6    1    7    0    7    1 0.0000000000 -0.0000000000 
    1    0    1    1    6    0    6    1    7    1    7    0 -0.0000000000 -0.0000000000 
    1    0    1    1    6    0    6    1    7    1    7    1 0.0020016565 -0.0000000000 
    1    0    1    1    6    1    6    0    7    0    7    0 -0.0259001663 -0.0000000000 
    1    0    1    1    6    1    6    0    7    0    7    1 -0.0000000000 -0.0000000000 
    1    0    1    1    6    1    6    0    7    1    7    0 0.0000000000 0.0000000000 
    1    0    1    1    6    1    6    0    7    1    7    1 -0.0259001663 -0.0000000000 
    1    0    1    1    6    1    6    1    7    0    7    0 0.0000000000 0.0000000000 
    1    0    1    1    6    1    6    1    7    0    7    1 0.0096671503 -0.0185416318 
    1    0    1    1    6    1    6    1    7    1    7    0 0.0096671503 -0.0185416318 
    1    0    1    1    6    1    6    1    7    1    7    1 -0.0000000000 -0.0000000000 
    1    1    1    0    6    0    6    0    7    0    7    0 -0.0000000000 -0.0000000000 
    1    1    1    0    6    0    6    0    7    0    7    1 0.0096671503 -0.0185416318 
    1    1    1    0    6    0    6    0    7    1    7    0 0.0096671503 -0.0185416318 
    1    1    1    0    6    0    6    0    7    1    7    1 0.0000000000 -0.0000000000 
    1    1    1    0    6    0    6    1    7    0    7    0 -0.0259001663 0.0000000000 
    1    1    1    0    6    0    6    1    7    0    7    1 0.0000000000 -0.0000000000 
    1    1    1    0    6    0    6    1    7    1    7    0 -0.0000000000 0.0000000000 
    1    1    1    0    6    0    6    1    7    1    7    1 -0.0259001663 0.0000000000 
    1    1    1    0    6    1    6    0    7    0    7    0 0.0020016565 0.0000000000 
    1    1    1    0    6    1    6    0    7    0    7    1 -0.0000000000 0.0000000000 
    1    1    1    0    6    1    6    0    7    1    7    0 0.0000000000 0.0000000000 
    1    1    1    0    6    1    6    0    7    1    7    1 0.0020016565 0.0000000000 
    1    1    1    0    6    1    6    1    7    0    7    0 0.0000000000 -0.0000000000 
    1    1    1    0    6    1    6    1    7    0    7    1 0.0096671503 0.0185416318 
    1    1    1    0    6    1    6    1    7    1    7    0 0.0096671503 0.0185416318 
    1    1    1    0    6    1    6    1    7    1    7    1 -0.0000000000 0.0000000000 
    1    1    1    1    6    0    6    0    7    0    7    0 0.1596361377 0.0000000000 
    1    1    1    1    6    0    6    0    7    0    7    1 -0.0000000000 0.0000000000 
    1    1    1    1    6    0    6    0    7    1    7    0 -0.0000000000 -0.0000000000 
    1    1    1    1    6    0    6    0    7    1    7    1 0.1596361377 0.0000000000 
    1    1    1    1    6    0    6    1    7    0    7    0 -0.0000000000 -0.0000000000 
    1    1    1    1    6    0    6    1    7    0    7    1 -0.0780944512 0.0050556092 
    1    1    1    1    6    0    6    1    7    1    7    0 -0.0780944512 0.0050556092 
    1    1    1    1    6    0    6    1    7    1    7    1 0.0000000000 0.0000000000 
    1    1    1    1    6    1    6    0    7    0    7    0 -0.0000000000 0.0000000000 
    1    1    1    1    6    1    6    0    7    0    7    1 -0.0780944512 -0.0050556092 
    1    1    1    1    6    1    6    0    7    1    7    0 -0.0780944512 -0.0050556092 
    1    1    1    1    6    1    6    0    7    1    7    1 0.0000000000 -0.0000000000 
    1    1    1    1    6    1    6    1    7    0    7    0 0.0903638623 0.0000000000 
    1    1    1    1    6    1    6    1    7    0    7    1 0.0000000000 -0.0000000000 
    1    1    1    1    6    1    6    1    7    1    7    0 0.0000000000 0.0000000000 
    1    1    1    1    6    1    6    1    7    1    7    1 0.0903638623 0.0000000000 
    2    0    2    0    3    0    3    0    4    0    4    0 0.0903638623 0.0000000000 
    2    0    2    0    3    0    3    0    4    0    4    1 -0.0000000000 -0.0000000000 
    2    0    2    0    3    0    3    0    4    1    4    0 -0.0000000000 0.0000000000 
    2    0    2    0    3    0    3    0    4    1    4    1 0.1596361377 0.0000000000 
    2    0    2    0    3    0    3    1    4    0    4    0 0.0000000000 -0.0000000000 
    2    0    2    0    3    0    3    1    4    0    4    1 0.0020016565 -0.0000000000 
    2    0    2    0    3    0    3    1    4    1    4    0 -0.0259001663 -0.0000000000 
    2    0    2    0    3    0    3    1    4    1    4    1 0.0000000000 0.0000000000 
    2    0    2    0    3    1    3    0    4    0    4    0 0.0000000000 0.0000000000 
    2    0    2    0    3    1    3    0    4    0    4    1 -0.0259001663 0.0000000000 
    2    0    2    0    3    1    3    0    4    1    4    0 0.0020016565 0.0000000000 
    2    0    2    0    3    1    3    0    4    1    4    1 0.0000000000 -0.0000000000 
    2    0    2    0    3    1    3    1    4    0    4    0 0.1596361377 0.0000000000 
    2    0    2    0    3    1    3    1    4    0    4    1 0.0000000000 0.0000000000 
    2    0    2    0    3    1    3    1    4    1    4    0 0.0000000000 -0.0000000000 
    2    0    2    0    3    1    3    1    4    1    4    1 0.0903638623 0.0000000000 
    2    0    2    1    3    0    3    0    4    0    4    0 -0.0000000000 0.0000000000 
    2    0    2    1    3    0    3    0    4    0    4    1 0.0096671503 0.0185416318 
    2    0    2    1    3    0    3    0    4    1    4    0 0.0096671503 -0.0185416318 
    2    0    2    1    3    0    3    0    4    1    4    1 -0.0000000000 -0.0000000000 
    2    0    2    1    3    0    3    1    4    0    4    0 -0.0780944512 -0.0050556092 
    2    0    2    1    3    0    3    1    4    0    4    1 0.0000000000 0.0000000000 
    2    0    2    1    3    0    3    1    4    1    4    0 0.0000000000 -0.0000000000 
    2    0    2    1    3    0    3    1    4    1    4    1 -0.0780944512 0.0050556092 
    2    0    2    1    3    1    3    0    4    0    4    0 -0.0780944512 0.0050556092 
    2    0    2    1    3    1    3    0    4    0    4    1 -0.0000000000 -0.0000000000 
    2    0    2    1    3    1    3    0    4    1    4    0 0.0000000000 0.0000000000 
    2    0    2    1    3    1    3    0    4    1    4    1 -0.0780944512 -0.0050556092 
    2    0    2    1    3    1    3    1    4    0    4    0 -0.0000000000 -0.0000000000 
    2    0    2    1    3    1    3    1    4    0    4    1 0.0096671503 -0.0185416318 
    2    0    2    1    3    1    3    1    4    1    4    0 0.0096671503 0.0185416318 
    2    0    2    1    3    1    3    1    4    1    4    1 -0.0000000000 0.0000000000 
    2    1    2    0    3    0    3    0    4    0    4    0 -0.0000000000 -0.0000000000 
    2    1    2    0    3    0    3    0    4    0    4    1 0.0096671503 0.0185416318 
    2    1    2    0    3    0    3    0    4    1    4    0 0.0096671503 -0.0185416318 
    2    1    2    0    3    0    3    0    4    1    4    1 -0.0000000000 0.0000000000 
    2    1    2    0    3    0    3    1    4    0    4    0 -0.0780944512 -0.0050556092 
    2    1    2    0    3    0    3    1    4    0    4    1 0.0000000000 -0.0000000000 
    2    1    2    0    3    0    3    1    4    1    4    0 -0.0000000000 0.0000000000 
    2    1    2    0    3    0    3    1    4    1    4    1 -0.0780944512 0.0050556092 
    2    1    2    0    3    1    3    0    4    0    4    0 -0.0780944512 0.0050556092 
    2    1    2    0    3    1    3    0    4    0    4    1 0.0000000000 0.0000000000 
    2    1    2    0    3    1    3    0    4    1    4    0 0.0000000000 -0.0000000000 
    2    1    2    0    3    1    3    0    4    1    4    1 -0.0780944512 -0.0050556092 
    2    1    2    0    3    1    3    1    4    0    4    0 -0.0000000000 0.0000000000 
    2    1    2    0    3    1    3    1    4    0    4    1 0.0096671503 -0.0185416318 
    2    1    2    0    3    1    3    1    4    1    4    0 0.0096671503 0.0185416318 
    2    1    2    0    3    1    3    1    4    1    4    1 -0.0000000000 -0.0000000000 
    2    1    2    1    3    0    3    0    4    0    4    0 0.0903638623 0.0000000000 
    2    1    2    1    3    0    3    0    4    0    4    1 -0.0000000000 0.0000000000 
    2    1    2    1    3    0    3    0    4    1    4    0 -0.0000000000 -0.0000000000 
    2    1    2    1    3    0    3    0    4    1    4    1 0.1596361377 0.0000000000 
    2    1    2    1    3    0    3    1    4    0    4    0 0.0000000000 0.0000000000 
    2    1    2    1    3    0    3    1    4    0    4    1 0.0020016565 0.0000000000 
    2    1    2    1    3    0    3    1    4    1    4    0 -0.0259001663 -0.0000000000 
    2    1    2    1    3    0    3    1    4    1    4    1 0.0000000000 0.0000000000 
    2    1    2    1    3    1    3    0    4    0    4    0 0.0000000000 -0.0000000000 
    2    1    2    1    3    1    3    0    4    0    4    1 -0.0259001663 0.0000000000 
    2    1    2    1    3    1    3    0    4    1    4    0 0.0020016565 -0.0000000000 
    2    1    2    1    3    1    3    0    4    1    4    1 0.0000000000 -0.0000000000 
    2    1    2    1    3    1    3    1    4    0    4    0 0.1596361377 0.0000000000 
    2    1    2    1    3    1    3    1    4    0    4    1 -0.0000000000 -0.0000000000 
    2    1    2    1    3    1    3    1    4    1    4    0 -0.0000000000 0.0000000000 
    2    1    2    1    3    1    3    1    4    1    4    1 0.0903638623 0.0000000000 
    2    0    2    0    3    0    3    0    5    0    5    0 0.0903638623 0.0000000000 
    2    0    2    0    3    0    3    0    5    0    5    1 0.0000000000 -0.0000000000 
    2    0    2    0    3    0    3    0    5    1    5    0 0.0000000000 0.0000000000 
    2    0    2    0    3    0    3    0    5    1    5    1 0.1596361377 0.0000000000 
    2    0    2    0    3    0    3    1    5    0    5    0 0.0000000000 0.0000000000 
    2    0    2    0    3    0    3    1    5    0    5    1 0.0096671503 0.0185416318 
    2    0    2    0    3    0    3    1    5    1    5    0 0.0096671503 -0.0185416318 
    2    0    2    0    3    0    3    1    5    1    5    1 0.0000000000 0.0000000000 
    2    0    2    0    3    1    3    0    5    0    5    0 0.0000000000 -0.0000000000 
    2    0    2    0    3    1    3    0    5    0    5    1 0.0096671503 0.0185416318 
    2    0    2    0    3    1    3    0    5    1    5    0 0.0096671503 -0.0185416318 
    2    0    2    0    3    1    3    0    5    1    5    1 0.0000000000 -0.0000000000 
    2    0    2    0    3    1    3    1    5    0    5    0 0.0903638623 0.0000000000 
    2    0    2    0    3    1    3    1    5    0    5    1 -0.0000000000 -0.0000000000 
    2    0    2    0    3    1    3    1    5    1    5    0 -0.0000000000 0.0000000000 
    2    0    2    0    3    1    3    1    5    1    5    1 0.1596361377 0.0000000000 
    2    0    2    1    3    0    3    0    5    0    5    0 -0.0000000000 -0.0000000000 
    2    0    2    1    3    0    3    0    5    0    5    1 0.0020016565 -0.0000000000 
    2    0    2    1    3    0    3    0    5    1    5    0 -0.0259001663 -0.0000000000 
    2    0    2    1    3    0    3    0    5    1    5    1 -0.0000000000 -0.0000000000 
    2    0    2    1    3    0    3    1    5    0    5    0 -0.0780944512 -0.0050556092 
    2    0    2    1    3    0    3    1    5    0    5    1 -0.0000000000 0.0000000000 
    2    0    2    1    3    0    3    1    5    1    5    0 -0.0000000000 -0.0000000000 
    2    0    2    1    3    0    3    1    5    1    5    1 -0.0780944512 0.0050556092 
    2    0    2    1    3    1    3    0    5    0    5    0 -0.0780944512 -0.0050556092 
    2    0    2    1    3    1    3    0    5    0    5    1 -0.0000000000 -0.0000000000 
    2    0    2    1    3    1    3    0    5    1    5    0 0.0000000000 -0.0000000000 
    2    0    2    1    3    1    3    0    5    1    5    1 -0.0780944512 0.0050556092 
    2    0    2    1    3    1    3    1    5    0    5    0 -0.0000000000 0.0000000000 
    2    0    2    1    3    1    3    1    5    0    5    1 0.0020016565 0.0000000000 
    2    0    2    1    3    1    3    1    5    1    5    0 -0.0259001663 0.0000000000 
    2    0    2    1    3    1    3    1    5    1    5    1 -0.0000000000 -0.0000000000 
    2    1    2    0    3    0    3    0    5    0    5    0 -0.0000000000 0.0000000000 
    2    1    2    0    3    0    3    0    5    0    5    1 -0.0259001663 0.0000000000 
    2    1    2    0    3    0    3    0    5    1    5    0 0.0020016565 0.0000000000 
    2    1    2    0    3    0    3    0    5    1    5    1 -0.0000000000 0.0000000000 
    2    1    2    0    3    0    3    1    5    0    5    0 -0.0780944512 0.0050556092 
    2    1    2    0    3    0    3    1    5    0    5    1 0.0000000000 0.0000000000 
    2    1    2    0    3    0    3    1    5    1    5    0 -0.0000000000 0.0000000000 
    2    1    2    0    3    0    3    1    5    1    5    1 -0.0780944512 -0.0050556092 
    2    1    2    0    3    1    3    0    5    0    5    0 -0.0780944512 0.0050556092 
    2    1    2    0    3    1    3    0    5    0    5    1 -0.0000000000 0.0000000000 
    2    1    2    0    3    1    3    0    5    1    5    0 -0.0000000000 -0.0000000000 
    2    1    2    0    3    1    3    0    5    1    5    1 -0.0780944512 -0.0050556092 
    2    1    2    0    3    1    3    1    5    0    5    0 -0.0000000000 -0.0000000000 
    2    1    2    0    3    1    3    1    5    0    5    1 -0.0259001663 -0.0000000000 
    2    1    2    0    3    1    3    1    5    1    5    0 0.0020016565 -0.0000000000 
    2    1    2    0    3    1    3    1    5    1    5    1 -0.0000000000 0.0000000000 
    2    1    2    1    3    0    3    0    5    0    5    0 0.1596361377 0.0000000000 
    2    1    2    1    3    0    3    0    5    0    5    1 0.0000000000 0.0000000000 
    2    1    2    1    3    0    3    0    5    1    5    0 0.0000000000 -0.0000000000 
    2    1    2    1    3    0    3    0    5    1    5    1 0.0903638623 0.0000000000 
    2    1    2    1    3    0    3    1    5    0    5    0 0.0000000000 0.0000000000 
    2    1    2    1    3    0    3    1    5    0    5    1 0.0096671503 -0.0185416318 
    2    1    2    1    3    0    3    1    5    1    5    0 0.0096671503 0.0185416318 
    2    1    2    1    3    0    3    1    5    1    5    1 0.0000000000 0.0000000000 
    2    1    2    1    3    1    3    0    5    0    5    0 0.0000000000 -0.0000000000 
    2    1    2    1    3    1    3    0    5    0    5    1 0.0096671503 -0.0185416318 
    2    1    2    1    3    1    3    0    5    1    5    0 0.0096671503 0.0185416318 
    2    1    2    1    3    1    3    0    5    1    5    1 0.0000000000 -0.0000000000 
    2    1    2    1    3    1    3    1    5    0    5    0 0.1596361377 0.0000000000 
    2    1    2    1    3    1    3    1    5    0    5    1 0.0000000000 -0.0000000000 
    2    1    2    1    3    1    3    1    5    1    5    0 0.0000000000 0.0000000000 
    2    1    2    1    3    1    3    1    5    1    5    1 0.0903638623 0.0000000000 
    2    0    2    0    3    0    3    0    6    0    6    0 0.0623437432 0.0000000000 
    2    0    2    0    3    0    3    0    6    0    6    1 0.0000000000 0.0000000000 
    2    0    2    0    3    0    3    0    6    1    6    0 0.0000000000 -0.0000000000 
    2    0    2    0    3    0    3    0    6    1    6    1 0.1876562568 0.0000000000 
    2    0    2    0    3    0    3    1    6    0    6    0 0.0000000000 0.0000000000 
    2    0    2    0    3    0    3    1    6    0    6    1 -0.0000000000 0.0185416318 
    2    0    2    0    3    0    3    1    6    1    6    0 0.0000000000 0.1156268764 
    2    0    2    0    3    0    3    1    6    1    6    1 0.0000000000 0.0000000000 
    2    0    2    0    3    1    3    0    6    0    6    0 0.0000000000 -0.0000000000 
    2    0    2    0    3    1    3    0    6    0    6    1 0.0000000000 -0.1156268764 
    2    0    2    0    3    1    3    0    6    1    6    0 -0.0000000000 -0.0185416318 
    2    0    2    0    3    1    3    0    6    1    6    1 0.0000000000 -0.0000000000 
    2    0    2    0    3    1    3    1    6    0    6    0 0.1876562568 0.0000000000 
    2    0    2    0    3    1    3    1    6    0    6    1 0.0000000000 0.0000000000 
    2    0    2    0    3    1    3    1    6    1    6    0 0.0000000000 -0.0000000000 
    2    0    2    0    3    1    3    1    6    1    6    1 0.0623437432 0.0000000000 
    2    0    2    1    3    0    3    0    6    0    6    0 -0.0000000000 -0.0000000000 
    2    0    2    1    3    0    3    0    6    0    6    1 -0.0112865244 -0.0485426223 
    2    0    2    1    3    0    3    0    6    1    6    0 0.0112865244 -0.0485426223 
    2    0    2    1    3    0    3    0    6    1    6    1 -0.0000000000 -0.0000000000 
    2    0    2    1    3    0    3    1    6    0    6    0 -0.0780944512 -0.0000000000 
    2    0    2    1    3    0    3    1    6    0    6    1 -0.0000000000 -0.0000000000 
    2    0    2    1    3    0    3    1    6    1    6    0 -0.0000000000 0.0000000000 
    2    0    2    1    3    0    3    1    6    1    6    1 -0.0780944512 0.0000000000 
    2    0    2    1    3    1    3    0    6    0    6    0 -0.0780944512 -0.0000000000 
    2    0    2    1    3    1    3    0    6    0    6    1 -0.0000000000 0.0000000000 
    2    0    2    1    3    1    3    0    6    1    6    0 -0.0000000000 0.0000000000 
    2    0    2    1    3    1    3    0    6    1    6    1 -0.0780944512 0.0000000000 
    2    0    2    1    3    1    3    1    6    0    6    0 -0.0000000000 -0.0000000000 
    2    0    2    1    3    1    3    1    6    0    6    1 -0.0112865244 0.0485426223 
    2    0    2    1    3    1    3    1    6    1    6    0 0.0112865244 0.0485426223 
    2    0    2    1    3    1    3    1    6    1    6    1 -0.0000000000 -0.0000000000 
    2    1    2    0    3    0    3    0    6    0    6    0 -0.0000000000 0.0000000000 
    2    1    2    0    3    0    3    0    6    0    6    1 0.0112865244 0.0485426223 
    2    1    2    0    3    0    3    0    6    1    6    0 -0.0112865244 0.0485426223 
    2    1    2    0    3    0    3    0    6    1    6    1 -0.0000000000 0.0000000000 
    2    1    2    0    3    0    3    1    6    0    6    0 -0.0780944512 0.0000000000 
    2    1    2    0    3    0    3    1    6    0    6    1 -0.0000000000 -0.0000000000 
    2    1    2    0    3    0    3    1    6    1    6    0 -0.0000000000 -0.0000000000 
    2    1    2    0    3    0    3    1    6    1    6    1 -0.0780944512 -0.0000000000 
    2    1    2    0    3    1    3    0    6    0    6    0 -0.0780944512 0.0000000000 
    2    1    2    0    3    1    3    0    6    0    6    1 -0.0000000000 -0.0000000000 
    2    1    2    0    3    1    3    0    6    1    6    0 -0.0000000000 0.0000000000 
    2    1    2    0    3    1    3    0    6    1    6    1 -0.0780944512 -0.0000000000 
    2    1    2    0    3    1    3    1    6    0    6    0 -0.0000000000 0.0000000000 
    2    1    2    0    3    1    3    1    6    0    6    1 0.0112865244 -0.0485426223 
    2    1    2    0    3    1    3    1    6    1    6    0 -0.0112865244 -0.0485426223 
    2    1    2    0    3    1    3    1    6    1    6    1 -0.0000000000 0.0000000000 
    2    1    2    1    3    0    3    0    6    0    6    0 0.0623437432 0.0000000000 
    2    1    2    1    3    0    3    0    6    0    6    1 0.0000000000 -0.0000000000 
    2    1    2    1    3    0    3    0    6    1    6    0 0.0000000000 0.0000000000 
    2    1    2    1    3    0    3    0    6    1    6    1 0.1876562568 0.0000000000 
    2    1    2    1    3    0    3    1    6    0    6    0 0.0000000000 0.0000000000 
    2    1    2    1    3    0    3    1    6    0    6    1 -0.0000000000 -0.0185416318 
    2    1    2    1    3    0    3    1    6    1    6    0 0.0000000000 -0.1156268764 
    2    1    2    1    3    0    3    1    6    1    6    1 0.0000000000 0.0000000000 
    2    1    2    1    3    1    3    0    6    0    6    0 0.0000000000 -0.0000000000 
    2    1    2    1    3    1    3    0    6    0    6    1 0.0000000000 0.1156268764 
    2    1    2    1    3    1    3    0    6    1    6    0 -0.0000000000 0.0185416318 
    2    1    2    1    3    1    3    0    6    1    6    1 0.0000000000 -0.0000000000 
    2    1    2    1    3    1    3    1    6    0    6    0 0.1876562568 0.0000000000 
    2    1    2    1    3    1    3    1    6    0    6    1 0.0000000000 0.0000000000 
    2    1    2    1    3    1    3    1    6    1    6    0 0.0000000000 -0.0000000000 
    2    1    2    1    3    1    3    1    6    1    6    1 0.0623437432 0.0000000000 
    2    0    2    0    3    0    3    0    7    0    7    0 0.0623437432 0.0000000000 
    2    0    2    0    3    0    3    0    7    0    7    1 -0.0000000000 0.0000000000 
    2    0    2    0    3    0    3    0    7    1    7    0 -0.0000000000 -0.0000000000 
    2    0    2    0    3    0    3    0    7    1    7    1 0.1876562568 0.0000000000 
    2    0    2    0    3    0    3    1    7    0    7    0 0.0000000000 0.0000000000 
    2    0    2    0    3    0    3    1    7    0    7    1 -0.0112865244 -0.0485426223 
    2    0    2    0    3    0    3    1    7    1    7    0 0.0112865244 -0.0485426223 
    2    0    2    0    3    0    3    1    7    1    7    1 0.0000000000 0.0000000000 
    2    0    2    0    3    1    3    0    7    0    7    0 0.0000000000 -0.0000000000 
    2    0    2    0    3    1    3    0    7    0    7    1 0.0112865244 0.0485426223 
    2    0    2    0    3    1    3    0    7    1    7    0 -0.0112865244 0.0485426223 
    2    0    2    0    3    1    3    0    7    1    7    1 0.0000000000 -0.0000000000 
    2    0    2    0    3    1    3    1    7    0    7    0 0.0623437432 0.0000000000 
    2    0    2    0    3    1    3    1    7    0    7    1 -0.0000000000 -0.0000000000 
    2    0    2    0    3    1    3    1    7    1    7    0 -0.0000000000 0.0000000000 
    2    0    2    0    3    1    3    1    7    1    7    1 0.1876562568 0.0000000000 
    2    0    2    1    3    0    3    0    7    0    7    0 -0.0000000000 -0.0000000000 
    2    0    2    1    3    0    3    0    7    0    7    1 -0.0000000000 0.0185416318 
    2    0    2    1    3    0    3    0    7    1    7    0 0.0000000000 0.1156268764 
    2    0    2    1    3    0    3    0    7    1    7    1 -0.0000000000 -0.0000000000 
    2    0    2    1    3    0    3    1    7    0    7    0 -0.0780944512 -0.0000000000 
    2    0    2    1    3    0    3    1    7    0    7    1 0.0000000000 -0.0000000000 
    2    0    2    1    3    0    3    1    7    1    7    0 0.0000000000 0.0000000000 
    2    0    2    1    3    0    3    1    7    1    7    1 -0.0780944512 0.0000000000 
    2    0    2    1    3    1    3    0    7    0    7    0 -0.0780944512 0.0000000000 
    2    0    2    1    3    1    3    0    7    0    7    1 0.0000000000 0.0000000000 
    2    0    2    1    3    1    3    0    7    1    7    0 0.0000000000 -0.0000000000 
    2    0    2    1    3    1    3    0    7    1    7    1 -0.0780944512 -0.0000000000 
    2    0    2    1    3    1    3    1    7    0    7    0 -0.0000000000 -0.0000000000 
    2    0    2    1    3    1    3    1    7    0    7    1 -0.0000000000 -0.0185416318 
    2    0    2    1    3    1    3    1    7    1    7    0 0.0000000000 -0.1156268764 
    2    0    2    1    3    1    3    1    7    1    7    1 -0.0000000000 -0.0000000000 
    2    1    2    0    3    0    3    0    7    0    7    0 -0.0000000000 0.0000000000 
    2    1    2    0    3    0    3    0    7    0    7    1 0.0000000000 -0.1156268764 
    2    1    2    0    3    0    3    0    7    1    7    0 -0.0000000000 -0.0185416318 
    2    1    2    0    3    0    3    0    7    1    7    1 -0.0000000000 0.0000000000 
    2    1    2    0    3    0    3    1    7    0    7    0 -0.0780944512 -0.0000000000 
    2    1    2    0    3    0    3    1    7    0    7    1 0.0000000000 0.0000000000 
    2    1    2    0    3    0    3    1    7    1    7    0 0.0000000000 -0.0000000000 
    2    1    2    0    3    0    3    1    7    1    7    1 -0.0780944512 0.0000000000 
    2    1    2    0    3    1    3    0    7    0    7    0 -0.0780944512 0.0000000000 
    2    1    2    0    3    1    3    0    7    0    7    1 0.0000000000 -0.0000000000 
    2    1    2    0    3    1    3    0    7    1    7    0 0.0000000000 0.0000000000 
    2    1    2    0    3    1    3    0    7    1    7    1 -0.0780944512 -0.0000000000 
    2    1    2    0    3    1    3    1    7    0    7    0 -0.0000000000 0.0000000000 
    2    1    2    0    3    1    3    1    7    0    7    1 0.0000000000 0.1156268764 
    2    1    2    0    3    1    3    1    7    1    7    0 -0.0000000000 0.0185416318 
    2    1    2    0    3    1    3    1    7    1    7    1 -0.0000000000 0.0000000000 
    2    1    2    1    3    0    3    0    7    0    7    0 0.1876562568 0.0000000000 
    2    1    2    1    3    0    3    0    7    0    7    1 -0.0000000000 -0.0000000000 
    2    1    2    1    3    0    3    0    7    1    7    0 -0.0000000000 0.0000000000 
    2    1    2    1    3    0    3    0    7    1    7    1 0.0623437432 0.0000000000 
    2    1    2    1    3    0    3    1    7    0    7    0 0.0000000000 0.0000000000 
    2    1    2    1    3    0    3    1    7    0    7    1 -0.0112865244 0.0485426223 
    2    1    2    1    3    0    3    1    7    1    7    0 0.0112865244 0.0485426223 
    2    1    2    1    3    0    3    1    7    1    7    1 0.0000000000 0.0000000000 
    2    1    2    1    3    1    3    0    7    0    7    0 0.0000000000 -0.0000000000 
    2    1    2    1    3    1    3    0    7    0    7    1 0.0112865244 -0.0485426223 
    2    1    2    1    3    1    3    0    7    1    7    0 -0.0112865244 -0.0485426223 
    2    1    2    1    3    1    3    0    7    1    7    1 0.0000000000 -0.0000000000 
    2    1    2    1    3    1    3    1    7    0    7    0 0.1876562568 0.0000000000 
    2    1    2    1    3    1    3    1    7    0    7    1 -0.0000000000 0.0000000000 
    2    1    2    1    3    1    3    1    7    1    7    0 -0.0000000000 -0.0000000000 
    2    1    2    1    3    1    3    1    7    1    7    1 0.0623437432 0.0000000000 
    2    0    2    0    4    0    4    0    5    0    5    0 0.0903638623 0.0000000000 
    2    0    2    0    4    0    4    0    5    0    5    1 0.0000000000 -0.0000000000 
    2    0    2    0    4    0    4    0    5    1    5    0 0.0000000000 0.0000000000 
    2    0    2    0    4    0    4    0    5    1    5    1 0.1596361377 0.0000000000 
    2    0    2    0    4    0    4    1    5    0    5    0 0.0000000000 -0.0000000000 
    2    0    2    0    4    0    4    1    5    0    5    1 -0.0780944512 -0.0050556092 
    2    0    2    0    4    0    4    1    5    1    5    0 -0.0780944512 0.0050556092 
    2    0    2    0    4    0    4    1    5    1    5    1 0.0000000000 0.0000000000 
    2    0    2    0    4    1    4    0    5    0    5    0 0.0000000000 0.0000000000 
    2    0    2    0    4    1    4    0    5    0    5    1 -0.0780944512 -0.0050556092 
    2    0    2    0    4    1    4    0    5    1    5    0 -0.0780944512 0.0050556092 
    2    0    2    0    4    1    4    0    5    1    5    1 0.0000000000 -0.0000000000 
    2    0    2    0    4    1    4    1    5    0    5    0 0.0903638623 0.0000000000 
    2    0    2    0    4    1    4    1    5    0    5    1 -0.0000000000 -0.0000000000 
    2    0    2    0    4    1    4    1    5    1    5    0 -0.0000000000 0.0000000000 
    2    0    2    0    4    1    4    1    5    1    5    1 0.1596361377 0.0000000000 
    2    0    2    1    4    0    4    0    5    0    5    0 -0.0000000000 0.0000000000 
    2    0    2    1    4    0    4    0    5    0    5    1 0.0020016565 -0.0000000000 
    2    0    2    1    4    0    4    0    5    1    5    0 -0.0259001663 -0.0000000000 
    2    0    2    1    4    0    4    0    5    1    5    1 -0.0000000000 -0.0000000000 
    2    0    2    1    4    0    4    1    5    0    5    0 0.0096671503 0.0185416318 
    2    0    2    1    4    0    4    1    5    0    5    1 0.0000000000 -0.0000000000 
    2    0    2    1    4    0    4    1    5    1    5    0 0.0000000000 0.0000000000 
    2    0    2    1    4    0    4    1    5    1    5    1 0.0096671503 -0.0185416318 
    2    0    2    1    4    1    4    0    5    0    5    0 0.0096671503 0.0185416318 
    2    0    2    1    4    1    4    0    5    0    5    1 0.0000000000 0.0000000000 
    2    0    2    1    4    1    4    0    5    1    5    0 0.0000000000 -0.0000000000 
    2    0    2    1    4    1    4    0    5    1    5    1 0.0096671503 -0.0185416318 
    2    0    2    1    4    1    4    1    5    0    5    0 -0.0000000000 -0.0000000000 
    2    0    2    1    4    1    4    1    5    0    5    1 0.0020016565 -0.0000000000 
    2    0    2    1    4    1    4    1    5    1    5    0 -0.0259001663 0.0000000000 
    2    0    2    1    4    1    4    1    5    1    5    1 -0.0000000000 -0.0000000000 
    2    1    2    0    4    0    4    0    5    0    5    0 -0.0000000000 -0.0000000000 
    2    1    2    0    4    0    4    0    5    0    5    1 -0.0259001663 0.0000000000 
    2    1    2    0    4    0    4    0    5    1    5    0 0.0020016565 0.0000000000 
    2    1    2    0    4    0    4    0    5    1    5    1 -0.0000000000 0.0000000000 
    2    1    2    0    4    0    4    1    5    0    5    0 0.0096671503 -0.0185416318 
    2    1    2    0    4    0    4    1    5    0    5    1 0.0000000000 0.0000000000 
    2    1    2    0    4    0    4    1    5    1    5    0 0.0000000000 -0.0000000000 
    2    1    2    0    4    0    4    1    5    1    5    1 0.0096671503 0.0185416318 
    2    1    2    0    4    1    4    0    5    0    5    0 0.0096671503 -0.0185416318 
    2    1    2    0    4    1    4    0    5    0    5    1 0.0000000000 -0.0000000000 
    2    1    2    0    4    1    4    0    5    1    5    0 0.0000000000 0.0000000000 
    2    1    2    0    4    1    4    0    5    1    5    1 0.0096671503 0.0185416318 
    2    1    2    0    4    1    4    1    5    0    5    0 -0.0000000000 0.0000000000 
    2    1    2    0    4    1    4    1    5    0    5    1 -0.0259001663 -0.0000000000 
    2    1    2    0    4    1    4    1    5    1    5    0 0.0020016565 0.0000000000 
    2    1    2    0    4    1    4    1    5    1    5    1 -0.0000000000 0.0000000000 
    2    1    2    1    4    0    4    0    5    0    5    0 0.1596361377 0.0000000000 
    2    1    2    1    4    0    4    0    5    0    5    1 0.0000000000 -0.0000000000 
    2    1    2    1    4    0    4    0    5    1    5    0 0.0000000000 0.0000000000 
    2    1    2    1    4    0    4    0    5    1    5    1 0.0903638623 0.0000000000 
    2    1    2    1    4    0    4    1    5    0    5    0 -0.0000000000 0.0000000000 
    2    1    2    1    4    0    4    1    5    0    5    1 -0.0780944512 0.0050556092 
    2    1    2    1    4    0    4    1    5    1    5    0 -0.0780944512 -0.0050556092 
    2    1    2    1    4    0    4    1    5    1    5    1 -0.0000000000 -0.0000000000 
    2    1    2    1    4    1    4    0    5    0    5    0 -0.0000000000 -0.0000000000 
    2    1    2    1    4    1    4    0    5    0    5    1 -0.0780944512 0.0050556092 
    2    1    2    1    4    1    4    0    5    1    5    0 -0.0780944512 -0.0050556092 
    2    1    2    1    4    1    4    0    5    1    5    1 -0.0000000000 0.0000000000 
    2    1    2    1    4    1    4    1    5    0    5    0 0.1596361377 0.0000000000 
    2    1    2    1    4    1    4    1    5    0    5    1 0.0000000000 0.0000000000 
    2    1    2    1    4    1    4    1    5    1    5    0 0.0000000000 -0.0000000000 
    2    1    2    1    4    1    4    1    5    1    5    1 0.0903638623 0.0000000000 
    2    0    2    0    4    0    4    0    6    0    6    0 0.1530212240 0.0000000000 
    2    0    2    0    4    0    4    0    6    0    6    1 0.0000000000 0.0000000000 
    2    0    2    0    4    0    4    0    6    1    6    0 0.0000000000 -0.0000000000 
    2    0    2    0    4    0    4    0    6    1    6    1 0.0969787760 0.0000000000 
    2    0    2    0    4    0    4    1    6    0    6    0 0.0000000000 -0.0000000000 
    2    0    2    0    4    0    4    1    6    0    6    1 -0.0000000000 0.0062490767 
    2    0    2    0    4    0    4    1    6    1    6    0 -0.0000000000 -0.0062490767 
    2    0    2    0    4    0    4    1    6    1    6    1 -0.0000000000 0.0000000000 
    2    0    2    0    4    1    4    0    6    0    6    0 0.0000000000 0.0000000000 
    2    0    2    0    4    1    4    0    6    0    6    1 -0.0000000000 0.0062490767 
    2    0    2    0    4    1    4    0    6    1    6    0 -0.0000000000 -0.0062490767 
    2    0    2    0    4    1    4    0    6    1    6    1 -0.0000000000 -0.0000000000 
    2    0    2    0    4    1    4    1    6    0    6    0 0.0969787760 0.0000000000 
    2    0    2    0    4    1    4    1    6    0    6    1 0.0000000000 0.0000000000 
    2    0    2    0    4    1    4    1    6    1    6    0 0.0000000000 -0.0000000000 
    2    0    2    0    4    1    4    1    6    1    6    1 0.1530212240 0.0000000000 
    2    0    2    1    4    0    4    0    6    0    6    0 -0.0000000000 -0.0000000000 
    2    0    2    1    4    0    4    0    6    0    6    1 -0.0112865244 0.0098393562 
    2    0    2    1    4    0    4    0    6    1    6    0 0.0112865244 0.0098393562 
    2    0    2    1    4    0    4    0    6    1    6    1 -0.0000000000 -0.0000000000 
    2    0    2    1    4    0    4    1    6    0    6    0 0.0096671503 -0.0229187173 
    2    0    2    1    4    0    4    1    6    0    6    1 -0.0000000000 0.0000000000 
    2    0    2    1    4    0    4    1    6    1    6    0 -0.0000000000 -0.0000000000 
    2    0    2    1    4    0    4    1    6    1    6    1 0.0096671503 0.0229187173 
    2    0    2    1    4    1    4    0    6    0    6    0 0.0096671503 0.0229187173 
    2    0    2    1    4    1    4    0    6    0    6    1 -0.0000000000 -0.0000000000 
    2    0    2    1    4    1    4    0    6    1    6    0 -0.0000000000 -0.0000000000 
    2    0    2    1    4    1    4    0    6    1    6    1 0.0096671503 -0.0229187173 
    2    0    2    1    4    1    4    1    6    0    6    0 -0.0000000000 -0.0000000000 
    2    0    2    1    4    1    4    1    6    0    6    1 -0.0112865244 -0.0098393562 
    2    0    2    1    4    1    4    1    6    1    6    0 0.0112865244 -0.0098393562 
    2    0    2    1    4    1    4    1    6    1    6    1 -0.0000000000 -0.0000000000 
    2    1    2    0    4    0    4    0    6    0    6    0 -0.0000000000 0.0000000000 
    2    1    2    0    4    0    4    0    6    0    6    1 0.0112865244 -0.0098393562 
    2    1    2    0    4    0    4    0    6    1    6    0 -0.0112865244 -0.0098393562 
    2    1    2    0    4    0    4    0    6    1    6    1 -0.0000000000 0.0000000000 
    2    1    2    0    4    0    4    1    6    0    6    0 0.0096671503 -0.0229187173 
    2    1    2    0    4    0    4    1    6    0    6    1 -0.0000000000 0.0000000000 
    2    1    2    0    4    0    4    1    6    1    6    0 -0.0000000000 0.0000000000 
    2    1    2    0    4    0    4    1    6    1    6    1 0.0096671503 0.0229187173 
    2    1    2    0    4    1    4    0    6    0    6    0 0.0096671503 0.0229187173 
    2    1    2    0    4    1    4    0    6    0    6    1 -0.0000000000 0.0000000000 
    2    1    2    0    4    1    4    0    6    1    6    0 -0.0000000000 -0.0000000000 
    2    1    2    0    4    1    4    0    6    1    6    1 0.0096671503 -0.0229187173 
    2    1    2    0    4    1    4    1    6    0    6    0 -0.0000000000 0.0000000000 
    2    1    2    0    4    1    4    1    6    0    6    1 0.0112865244 0.0098393562 
    2    1    2    0    4    1    4    1    6    1    6    0 -0.0112865244 0.0098393562 
    2    1    2    0    4    1    4    1    6    1    6    1 -0.0000000000 0.0000000000 
    2    1    2    1    4    0    4    0    6    0    6    0 0.1530212240 0.0000000000 
    2    1    2    1    4    0    4    0    6    0    6    1 -0.0000000000 0.0000000000 
    2    1    2    1    4    0    4    0    6    1    6    0 -0.0000000000 -0.0000000000 
    2    1    2    1    4    0    4    0    6    1    6    1 0.0969787760 0.0000000000 
    2    1    2    1    4    0    4    1    6    0    6    0 -0.0000000000 -0.0000000000 
    2    1    2    1    4    0    4    1    6    0    6    1 -0.0000000000 -0.0062490767 
    2    1    2    1    4    0    4    1    6    1    6    0 -0.0000000000 0.0062490767 
    2    1    2    1    4    0    4    1    6    1    6    1 -0.0000000000 0.0000000000 
    2    1    2    1    4    1    4    0    6    0    6    0 -0.0000000000 0.0000000000 
    2    1    2    1    4    1    4    0    6    0    6    1 -0.0000000000 -0.0062490767 
    2    1    2    1    4    1    4    0    6    1    6    0 -0.0000000000 0.0062490767 
    2    1    2    1    4    1    4    0    6    1    6    1 -0.0000000000 -0.0000000000 
    2    1    2    1    4    1    4    1    6    0    6    0 0.0969787760 0.0000000000 
    2    1    2    1    4    1    4    1    6    0    6    1 0.0000000000 0.0000000000 
    2    1    2    1    4    1    4    1    6    1    6    0 0.0000000000 -0.0000000000 
    2    1    2    1    4    1    4    1    6    1    6    1 0.1530212240 0.0000000000 
    2    0    2    0    4    0    4    0    7    0    7    0 0.0623437432 0.0000000000 
    2    0    2    0    4    0    4    0    7    0    7    1 0.0000000000 -0.0000000000 
    2    0    2    0    4    0    4    0    7    1    7    0 0.0000000000 0.0000000000 
    2    0    2    0    4    0    4    0    7    1    7    1 0.1876562568 0.0000000000 
    2    0    2    0    4    0    4    1    7    0    7    0 -0.0000000000 -0.0000000000 
    2    0    2    0    4    0    4    1    7    0    7    1 0.0615035406 -0.0000000000 
    2    0    2    0    4    0    4    1    7    1    7    0 -0.0615035406 -0.0000000000 
    2    0    2    0    4    0    4    1    7    1    7    1 0.0000000000 0.0000000000 
    2    0    2    0    4    1    4    0    7    0    7    0 -0.0000000000 0.0000000000 
    2    0    2    0    4    1    4    0    7    0    7    1 -0.0615035406 0.0000000000 
    2    0    2    0    4    1    4    0    7    1    7    0 0.0615035406 0.0000000000 
    2    0    2    0    4    1    4    0    7    1    7    1 0.0000000000 -0.0000000000 
    2    0    2    0    4    1    4    1    7    0    7    0 0.0623437432 0.0000000000 
    2    0    2    0    4    1    4    1    7    0    7    1 -0.0000000000 0.0000000000 
    2    0    2    0    4    1    4    1    7    1    7    0 -0.0000000000 -0.0000000000 
    2    0    2    0    4    1    4    1    7    1    7    1 0.1876562568 0.0000000000 
    2    0    2    1    4    0    4    0    7    0    7    0 -0.0000000000 -0.0000000000 
    2    0    2    1    4    0    4    0    7    0    7    1 0.0000000000 -0.0079602064 
    2    0    2    1    4    0    4    0    7    1    7    0 0.0000000000 -0.0496403880 
    2    0    2    1    4    0    4    0    7    1    7    1 -0.0000000000 -0.0000000000 
    2    0    2    1    4    0    4    1    7    0    7    0 0.0096671503 0.0208400908 
    2    0    2    1    4    0    4    1    7    0    7    1 0.0000000000 0.0000000000 
    2    0    2    1    4    0    4    1    7    1    7    0 0.0000000000 0.0000000000 
    2    0    2    1    4    0    4    1    7    1    7    1 0.0096671503 -0.0208400908 
    2    0    2    1    4    1    4    0    7    0    7    0 0.0096671503 0.0208400908 
    2    0    2    1    4    1    4    0    7    0    7    1 0.0000000000 0.0000000000 
    2    0    2    1    4    1    4    0    7    1    7    0 -0.0000000000 0.0000000000 
    2    0    2    1    4    1    4    0    7    1    7    1 0.0096671503 -0.0208400908 
    2    0    2    1    4    1    4    1    7    0    7    0 -0.0000000000 -0.0000000000 
    2    0    2    1    4    1    4    1    7    0    7    1 -0.0000000000 0.0079602064 
    2    0    2    1    4    1    4    1    7    1    7    0 0.0000000000 0.0496403880 
    2    0    2    1    4    1    4    1    7    1    7    1 -0.0000000000 -0.0000000000 
    2    1    2    0    4    0    4    0    7    0    7    0 -0.0000000000 0.0000000000 
    2    1    2    0    4    0    4    0    7    0    7    1 0.0000000000 0.0496403880 
    2    1    2    0    4    0    4    0    7    1    7    0 0.0000000000 0.0079602064 
    2    1    2    0    4    0    4    0    7    1    7    1 -0.0000000000 0.0000000000 
    2    1    2    0    4    0    4    1    7    0    7    0 0.0096671503 -0.0208400908 
    2    1    2    0    4    0    4    1    7    0    7    1 -0.0000000000 -0.0000000000 
    2    1    2    0    4    0    4    1    7    1    7    0 0.0000000000 -0.0000000000 
    2    1    2    0    4    0    4    1    7    1    7    1 0.0096671503 0.0208400908 
    2    1    2    0    4    1    4    0    7    0    7    0 0.0096671503 -0.0208400908 
    2    1    2    0    4    1    4    0    7    0    7    1 0.0000000000 -0.0000000000 
    2    1    2    0    4    1    4    0    7    1    7    0 0.0000000000 -0.0000000000 
    2    1    2    0    4    1    4    0    7    1    7    1 0.0096671503 0.0208400908 
    2    1    2    0    4    1    4    1    7    0    7    0 -0.0000000000 0.0000000000 
    2    1    2    0    4    1    4    1    7    0    7    1 0.0000000000 -0.0496403880 
    2    1    2    0    4    1    4    1    7    1    7    0 -0.0000000000 -0.0079602064 
    2    1    2    0    4    1    4    1    7    1    7    1 -0.0000000000 0.0000000000 
    2    1    2    1    4    0    4    0    7    0    7    0 0.1876562568 0.0000000000 
    2    1    2    1    4    0    4    0    7    0    7    1 0.0000000000 -0.0000000000 
    2    1    2    1    4    0    4    0    7    1    7    0 0.0000000000 0.0000000000 
    2    1    2    1    4    0    4    0    7    1    7    1 0.0623437432 0.0000000000 
    2    1    2    1    4    0    4    1    7    0    7    0 -0.0000000000 -0.0000000000 
    2    1    2    1    4    0    4    1    7    0    7    1 0.0615035406 -0.0000000000 
    2    1    2    1    4    0    4    1    7    1    7    0 -0.0615035406 -0.0000000000 
    2    1    2    1    4    0    4    1    7    1    7    1 0.0000000000 0.0000000000 
    2    1    2    1    4    1    4    0    7    0    7    0 -0.0000000000 0.0000000000 
    2    1    2    1    4    1    4    0    7    0    7    1 -0.0615035406 0.0000000000 
    2    1    2    1    4    1    4    0    7    1    7    0 0.0615035406 0.0000000000 
    2    1    2    1    4    1    4    0    7    1    7    1 0.0000000000 -0.0000000000 
    2    1    2    1    4    1    4    1    7    0    7    0 0.1876562568 0.0000000000 
    2    1    2    1    4    1    4    1    7    0    7    1 -0.0000000000 -0.0000000000 
    2    1    2    1    4    1    4    1    7    1    7    0 -0.0000000000 0.0000000000 
    2    1    2    1    4    1    4    1    7    1    7    1 0.0623437432 0.0000000000 
    2    0    2    0    5    0    5    0    6    0    6    0 0.0903638623 0.0000000000 
    2    0    2    0    5    0    5    0    6    0    6    1 0.0000000000 0.0000000000 
    2    0    2    0    5    0    5    0    6    1    6    0 0.0000000000 -0.0000000000 
    2    0    2    0    5    0    5    0    6    1    6    1 0.0903638623 0.0000000000 
    2    0    2    0    5    0    5    1    6    0    6    0 -0.0000000000 -0.0000000000 
    2    0    2    0    5    0    5    1    6    0    6    1 0.0615035406 -0.0050556092 
    2    0    2    0    5    0    5    1    6    1    6    0 -0.0615035406 0.0050556092 
    2    0    2    0    5    0    5    1    6    1    6    1 0.0000000000 -0.0000000000 
    2    0    2    0    5    1    5    0    6    0    6    0 -0.0000000000 0.0000000000 
    2    0    2    0    5    1    5    0    6    0    6    1 -0.0615035406 -0.0050556092 
    2    0    2    0    5    1    5    0    6    1    6    0 0.0615035406 0.0050556092 
    2    0    2    0    5    1    5    0    6    1    6    1 0.0000000000 0.0000000000 
    2    0    2    0    5    1    5    1    6    0    6    0 0.1596361377 0.0000000000 
    2    0    2    0    5    1    5    1    6    0    6    1 0.0000000000 -0.0000000000 
    2    0    2    0    5    1    5    1    6    1    6    0 0.0000000000 0.0000000000 
    2    0    2    0    5    1    5    1    6    1    6    1 0.1596361377 0.0000000000 
    2    0    2    1    5    0    5    0    6    0    6    0 -0.0000000000 0.0000000000 
    2    0    2    1    5    0    5    0    6    0    6    1 -0.0112865244 -0.0079602064 
    2    0    2    1    5    0    5    0    6    1    6    0 0.0112865244 0.0079602064 
    2    0    2    1    5    0    5    0    6    1    6    1 -0.0000000000 -0.0000000000 
    2    0    2    1    5    0    5    1    6    0    6    0 0.0020016565 0.0000000000 
    2    0    2    1    5    0    5    1    6    0    6    1 -0.0000000000 0.0000000000 
    2    0    2    1    5    0    5    1    6    1    6    0 0.0000000000 0.0000000000 
    2    0    2    1    5    0    5    1    6    1    6    1 0.0020016565 -0.0000000000 
    2    0    2    1    5    1    5    0    6    0    6    0 -0.0259001663 0.0000000000 
    2    0    2    1    5    1    5    0    6    0    6    1 0.0000000000 0.0000000000 
    2    0    2    1    5    1    5    0    6    1    6    0 0.0000000000 0.0000000000 
    2    0    2    1    5    1    5    0    6    1    6    1 -0.0259001663 -0.0000000000 
    2    0    2    1    5    1    5    1    6    0    6    0 -0.0000000000 -0.0000000000 
    2    0    2    1    5    1    5    1    6    0    6    1 -0.0112865244 0.0079602064 
    2    0    2    1    5    1    5    1    6    1    6    0 0.0112865244 -0.0079602064 
    2    0    2    1    5    1    5    1    6    1    6    1 -0.0000000000 -0.0000000000 
    2    1    2    0    5    0    5    0    6    0    6    0 -0.0000000000 -0.0000000000 
    2    1    2    0    5    0    5    0    6    0    6    1 0.0112865244 -0.0079602064 
    2    1    2    0    5    0    5    0    6    1    6    0 -0.0112865244 0.0079602064 
    2    1    2    0    5    0    5    0    6    1    6    1 -0.0000000000 0.0000000000 
    2    1    2    0    5    0    5    1    6    0    6    0 -0.0259001663 -0.0000000000 
    2    1    2    0    5    0    5    1    6    0    6    1 0.0000000000 -0.0000000000 
    2    1    2    0    5    0    5    1    6    1    6    0 0.0000000000 -0.0000000000 
    2    1    2    0    5    0    5    1    6    1    6    1 -0.0259001663 0.0000000000 
    2    1    2    0    5    1    5    0    6    0    6    0 0.0020016565 -0.0000000000 
    2    1    2    0    5    1    5    0    6    0    6    1 0.0000000000 -0.0000000000 
    2    1    2    0    5    1    5    0    6    1    6    0 -0.0000000000 -0.0000000000 
    2    1    2    0    5    1    5    0    6    1    6    1 0.0020016565 0.0000000000 
    2    1    2    0    5    1    5    1    6    0    6    0 -0.0000000000 0.0000000000 
    2    1    2    0    5    1    5    1    6    0    6    1 0.0112865244 0.0079602064 
    2    1    2    0    5    1    5    1    6    1    6    0 -0.0112865244 -0.0079602064 
    2    1    2    0    5    1    5    1    6    1    6    1 -0.0000000000 0.0000000000 
    2    1    2    1    5    0    5    0    6    0    6    0 0.1596361377 0.0000000000 
    2    1    2    1    5    0    5    0    6    0    6    1 0.0000000000 0.0000000000 
    2    1    2    1    5    0    5    0    6    1    6    0 0.0000000000 -0.0000000000 
    2    1    2    1    5    0    5    0    6    1    6    1 0.1596361377 0.0000000000 
    2    1    2    1    5    0    5    1    6    0    6    0 0.0000000000 -0.0000000000 
    2    1    2    1    5    0    5    1    6    0    6    1 0.0615035406 0.0050556092 
    2    1    2    1    5    0    5    1    6    1    6    0 -0.0615035406 -0.0050556092 
    2    1    2    1    5    0    5    1    6    1    6    1 0.0000000000 -0.0000000000 
    2    1    2    1    5    1    5    0    6    0    6    0 0.0000000000 0.0000000000 
    2    1    2    1    5    1    5    0    6    0    6    1 -0.0615035406 0.0050556092 
    2    1    2    1    5    1    5    0    6    1    6    0 0.0615035406 -0.0050556092 
    2    1    2    1    5    1    5    0    6    1    6    1 0.0000000000 0.0000000000 
    2    1    2    1    5    1    5    1    6    0    6    0 0.0903638623 0.0000000000 
    2    1    2    1    5    1    5    1    6    0    6    1 0.0000000000 0.0000000000 
    2    1    2    1    5    1    5    1    6    1    6    0 0.0000000000 -0.0000000000 
    2    1    2    1    5    1    5    1    6    1    6    1 0.0903638623 0.0000000000 
    2    0    2    0    5    0    5    0    7    0    7    0 0.0557288295 0.0000000000 
    2    0    2    0    5    0    5    0    7    0    7    1 -0.0000000000 0.0000000000 
    2    0    2    0    5    0    5    0    7    1    7    0 -0.0000000000 -0.0000000000 
    2    0    2    0    5    0    5    0    7    1    7    1 0.1249988950 0.0000000000 
    2    0    2    0    5    0    5    1    7    0    7    0 0.0000000000 -0.0000000000 
    2    0    2    0    5    0    5    1    7    0    7    1 -0.0000000000 0.0000000000 
    2    0    2    0    5    0    5    1    7    1    7    0 -0.0000000000 0.0000000000 
    2    0    2    0    5    0    5    1    7    1    7    1 -0.0000000000 -0.0000000000 
    2    0    2    0    5    1    5    0    7    0    7    0 0.0000000000 0.0000000000 
    2    0    2    0    5    1    5    0    7    0    7    1 -0.0000000000 -0.0000000000 
    2    0    2    0    5    1    5    0    7    1    7    0 -0.0000000000 -0.0000000000 
    2    0    2    0    5    1    5    0    7    1    7    1 -0.0000000000 0.0000000000 
    2    0    2    0    5    1    5    1    7    0    7    0 0.0689586569 0.0000000000 
    2    0    2    0    5    1    5    1    7    0    7    1 -0.0000000000 -0.0000000000 
    2    0    2    0    5    1    5    1    7    1    7    0 -0.0000000000 0.0000000000 
    2    0    2    0    5    1    5    1    7    1    7    1 0.2503136185 0.0000000000 
    2    0    2    1    5    0    5    0    7    0    7    0 -0.0000000000 -0.0000000000 
    2    0    2    1    5    0    5    0    7    0    7    1 -0.0000000000 0.0000000000 
    2    0    2    1    5    0    5    0    7    1    7    0 0.0000000000 -0.0000000000 
    2    0    2    1    5    0    5    0    7    1    7    1 -0.0000000000 0.0000000000 
    2    0    2    1    5    0    5    1    7    0    7    0 0.0020016565 0.0105814255 
    2    0    2    1    5    0    5    1    7    0    7    1 0.0000000000 -0.0000000000 
    2    0    2    1    5    0    5    1    7    1    7    0 -0.0000000000 -0.0000000000 
    2    0    2    1    5    0    5    1    7    1    7    1 0.0020016565 -0.0105814255 
    2    0    2    1    5    1    5    0    7    0    7    0 -0.0259001663 -0.0265018382 
    2    0    2    1    5    1    5    0    7    0    7    1 -0.0000000000 -0.0000000000 
    2    0    2    1    5    1    5    0    7    1    7    0 -0.0000000000 -0.0000000000 
    2    0    2    1    5    1    5    0    7    1    7    1 -0.0259001663 0.0265018382 
    2    0    2    1    5    1    5    1    7    0    7    0 -0.0000000000 -0.0000000000 
    2    0    2    1    5    1    5    1    7    0    7    1 -0.0000000000 -0.0000000000 
    2    0    2    1    5    1    5    1    7    1    7    0 0.0000000000 -0.0000000000 
    2    0    2    1    5    1    5    1    7    1    7    1 -0.0000000000 -0.0000000000 
    2    1    2    0    5    0    5    0    7    0    7    0 -0.0000000000 0.0000000000 
    2    1    2    0    5    0    5    0    7    0    7    1 0.0000000000 0.0000000000 
    2    1    2    0    5    0    5    0    7    1    7    0 -0.0000000000 -0.0000000000 
    2    1    2    0    5    0    5    0    7    1    7    1 -0.0000000000 -0.0000000000 
    2    1    2    0    5    0    5    1    7    0    7    0 -0.0259001663 0.0265018382 
    2    1    2    0    5    0    5    1    7    0    7    1 -0.0000000000 0.0000000000 
    2    1    2    0    5    0    5    1    7    1    7    0 -0.0000000000 0.0000000000 
    2    1    2    0    5    0    5    1    7    1    7    1 -0.0259001663 -0.0265018382 
    2    1    2    0    5    1    5    0    7    0    7    0 0.0020016565 -0.0105814255 
    2    1    2    0    5    1    5    0    7    0    7    1 -0.0000000000 0.0000000000 
    2    1    2    0    5    1    5    0    7    1    7    0 0.0000000000 0.0000000000 
    2    1    2    0    5    1    5    0    7    1    7    1 0.0020016565 0.0105814255 
    2    1    2    0    5    1    5    1    7    0    7    0 -0.0000000000 0.0000000000 
    2    1    2    0    5    1    5    1    7    0    7    1 0.0000000000 0.0000000000 
    2    1    2    0    5    1    5    1    7    1    7    0 -0.0000000000 0.0000000000 
    2    1    2    0    5    1    5    1    7    1    7    1 -0.0000000000 0.0000000000 
    2    1    2    1    5    0    5    0    7    0    7    0 0.2503136185 0.0000000000 
    2    1    2    1    5    0    5    0    7    0    7    1 -0.0000000000 -0.0000000000 
    2    1    2    1    5    0    5    0    7    1    7    0 -0.0000000000 0.0000000000 
    2    1    2    1    5    0    5    0    7    1    7    1 0.0689586569 0.0000000000 
    2    1    2    1    5    0    5    1    7    0    7    0 0.0000000000 0.0000000000 
    2    1    2    1    5    0    5    1    7    0    7    1 -0.0000000000 -0.0000000000 
    2    1    2    1    5    0    5    1    7    1    7    0 -0.0000000000 -0.0000000000 
    2    1    2    1    5    0    5    1    7    1    7    1 0.0000000000 -0.0000000000 
    2    1    2    1    5    1    5    0    7    0    7    0 0.0000000000 -0.0000000000 
    2    1    2    1    5    1    5    0    7    0    7    1 -0.0000000000 0.0000000000 
    2    1    2    1    5    1    5    0    7    1    7    0 -0.0000000000 0.0000000000 
    2    1    2    1    5    1    5    0    7    1    7    1 0.0000000000 0.0000000000 
    2    1    2    1    5    1    5    1    7    0    7    0 0.1249988950 0.0000000000 
    2    1    2    1    5    1    5    1    7    0    7    1 -0.0000000000 -0.0000000000 
    2    1    2    1    5    1    5    1    7    1    7    0 -0.0000000000 0.0000000000 
    2    1    2    1    5    1    5    1    7    1    7    1 0.0557288295 0.0000000000 
    2    0    2    0    6    0    6    0    7    0    7    0 0.0623437432 0.0000000000 
    2    0    2    0    6    0    6    0    7    0    7    1 -0.0000000000 0.0000000000 
    2    0    2    0    6    0    6    0    7    1    7    0 -0.0000000000 -0.0000000000 
    2    0    2    0    6    0    6    0    7    1    7    1 0.1876562568 0.0000000000 
    2    0    2    0    6    0    6    1    7    0    7    0 0.0000000000 -0.0000000000 
    2    0    2    0    6    0    6    1    7    0    7    1 -0.0780944512 -0.0000000000 
    2    0    2    0    6    0    6    1    7    1    7    0 -0.0780944512 -0.0000000000 
    2    0    2    0    6    0    6    1    7    1    7    1 0.0000000000 0.0000000000 
    2    0    2    0    6    1    6    0    7    0    7    0 0.0000000000 0.0000000000 
    2    0    2    0    6    1    6    0    7    0    7    1 -0.0780944512 0.0000000000 
    2    0    2    0    6    1    6    0    7    1    7    0 -0.0780944512 0.0000000000 
    2    0    2    0    6    1    6    0    7    1    7    1 0.0000000000 -0.0000000000 
    2    0    2    0    6    1    6    1    7    0    7    0 0.0623437432 0.0000000000 
    2    0    2    0    6    1    6    1    7    0    7    1 -0.0000000000 -0.0000000000 
    2    0    2    0    6    1    6    1    7    1    7    0 -0.0000000000 0.0000000000 
    2    0    2    0    6    1    6    1    7    1    7    1 0.1876562568 0.0000000000 
    2    0    2    1    6    0    6    0    7    0    7    0 -0.0000000000 -0.0000000000 
    2    0    2    1    6    0    6    0    7    0    7    1 -0.0000000000 0.0185416318 
    2    0    2    1    6    0    6    0    7    1    7    0 0.0000000000 -0.1156268764 
    2    0    2    1    6    0    6    0    7    1    7    1 -0.0000000000 -0.0000000000 
    2    0    2    1    6    0    6    1    7    0    7    0 -0.0112865244 -0.0485426223 
    2    0    2    1    6    0    6    1    7    0    7    1 0.0000000000 -0.0000000000 
    2    0    2    1    6    0    6    1    7    1    7    0 0.0000000000 0.0000000000 
    2    0    2    1    6    0    6    1    7    1    7    1 -0.0112865244 0.0485426223 
    2    0    2    1    6    1    6    0    7    0    7    0 0.0112865244 0.0485426223 
    2    0    2    1    6    1    6    0    7    0    7    1 0.0000000000 0.0000000000 
    2    0    2    1    6    1    6    0    7    1    7    0 0.0000000000 0.0000000000 
    2    0    2    1    6    1    6    0    7    1    7    1 0.0112865244 -0.0485426223 
    2    0    2    1    6    1    6    1    7    0    7    0 -0.0000000000 -0.0000000000 
    2    0    2    1    6    1    6    1    7    0    7    1 -0.0000000000 -0.0185416318 
    2    0    2    1    6    1    6    1    7    1    7    0 0.0000000000 0.1156268764 
    2    0    2    1    6    1    6    1    7    1    7    1 -0.0000000000 -0.0000000000 
    2    1    2    0    6    0    6    0    7    0    7    0 -0.0000000000 0.0000000000 
    2    1    2    0    6    0    6    0    7    0    7    1 0.0000000000 0.1156268764 
    2    1    2    0    6    0    6    0    7    1    7    0 -0.0000000000 -0.0185416318 
    2    1    2    0    6    0    6    0    7    1    7    1 -0.0000000000 0.0000000000 
    2    1    2    0    6    0    6    1    7    0    7    0 0.0112865244 -0.0485426223 
    2    1    2    0    6    0    6    1    7    0    7    1 0.0000000000 -0.0000000000 
    2    1    2    0    6    0    6    1    7    1    7    0 0.0000000000 -0.0000000000 
    2    1    2    0    6    0    6    1    7    1    7    1 0.0112865244 0.0485426223 
    2    1    2    0    6    1    6    0    7    0    7    0 -0.0112865244 0.0485426223 
    2    1    2    0    6    1    6    0    7    0    7    1 0.0000000000 -0.0000000000 
    2    1    2    0    6    1    6    0    7    1    7    0 0.0000000000 0.0000000000 
    2    1    2    0    6    1    6    0    7    1    7    1 -0.0112865244 -0.0485426223 
    2    1    2    0    6    1    6    1    7    0    7    0 -0.0000000000 0.0000000000 
    2    1    2    0    6    1    6    1    7    0    7    1 0.0000000000 -0.1156268764 
    2    1    2    0    6    1    6    1    7    1    7    0 -0.0000000000 0.0185416318 
    2    1    2    0    6    1    6    1    7    1    7    1 -0.0000000000 0.0000000000 
    2    1    2    1    6    0    6    0    7    0    7    0 0.1876562568 0.0000000000 
    2    1    2    1    6    0    6    0    7    0    7    1 -0.0000000000 0.0000000000 
    2    1    2    1    6    0    6    0    7    1    7    0 -0.0000000000 -0.0000000000 
    2    1    2    1    6    0    6    0    7    1    7    1 0.0623437432 0.0000000000 
    2    1    2    1    6    0    6    1    7    0    7    0 0.0000000000 -0.0000000000 
    2    1    2    1    6    0    6    1    7    0    7    1 -0.0780944512 -0.0000000000 
    2    1    2    1    6    0    6    1    7    1    7    0 -0.0780944512 0.0000000000 
    2    1    2    1    6    0    6    1    7    1    7    1 0.0000000000 0.0000000000 
    2    1    2    1    6    1    6    0    7    0    7    0 0.0000000000 0.0000000000 
    2    1    2    1    6    1    6    0    7    0    7    1 -0.0780944512 -0.0000000000 
    2    1    2    1    6    1    6    0    7    1    7    0 -0.0780944512 0.0000000000 
    2    1    2    1    6    1    6    0    7    1    7    1 0.0000000000 -0.0000000000 
    2    1    2    1    6    1    6    1    7    0    7    0 0.1876562568 0.0000000000 
    2    1    2    1    6    1    6    1    7    0    7    1 -0.0000000000 -0.0000000000 
    2    1    2    1    6    1    6    1    7    1    7    0 -0.0000000000 0.0000000000 
    2    1    2    1    6    1    6    1    7    1    7    1 0.0623437432 0.0000000000 
    3    0    3    0    4    0    4    0    5    0    5    0 0.0903638623 0.0000000000 
    3    0    3    0    4    0    4    0    5    0    5    1 0.0000000000 -0.0000000000 
    3    0    3    0    4    0    4    0    5    1    5    0 0.0000000000 0.0000000000 
    3    0    3    0    4    0    4    0    5    1    5    1 0.0903638623 0.0000000000 
    3    0    3    0    4    0    4    1    5    0    5    0 -0.0000000000 0.0000000000 
    3    0    3    0    4    0    4    1    5    0    5    1 -0.0780944512 -0.0050556092 
    3    0    3    0    4    0    4    1    5    1    5    0 -0.0780944512 -0.0050556092 
    3    0    3    0    4    0    4    1    5    1    5    1 -0.0000000000 0.0000000000 
    3    0    3    0    4    1    4    0    5    0    5    0 -0.0000000000 -0.0000000000 
    3    0    3    0    4    1    4    0    5    0    5    1 -0.0780944512 0.0050556092 
    3    0    3    0    4    1    4    0    5    1    5    0 -0.0780944512 0.0050556092 
    3    0    3    0    4    1    4    0    5    1    5    1 -0.0000000000 -0.0000000000 
    3    0    3    0    4    1    4    1    5    0    5    0 0.1596361377 0.0000000000 
    3    0    3    0    4    1    4    1    5    0    5    1 0.0000000000 0.0000000000 
    3    0    3    0    4    1    4    1    5    1    5    0 0.0000000000 -0.0000000000 
    3    0    3    0    4    1    4    1    5    1    5    1 0.1596361377 0.0000000000 
    3    0    3    1    4    0    4    0    5    0    5    0 0.0000000000 0.0000000000 
    3    0    3    1    4    0    4    0    5    0    5    1 0.0096671503 0.0185416318 
    3    0    3    1    4    0    4    0    5    1    5    0 0.0096671503 0.0185416318 
    3    0    3    1    4    0    4    0    5    1    5    1 0.0000000000 -0.0000000000 
    3    0    3    1    4    0    4    1    5    0    5    0 0.0020016565 0.0000000000 
    3    0    3    1    4    0    4    1    5    0    5    1 -0.0000000000 -0.0000000000 
    3    0    3    1    4    0    4    1    5    1    5    0 -0.0000000000 -0.0000000000 
    3    0    3    1    4    0    4    1    5    1    5    1 0.0020016565 0.0000000000 
    3    0    3    1    4    1    4    0    5    0    5    0 -0.0259001663 -0.0000000000 
    3    0    3    1    4    1    4    0    5    0    5    1 -0.0000000000 0.0000000000 
    3    0    3    1    4    1    4    0    5    1    5    0 -0.0000000000 -0.0000000000 
    3    0    3    1    4    1    4    0    5    1    5    1 -0.0259001663 -0.0000000000 
    3    0    3    1    4    1    4    1    5    0    5    0 0.0000000000 0.0000000000 
    3    0    3    1    4    1    4    1    5    0    5    1 0.0096671503 -0.0185416318 
    3    0    3    1    4    1    4    1    5    1    5    0 0.0096671503 -0.0185416318 
    3    0    3    1    4    1    4    1    5    1    5    1 0.0000000000 0.0000000000 
    3    1    3    0    4    0    4    0    5    0    5    0 0.0000000000 -0.0000000000 
    3    1    3    0    4    0    4    0    5    0    5    1 0.0096671503 -0.0185416318 
    3    1    3    0    4    0    4    0    5    1    5    0 0.0096671503 -0.0185416318 
    3    1    3    0    4    0    4    0    5    1    5    1 0.0000000000 0.0000000000 
    3    1    3    0    4    0    4    1    5    0    5    0 -0.0259001663 0.0000000000 
    3    1    3    0    4    0    4    1    5    0    5    1 -0.0000000000 0.0000000000 
    3    1    3    0    4    0    4    1    5    1    5    0 -0.0000000000 -0.0000000000 
    3    1    3    0    4    0    4    1    5    1    5    1 -0.0259001663 0.0000000000 
    3    1    3    0    4    1    4    0    5    0    5    0 0.0020016565 -0.0000000000 
    3    1    3    0    4    1    4    0    5    0    5    1 -0.0000000000 0.0000000000 
    3    1    3    0    4    1    4    0    5    1    5    0 -0.0000000000 0.0000000000 
    3    1    3    0    4    1    4    0    5    1    5    1 0.0020016565 -0.0000000000 
    3    1    3    0    4    1    4    1    5    0    5    0 0.0000000000 -0.0000000000 
    3    1    3    0    4    1    4    1    5    0    5    1 0.0096671503 0.0185416318 
    3    1    3    0    4    1    4    1    5    1    5    0 0.0096671503 0.0185416318 
    3    1    3    0    4    1    4    1    5    1    5    1 0.0000000000 -0.0000000000 
    3    1    3    1    4    0    4    0    5    0    5    0 0.1596361377 0.0000000000 
    3    1    3    1    4    0    4    0    5    0    5    1 0.0000000000 -0.0000000000 
    3    1    3    1    4    0    4    0    5    1    5    0 0.0000000000 0.0000000000 
    3    1    3    1    4    0    4    0    5    1    5    1 0.1596361377 0.0000000000 
    3    1    3    1    4    0    4    1    5    0    5    0 -0.0000000000 -0.0000000000 
    3    1    3    1    4    0    4    1    5    0    5    1 -0.0780944512 0.0050556092 
    3    1    3    1    4    0    4    1    5    1    5    0 -0.0780944512 0.0050556092 
    3    1    3    1    4    0    4    1    5    1    5    1 -0.0000000000 -0.0000000000 
    3    1    3    1    4    1    4    0    5    0    5    0 -0.0000000000 0.0000000000 
    3    1    3    1    4    1    4    0    5    0    5    1 -0.0780944512 -0.0050556092 
    3    1    3    1    4    1    4    0    5    1    5    0 -0.0780944512 -0.0050556092 
    3    1    3    1    4    1    4    0    5    1    5    1 -0.0000000000 0.0000000000 
    3    1    3    1    4    1    4    1    5    0    5    0 0.0903638623 0.0000000000 
    3    1    3    1    4    1    4    1    5    0    5    1 0.0000000000 -0.0000000000 
    3    1    3    1    4    1    4    1    5    1    5    0 0.0000000000 0.0000000000 
    3    1    3    1    4    1    4    1    5    1    5    1 0.0903638623 0.0000000000 
    3    0    3    0    4    0    4    0    6    0    6    0 0.0557288295 0.0000000000 
    3    0    3    0    4    0    4    0    6    0    6    1 -0.0000000000 0.0000000000 
    3    0    3    0    4    0    4    0    6    1    6    0 -0.0000000000 -0.0000000000 
    3    0    3    0    4    0    4    0    6    1    6    1 0.1249988950 0.0000000000 
    3    0    3    0    4    0    4    1    6    0    6    0 -0.0000000000 0.0000000000 
    3    0    3    0    4    0    4    1    6    0    6    1 -0.0000000000 0.0000000000 
    3    0    3    0    4    0    4    1    6    1    6    0 -0.0000000000 0.0000000000 
    3    0    3    0    4    0    4    1    6    1    6    1 -0.0000000000 0.0000000000 
    3    0    3    0    4    1    4    0    6    0    6    0 -0.0000000000 -0.0000000000 
    3    0    3    0    4    1    4    0    6    0    6    1 -0.0000000000 -0.0000000000 
    3    0    3    0    4    1    4    0    6    1    6    0 -0.0000000000 -0.0000000000 
    3    0    3    0    4    1    4    0    6    1    6    1 -0.0000000000 -0.0000000000 
    3    0    3    0    4    1    4    1    6    0    6    0 0.0689586569 0.0000000000 
    3    0    3    0    4    1    4    1    6    0    6    1 0.0000000000 -0.0000000000 
    3    0    3    0    4    1    4    1    6    1    6    0 0.0000000000 0.0000000000 
    3    0    3    0    4    1    4    1    6    1    6    1 0.2503136185 0.0000000000 
    3    0    3    1    4    0    4    0    6    0    6    0 0.0000000000 0.0000000000 
    3    0    3    1    4    0    4    0    6    0    6    1 0.0000000000 -0.0000000000 
    3    0    3    1    4    0    4    0    6    1    6    0 0.0000000000 -0.0000000000 
    3    0    3    1    4    0    4    0    6    1    6    1 0.0000000000 0.0000000000 
    3    0    3    1    4    0    4    1    6    0    6    0 0.0020016565 0.0105814255 
    3    0    3    1    4    0    4    1    6    0    6    1 0.0000000000 0.0000000000 
    3    0    3    1    4    0    4    1    6    1    6    0 0.0000000000 0.0000000000 
    3    0    3    1    4    0    4    1    6    1    6    1 0.0020016565 -0.0105814255 
    3    0    3    1    4    1    4    0    6    0    6    0 -0.0259001663 -0.0265018382 
    3    0    3    1    4    1    4    0    6    0    6    1 0.0000000000 -0.0000000000 
    3    0    3    1    4    1    4    0    6    1    6    0 0.0000000000 0.0000000000 
    3    0    3    1    4    1    4    0    6    1    6    1 -0.0259001663 0.0265018382 
    3    0    3    1    4    1    4    1    6    0    6    0 0.0000000000 0.0000000000 
    3    0    3    1    4    1    4    1    6    0    6    1 -0.0000000000 -0.0000000000 
    3    0    3    1    4    1    4    1    6    1    6    0 0.0000000000 0.0000000000 
    3    0    3    1    4    1    4    1    6    1    6    1 0.0000000000 0.0000000000 
    3    1    3    0    4    0    4    0    6    0    6    0 0.0000000000 -0.0000000000 
    3    1    3    0    4    0    4    0    6    0    6    1 0.0000000000 0.0000000000 
    3    1    3    0    4    0    4    0    6    1    6    0 0.0000000000 0.0000000000 
    3    1    3    0    4    0    4    0    6    1    6    1 0.0000000000 -0.0000000000 
    3    1    3    0    4    0    4    1    6    0    6    0 -0.0259001663 0.0265018382 
    3    1    3    0    4    0    4    1    6    0    6    1 0.0000000000 -0.0000000000 
    3    1    3    0    4    0    4    1    6    1    6    0 0.0000000000 0.0000000000 
    3    1    3    0    4    0    4    1    6    1    6    1 -0.0259001663 -0.0265018382 
    3    1    3    0    4    1    4    0    6    0    6    0 0.0020016565 -0.0105814255 
    3    1    3    0    4    1    4    0    6    0    6    1 0.0000000000 -0.0000000000 
    3    1    3    0    4    1    4    0    6    1    6    0 0.0000000000 -0.0000000000 
    3    1    3    0    4    1    4    0    6    1    6    1 0.0020016565 0.0105814255 
    3    1    3    0    4    1    4    1    6    0    6    0 0.0000000000 -0.0000000000 
    3    1    3    0    4    1    4    1    6    0    6    1 0.0000000000 -0.0000000000 
    3    1    3    0    4    1    4    1    6    1    6    0 -0.0000000000 0.0000000000 
    3    1    3    0    4    1    4    1    6    1    6    1 0.0000000000 -0.0000000000 
    3    1    3    1    4    0    4    0    6    0    6    0 0.2503136185 0.0000000000 
    3    1    3    1    4    0    4    0    6    0    6    1 0.0000000000 0.0000000000 
    3    1    3    1    4    0    4    0    6    1    6    0 0.0000000000 -0.0000000000 
    3    1    3    1    4    0    4    0    6    1    6    1 0.0689586569 0.0000000000 
    3    1    3    1    4    0    4    1    6    0    6    0 -0.0000000000 -0.0000000000 
    3    1    3    1    4    0    4    1    6    0    6    1 -0.0000000000 -0.0000000000 
    3    1    3    1    4    0    4    1    6    1    6    0 -0.0000000000 -0.0000000000 
    3    1    3    1    4    0    4    1    6    1    6    1 -0.0000000000 0.0000000000 
    3    1    3    1    4    1    4    0    6    0    6    0 -0.0000000000 0.0000000000 
    3    1    3    1    4    1    4    0    6    0    6    1 -0.0000000000 0.0000000000 
    3    1    3    1    4    1    4    0    6    1    6    0 -0.0000000000 0.0000000000 
    3    1    3    1    4    1    4    0    6    1    6    1 -0.0000000000 -0.0000000000 
    3    1    3    1    4    1    4    1    6    0    6    0 0.1249988950 0.0000000000 
    3    1    3    1    4    1    4    1    6    0    6    1 0.0000000000 0.0000000000 
    3    1    3    1    4    1    4    1    6    1    6    0 0.0000000000 -0.0000000000 
    3    1    3    1    4    1    4    1    6    1    6    1 0.0557288295 0.0000000000 
    3    0    3    0    4    0    4    0    7    0    7    0 0.0903638623 0.0000000000 
    3    0    3    0    4    0    4    0    7    0    7    1 0.0000000000 -0.0000000000 
    3    0    3    0    4    0    4    0    7    1    7    0 0.0000000000 0.0000000000 
    3    0    3    0    4    0    4    0    7    1    7    1 0.0903638623 0.0000000000 
    3    0    3    0    4    0    4    1    7    0    7    0 -0.0000000000 0.0000000000 
    3    0    3    0    4    0    4    1    7    0    7    1 0.0615035406 -0.0050556092 
    3    0    3    0    4    0    4    1    7    1    7    0 -0.0615035406 0.0050556092 
    3    0    3    0    4    0    4    1    7    1    7    1 0.0000000000 0.0000000000 
    3    0    3    0    4    1    4    0    7    0    7    0 -0.0000000000 -0.0000000000 
    3    0    3    0    4    1    4    0    7    0    7    1 -0.0615035406 -0.0050556092 
    3    0    3    0    4    1    4    0    7    1    7    0 0.0615035406 0.0050556092 
    3    0    3    0    4    1    4    0    7    1    7    1 0.0000000000 -0.0000000000 
    3    0    3    0    4    1    4    1    7    0    7    0 0.1596361377 0.0000000000 
    3    0    3    0    4    1    4    1    7    0    7    1 -0.0000000000 -0.0000000000 
    3    0    3    0    4    1    4    1    7    1    7    0 -0.0000000000 0.0000000000 
    3    0    3    0    4    1    4    1    7    1    7    1 0.1596361377 0.0000000000 
    3    0    3    1    4    0    4    0    7    0    7    0 0.0000000000 -0.0000000000 
    3    0    3    1    4    0    4    0    7    0    7    1 -0.0112865244 -0.0079602064 
    3    0    3    1    4    0    4    0    7    1    7    0 0.0112865244 0.0079602064 
    3    0    3    1    4    0    4    0    7    1    7    1 0.0000000000 0.0000000000 
    3    0    3    1    4    0    4    1    7    0    7    0 0.0020016565 0.0000000000 
    3    0    3    1    4    0    4    1    7    0    7    1 0.0000000000 -0.0000000000 
    3    0    3    1    4    0    4    1    7    1    7    0 -0.0000000000 -0.0000000000 
    3    0    3    1    4    0    4    1    7    1    7    1 0.0020016565 0.0000000000 
    3    0    3    1    4    1    4    0    7    0    7    0 -0.0259001663 -0.0000000000 
    3    0    3    1    4    1    4    0    7    0    7    1 -0.0000000000 -0.0000000000 
    3    0    3    1    4    1    4    0    7    1    7    0 -0.0000000000 -0.0000000000 
    3    0    3    1    4    1    4    0    7    1    7    1 -0.0259001663 -0.0000000000 
    3    0    3    1    4    1    4    1    7    0    7    0 0.0000000000 0.0000000000 
    3    0    3    1    4    1    4    1    7    0    7    1 -0.0112865244 0.0079602064 
    3    0    3    1    4    1    4    1    7    1    7    0 0.0112865244 -0.0079602064 
    3    0    3    1    4    1    4    1    7    1    7    1 0.0000000000 0.0000000000 
    3    1    3    0    4    0    4    0    7    0    7    0 0.0000000000 0.0000000000 
    3    1    3    0    4    0    4    0    7    0    7    1 0.0112865244 -0.0079602064 
    3    1    3    0    4    0    4    0    7    1    7    0 -0.0112865244 0.0079602064 
    3    1    3    0    4    0    4    0    7    1    7    1 0.0000000000 -0.0000000000 
    3    1    3    0    4    0    4    1    7    0    7    0 -0.0259001663 0.0000000000 
    3    1    3    0    4    0    4    1    7    0    7    1 -0.0000000000 0.0000000000 
    3    1    3    0    4    0    4    1    7    1    7    0 -0.0000000000 0.0000000000 
    3    1    3    0    4    0    4    1    7    1    7    1 -0.0259001663 0.0000000000 
    3    1    3    0    4    1    4    0    7    0    7    0 0.0020016565 -0.0000000000 
    3    1    3    0    4    1    4    0    7    0    7    1 -0.0000000000 0.0000000000 
    3    1    3    0    4    1    4    0    7    1    7    0 0.0000000000 0.0000000000 
    3    1    3    0    4    1    4    0    7    1    7    1 0.0020016565 -0.0000000000 
    3    1    3    0    4    1    4    1    7    0    7    0 0.0000000000 -0.0000000000 
    3    1    3    0    4    1    4    1    7    0    7    1 0.0112865244 0.0079602064 
    3    1    3    0    4    1    4    1    7    1    7    0 -0.0112865244 -0.0079602064 
    3    1    3    0    4    1    4    1    7    1    7    1 0.0000000000 -0.0000000000 
    3    1    3    1    4    0    4    0    7    0    7    0 0.1596361377 0.0000000000 
    3    1    3    1    4    0    4    0    7    0    7    1 0.0000000000 0.0000000000 
    3    1    3    1    4    0    4    0    7    1    7    0 0.0000000000 -0.0000000000 
    3    1    3    1    4    0    4    0    7    1    7    1 0.1596361377 0.0000000000 
    3    1    3    1    4    0    4    1    7    0    7    0 -0.0000000000 -0.0000000000 
    3    1    3    1    4    0    4    1    7    0    7    1 0.0615035406 0.0050556092 
    3    1    3    1    4    0    4    1    7    1    7    0 -0.0615035406 -0.0050556092 
    3    1    3    1    4    0    4    1    7    1    7    1 0.0000000000 0.0000000000 
    3    1    3    1    4    1    4    0    7    0    7    0 -0.0000000000 0.0000000000 
    3    1    3    1    4    1    4    0    7    0    7    1 -0.0615035406 0.0050556092 
    3    1    3    1    4    1    4    0    7    1    7    0 0.0615035406 -0.0050556092 
    3    1    3    1    4    1    4    0    7    1    7    1 0.0000000000 -0.0000000000 
    3    1    3    1    4    1    4    1    7    0    7    0 0.0903638623 0.0000000000 
    3    1    3    1    4    1    4    1    7    0    7    1 -0.0000000000 0.0000000000 
    3    1    3    1    4    1    4    1    7    1    7    0 -0.0000000000 -0.0000000000 
    3    1    3    1    4    1    4    1    7    1    7    1 0.0903638623 0.0000000000 
    3    0    3    0    5    0    5    0    6    0    6    0 0.0623437432 0.0000000000 
    3    0    3    0    5    0    5    0    6    0    6    1 0.0000000000 0.0000000000 
    3    0    3    0    5    0    5    0    6    1    6    0 0.0000000000 -0.0000000000 
    3    0    3    0    5    0    5    0    6    1    6    1 0.1876562568 0.0000000000 
    3    0    3    0    5    0    5    1    6    0    6    0 -0.0000000000 -0.0000000000 
    3    0    3    0    5    0    5    1    6    0    6    1 0.0615035406 0.0000000000 
    3    0    3    0    5    0    5    1    6    1    6    0 -0.0615035406 -0.0000000000 
    3    0    3    0    5    0    5    1    6    1    6    1 0.0000000000 -0.0000000000 
    3    0    3    0    5    1    5    0    6    0    6    0 -0.0000000000 0.0000000000 
    3    0    3    0    5    1    5    0    6    0    6    1 -0.0615035406 0.0000000000 
    3    0    3    0    5    1    5    0    6    1    6    0 0.0615035406 -0.0000000000 
    3    0    3    0    5    1    5    0    6    1    6    1 0.0000000000 0.0000000000 
    3    0    3    0    5    1    5    1    6    0    6    0 0.0623437432 0.0000000000 
    3    0    3    0    5    1    5    1    6    0    6    1 -0.0000000000 -0.0000000000 
    3    0    3    0    5    1    5    1    6    1    6    0 -0.0000000000 0.0000000000 
    3    0    3    0    5    1    5    1    6    1    6    1 0.1876562568 0.0000000000 
    3    0    3    1    5    0    5    0    6    0    6    0 0.0000000000 0.0000000000 
    3    0    3    1    5    0    5    0    6    0    6    1 -0.0000000000 -0.0079602064 
    3    0    3    1    5    0    5    0    6    1    6    0 0.0000000000 -0.0496403880 
    3    0    3    1    5    0    5    0    6    1    6    1 0.0000000000 0.0000000000 
    3    0    3    1    5    0    5    1    6    0    6    0 0.0096671503 0.0208400908 
    3    0    3    1    5    0    5    1    6    0    6    1 -0.0000000000 -0.0000000000 
    3    0    3    1    5    0    5    1    6    1    6    0 -0.0000000000 -0.0000000000 
    3    0    3    1    5    0    5    1    6    1    6    1 0.0096671503 -0.0208400908 
    3    0    3    1    5    1    5    0    6    0    6    0 0.0096671503 0.0208400908 
    3    0    3    1    5    1    5    0    6    0    6    1 -0.0000000000 -0.0000000000 
    3    0    3    1    5    1    5    0    6    1    6    0 0.0000000000 -0.0000000000 
    3    0    3    1    5    1    5    0    6    1    6    1 0.0096671503 -0.0208400908 
    3    0    3    1    5    1    5    1    6    0    6    0 0.0000000000 0.0000000000 
    3    0    3    1    5    1    5    1    6    0    6    1 -0.0000000000 0.0079602064 
    3    0    3    1    5    1    5    1    6    1    6    0 0.0000000000 0.0496403880 
    3    0    3    1    5    1    5    1    6    1    6    1 0.0000000000 0.0000000000 
    3    1    3    0    5    0    5    0    6    0    6    0 0.0000000000 -0.0000000000 
    3    1    3    0    5    0    5    0    6    0    6    1 0.0000000000 0.0496403880 
    3    1    3    0    5    0    5    0    6    1    6    0 -0.0000000000 0.0079602064 
    3    1    3    0    5    0    5    0    6    1    6    1 0.0000000000 -0.0000000000 
    3    1    3    0    5    0    5    1    6    0    6    0 0.0096671503 -0.0208400908 
    3    1    3    0    5    0    5    1    6    0    6    1 0.0000000000 0.0000000000 
    3    1    3    0    5    0    5    1    6    1    6    0 -0.0000000000 0.0000000000 
    3    1    3    0    5    0    5    1    6    1    6    1 0.0096671503 0.0208400908 
    3    1    3    0    5    1    5    0    6    0    6    0 0.0096671503 -0.0208400908 
    3    1    3    0    5    1    5    0    6    0    6    1 -0.0000000000 0.0000000000 
    3    1    3    0    5    1    5    0    6    1    6    0 -0.0000000000 0.0000000000 
    3    1    3    0    5    1    5    0    6    1    6    1 0.0096671503 0.0208400908 
    3    1    3    0    5    1    5    1    6    0    6    0 0.0000000000 -0.0000000000 
    3    1    3    0    5    1    5    1    6    0    6    1 0.0000000000 -0.0496403880 
    3    1    3    0    5    1    5    1    6    1    6    0 -0.0000000000 -0.0079602064 
    3    1    3    0    5    1    5    1    6    1    6    1 0.0000000000 -0.0000000000 
    3    1    3    1    5    0    5    0    6    0    6    0 0.1876562568 0.0000000000 
    3    1    3    1    5    0    5    0    6    0    6    1 0.0000000000 0.0000000000 
    3    1    3    1    5    0    5    0    6    1    6    0 0.0000000000 -0.0000000000 
    3    1    3    1    5    0    5    0    6    1    6    1 0.0623437432 0.0000000000 
    3    1    3    1    5    0    5    1    6    0    6    0 0.0000000000 -0.0000000000 
    3    1    3    1    5    0    5    1    6    0    6    1 0.0615035406 0.0000000000 
    3    1    3    1    5    0    5    1    6    1    6    0 -0.0615035406 -0.0000000000 
    3    1    3    1    5    0    5    1    6    1    6    1 0.0000000000 -0.0000000000 
    3    1    3    1    5    1    5    0    6    0    6    0 0.0000000000 0.0000000000 
    3    1    3    1    5    1    5    0    6    0    6    1 -0.0615035406 0.0000000000 
    3    1    3    1    5    1    5    0    6    1    6    0 0.0615035406 -0.0000000000 
    3    1    3    1    5    1    5    0    6    1    6    1 0.0000000000 0.0000000000 
    3    1    3    1    5    1    5    1    6    0    6    0 0.1876562568 0.0000000000 
    3    1    3    1    5    1    5    1    6    0    6    1 0.0000000000 0.0000000000 
    3    1    3    1    5    1    5    1    6    1    6    0 0.0000000000 -0.0000000000 
    3    1    3    1    5    1    5    1    6    1    6    1 0.0623437432 0.0000000000 
    3    0    3    0    5    0    5    0    7    0    7    0 0.1530212240 0.0000000000 
    3    0    3    0    5    0    5    0    7    0    7    1 -0.0000000000 -0.0000000000 
    3    0    3    0    5    0    5    0    7    1    7    0 -0.0000000000 0.0000000000 
    3    0    3    0    5    0    5    0    7    1    7    1 0.0969787760 0.0000000000 
    3    0    3    0    5    0    5    1    7    0    7    0 0.0000000000 0.0000000000 
    3    0    3    0    5    0    5    1    7    0    7    1 -0.0000000000 0.0062490767 
    3    0    3    0    5    0    5    1    7    1    7    0 -0.0000000000 -0.0062490767 
    3    0    3    0    5    0    5    1    7    1    7    1 0.0000000000 -0.0000000000 
    3    0    3    0    5    1    5    0    7    0    7    0 0.0000000000 -0.0000000000 
    3    0    3    0    5    1    5    0    7    0    7    1 -0.0000000000 0.0062490767 
    3    0    3    0    5    1    5    0    7    1    7    0 -0.0000000000 -0.0062490767 
    3    0    3    0    5    1    5    0    7    1    7    1 0.0000000000 0.0000000000 
    3    0    3    0    5    1    5    1    7    0    7    0 0.0969787760 0.0000000000 
    3    0    3    0    5    1    5    1    7    0    7    1 0.0000000000 -0.0000000000 
    3    0    3    0    5    1    5    1    7    1    7    0 0.0000000000 0.0000000000 
    3    0    3    0    5    1    5    1    7    1    7    1 0.1530212240 0.0000000000 
    3    0    3    1    5    0    5    0    7    0    7    0 0.0000000000 0.0000000000 
    3    0    3    1    5    0    5    0    7    0    7    1 -0.0112865244 0.0098393562 
    3    0    3    1    5    0    5    0    7    1    7    0 0.0112865244 0.0098393562 
    3    0    3    1    5    0    5    0    7    1    7    1 0.0000000000 0.0000000000 
    3    0    3    1    5    0    5    1    7    0    7    0 0.0096671503 -0.0229187173 
    3    0    3    1    5    0    5    1    7    0    7    1 0.0000000000 0.0000000000 
    3    0    3    1    5    0    5    1    7    1    7    0 0.0000000000 0.0000000000 
    3    0    3    1    5    0    5    1    7    1    7    1 0.0096671503 0.0229187173 
    3    0    3    1    5    1    5    0    7    0    7    0 0.0096671503 0.0229187173 
    3    0    3    1    5    1    5    0    7    0    7    1 0.0000000000 0.0000000000 
    3    0    3    1    5    1    5    0    7    1    7    0 0.0000000000 0.0000000000 
    3    0    3    1    5    1    5    0    7    1    7    1 0.0096671503 -0.0229187173 
    3    0    3    1    5    1    5    1    7    0    7    0 0.0000000000 0.0000000000 
    3    0    3    1    5    1    5    1    7    0    7    1 -0.0112865244 -0.0098393562 
    3    0    3    1    5    1    5    1    7    1    7    0 0.0112865244 -0.0098393562 
    3    0    3    1    5    1    5    1    7    1    7    1 0.0000000000 0.0000000000 
    3    1    3    0    5    0    5    0    7    0    7    0 0.0000000000 -0.0000000000 
    3    1    3    0    5    0    5    0    7    0    7    1 0.0112865244 -0.0098393562 
    3    1    3    0    5    0    5    0    7    1    7    0 -0.0112865244 -0.0098393562 
    3    1    3    0    5    0    5    0    7    1    7    1 0.0000000000 -0.0000000000 
    3    1    3    0    5    0    5    1    7    0    7    0 0.0096671503 -0.0229187173 
    3    1    3    0    5    0    5    1    7    0    7    1 0.0000000000 -0.0000000000 
    3    1    3    0    5    0    5    1    7    1    7    0 0.0000000000 -0.0000000000 
    3    1    3    0    5    0    5    1    7    1    7    1 0.0096671503 0.0229187173 
    3    1    3    0    5    1    5    0    7    0    7    0 0.0096671503 0.0229187173 
    3    1    3    0    5    1    5    0    7    0    7    1 0.0000000000 -0.0000000000 
    3    1    3    0    5    1    5    0    7    1    7    0 0.0000000000 -0.0000000000 
    3    1    3    0    5    1    5    0    7    1    7    1 0.0096671503 -0.0229187173 
    3    1    3    0    5    1    5    1    7    0    7    0 0.0000000000 -0.0000000000 
    3    1    3    0    5    1    5    1    7    0    7    1 0.0112865244 0.0098393562 
    3    1    3    0    5    1    5    1    7    1    7    0 -0.0112865244 0.0098393562 
    3    1    3    0    5    1    5    1    7    1    7    1 0.0000000000 -0.0000000000 
    3    1    3    1    5    0    5    0    7    0    7    0 0.1530212240 0.0000000000 
    3    1    3    1    5    0    5    0    7    0    7    1 -0.0000000000 0.0000000000 
    3    1    3    1    5    0    5    0    7    1    7    0 -0.0000000000 -0.0000000000 
    3    1    3    1    5    0    5    0    7    1    7    1 0.0969787760 0.0000000000 
    3    1    3    1    5    0    5    1    7    0    7    0 0.0000000000 -0.0000000000 
    3    1    3    1    5    0    5    1    7    0    7    1 -0.0000000000 -0.0062490767 
    3    1    3    1    5    0    5    1    7    1    7    0 -0.0000000000 0.0062490767 
    3    1    3    1    5    0    5    1    7    1    7    1 -0.0000000000 -0.0000000000 
    3    1    3    1    5    1    5    0    7    0    7    0 0.0000000000 0.0000000000 
    3    1    3    1    5    1    5    0    7    0    7    1 -0.0000000000 -0.0062490767 
    3    1    3    1    5    1    5    0    7    1    7    0 -0.0000000000 0.0062490767 
    3    1    3    1    5    1    5    0    7    1    7    1 -0.0000000000 0.0000000000 
    3    1    3    1    5    1    5    1    7    0    7    0 0.0969787760 0.0000000000 
    3    1    3    1    5    1    5    1    7    0    7    1 -0.0000000000 0.0000000000 
    3    1    3    1    5    1    5    1    7    1    7    0 -0.0000000000 -0.0000000000 
    3    1    3    1    5    1    5    1    7    1    7    1 0.1530212240 0.0000000000 
    3    0    3    0    6    0    6    0    7    0    7    0 0.0623437432 0.0000000000 
    3    0    3    0    6    0    6    0    7    0    7    1 -0.0000000000 0.0000000000 
    3    0    3    0    6    0    6    0    7    1    7    0 -0.0000000000 -0.0000000000 
    3    0    3    0    6    0    6    0    7    1    7    1 0.0623437432 0.0000000000 
    3    0    3    0    6    0    6    1    7    0    7    0 0.0000000000 -0.0000000000 
    3    0    3    0    6    0    6    1    7    0    7    1 -0.0780944512 -0.0000000000 
    3    0    3    0    6    0    6    1    7    1    7    0 -0.0780944512 0.0000000000 
    3    0    3    0    6    0    6    1    7    1    7    1 0.0000000000 0.0000000000 
    3    0    3    0    6    1    6    0    7    0    7    0 0.0000000000 0.0000000000 
    3    0    3    0    6    1    6    0    7    0    7    1 -0.0780944512 -0.0000000000 
    3    0    3    0    6    1    6    0    7    1    7    0 -0.0780944512 0.0000000000 
    3    0    3    0    6    1    6    0    7    1    7    1 0.0000000000 -0.0000000000 
    3    0    3    0    6    1    6    1    7    0    7    0 0.1876562568 0.0000000000 
    3    0    3    0    6    1    6    1    7    0    7    1 -0.0000000000 -0.0000000000 
    3    0    3    0    6    1    6    1    7    1    7    0 -0.0000000000 0.0000000000 
    3    0    3    0    6    1    6    1    7    1    7    1 0.1876562568 0.0000000000 
    3    0    3    1    6    0    6    0    7    0    7    0 0.0000000000 0.0000000000 
    3    0    3    1    6    0    6    0    7    0    7    1 -0.0112865244 -0.0485426223 
    3    0    3    1    6    0    6    0    7    1    7    0 0.0112865244 0.0485426223 
    3    0    3    1    6    0    6    0    7    1    7    1 0.0000000000 0.0000000000 
    3    0    3    1    6    0    6    1    7    0    7    0 -0.0000000000 0.0185416318 
    3    0    3    1    6    0    6    1    7    0    7    1 -0.0000000000 -0.0000000000 
    3    0    3    1    6    0    6    1    7    1    7    0 -0.0000000000 0.0000000000 
    3    0    3    1    6    0    6    1    7    1    7    1 0.0000000000 -0.0185416318 
    3    0    3    1    6    1    6    0    7    0    7    0 0.0000000000 -0.1156268764 
    3    0    3    1    6    1    6    0    7    0    7    1 -0.0000000000 0.0000000000 
    3    0    3    1    6    1    6    0    7    1    7    0 -0.0000000000 -0.0000000000 
    3    0    3    1    6    1    6    0    7    1    7    1 0.0000000000 0.1156268764 
    3    0    3    1    6    1    6    1    7    0    7    0 0.0000000000 0.0000000000 
    3    0    3    1    6    1    6    1    7    0    7    1 -0.0112865244 0.0485426223 
    3    0    3    1    6    1    6    1    7    1    7    0 0.0112865244 -0.0485426223 
    3    0    3    1    6    1    6    1    7    1    7    1 0.0000000000 0.0000000000 
    3    1    3    0    6    0    6    0    7    0    7    0 0.0000000000 -0.0000000000 
    3    1    3    0    6    0    6    0    7    0    7    1 0.0112865244 -0.0485426223 
    3    1    3    0    6    0    6    0    7    1    7    0 -0.0112865244 0.0485426223 
    3    1    3    0    6    0    6    0    7    1    7    1 0.0000000000 -0.0000000000 
    3    1    3    0    6    0    6    1    7    0    7    0 0.0000000000 0.1156268764 
    3    1    3    0    6    0    6    1    7    0    7    1 -0.0000000000 0.0000000000 
    3    1    3    0    6    0    6    1    7    1    7    0 -0.0000000000 -0.0000000000 
    3    1    3    0    6    0    6    1    7    1    7    1 0.0000000000 -0.1156268764 
    3    1    3    0    6    1    6    0    7    0    7    0 -0.0000000000 -0.0185416318 
    3    1    3    0    6    1    6    0    7    0    7    1 -0.0000000000 -0.0000000000 
    3    1    3    0    6    1    6    0    7    1    7    0 -0.0000000000 0.0000000000 
    3    1    3    0    6    1    6    0    7    1    7    1 0.0000000000 0.0185416318 
    3    1    3    0    6    1    6    1    7    0    7    0 0.0000000000 -0.0000000000 
    3    1    3    0    6    1    6    1    7    0    7    1 0.0112865244 0.0485426223 
    3    1    3    0    6    1    6    1    7    1    7    0 -0.0112865244 -0.0485426223 
    3    1    3    0    6    1    6    1    7    1    7    1 0.0000000000 -0.0000000000 
    3    1    3    1    6    0    6    0    7    0    7    0 0.1876562568 0.0000000000 
    3    1    3    1    6    0    6    0    7    0    7    1 -0.0000000000 0.0000000000 
    3    1    3    1    6    0    6    0    7    1    7    0 -0.0000000000 -0.0000000000 
    3    1    3    1    6    0    6    0    7    1    7    1 0.1876562568 0.0000000000 
    3    1    3    1    6    0    6    1    7    0    7    0 0.0000000000 -0.0000000000 
    3    1    3    1    6    0    6    1    7    0    7    1 -0.0780944512 -0.0000000000 
    3    1    3    1    6    0    6    1    7    1    7    0 -0.0780944512 -0.0000000000 
    3    1    3    1    6    0    6    1    7    1    7    1 0.0000000000 0.0000000000 
    3    1    3    1    6    1    6    0    7    0    7    0 0.0000000000 0.0000000000 
    3    1    3    1    6    1    6    0    7    0    7    1 -0.0780944512 0.0000000000 
    3    1    3    1    6    1    6    0    7    1    7    0 -0.0780944512 0.0000000000 
    3    1    3    1    6    1    6    0    7    1    7    1 0.0000000000 -0.0000000000 
    3    1    3    1    6    1    6    1    7    0    7    0 0.0623437432 0.0000000000 
    3    1    3    1    6    1    6    1    7    0    7    1 -0.0000000000 -0.0000000000 
    3    1    3    1    6    1    6    1    7    1    7    0 -0.0000000000 0.0000000000 
    3    1    3    1    6    1    6    1    7    1    7    1 0.0623437432 0.0000000000 
    4    0    4    0    5    0    5    0    6    0    6    0 0.1530212240 0.0000000000 
    4    0    4    0    5    0    5    0    6    0    6    1 0.0000000000 0.0000000000 
    4    0    4    0    5    0    5    0    6    1    6    0 0.0000000000 -0.0000000000 
    4    0    4    0    5    0    5    0    6    1    6    1 0.0969787760 0.0000000000 
    4    0    4    0    5    0    5    1    6    0    6    0 0.0000000000 0.0000000000 
    4    0    4    0    5    0    5    1    6    0    6    1 0.0615035406 0.0132357568 
    4    0    4    0    5    0    5    1    6    1    6    0 -0.0615035406 0.0132357568 
    4    0    4    0    5    0    5    1    6    1    6    1 0.0000000000 -0.0000000000 
    4    0    4    0    5    1    5    0    6    0    6    0 0.0000000000 -0.0000000000 
    4    0    4    0    5    1    5    0    6    0    6    1 -0.0615035406 -0.0132357568 
    4    0    4    0    5    1    5    0    6    1    6    0 0.0615035406 -0.0132357568 
    4    0    4    0    5    1    5    0    6    1    6    1 0.0000000000 0.0000000000 
    4    0    4    0    5    1    5    1    6    0    6    0 0.1530212240 0.0000000000 
    4    0    4    0    5    1    5    1    6    0    6    1 -0.0000000000 -0.0000000000 
    4    0    4    0    5    1    5    1    6    1    6    0 -0.0000000000 0.0000000000 
    4    0    4    0    5    1    5    1    6    1    6    1 0.0969787760 0.0000000000 
    4    0    4    1    5    0    5    0    6    0    6    0 -0.0000000000 -0.0000000000 
    4    0    4    1    5    0    5    0    6    0    6    1 -0.0000000000 -0.0182913660 
    4    0    4    1    5    0    5    0    6    1    6    0 0.0000000000 -0.0182913660 
    4    0    4    1    5    0    5    0    6    1    6    1 -0.0000000000 0.0000000000 
    4    0    4    1    5    0    5    1    6    0    6    0 -0.0780944512 0.0132357568 
    4    0    4    1    5    0    5    1    6    0    6    1 -0.0000000000 -0.0000000000 
    4    0    4    1    5    0    5    1    6    1    6    0 -0.0000000000 -0.0000000000 
    4    0    4    1    5    0    5    1    6    1    6    1 -0.0780944512 -0.0132357568 
    4    0    4    1    5    1    5    0    6    0    6    0 -0.0780944512 0.0132357568 
    4    0    4    1    5    1    5    0    6    0    6    1 0.0000000000 -0.0000000000 
    4    0    4    1    5    1    5    0    6    1    6    0 -0.0000000000 -0.0000000000 
    4    0    4    1    5    1    5    0    6    1    6    1 -0.0780944512 -0.0132357568 
    4    0    4    1    5    1    5    1    6    0    6    0 -0.0000000000 0.0000000000 
    4    0    4    1    5    1    5    1    6    0    6    1 -0.0000000000 0.0182913660 
    4    0    4    1    5    1    5    1    6    1    6    0 -0.0000000000 0.0182913660 
    4    0    4    1    5    1    5    1    6    1    6    1 -0.0000000000 -0.0000000000 
    4    1    4    0    5    0    5    0    6    0    6    0 -0.0000000000 0.0000000000 
    4    1    4    0    5    0    5    0    6    0    6    1 0.0000000000 0.0182913660 
    4    1    4    0    5    0    5    0    6    1    6    0 -0.0000000000 0.0182913660 
    4    1    4    0    5    0    5    0    6    1    6    1 -0.0000000000 -0.0000000000 
    4    1    4    0    5    0    5    1    6    0    6    0 -0.0780944512 -0.0132357568 
    4    1    4    0    5    0    5    1    6    0    6    1 -0.0000000000 0.0000000000 
    4    1    4    0    5    0    5    1    6    1    6    0 0.0000000000 0.0000000000 
    4    1    4    0    5    0    5    1    6    1    6    1 -0.0780944512 0.0132357568 
    4    1    4    0    5    1    5    0    6    0    6    0 -0.0780944512 -0.0132357568 
    4    1    4    0    5    1    5    0    6    0    6    1 -0.0000000000 0.0000000000 
    4    1    4    0    5    1    5    0    6    1    6    0 -0.0000000000 0.0000000000 
    4    1    4    0    5    1    5    0    6    1    6    1 -0.0780944512 0.0132357568 
    4    1    4    0    5    1    5    1    6    0    6    0 -0.0000000000 -0.0000000000 
    4    1    4    0    5    1    5    1    6    0    6    1 -0.0000000000 -0.0182913660 
    4    1    4    0    5    1    5    1    6    1    6    0 -0.0000000000 -0.0182913660 
    4    1    4    0    5    1    5    1    6    1    6    1 -0.0000000000 0.0000000000 
    4    1    4    1    5    0    5    0    6    0    6    0 0.0969787760 0.0000000000 
    4    1    4    1    5    0    5    0    6    0    6    1 0.0000000000 0.0000000000 
    4    1    4    1    5    0    5    0    6    1    6    0 0.0000000000 -0.0000000000 
    4    1    4    1    5    0    5    0    6    1    6    1 0.1530212240 0.0000000000 
    4    1    4    1    5    0    5    1    6    0    6    0 0.0000000000 -0.0000000000 
    4    1    4    1    5    0    5    1    6    0    6    1 0.0615035406 -0.0132357568 
    4    1    4    1    5    0    5    1    6    1    6    0 -0.0615035406 -0.0132357568 
    4    1    4    1    5    0    5    1    6    1    6    1 0.0000000000 0.0000000000 
    4    1    4    1    5    1    5    0    6    0    6    0 0.0000000000 0.0000000000 
    4    1    4    1    5    1    5    0    6    0    6    1 -0.0615035406 0.0132357568 
    4    1    4    1    5    1    5    0    6    1    6    0 0.0615035406 0.0132357568 
    4    1    4    1    5    1    5    0    6    1    6    1 0.0000000000 -0.0000000000 
    4    1    4    1    5    1    5    1    6    0    6    0 0.0969787760 0.0000000000 
    4    1    4    1    5    1    5    1    6    0    6    1 0.0000000000 -0.0000000000 
    4    1    4    1    5    1    5    1    6    1    6    0 0.0000000000 0.0000000000 
    4    1    4    1    5    1    5    1    6    1    6    1 0.1530212240 0.0000000000 
    4    0    4    0    5    0    5    0    7    0    7    0 0.1530212240 0.0000000000 
    4    0    4    0    5    0    5    0    7    0    7    1 -0.0000000000 0.0000000000 
    4    0    4    0    5    0    5    0    7    1    7    0 -0.0000000000 -0.0000000000 
    4    0    4    0    5    0    5    0    7    1    7    1 0.0969787760 0.0000000000 
    4    0    4    0    5    0    5    1    7    0    7    0 0.0000000000 -0.0000000000 
    4    0    4    0    5    0    5    1    7    0    7    1 -0.0000000000 -0.0182913660 
    4    0    4    0    5    0    5    1    7    1    7    0 -0.0000000000 -0.0182913660 
    4    0    4    0    5    0    5    1    7    1    7    1 0.0000000000 -0.0000000000 
    4    0    4    0    5    1    5    0    7    0    7    0 0.0000000000 0.0000000000 
    4    0    4    0    5    1    5    0    7    0    7    1 -0.0000000000 0.0182913660 
    4    0    4    0    5    1    5    0    7    1    7    0 -0.0000000000 0.0182913660 
    4    0    4    0    5    1    5    0    7    1    7    1 0.0000000000 0.0000000000 
    4    0    4    0    5    1    5    1    7    0    7    0 0.0969787760 0.0000000000 
    4    0    4    0    5    1    5    1    7    0    7    1 0.0000000000 -0.0000000000 
    4    0    4    0    5    1    5    1    7    1    7    0 0.0000000000 0.0000000000 
    4    0    4    0    5    1    5    1    7    1    7    1 0.1530212240 0.0000000000 
    4    0    4    1    5    0    5    0    7    0    7    0 -0.0000000000 -0.0000000000 
    4    0    4    1    5    0    5    0    7    0    7    1 0.0615035406 0.0132357568 
    4    0    4    1    5    0    5    0    7    1    7    0 -0.0615035406 0.0132357568 
    4    0    4    1    5    0    5    0    7    1    7    1 0.0000000000 -0.0000000000 
    4    0    4    1    5    0    5    1    7    0    7    0 -0.0780944512 0.0132357568 
    4    0    4    1    5    0    5    1    7    0    7    1 0.0000000000 -0.0000000000 
    4    0    4    1    5    0    5    1    7    1    7    0 0.0000000000 0.0000000000 
    4    0    4    1    5    0    5    1    7    1    7    1 -0.0780944512 -0.0132357568 
    4    0    4    1    5    1    5    0    7    0    7    0 -0.0780944512 -0.0132357568 
    4    0    4    1    5    1    5    0    7    0    7    1 0.0000000000 0.0000000000 
    4    0    4    1    5    1    5    0    7    1    7    0 -0.0000000000 0.0000000000 
    4    0    4    1    5    1    5    0    7    1    7    1 -0.0780944512 0.0132357568 
    4    0    4    1    5    1    5    1    7    0    7    0 -0.0000000000 -0.0000000000 
    4    0    4    1    5    1    5    1    7    0    7    1 0.0615035406 -0.0132357568 
    4    0    4    1    5    1    5    1    7    1    7    0 -0.0615035406 -0.0132357568 
    4    0    4    1    5    1    5    1    7    1    7    1 0.0000000000 0.0000000000 
    4    1    4    0    5    0    5    0    7    0    7    0 -0.0000000000 0.0000000000 
    4    1    4    0    5    0    5    0    7    0    7    1 -0.0615035406 -0.0132357568 
    4    1    4    0    5    0    5    0    7    1    7    0 0.0615035406 -0.0132357568 
    4    1    4    0    5    0    5    0    7    1    7    1 0.0000000000 0.0000000000 
    4    1    4    0    5    0    5    1    7    0    7    0 -0.0780944512 0.0132357568 
    4    1    4    0    5    0    5    1    7    0    7    1 -0.0000000000 -0.0000000000 
    4    1    4    0    5    0    5    1    7    1    7    0 0.0000000000 -0.0000000000 
    4    1    4    0    5    0    5    1    7    1    7    1 -0.0780944512 -0.0132357568 
    4    1    4    0    5    1    5    0    7    0    7    0 -0.0780944512 -0.0132357568 
    4    1    4    0    5    1    5    0    7    0    7    1 0.0000000000 -0.0000000000 
    4    1    4    0    5    1    5    0    7    1    7    0 0.0000000000 0.0000000000 
    4    1    4    0    5    1    5    0    7    1    7    1 -0.0780944512 0.0132357568 
    4    1    4    0    5    1    5    1    7    0    7    0 -0.0000000000 0.0000000000 
    4    1    4    0    5    1    5    1    7    0    7    1 -0.0615035406 0.0132357568 
    4    1    4    0    5    1    5    1    7    1    7    0 0.0615035406 0.0132357568 
    4    1    4    0    5    1    5    1    7    1    7    1 0.0000000000 -0.0000000000 
    4    1    4    1    5    0    5    0    7    0    7    0 0.1530212240 0.0000000000 
    4    1    4    1    5    0    5    0    7    0    7    1 -0.0000000000 -0.0000000000 
    4    1    4    1    5    0    5    0    7    1    7    0 -0.0000000000 0.0000000000 
    4    1    4    1    5    0    5    0    7    1    7    1 0.0969787760 0.0000000000 
    4    1    4    1    5    0    5    1    7    0    7    0 0.0000000000 0.0000000000 
    4    1    4    1    5    0    5    1    7    0    7    1 -0.0000000000 0.0182913660 
    4    1    4    1    5    0    5    1    7    1    7    0 -0.0000000000 0.0182913660 
    4    1    4    1    5    0    5    1    7    1    7    1 -0.0000000000 -0.0000000000 
    4    1    4    1    5    1    5    0    7    0    7    0 0.0000000000 -0.0000000000 
    4    1    4    1    5    1    5    0    7    0    7    1 -0.0000000000 -0.0182913660 
    4    1    4    1    5    1    5    0    7    1    7    0 -0.0000000000 -0.0182913660 
    4    1    4    1    5    1    5    0    7    1    7    1 -0.0000000000 0.0000000000 
    4    1    4    1    5    1    5    1    7    0    7    0 0.0969787760 0.0000000000 
    4    1    4    1    5    1    5    1    7    0    7    1 -0.0000000000 0.0000000000 
    4    1    4    1    5    1    5    1    7    1    7    0 -0.0000000000 -0.0000000000 
    4    1    4    1    5    1    5    1    7    1    7    1 0.1530212240 0.0000000000 
    4    0    4    0    6    0    6    0    7    0    7    0 0.1530212240 0.0000000000 
    4    0    4    0    6    0    6    0    7    0    7    1 0.0000000000 0.0000000000 
    4    0    4    0    6    0    6    0    7    1    7    0 0.0000000000 -0.0000000000 
    4    0    4    0    6    0    6    0    7    1    7    1 0.1530212240 0.0000000000 
    4    0    4    0    6    0    6    1    7    0    7    0 0.0000000000 0.0000000000 
    4    0    4    0    6    0    6    1    7    0    7    1 -0.0780944512 0.0132357568 
    4    0    4    0    6    0    6    1    7    1    7    0 -0.0780944512 0.0132357568 
    4    0    4    0    6    0    6    1    7    1    7    1 0.0000000000 0.0000000000 
    4    0    4    0    6    1    6    0    7    0    7    0 0.0000000000 -0.0000000000 
    4    0    4    0    6    1    6    0    7    0    7    1 -0.0780944512 -0.0132357568 
    4    0    4    0    6    1    6    0    7    1    7    0 -0.0780944512 -0.0132357568 
    4    0    4    0    6    1    6    0    7    1    7    1 0.0000000000 -0.0000000000 
    4    0    4    0    6    1    6    1    7    0    7    0 0.0969787760 0.0000000000 
    4    0    4    0    6    1    6    1    7    0    7    1 0.0000000000 -0.0000000000 
    4    0    4    0    6    1    6    1    7    1    7    0 0.0000000000 0.0000000000 
    4    0    4    0    6    1    6    1    7    1    7    1 0.0969787760 0.0000000000 
    4    0    4    1    6    0    6    0    7    0    7    0 -0.0000000000 -0.0000000000 
    4    0    4    1    6    0    6    0    7    0    7    1 0.0615035406 0.0132357568 
    4    0    4    1    6    0    6    0    7    1    7    0 -0.0615035406 -0.0132357568 
    4    0    4    1    6    0    6    0    7    1    7    1 0.0000000000 -0.0000000000 
    4    0    4    1    6    0    6    1    7    0    7    0 -0.0000000000 -0.0182913660 
    4    0    4    1    6    0    6    1    7    0    7    1 0.0000000000 -0.0000000000 
    4    0    4    1    6    0    6    1    7    1    7    0 0.0000000000 0.0000000000 
    4    0    4    1    6    0    6    1    7    1    7    1 -0.0000000000 0.0182913660 
    4    0    4    1    6    1    6    0    7    0    7    0 -0.0000000000 0.0182913660 
    4    0    4    1    6    1    6    0    7    0    7    1 0.0000000000 -0.0000000000 
    4    0    4    1    6    1    6    0    7    1    7    0 0.0000000000 0.0000000000 
    4    0    4    1    6    1    6    0    7    1    7    1 -0.0000000000 -0.0182913660 
    4    0    4    1    6    1    6    1    7    0    7    0 -0.0000000000 0.0000000000 
    4    0    4    1    6    1    6    1    7    0    7    1 0.0615035406 -0.0132357568 
    4    0    4    1    6    1    6    1    7    1    7    0 -0.0615035406 0.0132357568 
    4    0    4    1    6    1    6    1    7    1    7    1 0.0000000000 0.0000000000 
    4    1    4    0    6    0    6    0    7    0    7    0 -0.0000000000 0.0000000000 
    4    1    4    0    6    0    6    0    7    0    7    1 -0.0615035406 0.0132357568 
    4    1    4    0    6    0    6    0    7    1    7    0 0.0615035406 -0.0132357568 
    4    1    4    0    6    0    6    0    7    1    7    1 0.0000000000 0.0000000000 
    4    1    4    0    6    0    6    1    7    0    7    0 -0.0000000000 -0.0182913660 
    4    1    4    0    6    0    6    1    7    0    7    1 0.0000000000 -0.0000000000 
    4    1    4    0    6    0    6    1    7    1    7    0 0.0000000000 0.0000000000 
    4    1    4    0    6    0    6    1    7    1    7    1 -0.0000000000 0.0182913660 
    4    1    4    0    6    1    6    0    7    0    7    0 -0.0000000000 0.0182913660 
    4    1    4    0    6    1    6    0    7    0    7    1 0.0000000000 -0.0000000000 
    4    1    4    0    6    1    6    0    7    1    7    0 0.0000000000 0.0000000000 
    4    1    4    0    6    1    6    0    7    1    7    1 -0.0000000000 -0.0182913660 
    4    1    4    0    6    1    6    1    7    0    7    0 -0.0000000000 -0.0000000000 
    4    1    4    0    6    1    6    1    7    0    7    1 -0.0615035406 -0.0132357568 
    4    1    4    0    6    1    6    1    7    1    7    0 0.0615035406 0.0132357568 
    4    1    4    0    6    1    6    1    7    1    7    1 0.0000000000 -0.0000000000 
    4    1    4    1    6    0    6    0    7    0    7    0 0.0969787760 0.0000000000 
    4    1    4    1    6    0    6    0    7    0    7    1 -0.0000000000 0.0000000000 
    4    1    4    1    6    0    6    0    7    1    7    0 -0.0000000000 -0.0000000000 
    4    1    4    1    6    0    6    0    7    1    7    1 0.0969787760 0.0000000000 
    4    1    4    1    6    0    6    1    7    0    7    0 0.0000000000 -0.0000000000 
    4    1    4    1    6    0    6    1    7    0    7    1 -0.0780944512 -0.0132357568 
    4    1    4    1    6    0    6    1    7    1    7    0 -0.0780944512 -0.0132357568 
    4    1    4    1    6    0    6    1    7    1    7    1 0.0000000000 0.0000000000 
    4    1    4    1    6    1    6    0    7    0    7    0 0.0000000000 0.0000000000 
    4    1    4    1    6    1    6    0    7    0    7    1 -0.0780944512 0.0132357568 
    4    1    4    1    6    1    6    0    7    1    7    0 -0.0780944512 0.0132357568 
    4    1    4    1    6    1    6    0    7    1    7    1 0.0000000000 -0.0000000000 
    4    1    4    1    6    1    6    1    7    0    7    0 0.1530212240 0.0000000000 
    4    1    4    1    6    1    6    1    7    0    7    1 -0.0000000000 -0.0000000000 
    4    1    4    1    6    1    6    1    7    1    7    0 -0.0000000000 0.0000000000 
    4    1    4    1    6    1    6    1    7    1    7    1 0.1530212240 0.0000000000 
    5    0    5    0    6    0    6    0    7    0    7    0 0.1530212240 0.0000000000 
    5    0    5    0    6    0    6    0    7    0    7    1 -0.0000000000 0.0000000000 
    5    0    5    0    6    0    6    0    7    1    7    0 -0.0000000000 -0.0000000000 
    5    0    5    0    6    0    6    0    7    1    7    1 0.0969787760 0.0000000000 
    5    0    5    0    6    0    6    1    7    0    7    0 0.0000000000 -0.0000000000 
    5    0    5    0    6    0    6    1    7    0    7    1 -0.0780944512 0.0132357568 
    5    0    5    0    6    0    6    1    7    1    7    0 -0.0780944512 -0.0132357568 
    5    0    5    0    6    0    6    1    7    1    7    1 0.0000000000 0.0000000000 
    5    0    5    0    6    1    6    0    7    0    7    0 0.0000000000 0.0000000000 
    5    0    5    0    6    1    6    0    7    0    7    1 -0.0780944512 0.0132357568 
    5    0    5    0    6    1    6    0    7    1    7    0 -0.0780944512 -0.0132357568 
    5    0    5    0    6    1    6    0    7    1    7    1 0.0000000000 -0.0000000000 
    5    0    5    0    6    1    6    1    7    0    7    0 0.1530212240 0.0000000000 
    5    0    5    0    6    1    6    1    7    0    7    1 -0.0000000000 -0.0000000000 
    5    0    5    0    6    1    6    1    7    1    7    0 -0.0000000000 0.0000000000 
    5    0    5    0    6    1    6    1    7    1    7    1 0.0969787760 0.0000000000 
    5    0    5    1    6    0    6    0    7    0    7    0 0.0000000000 -0.0000000000 
    5    0    5    1    6    0    6    0    7    0    7    1 -0.0000000000 -0.0182913660 
    5    0    5    1    6    0    6    0    7    1    7    0 -0.0000000000 0.0182913660 
    5    0    5    1    6    0    6    0    7    1    7    1 -0.0000000000 -0.0000000000 
    5    0    5    1    6    0    6    1    7    0    7    0 0.0615035406 0.0132357568 
    5    0    5    1    6    0    6    1    7    0    7    1 -0.0000000000 0.0000000000 
    5    0    5    1    6    0    6    1    7    1    7    0 -0.0000000000 -0.0000000000 
    5    0    5    1    6    0    6    1    7    1    7    1 0.0615035406 -0.0132357568 
    5    0    5    1    6    1    6    0    7    0    7    0 -0.0615035406 -0.0132357568 
    5    0    5    1    6    1    6    0    7    0    7    1 -0.0000000000 0.0000000000 
    5    0    5    1    6    1    6    0    7    1    7    0 -0.0000000000 -0.0000000000 
    5    0    5    1    6    1    6    0    7    1    7    1 -0.0615035406 0.0132357568 
    5    0    5    1    6    1    6    1    7    0    7    0 0.0000000000 0.0000000000 
    5    0    5    1    6    1    6    1    7    0    7    1 -0.0000000000 0.0182913660 
    5    0    5    1    6    1    6    1    7    1    7    0 -0.0000000000 -0.0182913660 
    5    0    5    1    6    1    6    1    7    1    7    1 0.0000000000 -0.0000000000 
    5    1    5    0    6    0    6    0    7    0    7    0 0.0000000000 0.0000000000 
    5    1    5    0    6    0    6    0    7    0    7    1 -0.0000000000 -0.0182913660 
    5    1    5    0    6    0    6    0    7    1    7    0 -0.0000000000 0.0182913660 
    5    1    5    0    6    0    6    0    7    1    7    1 -0.0000000000 0.0000000000 
    5    1    5    0    6    0    6    1    7    0    7    0 -0.0615035406 0.0132357568 
    5    1    5    0    6    0    6    1    7    0    7    1 -0.0000000000 0.0000000000 
    5    1    5    0    6    0    6    1    7    1    7    0 -0.0000000000 -0.0000000000 
    5    1    5    0    6    0    6    1    7    1    7    1 -0.0615035406 -0.0132357568 
    5    1    5    0    6    1    6    0    7    0    7    0 0.0615035406 -0.0132357568 
    5    1    5    0    6    1    6    0    7    0    7    1 -0.0000000000 0.0000000000 
    5    1    5    0    6    1    6    0    7    1    7    0 -0.0000000000 -0.0000000000 
    5    1    5    0    6    1    6    0    7    1    7    1 0.0615035406 0.0132357568 
    5    1    5    0    6    1    6    1    7    0    7    0 0.0000000000 -0.0000000000 
    5    1    5    0    6    1    6    1    7    0    7    1 -0.0000000000 0.0182913660 
    5    1    5    0    6    1    6    1    7    1    7    0 -0.0000000000 -0.0182913660 
    5    1    5    0    6    1    6    1    7    1    7    1 0.0000000000 0.0000000000 
    5    1    5    1    6    0    6    0    7    0    7    0 0.0969787760 0.0000000000 
    5    1    5    1    6    0    6    0    7    0    7    1 -0.0000000000 -0.0000000000 
    5    1    5    1    6    0    6    0    7    1    7    0 -0.0000000000 0.0000000000 
    5    1    5    1    6    0    6    0    7    1    7    1 0.1530212240 0.0000000000 
    5    1    5    1    6    0    6    1    7    0    7    0 -0.0000000000 0.0000000000 
    5    1    5    1    6    0    6    1    7    0    7    1 -0.0780944512 -0.0132357568 
    5    1    5    1    6    0    6    1    7    1    7    0 -0.0780944512 0.0132357568 
    5    1    5    1    6    0    6    1    7    1    7    1 0.0000000000 -0.0000000000 
    5    1    5    1    6    1    6    0    7    0    7    0 -0.0000000000 -0.0000000000 
    5    1    5    1    6    1    6    0    7    0    7    1 -0.0780944512 -0.0132357568 
    5    1    5    1    6    1    6    0    7    1    7    0 -0.0780944512 0.0132357568 
    5    1    5    1    6    1    6    0    7    1    7    1 0.0000000000 0.0000000000 
    5    1    5    1    6    1    6    1    7    0    7    0 0.0969787760 0.0000000000 
    5    1    5    1    6    1    6    1    7    0    7    1 -0.0000000000 0.0000000000 
    5    1    5    1    6    1    6    1    7    1    7    0 -0.0000000000 -0.0000000000 
    5    1    5    1    6    1    6    1    7    1    7    1 0.1530212240 0.0000000000 
