    0    0    0    0    1    0    1    0    2    0    2    0 0.1023008865 0.0000000000 
    0    0    0    0    1    0    1    0    2    0    2    1 0.0000000000 -0.0000000000 
    0    0    0    0    1    0    1    0    2    1    2    0 0.0000000000 0.0000000000 
    0    0    0    0    1    0    1    0    2    1    2    1 0.1476991135 0.0000000000 
    0    0    0    0    1    0    1    1    2    0    2    0 -0.0000000000 0.0000000000 
    0    0    0    0    1    0    1    1    2    0    2    1 0.0841615185 -0.0065714896 
    0    0    0    0    1    0    1    1    2    1    2    0 -0.0841615185 -0.0065714896 
    0    0    0    0    1    0    1    1    2    1    2    1 0.0000000000 0.0000000000 
    0    0    0    0    1    1    1    0    2    0    2    0 -0.0000000000 -0.0000000000 
    0    0    0    0    1    1    1    0    2    0    2    1 -0.0841615185 0.0065714896 
    0    0    0    0    1    1    1    0    2    1    2    0 0.0841615185 0.0065714896 
    0    0    0    0    1    1    1    0    2    1    2    1 0.0000000000 -0.0000000000 
    0    0    0    0    1    1    1    1    2    0    2    0 0.1023008865 0.0000000000 
    0    0    0    0    1    1    1    1    2    0    2    1 -0.0000000000 -0.0000000000 
    0    0    0    0    1    1    1    1    2    1    2    0 -0.0000000000 0.0000000000 
    0    0    0    0    1    1    1    1    2    1    2    1 0.1476991135 0.0000000000 
    0    0    0    1    1    0    1    0    2    0    2    0 0.0000000000 0.0000000000 
    0    0    0    1    1    0    1    0    2    0    2    1 -0.0000000000 0.0090815753 
    0    0    0    1    1    0    1    0    2    1    2    0 0.0000000000 0.0090815753 
    0    0    0    1    1    0    1    0    2    1    2    1 -0.0000000000 0.0000000000 
    0    0    0    1    1    0    1    1    2    0    2    0 -0.0586469581 -0.0065714896 
    0    0    0    1    1    0    1    1    2    0    2    1 0.0000000000 0.0000000000 
    0    0    0    1    1    0    1    1    2    1    2    0 0.0000000000 -0.0000000000 
    0    0    0    1    1    0    1    1    2    1    2    1 -0.0586469581 0.0065714896 
    0    0    0    1    1    1    1    0    2    0    2    0 -0.0586469581 -0.0065714896 
    0    0    0    1    1    1    1    0    2    0    2    1 0.0000000000 0.0000000000 
    0    0    0    1    1    1    1    0    2    1    2    0 0.0000000000 -0.0000000000 
    0    0    0    1    1    1    1    0    2    1    2    1 -0.0586469581 0.0065714896 
    0    0    0    1    1    1    1    1    2    0    2    0 -0.0000000000 0.0000000000 
    0    0    0    1    1    1    1    1    2    0    2    1 -0.0000000000 -0.0090815753 
    0    0    0    1    1    1    1    1    2    1    2    0 0.0000000000 -0.0090815753 
    0    0    0    1    1    1    1    1    2    1    2    1 -0.0000000000 0.0000000000 
    0    1    0    0    1    0    1    0    2    0    2    0 0.0000000000 -0.0000000000 
    0    1    0    0    1    0    1    0    2    0    2    1 0.0000000000 -0.0090815753 
    0    1    0    0    1    0    1    0    2    1    2    0 -0.0000000000 -0.0090815753 
    0    1    0    0    1    0    1    0    2    1    2    1 -0.0000000000 -0.0000000000 
    0    1    0    0    1    0    1    1    2    0    2    0 -0.0586469581 0.0065714896 
    0    1    0    0    1    0    1    1    2    0    2    1 0.0000000000 0.0000000000 
    0    1    0    0    1    0    1    1    2    1    2    0 0.0000000000 -0.0000000000 
    0    1    0    0    1    0    1    1    2    1    2    1 -0.0586469581 -0.0065714896 
    0    1    0    0    1    1    1    0    2    0    2    0 -0.0586469581 0.0065714896 
    0    1    0    0    1    1    1    0    2    0    2    1 0.0000000000 0.0000000000 
    0    1    0    0    1    1    1    0    2    1    2    0 0.0000000000 -0.0000000000 
    0    1    0    0    1    1    1    0    2    1    2    1 -0.0586469581 -0.0065714896 
    0    1    0    0    1    1    1    1    2    0    2    0 -0.0000000000 -0.0000000000 
    0    1    0    0    1    1    1    1    2    0    2    1 0.0000000000 0.0090815753 
    0    1    0    0    1    1    1    1    2    1    2    0 -0.0000000000 0.0090815753 
    0    1    0    0    1    1    1    1    2    1    2    1 -0.0000000000 -0.0000000000 
    0    1    0    1    1    0    1    0    2    0    2    0 0.1476991135 0.0000000000 
    0    1    0    1    1    0    1    0    2    0    2    1 -0.0000000000 -0.0000000000 
    0    1    0    1    1    0    1    0    2    1    2    0 -0.0000000000 0.0000000000 
    0    1    0    1    1    0    1    0    2    1    2    1 0.1023008865 0.0000000000 
    0    1    0    1    1    0    1    1    2    0    2    0 0.0000000000 0.0000000000 
    0    1    0    1    1    0    1    1    2    0    2    1 0.0841615185 0.0065714896 
    0    1    0    1    1    0    1    1    2    1    2    0 -0.0841615185 0.0065714896 
    0    1    0    1    1    0    1    1    2    1    2    1 0.0000000000 0.0000000000 
    0    1    0    1    1    1    1    0    2    0    2    0 0.0000000000 -0.0000000000 
    0    1    0    1    1    1    1    0    2    0    2    1 -0.0841615185 -0.0065714896 
    0    1    0    1    1    1    1    0    2    1    2    0 0.0841615185 -0.0065714896 
    0    1    0    1    1    1    1    0    2    1    2    1 0.0000000000 -0.0000000000 
    0    1    0    1    1    1    1    1    2    0    2    0 0.1476991135 0.0000000000 
    0    1    0    1    1    1    1    1    2    0    2    1 -0.0000000000 -0.0000000000 
    0    1    0    1    1    1    1    1    2    1    2    0 -0.0000000000 0.0000000000 
    0    1    0    1    1    1    1    1    2    1    2    1 0.1023008865 0.0000000000 
    0    0    0    0    1    0    1    0    3    0    3    0 0.1023008865 0.0000000000 
    0    0    0    0    1    0    1    0    3    0    3    1 -0.0000000000 -0.0000000000 
    0    0    0    0    1    0    1    0    3    1    3    0 -0.0000000000 0.0000000000 
    0    0    0    0    1    0    1    0    3    1    3    1 0.1476991135 0.0000000000 
    0    0    0    0    1    0    1    1    3    0    3    0 -0.0000000000 0.0000000000 
    0    0    0    0    1    0    1    1    3    0    3    1 -0.0000000000 0.0090815753 
    0    0    0    0    1    0    1    1    3    1    3    0 0.0000000000 0.0090815753 
    0    0    0    0    1    0    1    1    3    1    3    1 0.0000000000 0.0000000000 
    0    0    0    0    1    1    1    0    3    0    3    0 -0.0000000000 -0.0000000000 
    0    0    0    0    1    1    1    0    3    0    3    1 0.0000000000 -0.0090815753 
    0    0    0    0    1    1    1    0    3    1    3    0 -0.0000000000 -0.0090815753 
    0    0    0    0    1    1    1    0    3    1    3    1 0.0000000000 -0.0000000000 
    0    0    0    0    1    1    1    1    3    0    3    0 0.1476991135 0.0000000000 
    0    0    0    0    1    1    1    1    3    0    3    1 0.0000000000 0.0000000000 
    0    0    0    0    1    1    1    1    3    1    3    0 0.0000000000 -0.0000000000 
    0    0    0    0    1    1    1    1    3    1    3    1 0.1023008865 0.0000000000 
    0    0    0    1    1    0    1    0    3    0    3    0 0.0000000000 0.0000000000 
    0    0    0    1    1    0    1    0    3    0    3    1 0.0841615185 -0.0065714896 
    0    0    0    1    1    0    1    0    3    1    3    0 -0.0841615185 -0.0065714896 
    0    0    0    1    1    0    1    0    3    1    3    1 -0.0000000000 0.0000000000 
    0    0    0    1    1    0    1    1    3    0    3    0 -0.0586469581 -0.0065714896 
    0    0    0    1    1    0    1    1    3    0    3    1 -0.0000000000 0.0000000000 
    0    0    0    1    1    0    1    1    3    1    3    0 -0.0000000000 -0.0000000000 
    0    0    0    1    1    0    1    1    3    1    3    1 -0.0586469581 0.0065714896 
    0    0    0    1    1    1    1    0    3    0    3    0 -0.0586469581 0.0065714896 
    0    0    0    1    1    1    1    0    3    0    3    1 -0.0000000000 -0.0000000000 
    0    0    0    1    1    1    1    0    3    1    3    0 -0.0000000000 0.0000000000 
    0    0    0    1    1    1    1    0    3    1    3    1 -0.0586469581 -0.0065714896 
    0    0    0    1    1    1    1    1    3    0    3    0 -0.0000000000 0.0000000000 
    0    0    0    1    1    1    1    1    3    0    3    1 0.0841615185 0.0065714896 
    0    0    0    1    1    1    1    1    3    1    3    0 -0.0841615185 0.0065714896 
    0    0    0    1    1    1    1    1    3    1    3    1 -0.0000000000 0.0000000000 
    0    1    0    0    1    0    1    0    3    0    3    0 0.0000000000 -0.0000000000 
    0    1    0    0    1    0    1    0    3    0    3    1 -0.0841615185 0.0065714896 
    0    1    0    0    1    0    1    0    3    1    3    0 0.0841615185 0.0065714896 
    0    1    0    0    1    0    1    0    3    1    3    1 -0.0000000000 -0.0000000000 
    0    1    0    0    1    0    1    1    3    0    3    0 -0.0586469581 -0.0065714896 
    0    1    0    0    1    0    1    1    3    0    3    1 -0.0000000000 -0.0000000000 
    0    1    0    0    1    0    1    1    3    1    3    0 -0.0000000000 0.0000000000 
    0    1    0    0    1    0    1    1    3    1    3    1 -0.0586469581 0.0065714896 
    0    1    0    0    1    1    1    0    3    0    3    0 -0.0586469581 0.0065714896 
    0    1    0    0    1    1    1    0    3    0    3    1 -0.0000000000 0.0000000000 
    0    1    0    0    1    1    1    0    3    1    3    0 -0.0000000000 -0.0000000000 
    0    1    0    0    1    1    1    0    3    1    3    1 -0.0586469581 -0.0065714896 
    0    1    0    0    1    1    1    1    3    0    3    0 -0.0000000000 -0.0000000000 
    0    1    0    0    1    1    1    1    3    0    3    1 -0.0841615185 -0.0065714896 
    0    1    0    0    1    1    1    1    3    1    3    0 0.0841615185 -0.0065714896 
    0    1    0    0    1    1    1    1    3    1    3    1 -0.0000000000 -0.0000000000 
    0    1    0    1    1    0    1    0    3    0    3    0 0.1023008865 0.0000000000 
    0    1    0    1    1    0    1    0    3    0    3    1 0.0000000000 0.0000000000 
    0    1    0    1    1    0    1    0    3    1    3    0 0.0000000000 -0.0000000000 
    0    1    0    1    1    0    1    0    3    1    3    1 0.1476991135 0.0000000000 
    0    1    0    1    1    0    1    1    3    0    3    0 0.0000000000 0.0000000000 
    0    1    0    1    1    0    1    1    3    0    3    1 -0.0000000000 -0.0090815753 
    0    1    0    1    1    0    1    1    3    1    3    0 0.0000000000 -0.0090815753 
    0    1    0    1    1    0    1    1    3    1    3    1 0.0000000000 0.0000000000 
    0    1    0    1    1    1    1    0    3    0    3    0 0.0000000000 -0.0000000000 
    0    1    0    1    1    1    1    0    3    0    3    1 0.0000000000 0.0090815753 
    0    1    0    1    1    1    1    0    3    1    3    0 -0.0000000000 0.0090815753 
    0    1    0    1    1    1    1    0    3    1    3    1 0.0000000000 -0.0000000000 
    0    1    0    1    1    1    1    1    3    0    3    0 0.1476991135 0.0000000000 
    0    1    0    1    1    1    1    1    3    0    3    1 0.0000000000 -0.0000000000 
    0    1    0    1    1    1    1    1    3    1    3    0 0.0000000000 0.0000000000 
    0    1    0    1    1    1    1    1    3    1    3    1 0.1023008865 0.0000000000 
    0    0    0    0    1    0    1    0    4    0    4    0 0.0655542281 0.0000000000 
    0    0    0    0    1    0    1    0    4    0    4    1 0.0000000000 -0.0000000000 
    0    0    0    0    1    0    1    0    4    1    4    0 0.0000000000 0.0000000000 
    0    0    0    0    1    0    1    0    4    1    4    1 0.1844457719 0.0000000000 
    0    0    0    0    1    0    1    1    4    0    4    0 0.0000000000 0.0000000000 
    0    0    0    0    1    0    1    1    4    0    4    1 0.0000000000 0.0040541915 
    0    0    0    0    1    0    1    1    4    1    4    0 -0.0000000000 0.0252822137 
    0    0    0    0    1    0    1    1    4    1    4    1 0.0000000000 0.0000000000 
    0    0    0    0    1    1    1    0    4    0    4    0 0.0000000000 -0.0000000000 
    0    0    0    0    1    1    1    0    4    0    4    1 -0.0000000000 -0.0252822137 
    0    0    0    0    1    1    1    0    4    1    4    0 0.0000000000 -0.0040541915 
    0    0    0    0    1    1    1    0    4    1    4    1 0.0000000000 -0.0000000000 
    0    0    0    0    1    1    1    1    4    0    4    0 0.1844457719 0.0000000000 
    0    0    0    0    1    1    1    1    4    0    4    1 0.0000000000 0.0000000000 
    0    0    0    0    1    1    1    1    4    1    4    0 0.0000000000 -0.0000000000 
    0    0    0    0    1    1    1    1    4    1    4    1 0.0655542281 0.0000000000 
    0    0    0    1    1    0    1    0    4    0    4    0 -0.0000000000 0.0000000000 
    0    0    0    1    1    0    1    0    4    0    4    1 -0.0048636445 -0.0106140111 
    0    0    0    1    1    0    1    0    4    1    4    0 0.0048636445 -0.0106140111 
    0    0    0    1    1    0    1    0    4    1    4    1 -0.0000000000 0.0000000000 
    0    0    0    1    1    0    1    1    4    0    4    0 -0.0586469581 0.0000000000 
    0    0    0    1    1    0    1    1    4    0    4    1 -0.0000000000 0.0000000000 
    0    0    0    1    1    0    1    1    4    1    4    0 0.0000000000 -0.0000000000 
    0    0    0    1    1    0    1    1    4    1    4    1 -0.0586469581 0.0000000000 
    0    0    0    1    1    1    1    0    4    0    4    0 -0.0586469581 0.0000000000 
    0    0    0    1    1    1    1    0    4    0    4    1 -0.0000000000 -0.0000000000 
    0    0    0    1    1    1    1    0    4    1    4    0 -0.0000000000 -0.0000000000 
    0    0    0    1    1    1    1    0    4    1    4    1 -0.0586469581 0.0000000000 
    0    0    0    1    1    1    1    1    4    0    4    0 -0.0000000000 0.0000000000 
    0    0    0    1    1    1    1    1    4    0    4    1 -0.0048636445 0.0106140111 
    0    0    0    1    1    1    1    1    4    1    4    0 0.0048636445 0.0106140111 
    0    0    0    1    1    1    1    1    4    1    4    1 -0.0000000000 0.0000000000 
    0    1    0    0    1    0    1    0    4    0    4    0 -0.0000000000 -0.0000000000 
    0    1    0    0    1    0    1    0    4    0    4    1 0.0048636445 0.0106140111 
    0    1    0    0    1    0    1    0    4    1    4    0 -0.0048636445 0.0106140111 
    0    1    0    0    1    0    1    0    4    1    4    1 -0.0000000000 -0.0000000000 
    0    1    0    0    1    0    1    1    4    0    4    0 -0.0586469581 -0.0000000000 
    0    1    0    0    1    0    1    1    4    0    4    1 -0.0000000000 0.0000000000 
    0    1    0    0    1    0    1    1    4    1    4    0 -0.0000000000 0.0000000000 
    0    1    0    0    1    0    1    1    4    1    4    1 -0.0586469581 -0.0000000000 
    0    1    0    0    1    1    1    0    4    0    4    0 -0.0586469581 -0.0000000000 
    0    1    0    0    1    1    1    0    4    0    4    1 0.0000000000 0.0000000000 
    0    1    0    0    1    1    1    0    4    1    4    0 -0.0000000000 -0.0000000000 
    0    1    0    0    1    1    1    0    4    1    4    1 -0.0586469581 -0.0000000000 
    0    1    0    0    1    1    1    1    4    0    4    0 -0.0000000000 -0.0000000000 
    0    1    0    0    1    1    1    1    4    0    4    1 0.0048636445 -0.0106140111 
    0    1    0    0    1    1    1    1    4    1    4    0 -0.0048636445 -0.0106140111 
    0    1    0    0    1    1    1    1    4    1    4    1 -0.0000000000 -0.0000000000 
    0    1    0    1    1    0    1    0    4    0    4    0 0.0655542281 0.0000000000 
    0    1    0    1    1    0    1    0    4    0    4    1 0.0000000000 0.0000000000 
    0    1    0    1    1    0    1    0    4    1    4    0 0.0000000000 -0.0000000000 
    0    1    0    1    1    0    1    0    4    1    4    1 0.1844457719 0.0000000000 
    0    1    0    1    1    0    1    1    4    0    4    0 0.0000000000 0.0000000000 
    0    1    0    1    1    0    1    1    4    0    4    1 0.0000000000 -0.0040541915 
    0    1    0    1    1    0    1    1    4    1    4    0 -0.0000000000 -0.0252822137 
    0    1    0    1    1    0    1    1    4    1    4    1 0.0000000000 0.0000000000 
    0    1    0    1    1    1    1    0    4    0    4    0 0.0000000000 -0.0000000000 
    0    1    0    1    1    1    1    0    4    0    4    1 -0.0000000000 0.0252822137 
    0    1    0    1    1    1    1    0    4    1    4    0 0.0000000000 0.0040541915 
    0    1    0    1    1    1    1    0    4    1    4    1 0.0000000000 -0.0000000000 
    0    1    0    1    1    1    1    1    4    0    4    0 0.1844457719 0.0000000000 
    0    1    0    1    1    1    1    1    4    0    4    1 0.0000000000 -0.0000000000 
    0    1    0    1    1    1    1    1    4    1    4    0 0.0000000000 0.0000000000 
    0    1    0    1    1    1    1    1    4    1    4    1 0.0655542281 0.0000000000 
    0    0    0    0    1    0    1    0    5    0    5    0 0.0655542281 0.0000000000 
    0    0    0    0    1    0    1    0    5    0    5    1 -0.0000000000 0.0000000000 
    0    0    0    0    1    0    1    0    5    1    5    0 -0.0000000000 -0.0000000000 
    0    0    0    0    1    0    1    0    5    1    5    1 0.1844457719 0.0000000000 
    0    0    0    0    1    0    1    1    5    0    5    0 0.0000000000 0.0000000000 
    0    0    0    0    1    0    1    1    5    0    5    1 -0.0048636445 -0.0106140111 
    0    0    0    0    1    0    1    1    5    1    5    0 0.0048636445 -0.0106140111 
    0    0    0    0    1    0    1    1    5    1    5    1 0.0000000000 0.0000000000 
    0    0    0    0    1    1    1    0    5    0    5    0 0.0000000000 -0.0000000000 
    0    0    0    0    1    1    1    0    5    0    5    1 0.0048636445 0.0106140111 
    0    0    0    0    1    1    1    0    5    1    5    0 -0.0048636445 0.0106140111 
    0    0    0    0    1    1    1    0    5    1    5    1 0.0000000000 -0.0000000000 
    0    0    0    0    1    1    1    1    5    0    5    0 0.0655542281 0.0000000000 
    0    0    0    0    1    1    1    1    5    0    5    1 -0.0000000000 0.0000000000 
    0    0    0    0    1    1    1    1    5    1    5    0 -0.0000000000 -0.0000000000 
    0    0    0    0    1    1    1    1    5    1    5    1 0.1844457719 0.0000000000 
    0    0    0    1    1    0    1    0    5    0    5    0 -0.0000000000 0.0000000000 
    0    0    0    1    1    0    1    0    5    0    5    1 -0.0000000000 0.0040541915 
    0    0    0    1    1    0    1    0    5    1    5    0 0.0000000000 0.0252822137 
    0    0    0    1    1    0    1    0    5    1    5    1 -0.0000000000 -0.0000000000 
    0    0    0    1    1    0    1    1    5    0    5    0 -0.0586469581 0.0000000000 
    0    0    0    1    1    0    1    1    5    0    5    1 -0.0000000000 -0.0000000000 
    0    0    0    1    1    0    1    1    5    1    5    0 0.0000000000 0.0000000000 
    0    0    0    1    1    0    1    1    5    1    5    1 -0.0586469581 0.0000000000 
    0    0    0    1    1    1    1    0    5    0    5    0 -0.0586469581 0.0000000000 
    0    0    0    1    1    1    1    0    5    0    5    1 0.0000000000 -0.0000000000 
    0    0    0    1    1    1    1    0    5    1    5    0 0.0000000000 0.0000000000 
    0    0    0    1    1    1    1    0    5    1    5    1 -0.0586469581 0.0000000000 
    0    0    0    1    1    1    1    1    5    0    5    0 -0.0000000000 -0.0000000000 
    0    0    0    1    1    1    1    1    5    0    5    1 0.0000000000 -0.0040541915 
    0    0    0    1    1    1    1    1    5    1    5    0 -0.0000000000 -0.0252822137 
    0    0    0    1    1    1    1    1    5    1    5    1 -0.0000000000 0.0000000000 
    0    1    0    0    1    0    1    0    5    0    5    0 -0.0000000000 -0.0000000000 
    0    1    0    0    1    0    1    0    5    0    5    1 0.0000000000 -0.0252822137 
    0    1    0    0    1    0    1    0    5    1    5    0 -0.0000000000 -0.0040541915 
    0    1    0    0    1    0    1    0    5    1    5    1 -0.0000000000 0.0000000000 
    0    1    0    0    1    0    1    1    5    0    5    0 -0.0586469581 -0.0000000000 
    0    1    0    0    1    0    1    1    5    0    5    1 0.0000000000 -0.0000000000 
    0    1    0    0    1    0    1    1    5    1    5    0 0.0000000000 0.0000000000 
    0    1    0    0    1    0    1    1    5    1    5    1 -0.0586469581 -0.0000000000 
    0    1    0    0    1    1    1    0    5    0    5    0 -0.0586469581 -0.0000000000 
    0    1    0    0    1    1    1    0    5    0    5    1 0.0000000000 -0.0000000000 
    0    1    0    0    1    1    1    0    5    1    5    0 -0.0000000000 0.0000000000 
    0    1    0    0    1    1    1    0    5    1    5    1 -0.0586469581 -0.0000000000 
    0    1    0    0    1    1    1    1    5    0    5    0 -0.0000000000 0.0000000000 
    0    1    0    0    1    1    1    1    5    0    5    1 -0.0000000000 0.0252822137 
    0    1    0    0    1    1    1    1    5    1    5    0 0.0000000000 0.0040541915 
    0    1    0    0    1    1    1    1    5    1    5    1 -0.0000000000 -0.0000000000 
    0    1    0    1    1    0    1    0    5    0    5    0 0.1844457719 0.0000000000 
    0    1    0    1    1    0    1    0    5    0    5    1 -0.0000000000 0.0000000000 
    0    1    0    1    1    0    1    0    5    1    5    0 -0.0000000000 -0.0000000000 
    0    1    0    1    1    0    1    0    5    1    5    1 0.0655542281 0.0000000000 
    0    1    0    1    1    0    1    1    5    0    5    0 0.0000000000 0.0000000000 
    0    1    0    1    1    0    1    1    5    0    5    1 -0.0048636445 0.0106140111 
    0    1    0    1    1    0    1    1    5    1    5    0 0.0048636445 0.0106140111 
    0    1    0    1    1    0    1    1    5    1    5    1 0.0000000000 0.0000000000 
    0    1    0    1    1    1    1    0    5    0    5    0 0.0000000000 -0.0000000000 
    0    1    0    1    1    1    1    0    5    0    5    1 0.0048636445 -0.0106140111 
    0    1    0    1    1    1    1    0    5    1    5    0 -0.0048636445 -0.0106140111 
    0    1    0    1    1    1    1    0    5    1    5    1 0.0000000000 -0.0000000000 
    0    1    0    1    1    1    1    1    5    0    5    0 0.1844457719 0.0000000000 
    0    1    0    1    1    1    1    1    5    0    5    1 -0.0000000000 0.0000000000 
    0    1    0    1    1    1    1    1    5    1    5    0 -0.0000000000 -0.0000000000 
    0    1    0    1    1    1    1    1    5    1    5    1 0.0655542281 0.0000000000 
    0    0    0    0    1    0    1    0    6    0    6    0 0.1530576473 0.0000000000 
    0    0    0    0    1    0    1    0    6    0    6    1 0.0000000000 -0.0000000000 
    0    0    0    0    1    0    1    0    6    1    6    0 0.0000000000 0.0000000000 
    0    0    0    0    1    0    1    0    6    1    6    1 0.0969423527 0.0000000000 
    0    0    0    0    1    0    1    1    6    0    6    0 0.0000000000 0.0000000000 
    0    0    0    0    1    0    1    1    6    0    6    1 0.0295806813 -0.0000000000 
    0    0    0    0    1    0    1    1    6    1    6    0 0.0175570909 0.0000000000 
    0    0    0    0    1    0    1    1    6    1    6    1 0.0000000000 0.0000000000 
    0    0    0    0    1    1    1    0    6    0    6    0 0.0000000000 -0.0000000000 
    0    0    0    0    1    1    1    0    6    0    6    1 0.0175570909 -0.0000000000 
    0    0    0    0    1    1    1    0    6    1    6    0 0.0295806813 0.0000000000 
    0    0    0    0    1    1    1    0    6    1    6    1 0.0000000000 -0.0000000000 
    0    0    0    0    1    1    1    1    6    0    6    0 0.0969423527 0.0000000000 
    0    0    0    0    1    1    1    1    6    0    6    1 0.0000000000 -0.0000000000 
    0    0    0    0    1    1    1    1    6    1    6    0 0.0000000000 0.0000000000 
    0    0    0    0    1    1    1    1    6    1    6    1 0.1530576473 0.0000000000 
    0    0    0    1    1    0    1    0    6    0    6    0 -0.0000000000 0.0000000000 
    0    0    0    1    1    0    1    0    6    0    6    1 -0.0190676294 0.0040541915 
    0    0    0    1    1    0    1    0    6    1    6    0 -0.0190676294 -0.0040541915 
    0    0    0    1    1    0    1    0    6    1    6    1 -0.0000000000 0.0000000000 
    0    0    0    1    1    0    1    1    6    0    6    0 -0.0586469581 0.0025100857 
    0    0    0    1    1    0    1    1    6    0    6    1 -0.0000000000 0.0000000000 
    0    0    0    1    1    0    1    1    6    1    6    0 -0.0000000000 -0.0000000000 
    0    0    0    1    1    0    1    1    6    1    6    1 -0.0586469581 -0.0025100857 
    0    0    0    1    1    1    1    0    6    0    6    0 -0.0586469581 -0.0025100857 
    0    0    0    1    1    1    1    0    6    0    6    1 0.0000000000 0.0000000000 
    0    0    0    1    1    1    1    0    6    1    6    0 -0.0000000000 -0.0000000000 
    0    0    0    1    1    1    1    0    6    1    6    1 -0.0586469581 0.0025100857 
    0    0    0    1    1    1    1    1    6    0    6    0 -0.0000000000 0.0000000000 
    0    0    0    1    1    1    1    1    6    0    6    1 -0.0190676294 -0.0040541915 
    0    0    0    1    1    1    1    1    6    1    6    0 -0.0190676294 0.0040541915 
    0    0    0    1    1    1    1    1    6    1    6    1 -0.0000000000 0.0000000000 
    0    1    0    0    1    0    1    0    6    0    6    0 -0.0000000000 -0.0000000000 
    0    1    0    0    1    0    1    0    6    0    6    1 -0.0190676294 0.0040541915 
    0    1    0    0    1    0    1    0    6    1    6    0 -0.0190676294 -0.0040541915 
    0    1    0    0    1    0    1    0    6    1    6    1 -0.0000000000 -0.0000000000 
    0    1    0    0    1    0    1    1    6    0    6    0 -0.0586469581 0.0025100857 
    0    1    0    0    1    0    1    1    6    0    6    1 -0.0000000000 0.0000000000 
    0    1    0    0    1    0    1    1    6    1    6    0 0.0000000000 -0.0000000000 
    0    1    0    0    1    0    1    1    6    1    6    1 -0.0586469581 -0.0025100857 
    0    1    0    0    1    1    1    0    6    0    6    0 -0.0586469581 -0.0025100857 
    0    1    0    0    1    1    1    0    6    0    6    1 -0.0000000000 0.0000000000 
    0    1    0    0    1    1    1    0    6    1    6    0 -0.0000000000 -0.0000000000 
    0    1    0    0    1    1    1    0    6    1    6    1 -0.0586469581 0.0025100857 
    0    1    0    0    1    1    1    1    6    0    6    0 -0.0000000000 -0.0000000000 
    0    1    0    0    1    1    1    1    6    0    6    1 -0.0190676294 -0.0040541915 
    0    1    0    0    1    1    1    1    6    1    6    0 -0.0190676294 0.0040541915 
    0    1    0    0    1    1    1    1    6    1    6    1 -0.0000000000 -0.0000000000 
    0    1    0    1    1    0    1    0    6    0    6    0 0.1530576473 0.0000000000 
    0    1    0    1    1    0    1    0    6    0    6    1 -0.0000000000 -0.0000000000 
    0    1    0    1    1    0    1    0    6    1    6    0 -0.0000000000 0.0000000000 
    0    1    0    1    1    0    1    0    6    1    6    1 0.0969423527 0.0000000000 
    0    1    0    1    1    0    1    1    6    0    6    0 0.0000000000 0.0000000000 
    0    1    0    1    1    0    1    1    6    0    6    1 0.0295806813 -0.0000000000 
    0    1    0    1    1    0    1    1    6    1    6    0 0.0175570909 0.0000000000 
    0    1    0    1    1    0    1    1    6    1    6    1 0.0000000000 0.0000000000 
    0    1    0    1    1    1    1    0    6    0    6    0 0.0000000000 -0.0000000000 
    0    1    0    1    1    1    1    0    6    0    6    1 0.0175570909 -0.0000000000 
    0    1    0    1    1    1    1    0    6    1    6    0 0.0295806813 0.0000000000 
    0    1    0    1    1    1    1    0    6    1    6    1 0.0000000000 -0.0000000000 
    0    1    0    1    1    1    1    1    6    0    6    0 0.0969423527 0.0000000000 
    0    1    0    1    1    1    1    1    6    0    6    1 0.0000000000 -0.0000000000 
    0    1    0    1    1    1    1    1    6    1    6    0 0.0000000000 0.0000000000 
    0    1    0    1    1    1    1    1    6    1    6    1 0.1530576473 0.0000000000 
    0    0    0    0    1    0    1    0    7    0    7    0 0.1530576473 0.0000000000 
    0    0    0    0    1    0    1    0    7    0    7    1 0.0000000000 -0.0000000000 
    0    0    0    0    1    0    1    0    7    1    7    0 0.0000000000 0.0000000000 
    0    0    0    0    1    0    1    0    7    1    7    1 0.0969423527 0.0000000000 
    0    0    0    0    1    0    1    1    7    0    7    0 0.0000000000 0.0000000000 
    0    0    0    0    1    0    1    1    7    0    7    1 -0.0190676294 0.0040541915 
    0    0    0    0    1    0    1    1    7    1    7    0 -0.0190676294 -0.0040541915 
    0    0    0    0    1    0    1    1    7    1    7    1 0.0000000000 0.0000000000 
    0    0    0    0    1    1    1    0    7    0    7    0 0.0000000000 -0.0000000000 
    0    0    0    0    1    1    1    0    7    0    7    1 -0.0190676294 0.0040541915 
    0    0    0    0    1    1    1    0    7    1    7    0 -0.0190676294 -0.0040541915 
    0    0    0    0    1    1    1    0    7    1    7    1 0.0000000000 -0.0000000000 
    0    0    0    0    1    1    1    1    7    0    7    0 0.1530576473 0.0000000000 
    0    0    0    0    1    1    1    1    7    0    7    1 -0.0000000000 -0.0000000000 
    0    0    0    0    1    1    1    1    7    1    7    0 -0.0000000000 0.0000000000 
    0    0    0    0    1    1    1    1    7    1    7    1 0.0969423527 0.0000000000 
    0    0    0    1    1    0    1    0    7    0    7    0 -0.0000000000 0.0000000000 
    0    0    0    1    1    0    1    0    7    0    7    1 0.0295806813 0.0000000000 
    0    0    0    1    1    0    1    0    7    1    7    0 0.0175570909 0.0000000000 
    0    0    0    1    1    0    1    0    7    1    7    1 0.0000000000 0.0000000000 
    0    0    0    1    1    0    1    1    7    0    7    0 -0.0586469581 0.0025100857 
    0    0    0    1    1    0    1    1    7    0    7    1 0.0000000000 -0.0000000000 
    0    0    0    1    1    0    1    1    7    1    7    0 0.0000000000 0.0000000000 
    0    0    0    1    1    0    1    1    7    1    7    1 -0.0586469581 -0.0025100857 
    0    0    0    1    1    1    1    0    7    0    7    0 -0.0586469581 0.0025100857 
    0    0    0    1    1    1    1    0    7    0    7    1 0.0000000000 -0.0000000000 
    0    0    0    1    1    1    1    0    7    1    7    0 -0.0000000000 -0.0000000000 
    0    0    0    1    1    1    1    0    7    1    7    1 -0.0586469581 -0.0025100857 
    0    0    0    1    1    1    1    1    7    0    7    0 -0.0000000000 0.0000000000 
    0    0    0    1    1    1    1    1    7    0    7    1 0.0295806813 0.0000000000 
    0    0    0    1    1    1    1    1    7    1    7    0 0.0175570909 0.0000000000 
    0    0    0    1    1    1    1    1    7    1    7    1 -0.0000000000 0.0000000000 
    0    1    0    0    1    0    1    0    7    0    7    0 -0.0000000000 -0.0000000000 
    0    1    0    0    1    0    1    0    7    0    7    1 0.0175570909 -0.0000000000 
    0    1    0    0    1    0    1    0    7    1    7    0 0.0295806813 -0.0000000000 
    0    1    0    0    1    0    1    0    7    1    7    1 0.0000000000 -0.0000000000 
    0    1    0    0    1    0    1    1    7    0    7    0 -0.0586469581 -0.0025100857 
    0    1    0    0    1    0    1    1    7    0    7    1 -0.0000000000 0.0000000000 
    0    1    0    0    1    0    1    1    7    1    7    0 0.0000000000 0.0000000000 
    0    1    0    0    1    0    1    1    7    1    7    1 -0.0586469581 0.0025100857 
    0    1    0    0    1    1    1    0    7    0    7    0 -0.0586469581 -0.0025100857 
    0    1    0    0    1    1    1    0    7    0    7    1 0.0000000000 -0.0000000000 
    0    1    0    0    1    1    1    0    7    1    7    0 0.0000000000 0.0000000000 
    0    1    0    0    1    1    1    0    7    1    7    1 -0.0586469581 0.0025100857 
    0    1    0    0    1    1    1    1    7    0    7    0 -0.0000000000 -0.0000000000 
    0    1    0    0    1    1    1    1    7    0    7    1 0.0175570909 -0.0000000000 
    0    1    0    0    1    1    1    1    7    1    7    0 0.0295806813 -0.0000000000 
    0    1    0    0    1    1    1    1    7    1    7    1 -0.0000000000 -0.0000000000 
    0    1    0    1    1    0    1    0    7    0    7    0 0.0969423527 0.0000000000 
    0    1    0    1    1    0    1    0    7    0    7    1 0.0000000000 -0.0000000000 
    0    1    0    1    1    0    1    0    7    1    7    0 0.0000000000 0.0000000000 
    0    1    0    1    1    0    1    0    7    1    7    1 0.1530576473 0.0000000000 
    0    1    0    1    1    0    1    1    7    0    7    0 0.0000000000 0.0000000000 
    0    1    0    1    1    0    1    1    7    0    7    1 -0.0190676294 -0.0040541915 
    0    1    0    1    1    0    1    1    7    1    7    0 -0.0190676294 0.0040541915 
    0    1    0    1    1    0    1    1    7    1    7    1 0.0000000000 0.0000000000 
    0    1    0    1    1    1    1    0    7    0    7    0 0.0000000000 -0.0000000000 
    0    1    0    1    1    1    1    0    7    0    7    1 -0.0190676294 -0.0040541915 
    0    1    0    1    1    1    1    0    7    1    7    0 -0.0190676294 0.0040541915 
    0    1    0    1    1    1    1    0    7    1    7    1 0.0000000000 -0.0000000000 
    0    1    0    1    1    1    1    1    7    0    7    0 0.0969423527 0.0000000000 
    0    1    0    1    1    1    1    1    7    0    7    1 -0.0000000000 0.0000000000 
    0    1    0    1    1    1    1    1    7    1    7    0 -0.0000000000 -0.0000000000 
    0    1    0    1    1    1    1    1    7    1    7    1 0.1530576473 0.0000000000 
    0    0    0    0    2    0    2    0    3    0    3    0 0.1023008865 0.0000000000 
    0    0    0    0    2    0    2    0    3    0    3    1 0.0000000000 -0.0000000000 
    0    0    0    0    2    0    2    0    3    1    3    0 0.0000000000 0.0000000000 
    0    0    0    0    2    0    2    0    3    1    3    1 0.1023008865 0.0000000000 
    0    0    0    0    2    0    2    1    3    0    3    0 0.0000000000 -0.0000000000 
    0    0    0    0    2    0    2    1    3    0    3    1 -0.0586469581 -0.0065714896 
    0    0    0    0    2    0    2    1    3    1    3    0 -0.0586469581 -0.0065714896 
    0    0    0    0    2    0    2    1    3    1    3    1 -0.0000000000 -0.0000000000 
    0    0    0    0    2    1    2    0    3    0    3    0 0.0000000000 0.0000000000 
    0    0    0    0    2    1    2    0    3    0    3    1 -0.0586469581 0.0065714896 
    0    0    0    0    2    1    2    0    3    1    3    0 -0.0586469581 0.0065714896 
    0    0    0    0    2    1    2    0    3    1    3    1 -0.0000000000 0.0000000000 
    0    0    0    0    2    1    2    1    3    0    3    0 0.1476991135 0.0000000000 
    0    0    0    0    2    1    2    1    3    0    3    1 -0.0000000000 -0.0000000000 
    0    0    0    0    2    1    2    1    3    1    3    0 -0.0000000000 0.0000000000 
    0    0    0    0    2    1    2    1    3    1    3    1 0.1476991135 0.0000000000 
    0    0    0    1    2    0    2    0    3    0    3    0 -0.0000000000 0.0000000000 
    0    0    0    1    2    0    2    0    3    0    3    1 0.0841615185 -0.0065714896 
    0    0    0    1    2    0    2    0    3    1    3    0 -0.0841615185 0.0065714896 
    0    0    0    1    2    0    2    0    3    1    3    1 0.0000000000 0.0000000000 
    0    0    0    1    2    0    2    1    3    0    3    0 -0.0000000000 0.0090815753 
    0    0    0    1    2    0    2    1    3    0    3    1 0.0000000000 -0.0000000000 
    0    0    0    1    2    0    2    1    3    1    3    0 -0.0000000000 0.0000000000 
    0    0    0    1    2    0    2    1    3    1    3    1 -0.0000000000 -0.0090815753 
    0    0    0    1    2    1    2    0    3    0    3    0 0.0000000000 -0.0090815753 
    0    0    0    1    2    1    2    0    3    0    3    1 -0.0000000000 0.0000000000 
    0    0    0    1    2    1    2    0    3    1    3    0 0.0000000000 -0.0000000000 
    0    0    0    1    2    1    2    0    3    1    3    1 0.0000000000 0.0090815753 
    0    0    0    1    2    1    2    1    3    0    3    0 0.0000000000 0.0000000000 
    0    0    0    1    2    1    2    1    3    0    3    1 0.0841615185 0.0065714896 
    0    0    0    1    2    1    2    1    3    1    3    0 -0.0841615185 -0.0065714896 
    0    0    0    1    2    1    2    1    3    1    3    1 -0.0000000000 0.0000000000 
    0    1    0    0    2    0    2    0    3    0    3    0 -0.0000000000 -0.0000000000 
    0    1    0    0    2    0    2    0    3    0    3    1 -0.0841615185 -0.0065714896 
    0    1    0    0    2    0    2    0    3    1    3    0 0.0841615185 0.0065714896 
    0    1    0    0    2    0    2    0    3    1    3    1 0.0000000000 -0.0000000000 
    0    1    0    0    2    0    2    1    3    0    3    0 0.0000000000 0.0090815753 
    0    1    0    0    2    0    2    1    3    0    3    1 0.0000000000 0.0000000000 
    0    1    0    0    2    0    2    1    3    1    3    0 -0.0000000000 -0.0000000000 
    0    1    0    0    2    0    2    1    3    1    3    1 0.0000000000 -0.0090815753 
    0    1    0    0    2    1    2    0    3    0    3    0 -0.0000000000 -0.0090815753 
    0    1    0    0    2    1    2    0    3    0    3    1 -0.0000000000 -0.0000000000 
    0    1    0    0    2    1    2    0    3    1    3    0 0.0000000000 0.0000000000 
    0    1    0    0    2    1    2    0    3    1    3    1 -0.0000000000 0.0090815753 
    0    1    0    0    2    1    2    1    3    0    3    0 0.0000000000 -0.0000000000 
    0    1    0    0    2    1    2    1    3    0    3    1 -0.0841615185 0.0065714896 
    0    1    0    0    2    1    2    1    3    1    3    0 0.0841615185 -0.0065714896 
    0    1    0    0    2    1    2    1    3    1    3    1 -0.0000000000 -0.0000000000 
    0    1    0    1    2    0    2    0    3    0    3    0 0.1476991135 0.0000000000 
    0    1    0    1    2    0    2    0    3    0    3    1 0.0000000000 -0.0000000000 
    0    1    0    1    2    0    2    0    3    1    3    0 0.0000000000 0.0000000000 
    0    1    0    1    2    0    2    0    3    1    3    1 0.1476991135 0.0000000000 
    0    1    0    1    2    0    2    1    3    0    3    0 -0.0000000000 -0.0000000000 
    0    1    0    1    2    0    2    1    3    0    3    1 -0.0586469581 0.0065714896 
    0    1    0    1    2    0    2    1    3    1    3    0 -0.0586469581 0.0065714896 
    0    1    0    1    2    0    2    1    3    1    3    1 -0.0000000000 -0.0000000000 
    0    1    0    1    2    1    2    0    3    0    3    0 -0.0000000000 0.0000000000 
    0    1    0    1    2    1    2    0    3    0    3    1 -0.0586469581 -0.0065714896 
    0    1    0    1    2    1    2    0    3    1    3    0 -0.0586469581 -0.0065714896 
    0    1    0    1    2    1    2    0    3    1    3    1 -0.0000000000 0.0000000000 
    0    1    0    1    2    1    2    1    3    0    3    0 0.1023008865 0.0000000000 
    0    1    0    1    2    1    2    1    3    0    3    1 0.0000000000 -0.0000000000 
    0    1    0    1    2    1    2    1    3    1    3    0 0.0000000000 0.0000000000 
    0    1    0    1    2    1    2    1    3    1    3    1 0.1023008865 0.0000000000 
    0    0    0    0    2    0    2    0    4    0    4    0 0.1023008865 0.0000000000 
    0    0    0    0    2    0    2    0    4    0    4    1 -0.0000000000 0.0000000000 
    0    0    0    0    2    0    2    0    4    1    4    0 -0.0000000000 -0.0000000000 
    0    0    0    0    2    0    2    0    4    1    4    1 0.1023008865 0.0000000000 
    0    0    0    0    2    0    2    1    4    0    4    0 -0.0000000000 -0.0000000000 
    0    0    0    0    2    0    2    1    4    0    4    1 -0.0190676294 -0.0050112563 
    0    0    0    0    2    0    2    1    4    1    4    0 -0.0190676294 -0.0050112563 
    0    0    0    0    2    0    2    1    4    1    4    1 -0.0000000000 -0.0000000000 
    0    0    0    0    2    1    2    0    4    0    4    0 -0.0000000000 0.0000000000 
    0    0    0    0    2    1    2    0    4    0    4    1 -0.0190676294 0.0050112563 
    0    0    0    0    2    1    2    0    4    1    4    0 -0.0190676294 0.0050112563 
    0    0    0    0    2    1    2    0    4    1    4    1 -0.0000000000 0.0000000000 
    0    0    0    0    2    1    2    1    4    0    4    0 0.1476991135 0.0000000000 
    0    0    0    0    2    1    2    1    4    0    4    1 0.0000000000 0.0000000000 
    0    0    0    0    2    1    2    1    4    1    4    0 0.0000000000 -0.0000000000 
    0    0    0    0    2    1    2    1    4    1    4    1 0.1476991135 0.0000000000 
    0    0    0    1    2    0    2    0    4    0    4    0 -0.0000000000 0.0000000000 
    0    0    0    1    2    0    2    0    4    0    4    1 -0.0048636445 -0.0137273515 
    0    0    0    1    2    0    2    0    4    1    4    0 0.0048636445 0.0137273515 
    0    0    0    1    2    0    2    0    4    1    4    1 -0.0000000000 0.0000000000 
    0    0    0    1    2    0    2    1    4    0    4    0 -0.0000000000 -0.0031026365 
    0    0    0    1    2    0    2    1    4    0    4    1 -0.0000000000 0.0000000000 
    0    0    0    1    2    0    2    1    4    1    4    0 0.0000000000 -0.0000000000 
    0    0    0    1    2    0    2    1    4    1    4    1 -0.0000000000 0.0031026365 
    0    0    0    1    2    1    2    0    4    0    4    0 0.0000000000 -0.0031026365 
    0    0    0    1    2    1    2    0    4    0    4    1 0.0000000000 0.0000000000 
    0    0    0    1    2    1    2    0    4    1    4    0 0.0000000000 -0.0000000000 
    0    0    0    1    2    1    2    0    4    1    4    1 0.0000000000 0.0031026365 
    0    0    0    1    2    1    2    1    4    0    4    0 -0.0000000000 0.0000000000 
    0    0    0    1    2    1    2    1    4    0    4    1 -0.0048636445 0.0137273515 
    0    0    0    1    2    1    2    1    4    1    4    0 0.0048636445 -0.0137273515 
    0    0    0    1    2    1    2    1    4    1    4    1 -0.0000000000 0.0000000000 
    0    1    0    0    2    0    2    0    4    0    4    0 -0.0000000000 -0.0000000000 
    0    1    0    0    2    0    2    0    4    0    4    1 0.0048636445 -0.0137273515 
    0    1    0    0    2    0    2    0    4    1    4    0 -0.0048636445 0.0137273515 
    0    1    0    0    2    0    2    0    4    1    4    1 -0.0000000000 -0.0000000000 
    0    1    0    0    2    0    2    1    4    0    4    0 0.0000000000 0.0031026365 
    0    1    0    0    2    0    2    1    4    0    4    1 0.0000000000 0.0000000000 
    0    1    0    0    2    0    2    1    4    1    4    0 0.0000000000 -0.0000000000 
    0    1    0    0    2    0    2    1    4    1    4    1 0.0000000000 -0.0031026365 
    0    1    0    0    2    1    2    0    4    0    4    0 -0.0000000000 0.0031026365 
    0    1    0    0    2    1    2    0    4    0    4    1 0.0000000000 0.0000000000 
    0    1    0    0    2    1    2    0    4    1    4    0 -0.0000000000 -0.0000000000 
    0    1    0    0    2    1    2    0    4    1    4    1 -0.0000000000 -0.0031026365 
    0    1    0    0    2    1    2    1    4    0    4    0 -0.0000000000 -0.0000000000 
    0    1    0    0    2    1    2    1    4    0    4    1 0.0048636445 0.0137273515 
    0    1    0    0    2    1    2    1    4    1    4    0 -0.0048636445 -0.0137273515 
    0    1    0    0    2    1    2    1    4    1    4    1 -0.0000000000 -0.0000000000 
    0    1    0    1    2    0    2    0    4    0    4    0 0.1476991135 0.0000000000 
    0    1    0    1    2    0    2    0    4    0    4    1 0.0000000000 -0.0000000000 
    0    1    0    1    2    0    2    0    4    1    4    0 0.0000000000 0.0000000000 
    0    1    0    1    2    0    2    0    4    1    4    1 0.1476991135 0.0000000000 
    0    1    0    1    2    0    2    1    4    0    4    0 -0.0000000000 -0.0000000000 
    0    1    0    1    2    0    2    1    4    0    4    1 -0.0190676294 0.0050112563 
    0    1    0    1    2    0    2    1    4    1    4    0 -0.0190676294 0.0050112563 
    0    1    0    1    2    0    2    1    4    1    4    1 -0.0000000000 -0.0000000000 
    0    1    0    1    2    1    2    0    4    0    4    0 -0.0000000000 0.0000000000 
    0    1    0    1    2    1    2    0    4    0    4    1 -0.0190676294 -0.0050112563 
    0    1    0    1    2    1    2    0    4    1    4    0 -0.0190676294 -0.0050112563 
    0    1    0    1    2    1    2    0    4    1    4    1 -0.0000000000 0.0000000000 
    0    1    0    1    2    1    2    1    4    0    4    0 0.1023008865 0.0000000000 
    0    1    0    1    2    1    2    1    4    0    4    1 0.0000000000 -0.0000000000 
    0    1    0    1    2    1    2    1    4    1    4    0 0.0000000000 0.0000000000 
    0    1    0    1    2    1    2    1    4    1    4    1 0.1023008865 0.0000000000 
    0    0    0    0    2    0    2    0    5    0    5    0 0.0709127619 0.0000000000 
    0    0    0    0    2    0    2    0    5    0    5    1 -0.0000000000 -0.0000000000 
    0    0    0    0    2    0    2    0    5    1    5    0 -0.0000000000 0.0000000000 
    0    0    0    0    2    0    2    0    5    1    5    1 0.1336890112 0.0000000000 
    0    0    0    0    2    0    2    1    5    0    5    0 -0.0000000000 -0.0000000000 
    0    0    0    0    2    0    2    1    5    0    5    1 0.0295806813 0.0151598521 
    0    0    0    0    2    0    2    1    5    1    5    0 0.0175570909 -0.0070514691 
    0    0    0    0    2    0    2    1    5    1    5    1 -0.0000000000 -0.0000000000 
    0    0    0    0    2    1    2    0    5    0    5    0 -0.0000000000 0.0000000000 
    0    0    0    0    2    1    2    0    5    0    5    1 0.0175570909 0.0070514691 
    0    0    0    0    2    1    2    0    5    1    5    0 0.0295806813 -0.0151598521 
    0    0    0    0    2    1    2    0    5    1    5    1 -0.0000000000 0.0000000000 
    0    0    0    0    2    1    2    1    5    0    5    0 0.0601956942 0.0000000000 
    0    0    0    0    2    1    2    1    5    0    5    1 -0.0000000000 0.0000000000 
    0    0    0    0    2    1    2    1    5    1    5    0 -0.0000000000 -0.0000000000 
    0    0    0    0    2    1    2    1    5    1    5    1 0.2352025327 0.0000000000 
    0    0    0    1    2    0    2    0    5    0    5    0 -0.0000000000 0.0000000000 
    0    0    0    1    2    0    2    0    5    0    5    1 0.0000000000 -0.0000000000 
    0    0    0    1    2    0    2    0    5    1    5    0 -0.0000000000 0.0000000000 
    0    0    0    1    2    0    2    0    5    1    5    1 -0.0000000000 0.0000000000 
    0    0    0    1    2    0    2    1    5    0    5    0 -0.0000000000 0.0000000000 
    0    0    0    1    2    0    2    1    5    0    5    1 0.0000000000 -0.0000000000 
    0    0    0    1    2    0    2    1    5    1    5    0 -0.0000000000 0.0000000000 
    0    0    0    1    2    0    2    1    5    1    5    1 -0.0000000000 -0.0000000000 
    0    0    0    1    2    1    2    0    5    0    5    0 0.0000000000 -0.0000000000 
    0    0    0    1    2    1    2    0    5    0    5    1 -0.0000000000 -0.0000000000 
    0    0    0    1    2    1    2    0    5    1    5    0 -0.0000000000 0.0000000000 
    0    0    0    1    2    1    2    0    5    1    5    1 0.0000000000 -0.0000000000 
    0    0    0    1    2    1    2    1    5    0    5    0 -0.0000000000 0.0000000000 
    0    0    0    1    2    1    2    1    5    0    5    1 -0.0000000000 0.0000000000 
    0    0    0    1    2    1    2    1    5    1    5    0 0.0000000000 0.0000000000 
    0    0    0    1    2    1    2    1    5    1    5    1 -0.0000000000 0.0000000000 
    0    1    0    0    2    0    2    0    5    0    5    0 -0.0000000000 -0.0000000000 
    0    1    0    0    2    0    2    0    5    0    5    1 -0.0000000000 -0.0000000000 
    0    1    0    0    2    0    2    0    5    1    5    0 0.0000000000 0.0000000000 
    0    1    0    0    2    0    2    0    5    1    5    1 -0.0000000000 -0.0000000000 
    0    1    0    0    2    0    2    1    5    0    5    0 0.0000000000 0.0000000000 
    0    1    0    0    2    0    2    1    5    0    5    1 -0.0000000000 -0.0000000000 
    0    1    0    0    2    0    2    1    5    1    5    0 -0.0000000000 0.0000000000 
    0    1    0    0    2    0    2    1    5    1    5    1 0.0000000000 0.0000000000 
    0    1    0    0    2    1    2    0    5    0    5    0 -0.0000000000 -0.0000000000 
    0    1    0    0    2    1    2    0    5    0    5    1 -0.0000000000 -0.0000000000 
    0    1    0    0    2    1    2    0    5    1    5    0 0.0000000000 0.0000000000 
    0    1    0    0    2    1    2    0    5    1    5    1 -0.0000000000 0.0000000000 
    0    1    0    0    2    1    2    1    5    0    5    0 -0.0000000000 -0.0000000000 
    0    1    0    0    2    1    2    1    5    0    5    1 0.0000000000 -0.0000000000 
    0    1    0    0    2    1    2    1    5    1    5    0 -0.0000000000 -0.0000000000 
    0    1    0    0    2    1    2    1    5    1    5    1 -0.0000000000 -0.0000000000 
    0    1    0    1    2    0    2    0    5    0    5    0 0.2352025327 0.0000000000 
    0    1    0    1    2    0    2    0    5    0    5    1 -0.0000000000 0.0000000000 
    0    1    0    1    2    0    2    0    5    1    5    0 -0.0000000000 -0.0000000000 
    0    1    0    1    2    0    2    0    5    1    5    1 0.0601956942 0.0000000000 
    0    1    0    1    2    0    2    1    5    0    5    0 -0.0000000000 -0.0000000000 
    0    1    0    1    2    0    2    1    5    0    5    1 0.0295806813 -0.0151598521 
    0    1    0    1    2    0    2    1    5    1    5    0 0.0175570909 0.0070514691 
    0    1    0    1    2    0    2    1    5    1    5    1 -0.0000000000 -0.0000000000 
    0    1    0    1    2    1    2    0    5    0    5    0 -0.0000000000 0.0000000000 
    0    1    0    1    2    1    2    0    5    0    5    1 0.0175570909 -0.0070514691 
    0    1    0    1    2    1    2    0    5    1    5    0 0.0295806813 0.0151598521 
    0    1    0    1    2    1    2    0    5    1    5    1 -0.0000000000 0.0000000000 
    0    1    0    1    2    1    2    1    5    0    5    0 0.1336890112 0.0000000000 
    0    1    0    1    2    1    2    1    5    0    5    1 -0.0000000000 0.0000000000 
    0    1    0    1    2    1    2    1    5    1    5    0 -0.0000000000 -0.0000000000 
    0    1    0    1    2    1    2    1    5    1    5    1 0.0709127619 0.0000000000 
    0    0    0    0    2    0    2    0    6    0    6    0 0.1023008865 0.0000000000 
    0    0    0    0    2    0    2    0    6    0    6    1 0.0000000000 0.0000000000 
    0    0    0    0    2    0    2    0    6    1    6    0 0.0000000000 -0.0000000000 
    0    0    0    0    2    0    2    0    6    1    6    1 0.1023008865 0.0000000000 
    0    0    0    0    2    0    2    1    6    0    6    0 -0.0000000000 -0.0000000000 
    0    0    0    0    2    0    2    1    6    0    6    1 -0.0048636445 -0.0137273515 
    0    0    0    0    2    0    2    1    6    1    6    0 0.0048636445 0.0137273515 
    0    0    0    0    2    0    2    1    6    1    6    1 -0.0000000000 -0.0000000000 
    0    0    0    0    2    1    2    0    6    0    6    0 -0.0000000000 0.0000000000 
    0    0    0    0    2    1    2    0    6    0    6    1 0.0048636445 -0.0137273515 
    0    0    0    0    2    1    2    0    6    1    6    0 -0.0048636445 0.0137273515 
    0    0    0    0    2    1    2    0    6    1    6    1 -0.0000000000 0.0000000000 
    0    0    0    0    2    1    2    1    6    0    6    0 0.1476991135 0.0000000000 
    0    0    0    0    2    1    2    1    6    0    6    1 0.0000000000 -0.0000000000 
    0    0    0    0    2    1    2    1    6    1    6    0 0.0000000000 0.0000000000 
    0    0    0    0    2    1    2    1    6    1    6    1 0.1476991135 0.0000000000 
    0    0    0    1    2    0    2    0    6    0    6    0 -0.0000000000 0.0000000000 
    0    0    0    1    2    0    2    0    6    0    6    1 -0.0190676294 -0.0050112563 
    0    0    0    1    2    0    2    0    6    1    6    0 -0.0190676294 -0.0050112563 
    0    0    0    1    2    0    2    0    6    1    6    1 -0.0000000000 0.0000000000 
    0    0    0    1    2    0    2    1    6    0    6    0 -0.0000000000 -0.0031026365 
    0    0    0    1    2    0    2    1    6    0    6    1 0.0000000000 0.0000000000 
    0    0    0    1    2    0    2    1    6    1    6    0 0.0000000000 -0.0000000000 
    0    0    0    1    2    0    2    1    6    1    6    1 -0.0000000000 0.0031026365 
    0    0    0    1    2    1    2    0    6    0    6    0 0.0000000000 0.0031026365 
    0    0    0    1    2    1    2    0    6    0    6    1 -0.0000000000 0.0000000000 
    0    0    0    1    2    1    2    0    6    1    6    0 -0.0000000000 -0.0000000000 
    0    0    0    1    2    1    2    0    6    1    6    1 0.0000000000 -0.0031026365 
    0    0    0    1    2    1    2    1    6    0    6    0 -0.0000000000 0.0000000000 
    0    0    0    1    2    1    2    1    6    0    6    1 -0.0190676294 0.0050112563 
    0    0    0    1    2    1    2    1    6    1    6    0 -0.0190676294 0.0050112563 
    0    0    0    1    2    1    2    1    6    1    6    1 0.0000000000 0.0000000000 
    0    1    0    0    2    0    2    0    6    0    6    0 -0.0000000000 -0.0000000000 
    0    1    0    0    2    0    2    0    6    0    6    1 -0.0190676294 0.0050112563 
    0    1    0    0    2    0    2    0    6    1    6    0 -0.0190676294 0.0050112563 
    0    1    0    0    2    0    2    0    6    1    6    1 -0.0000000000 -0.0000000000 
    0    1    0    0    2    0    2    1    6    0    6    0 0.0000000000 -0.0031026365 
    0    1    0    0    2    0    2    1    6    0    6    1 -0.0000000000 0.0000000000 
    0    1    0    0    2    0    2    1    6    1    6    0 -0.0000000000 -0.0000000000 
    0    1    0    0    2    0    2    1    6    1    6    1 0.0000000000 0.0031026365 
    0    1    0    0    2    1    2    0    6    0    6    0 -0.0000000000 0.0031026365 
    0    1    0    0    2    1    2    0    6    0    6    1 0.0000000000 0.0000000000 
    0    1    0    0    2    1    2    0    6    1    6    0 0.0000000000 -0.0000000000 
    0    1    0    0    2    1    2    0    6    1    6    1 -0.0000000000 -0.0031026365 
    0    1    0    0    2    1    2    1    6    0    6    0 -0.0000000000 -0.0000000000 
    0    1    0    0    2    1    2    1    6    0    6    1 -0.0190676294 -0.0050112563 
    0    1    0    0    2    1    2    1    6    1    6    0 -0.0190676294 -0.0050112563 
    0    1    0    0    2    1    2    1    6    1    6    1 0.0000000000 -0.0000000000 
    0    1    0    1    2    0    2    0    6    0    6    0 0.1476991135 0.0000000000 
    0    1    0    1    2    0    2    0    6    0    6    1 0.0000000000 -0.0000000000 
    0    1    0    1    2    0    2    0    6    1    6    0 0.0000000000 0.0000000000 
    0    1    0    1    2    0    2    0    6    1    6    1 0.1476991135 0.0000000000 
    0    1    0    1    2    0    2    1    6    0    6    0 -0.0000000000 -0.0000000000 
    0    1    0    1    2    0    2    1    6    0    6    1 -0.0048636445 0.0137273515 
    0    1    0    1    2    0    2    1    6    1    6    0 0.0048636445 -0.0137273515 
    0    1    0    1    2    0    2    1    6    1    6    1 -0.0000000000 -0.0000000000 
    0    1    0    1    2    1    2    0    6    0    6    0 -0.0000000000 0.0000000000 
    0    1    0    1    2    1    2    0    6    0    6    1 0.0048636445 0.0137273515 
    0    1    0    1    2    1    2    0    6    1    6    0 -0.0048636445 -0.0137273515 
    0    1    0    1    2    1    2    0    6    1    6    1 -0.0000000000 0.0000000000 
    0    1    0    1    2    1    2    1    6    0    6    0 0.1023008865 0.0000000000 
    0    1    0    1    2    1    2    1    6    0    6    1 0.0000000000 -0.0000000000 
    0    1    0    1    2    1    2    1    6    1    6    0 0.0000000000 0.0000000000 
    0    1    0    1    2    1    2    1    6    1    6    1 0.1023008865 0.0000000000 
    0    0    0    0    2    0    2    0    7    0    7    0 0.0709127619 0.0000000000 
    0    0    0    0    2    0    2    0    7    0    7    1 -0.0000000000 0.0000000000 
    0    0    0    0    2    0    2    0    7    1    7    0 -0.0000000000 -0.0000000000 
    0    0    0    0    2    0    2    0    7    1    7    1 0.1336890112 0.0000000000 
    0    0    0    0    2    0    2    1    7    0    7    0 0.0000000000 -0.0000000000 
    0    0    0    0    2    0    2    1    7    0    7    1 0.0000000000 -0.0000000000 
    0    0    0    0    2    0    2    1    7    1    7    0 -0.0000000000 -0.0000000000 
    0    0    0    0    2    0    2    1    7    1    7    1 -0.0000000000 -0.0000000000 
    0    0    0    0    2    1    2    0    7    0    7    0 0.0000000000 0.0000000000 
    0    0    0    0    2    1    2    0    7    0    7    1 -0.0000000000 0.0000000000 
    0    0    0    0    2    1    2    0    7    1    7    0 0.0000000000 0.0000000000 
    0    0    0    0    2    1    2    0    7    1    7    1 -0.0000000000 0.0000000000 
    0    0    0    0    2    1    2    1    7    0    7    0 0.2352025327 0.0000000000 
    0    0    0    0    2    1    2    1    7    0    7    1 -0.0000000000 -0.0000000000 
    0    0    0    0    2    1    2    1    7    1    7    0 -0.0000000000 0.0000000000 
    0    0    0    0    2    1    2    1    7    1    7    1 0.0601956942 0.0000000000 
    0    0    0    1    2    0    2    0    7    0    7    0 -0.0000000000 0.0000000000 
    0    0    0    1    2    0    2    0    7    0    7    1 0.0295806813 0.0151598521 
    0    0    0    1    2    0    2    0    7    1    7    0 0.0175570909 -0.0070514691 
    0    0    0    1    2    0    2    0    7    1    7    1 -0.0000000000 0.0000000000 
    0    0    0    1    2    0    2    1    7    0    7    0 -0.0000000000 -0.0000000000 
    0    0    0    1    2    0    2    1    7    0    7    1 -0.0000000000 -0.0000000000 
    0    0    0    1    2    0    2    1    7    1    7    0 -0.0000000000 0.0000000000 
    0    0    0    1    2    0    2    1    7    1    7    1 -0.0000000000 -0.0000000000 
    0    0    0    1    2    1    2    0    7    0    7    0 0.0000000000 -0.0000000000 
    0    0    0    1    2    1    2    0    7    0    7    1 0.0000000000 -0.0000000000 
    0    0    0    1    2    1    2    0    7    1    7    0 0.0000000000 0.0000000000 
    0    0    0    1    2    1    2    0    7    1    7    1 0.0000000000 -0.0000000000 
    0    0    0    1    2    1    2    1    7    0    7    0 -0.0000000000 0.0000000000 
    0    0    0    1    2    1    2    1    7    0    7    1 0.0295806813 -0.0151598521 
    0    0    0    1    2    1    2    1    7    1    7    0 0.0175570909 0.0070514691 
    0    0    0    1    2    1    2    1    7    1    7    1 -0.0000000000 0.0000000000 
    0    1    0    0    2    0    2    0    7    0    7    0 -0.0000000000 -0.0000000000 
    0    1    0    0    2    0    2    0    7    0    7    1 0.0175570909 0.0070514691 
    0    1    0    0    2    0    2    0    7    1    7    0 0.0295806813 -0.0151598521 
    0    1    0    0    2    0    2    0    7    1    7    1 -0.0000000000 -0.0000000000 
    0    1    0    0    2    0    2    1    7    0    7    0 0.0000000000 0.0000000000 
    0    1    0    0    2    0    2    1    7    0    7    1 0.0000000000 -0.0000000000 
    0    1    0    0    2    0    2    1    7    1    7    0 0.0000000000 0.0000000000 
    0    1    0    0    2    0    2    1    7    1    7    1 0.0000000000 0.0000000000 
    0    1    0    0    2    1    2    0    7    0    7    0 -0.0000000000 0.0000000000 
    0    1    0    0    2    1    2    0    7    0    7    1 -0.0000000000 -0.0000000000 
    0    1    0    0    2    1    2    0    7    1    7    0 -0.0000000000 0.0000000000 
    0    1    0    0    2    1    2    0    7    1    7    1 -0.0000000000 0.0000000000 
    0    1    0    0    2    1    2    1    7    0    7    0 -0.0000000000 -0.0000000000 
    0    1    0    0    2    1    2    1    7    0    7    1 0.0175570909 -0.0070514691 
    0    1    0    0    2    1    2    1    7    1    7    0 0.0295806813 0.0151598521 
    0    1    0    0    2    1    2    1    7    1    7    1 -0.0000000000 -0.0000000000 
    0    1    0    1    2    0    2    0    7    0    7    0 0.0601956942 0.0000000000 
    0    1    0    1    2    0    2    0    7    0    7    1 0.0000000000 0.0000000000 
    0    1    0    1    2    0    2    0    7    1    7    0 0.0000000000 -0.0000000000 
    0    1    0    1    2    0    2    0    7    1    7    1 0.2352025327 0.0000000000 
    0    1    0    1    2    0    2    1    7    0    7    0 -0.0000000000 -0.0000000000 
    0    1    0    1    2    0    2    1    7    0    7    1 0.0000000000 0.0000000000 
    0    1    0    1    2    0    2    1    7    1    7    0 -0.0000000000 -0.0000000000 
    0    1    0    1    2    0    2    1    7    1    7    1 -0.0000000000 -0.0000000000 
    0    1    0    1    2    1    2    0    7    0    7    0 -0.0000000000 0.0000000000 
    0    1    0    1    2    1    2    0    7    0    7    1 -0.0000000000 0.0000000000 
    0    1    0    1    2    1    2    0    7    1    7    0 0.0000000000 -0.0000000000 
    0    1    0    1    2    1    2    0    7    1    7    1 -0.0000000000 0.0000000000 
    0    1    0    1    2    1    2    1    7    0    7    0 0.1336890112 0.0000000000 
    0    1    0    1    2    1    2    1    7    0    7    1 -0.0000000000 0.0000000000 
    0    1    0    1    2    1    2    1    7    1    7    0 -0.0000000000 -0.0000000000 
    0    1    0    1    2    1    2    1    7    1    7    1 0.0709127619 0.0000000000 
    0    0    0    0    3    0    3    0    4    0    4    0 0.1530576473 0.0000000000 
    0    0    0    0    3    0    3    0    4    0    4    1 0.0000000000 0.0000000000 
    0    0    0    0    3    0    3    0    4    1    4    0 0.0000000000 -0.0000000000 
    0    0    0    0    3    0    3    0    4    1    4    1 0.0969423527 0.0000000000 
    0    0    0    0    3    0    3    1    4    0    4    0 0.0000000000 -0.0000000000 
    0    0    0    0    3    0    3    1    4    0    4    1 0.0295806813 -0.0000000000 
    0    0    0    0    3    0    3    1    4    1    4    0 0.0175570909 0.0000000000 
    0    0    0    0    3    0    3    1    4    1    4    1 -0.0000000000 -0.0000000000 
    0    0    0    0    3    1    3    0    4    0    4    0 0.0000000000 0.0000000000 
    0    0    0    0    3    1    3    0    4    0    4    1 0.0175570909 -0.0000000000 
    0    0    0    0    3    1    3    0    4    1    4    0 0.0295806813 0.0000000000 
    0    0    0    0    3    1    3    0    4    1    4    1 -0.0000000000 0.0000000000 
    0    0    0    0    3    1    3    1    4    0    4    0 0.0969423527 0.0000000000 
    0    0    0    0    3    1    3    1    4    0    4    1 0.0000000000 -0.0000000000 
    0    0    0    0    3    1    3    1    4    1    4    0 0.0000000000 0.0000000000 
    0    0    0    0    3    1    3    1    4    1    4    1 0.1530576473 0.0000000000 
    0    0    0    1    3    0    3    0    4    0    4    0 -0.0000000000 0.0000000000 
    0    0    0    1    3    0    3    0    4    0    4    1 -0.0048636445 0.0111056606 
    0    0    0    1    3    0    3    0    4    1    4    0 0.0048636445 0.0111056606 
    0    0    0    1    3    0    3    0    4    1    4    1 0.0000000000 0.0000000000 
    0    0    0    1    3    0    3    1    4    0    4    0 0.0841615185 0.0025100857 
    0    0    0    1    3    0    3    1    4    0    4    1 -0.0000000000 -0.0000000000 
    0    0    0    1    3    0    3    1    4    1    4    0 -0.0000000000 0.0000000000 
    0    0    0    1    3    0    3    1    4    1    4    1 0.0841615185 -0.0025100857 
    0    0    0    1    3    1    3    0    4    0    4    0 -0.0841615185 0.0025100857 
    0    0    0    1    3    1    3    0    4    0    4    1 -0.0000000000 -0.0000000000 
    0    0    0    1    3    1    3    0    4    1    4    0 -0.0000000000 0.0000000000 
    0    0    0    1    3    1    3    0    4    1    4    1 -0.0841615185 -0.0025100857 
    0    0    0    1    3    1    3    1    4    0    4    0 -0.0000000000 0.0000000000 
    0    0    0    1    3    1    3    1    4    0    4    1 -0.0048636445 -0.0111056606 
    0    0    0    1    3    1    3    1    4    1    4    0 0.0048636445 -0.0111056606 
    0    0    0    1    3    1    3    1    4    1    4    1 -0.0000000000 0.0000000000 
    0    1    0    0    3    0    3    0    4    0    4    0 -0.0000000000 -0.0000000000 
    0    1    0    0    3    0    3    0    4    0    4    1 0.0048636445 -0.0111056606 
    0    1    0    0    3    0    3    0    4    1    4    0 -0.0048636445 -0.0111056606 
    0    1    0    0    3    0    3    0    4    1    4    1 0.0000000000 -0.0000000000 
    0    1    0    0    3    0    3    1    4    0    4    0 -0.0841615185 -0.0025100857 
    0    1    0    0    3    0    3    1    4    0    4    1 -0.0000000000 -0.0000000000 
    0    1    0    0    3    0    3    1    4    1    4    0 -0.0000000000 0.0000000000 
    0    1    0    0    3    0    3    1    4    1    4    1 -0.0841615185 0.0025100857 
    0    1    0    0    3    1    3    0    4    0    4    0 0.0841615185 -0.0025100857 
    0    1    0    0    3    1    3    0    4    0    4    1 -0.0000000000 -0.0000000000 
    0    1    0    0    3    1    3    0    4    1    4    0 -0.0000000000 0.0000000000 
    0    1    0    0    3    1    3    0    4    1    4    1 0.0841615185 0.0025100857 
    0    1    0    0    3    1    3    1    4    0    4    0 -0.0000000000 -0.0000000000 
    0    1    0    0    3    1    3    1    4    0    4    1 0.0048636445 0.0111056606 
    0    1    0    0    3    1    3    1    4    1    4    0 -0.0048636445 0.0111056606 
    0    1    0    0    3    1    3    1    4    1    4    1 -0.0000000000 -0.0000000000 
    0    1    0    1    3    0    3    0    4    0    4    0 0.1530576473 0.0000000000 
    0    1    0    1    3    0    3    0    4    0    4    1 0.0000000000 0.0000000000 
    0    1    0    1    3    0    3    0    4    1    4    0 0.0000000000 -0.0000000000 
    0    1    0    1    3    0    3    0    4    1    4    1 0.0969423527 0.0000000000 
    0    1    0    1    3    0    3    1    4    0    4    0 0.0000000000 -0.0000000000 
    0    1    0    1    3    0    3    1    4    0    4    1 0.0295806813 0.0000000000 
    0    1    0    1    3    0    3    1    4    1    4    0 0.0175570909 -0.0000000000 
    0    1    0    1    3    0    3    1    4    1    4    1 0.0000000000 -0.0000000000 
    0    1    0    1    3    1    3    0    4    0    4    0 0.0000000000 0.0000000000 
    0    1    0    1    3    1    3    0    4    0    4    1 0.0175570909 0.0000000000 
    0    1    0    1    3    1    3    0    4    1    4    0 0.0295806813 -0.0000000000 
    0    1    0    1    3    1    3    0    4    1    4    1 0.0000000000 0.0000000000 
    0    1    0    1    3    1    3    1    4    0    4    0 0.0969423527 0.0000000000 
    0    1    0    1    3    1    3    1    4    0    4    1 -0.0000000000 -0.0000000000 
    0    1    0    1    3    1    3    1    4    1    4    0 -0.0000000000 0.0000000000 
    0    1    0    1    3    1    3    1    4    1    4    1 0.1530576473 0.0000000000 
    0    0    0    0    3    0    3    0    5    0    5    0 0.0655542281 0.0000000000 
    0    0    0    0    3    0    3    0    5    0    5    1 -0.0000000000 0.0000000000 
    0    0    0    0    3    0    3    0    5    1    5    0 -0.0000000000 -0.0000000000 
    0    0    0    0    3    0    3    0    5    1    5    1 0.1844457719 0.0000000000 
    0    0    0    0    3    0    3    1    5    0    5    0 0.0000000000 -0.0000000000 
    0    0    0    0    3    0    3    1    5    0    5    1 -0.0190676294 -0.0290749970 
    0    0    0    0    3    0    3    1    5    1    5    0 -0.0190676294 0.0290749970 
    0    0    0    0    3    0    3    1    5    1    5    1 -0.0000000000 -0.0000000000 
    0    0    0    0    3    1    3    0    5    0    5    0 0.0000000000 0.0000000000 
    0    0    0    0    3    1    3    0    5    0    5    1 -0.0190676294 -0.0290749970 
    0    0    0    0    3    1    3    0    5    1    5    0 -0.0190676294 0.0290749970 
    0    0    0    0    3    1    3    0    5    1    5    1 -0.0000000000 0.0000000000 
    0    0    0    0    3    1    3    1    5    0    5    0 0.0655542281 0.0000000000 
    0    0    0    0    3    1    3    1    5    0    5    1 -0.0000000000 0.0000000000 
    0    0    0    0    3    1    3    1    5    1    5    0 -0.0000000000 -0.0000000000 
    0    0    0    0    3    1    3    1    5    1    5    1 0.1844457719 0.0000000000 
    0    0    0    1    3    0    3    0    5    0    5    0 -0.0000000000 0.0000000000 
    0    0    0    1    3    0    3    0    5    0    5    1 0.0000000000 0.0111056606 
    0    0    0    1    3    0    3    0    5    1    5    0 0.0000000000 -0.0692556547 
    0    0    0    1    3    0    3    0    5    1    5    1 0.0000000000 0.0000000000 
    0    0    0    1    3    0    3    1    5    0    5    0 0.0841615185 0.0000000000 
    0    0    0    1    3    0    3    1    5    0    5    1 0.0000000000 0.0000000000 
    0    0    0    1    3    0    3    1    5    1    5    0 0.0000000000 -0.0000000000 
    0    0    0    1    3    0    3    1    5    1    5    1 0.0841615185 0.0000000000 
    0    0    0    1    3    1    3    0    5    0    5    0 -0.0841615185 -0.0000000000 
    0    0    0    1    3    1    3    0    5    0    5    1 0.0000000000 -0.0000000000 
    0    0    0    1    3    1    3    0    5    1    5    0 0.0000000000 0.0000000000 
    0    0    0    1    3    1    3    0    5    1    5    1 -0.0841615185 -0.0000000000 
    0    0    0    1    3    1    3    1    5    0    5    0 -0.0000000000 -0.0000000000 
    0    0    0    1    3    1    3    1    5    0    5    1 0.0000000000 -0.0111056606 
    0    0    0    1    3    1    3    1    5    1    5    0 -0.0000000000 0.0692556547 
    0    0    0    1    3    1    3    1    5    1    5    1 -0.0000000000 0.0000000000 
    0    1    0    0    3    0    3    0    5    0    5    0 -0.0000000000 -0.0000000000 
    0    1    0    0    3    0    3    0    5    0    5    1 0.0000000000 0.0692556547 
    0    1    0    0    3    0    3    0    5    1    5    0 0.0000000000 -0.0111056606 
    0    1    0    0    3    0    3    0    5    1    5    1 0.0000000000 -0.0000000000 
    0    1    0    0    3    0    3    1    5    0    5    0 -0.0841615185 0.0000000000 
    0    1    0    0    3    0    3    1    5    0    5    1 0.0000000000 -0.0000000000 
    0    1    0    0    3    0    3    1    5    1    5    0 0.0000000000 0.0000000000 
    0    1    0    0    3    0    3    1    5    1    5    1 -0.0841615185 0.0000000000 
    0    1    0    0    3    1    3    0    5    0    5    0 0.0841615185 -0.0000000000 
    0    1    0    0    3    1    3    0    5    0    5    1 0.0000000000 0.0000000000 
    0    1    0    0    3    1    3    0    5    1    5    0 0.0000000000 -0.0000000000 
    0    1    0    0    3    1    3    0    5    1    5    1 0.0841615185 -0.0000000000 
    0    1    0    0    3    1    3    1    5    0    5    0 -0.0000000000 0.0000000000 
    0    1    0    0    3    1    3    1    5    0    5    1 -0.0000000000 -0.0692556547 
    0    1    0    0    3    1    3    1    5    1    5    0 0.0000000000 0.0111056606 
    0    1    0    0    3    1    3    1    5    1    5    1 -0.0000000000 -0.0000000000 
    0    1    0    1    3    0    3    0    5    0    5    0 0.1844457719 0.0000000000 
    0    1    0    1    3    0    3    0    5    0    5    1 -0.0000000000 0.0000000000 
    0    1    0    1    3    0    3    0    5    1    5    0 -0.0000000000 -0.0000000000 
    0    1    0    1    3    0    3    0    5    1    5    1 0.0655542281 0.0000000000 
    0    1    0    1    3    0    3    1    5    0    5    0 0.0000000000 -0.0000000000 
    0    1    0    1    3    0    3    1    5    0    5    1 -0.0190676294 0.0290749970 
    0    1    0    1    3    0    3    1    5    1    5    0 -0.0190676294 -0.0290749970 
    0    1    0    1    3    0    3    1    5    1    5    1 0.0000000000 -0.0000000000 
    0    1    0    1    3    1    3    0    5    0    5    0 0.0000000000 0.0000000000 
    0    1    0    1    3    1    3    0    5    0    5    1 -0.0190676294 0.0290749970 
    0    1    0    1    3    1    3    0    5    1    5    0 -0.0190676294 -0.0290749970 
    0    1    0    1    3    1    3    0    5    1    5    1 0.0000000000 0.0000000000 
    0    1    0    1    3    1    3    1    5    0    5    0 0.1844457719 0.0000000000 
    0    1    0    1    3    1    3    1    5    0    5    1 0.0000000000 0.0000000000 
    0    1    0    1    3    1    3    1    5    1    5    0 0.0000000000 -0.0000000000 
    0    1    0    1    3    1    3    1    5    1    5    1 0.0655542281 0.0000000000 
    0    0    0    0    3    0    3    0    6    0    6    0 0.0655542281 0.0000000000 
    0    0    0    0    3    0    3    0    6    0    6    1 0.0000000000 -0.0000000000 
    0    0    0    0    3    0    3    0    6    1    6    0 0.0000000000 0.0000000000 
    0    0    0    0    3    0    3    0    6    1    6    1 0.1844457719 0.0000000000 
    0    0    0    0    3    0    3    1    6    0    6    0 -0.0000000000 -0.0000000000 
    0    0    0    0    3    0    3    1    6    0    6    1 0.0000000000 0.0111056606 
    0    0    0    0    3    0    3    1    6    1    6    0 0.0000000000 -0.0692556547 
    0    0    0    0    3    0    3    1    6    1    6    1 0.0000000000 -0.0000000000 
    0    0    0    0    3    1    3    0    6    0    6    0 -0.0000000000 0.0000000000 
    0    0    0    0    3    1    3    0    6    0    6    1 0.0000000000 0.0692556547 
    0    0    0    0    3    1    3    0    6    1    6    0 0.0000000000 -0.0111056606 
    0    0    0    0    3    1    3    0    6    1    6    1 0.0000000000 0.0000000000 
    0    0    0    0    3    1    3    1    6    0    6    0 0.1844457719 0.0000000000 
    0    0    0    0    3    1    3    1    6    0    6    1 -0.0000000000 0.0000000000 
    0    0    0    0    3    1    3    1    6    1    6    0 -0.0000000000 -0.0000000000 
    0    0    0    0    3    1    3    1    6    1    6    1 0.0655542281 0.0000000000 
    0    0    0    1    3    0    3    0    6    0    6    0 -0.0000000000 0.0000000000 
    0    0    0    1    3    0    3    0    6    0    6    1 -0.0190676294 -0.0290749970 
    0    0    0    1    3    0    3    0    6    1    6    0 -0.0190676294 0.0290749970 
    0    0    0    1    3    0    3    0    6    1    6    1 -0.0000000000 0.0000000000 
    0    0    0    1    3    0    3    1    6    0    6    0 0.0841615185 0.0000000000 
    0    0    0    1    3    0    3    1    6    0    6    1 0.0000000000 -0.0000000000 
    0    0    0    1    3    0    3    1    6    1    6    0 -0.0000000000 0.0000000000 
    0    0    0    1    3    0    3    1    6    1    6    1 0.0841615185 0.0000000000 
    0    0    0    1    3    1    3    0    6    0    6    0 -0.0841615185 -0.0000000000 
    0    0    0    1    3    1    3    0    6    0    6    1 -0.0000000000 0.0000000000 
    0    0    0    1    3    1    3    0    6    1    6    0 -0.0000000000 -0.0000000000 
    0    0    0    1    3    1    3    0    6    1    6    1 -0.0841615185 -0.0000000000 
    0    0    0    1    3    1    3    1    6    0    6    0 -0.0000000000 0.0000000000 
    0    0    0    1    3    1    3    1    6    0    6    1 -0.0190676294 0.0290749970 
    0    0    0    1    3    1    3    1    6    1    6    0 -0.0190676294 -0.0290749970 
    0    0    0    1    3    1    3    1    6    1    6    1 -0.0000000000 0.0000000000 
    0    1    0    0    3    0    3    0    6    0    6    0 -0.0000000000 -0.0000000000 
    0    1    0    0    3    0    3    0    6    0    6    1 -0.0190676294 -0.0290749970 
    0    1    0    0    3    0    3    0    6    1    6    0 -0.0190676294 0.0290749970 
    0    1    0    0    3    0    3    0    6    1    6    1 -0.0000000000 -0.0000000000 
    0    1    0    0    3    0    3    1    6    0    6    0 -0.0841615185 0.0000000000 
    0    1    0    0    3    0    3    1    6    0    6    1 -0.0000000000 0.0000000000 
    0    1    0    0    3    0    3    1    6    1    6    0 -0.0000000000 -0.0000000000 
    0    1    0    0    3    0    3    1    6    1    6    1 -0.0841615185 0.0000000000 
    0    1    0    0    3    1    3    0    6    0    6    0 0.0841615185 -0.0000000000 
    0    1    0    0    3    1    3    0    6    0    6    1 -0.0000000000 -0.0000000000 
    0    1    0    0    3    1    3    0    6    1    6    0 0.0000000000 0.0000000000 
    0    1    0    0    3    1    3    0    6    1    6    1 0.0841615185 -0.0000000000 
    0    1    0    0    3    1    3    1    6    0    6    0 -0.0000000000 -0.0000000000 
    0    1    0    0    3    1    3    1    6    0    6    1 -0.0190676294 0.0290749970 
    0    1    0    0    3    1    3    1    6    1    6    0 -0.0190676294 -0.0290749970 
    0    1    0    0    3    1    3    1    6    1    6    1 -0.0000000000 -0.0000000000 
    0    1    0    1    3    0    3    0    6    0    6    0 0.0655542281 0.0000000000 
    0    1    0    1    3    0    3    0    6    0    6    1 0.0000000000 -0.0000000000 
    0    1    0    1    3    0    3    0    6    1    6    0 0.0000000000 0.0000000000 
    0    1    0    1    3    0    3    0    6    1    6    1 0.1844457719 0.0000000000 
    0    1    0    1    3    0    3    1    6    0    6    0 0.0000000000 -0.0000000000 
    0    1    0    1    3    0    3    1    6    0    6    1 0.0000000000 -0.0111056606 
    0    1    0    1    3    0    3    1    6    1    6    0 -0.0000000000 0.0692556547 
    0    1    0    1    3    0    3    1    6    1    6    1 0.0000000000 -0.0000000000 
    0    1    0    1    3    1    3    0    6    0    6    0 0.0000000000 0.0000000000 
    0    1    0    1    3    1    3    0    6    0    6    1 -0.0000000000 -0.0692556547 
    0    1    0    1    3    1    3    0    6    1    6    0 0.0000000000 0.0111056606 
    0    1    0    1    3    1    3    0    6    1    6    1 0.0000000000 0.0000000000 
    0    1    0    1    3    1    3    1    6    0    6    0 0.1844457719 0.0000000000 
    0    1    0    1    3    1    3    1    6    0    6    1 0.0000000000 -0.0000000000 
    0    1    0    1    3    1    3    1    6    1    6    0 0.0000000000 0.0000000000 
    0    1    0    1    3    1    3    1    6    1    6    1 0.0655542281 0.0000000000 
    0    0    0    0    3    0    3    0    7    0    7    0 0.1530576473 0.0000000000 
    0    0    0    0    3    0    3    0    7    0    7    1 -0.0000000000 -0.0000000000 
    0    0    0    0    3    0    3    0    7    1    7    0 -0.0000000000 0.0000000000 
    0    0    0    0    3    0    3    0    7    1    7    1 0.0969423527 0.0000000000 
    0    0    0    0    3    0    3    1    7    0    7    0 -0.0000000000 -0.0000000000 
    0    0    0    0    3    0    3    1    7    0    7    1 -0.0048636445 0.0111056606 
    0    0    0    0    3    0    3    1    7    1    7    0 0.0048636445 0.0111056606 
    0    0    0    0    3    0    3    1    7    1    7    1 0.0000000000 -0.0000000000 
    0    0    0    0    3    1    3    0    7    0    7    0 -0.0000000000 0.0000000000 
    0    0    0    0    3    1    3    0    7    0    7    1 0.0048636445 -0.0111056606 
    0    0    0    0    3    1    3    0    7    1    7    0 -0.0048636445 -0.0111056606 
    0    0    0    0    3    1    3    0    7    1    7    1 0.0000000000 0.0000000000 
    0    0    0    0    3    1    3    1    7    0    7    0 0.1530576473 0.0000000000 
    0    0    0    0    3    1    3    1    7    0    7    1 0.0000000000 0.0000000000 
    0    0    0    0    3    1    3    1    7    1    7    0 0.0000000000 -0.0000000000 
    0    0    0    0    3    1    3    1    7    1    7    1 0.0969423527 0.0000000000 
    0    0    0    1    3    0    3    0    7    0    7    0 0.0000000000 0.0000000000 
    0    0    0    1    3    0    3    0    7    0    7    1 0.0295806813 0.0000000000 
    0    0    0    1    3    0    3    0    7    1    7    0 0.0175570909 0.0000000000 
    0    0    0    1    3    0    3    0    7    1    7    1 -0.0000000000 0.0000000000 
    0    0    0    1    3    0    3    1    7    0    7    0 0.0841615185 0.0025100857 
    0    0    0    1    3    0    3    1    7    0    7    1 -0.0000000000 0.0000000000 
    0    0    0    1    3    0    3    1    7    1    7    0 -0.0000000000 -0.0000000000 
    0    0    0    1    3    0    3    1    7    1    7    1 0.0841615185 -0.0025100857 
    0    0    0    1    3    1    3    0    7    0    7    0 -0.0841615185 -0.0025100857 
    0    0    0    1    3    1    3    0    7    0    7    1 0.0000000000 0.0000000000 
    0    0    0    1    3    1    3    0    7    1    7    0 0.0000000000 -0.0000000000 
    0    0    0    1    3    1    3    0    7    1    7    1 -0.0841615185 0.0025100857 
    0    0    0    1    3    1    3    1    7    0    7    0 -0.0000000000 -0.0000000000 
    0    0    0    1    3    1    3    1    7    0    7    1 0.0295806813 0.0000000000 
    0    0    0    1    3    1    3    1    7    1    7    0 0.0175570909 -0.0000000000 
    0    0    0    1    3    1    3    1    7    1    7    1 -0.0000000000 0.0000000000 
    0    1    0    0    3    0    3    0    7    0    7    0 0.0000000000 -0.0000000000 
    0    1    0    0    3    0    3    0    7    0    7    1 0.0175570909 -0.0000000000 
    0    1    0    0    3    0    3    0    7    1    7    0 0.0295806813 -0.0000000000 
    0    1    0    0    3    0    3    0    7    1    7    1 -0.0000000000 -0.0000000000 
    0    1    0    0    3    0    3    1    7    0    7    0 -0.0841615185 0.0025100857 
    0    1    0    0    3    0    3    1    7    0    7    1 0.0000000000 0.0000000000 
    0    1    0    0    3    0    3    1    7    1    7    0 0.0000000000 -0.0000000000 
    0    1    0    0    3    0    3    1    7    1    7    1 -0.0841615185 -0.0025100857 
    0    1    0    0    3    1    3    0    7    0    7    0 0.0841615185 -0.0025100857 
    0    1    0    0    3    1    3    0    7    0    7    1 -0.0000000000 0.0000000000 
    0    1    0    0    3    1    3    0    7    1    7    0 -0.0000000000 -0.0000000000 
    0    1    0    0    3    1    3    0    7    1    7    1 0.0841615185 0.0025100857 
    0    1    0    0    3    1    3    1    7    0    7    0 -0.0000000000 0.0000000000 
    0    1    0    0    3    1    3    1    7    0    7    1 0.0175570909 0.0000000000 
    0    1    0    0    3    1    3    1    7    1    7    0 0.0295806813 -0.0000000000 
    0    1    0    0    3    1    3    1    7    1    7    1 -0.0000000000 -0.0000000000 
    0    1    0    1    3    0    3    0    7    0    7    0 0.0969423527 0.0000000000 
    0    1    0    1    3    0    3    0    7    0    7    1 0.0000000000 -0.0000000000 
    0    1    0    1    3    0    3    0    7    1    7    0 0.0000000000 0.0000000000 
    0    1    0    1    3    0    3    0    7    1    7    1 0.1530576473 0.0000000000 
    0    1    0    1    3    0    3    1    7    0    7    0 0.0000000000 -0.0000000000 
    0    1    0    1    3    0    3    1    7    0    7    1 -0.0048636445 -0.0111056606 
    0    1    0    1    3    0    3    1    7    1    7    0 0.0048636445 -0.0111056606 
    0    1    0    1    3    0    3    1    7    1    7    1 0.0000000000 -0.0000000000 
    0    1    0    1    3    1    3    0    7    0    7    0 0.0000000000 0.0000000000 
    0    1    0    1    3    1    3    0    7    0    7    1 0.0048636445 0.0111056606 
    0    1    0    1    3    1    3    0    7    1    7    0 -0.0048636445 0.0111056606 
    0    1    0    1    3    1    3    0    7    1    7    1 0.0000000000 0.0000000000 
    0    1    0    1    3    1    3    1    7    0    7    0 0.0969423527 0.0000000000 
    0    1    0    1    3    1    3    1    7    0    7    1 -0.0000000000 0.0000000000 
    0    1    0    1    3    1    3    1    7    1    7    0 -0.0000000000 -0.0000000000 
    0    1    0    1    3    1    3    1    7    1    7    1 0.1530576473 0.0000000000 
    0    0    0    0    4    0    4    0    5    0    5    0 0.0655542281 0.0000000000 
    0    0    0    0    4    0    4    0    5    0    5    1 -0.0000000000 0.0000000000 
    0    0    0    0    4    0    4    0    5    1    5    0 -0.0000000000 -0.0000000000 
    0    0    0    0    4    0    4    0    5    1    5    1 0.1844457719 0.0000000000 
    0    0    0    0    4    0    4    1    5    0    5    0 0.0000000000 -0.0000000000 
    0    0    0    0    4    0    4    1    5    0    5    1 -0.0586469581 -0.0000000000 
    0    0    0    0    4    0    4    1    5    1    5    0 -0.0586469581 0.0000000000 
    0    0    0    0    4    0    4    1    5    1    5    1 0.0000000000 0.0000000000 
    0    0    0    0    4    1    4    0    5    0    5    0 0.0000000000 0.0000000000 
    0    0    0    0    4    1    4    0    5    0    5    1 -0.0586469581 -0.0000000000 
    0    0    0    0    4    1    4    0    5    1    5    0 -0.0586469581 0.0000000000 
    0    0    0    0    4    1    4    0    5    1    5    1 0.0000000000 -0.0000000000 
    0    0    0    0    4    1    4    1    5    0    5    0 0.0655542281 0.0000000000 
    0    0    0    0    4    1    4    1    5    0    5    1 -0.0000000000 0.0000000000 
    0    0    0    0    4    1    4    1    5    1    5    0 -0.0000000000 -0.0000000000 
    0    0    0    0    4    1    4    1    5    1    5    1 0.1844457719 0.0000000000 
    0    0    0    1    4    0    4    0    5    0    5    0 -0.0000000000 -0.0000000000 
    0    0    0    1    4    0    4    0    5    0    5    1 0.0000000000 0.0040541915 
    0    0    0    1    4    0    4    0    5    1    5    0 -0.0000000000 -0.0252822137 
    0    0    0    1    4    0    4    0    5    1    5    1 -0.0000000000 0.0000000000 
    0    0    0    1    4    0    4    1    5    0    5    0 -0.0048636445 -0.0106140111 
    0    0    0    1    4    0    4    1    5    0    5    1 -0.0000000000 0.0000000000 
    0    0    0    1    4    0    4    1    5    1    5    0 0.0000000000 -0.0000000000 
    0    0    0    1    4    0    4    1    5    1    5    1 -0.0048636445 0.0106140111 
    0    0    0    1    4    1    4    0    5    0    5    0 0.0048636445 0.0106140111 
    0    0    0    1    4    1    4    0    5    0    5    1 0.0000000000 -0.0000000000 
    0    0    0    1    4    1    4    0    5    1    5    0 -0.0000000000 0.0000000000 
    0    0    0    1    4    1    4    0    5    1    5    1 0.0048636445 -0.0106140111 
    0    0    0    1    4    1    4    1    5    0    5    0 -0.0000000000 0.0000000000 
    0    0    0    1    4    1    4    1    5    0    5    1 -0.0000000000 -0.0040541915 
    0    0    0    1    4    1    4    1    5    1    5    0 0.0000000000 0.0252822137 
    0    0    0    1    4    1    4    1    5    1    5    1 -0.0000000000 -0.0000000000 
    0    1    0    0    4    0    4    0    5    0    5    0 -0.0000000000 0.0000000000 
    0    1    0    0    4    0    4    0    5    0    5    1 -0.0000000000 0.0252822137 
    0    1    0    0    4    0    4    0    5    1    5    0 0.0000000000 -0.0040541915 
    0    1    0    0    4    0    4    0    5    1    5    1 -0.0000000000 -0.0000000000 
    0    1    0    0    4    0    4    1    5    0    5    0 0.0048636445 -0.0106140111 
    0    1    0    0    4    0    4    1    5    0    5    1 -0.0000000000 -0.0000000000 
    0    1    0    0    4    0    4    1    5    1    5    0 0.0000000000 0.0000000000 
    0    1    0    0    4    0    4    1    5    1    5    1 0.0048636445 0.0106140111 
    0    1    0    0    4    1    4    0    5    0    5    0 -0.0048636445 0.0106140111 
    0    1    0    0    4    1    4    0    5    0    5    1 0.0000000000 0.0000000000 
    0    1    0    0    4    1    4    0    5    1    5    0 -0.0000000000 -0.0000000000 
    0    1    0    0    4    1    4    0    5    1    5    1 -0.0048636445 -0.0106140111 
    0    1    0    0    4    1    4    1    5    0    5    0 -0.0000000000 -0.0000000000 
    0    1    0    0    4    1    4    1    5    0    5    1 0.0000000000 -0.0252822137 
    0    1    0    0    4    1    4    1    5    1    5    0 -0.0000000000 0.0040541915 
    0    1    0    0    4    1    4    1    5    1    5    1 -0.0000000000 0.0000000000 
    0    1    0    1    4    0    4    0    5    0    5    0 0.1844457719 0.0000000000 
    0    1    0    1    4    0    4    0    5    0    5    1 -0.0000000000 0.0000000000 
    0    1    0    1    4    0    4    0    5    1    5    0 -0.0000000000 -0.0000000000 
    0    1    0    1    4    0    4    0    5    1    5    1 0.0655542281 0.0000000000 
    0    1    0    1    4    0    4    1    5    0    5    0 0.0000000000 -0.0000000000 
    0    1    0    1    4    0    4    1    5    0    5    1 -0.0586469581 -0.0000000000 
    0    1    0    1    4    0    4    1    5    1    5    0 -0.0586469581 0.0000000000 
    0    1    0    1    4    0    4    1    5    1    5    1 0.0000000000 -0.0000000000 
    0    1    0    1    4    1    4    0    5    0    5    0 0.0000000000 0.0000000000 
    0    1    0    1    4    1    4    0    5    0    5    1 -0.0586469581 -0.0000000000 
    0    1    0    1    4    1    4    0    5    1    5    0 -0.0586469581 0.0000000000 
    0    1    0    1    4    1    4    0    5    1    5    1 0.0000000000 0.0000000000 
    0    1    0    1    4    1    4    1    5    0    5    0 0.1844457719 0.0000000000 
    0    1    0    1    4    1    4    1    5    0    5    1 -0.0000000000 0.0000000000 
    0    1    0    1    4    1    4    1    5    1    5    0 -0.0000000000 -0.0000000000 
    0    1    0    1    4    1    4    1    5    1    5    1 0.0655542281 0.0000000000 
    0    0    0    0    4    0    4    0    6    0    6    0 0.1023008865 0.0000000000 
    0    0    0    0    4    0    4    0    6    0    6    1 0.0000000000 -0.0000000000 
    0    0    0    0    4    0    4    0    6    1    6    0 0.0000000000 0.0000000000 
    0    0    0    0    4    0    4    0    6    1    6    1 0.1476991135 0.0000000000 
    0    0    0    0    4    0    4    1    6    0    6    0 0.0000000000 -0.0000000000 
    0    0    0    0    4    0    4    1    6    0    6    1 -0.0000000000 -0.0031026365 
    0    0    0    0    4    0    4    1    6    1    6    0 -0.0000000000 -0.0031026365 
    0    0    0    0    4    0    4    1    6    1    6    1 0.0000000000 0.0000000000 
    0    0    0    0    4    1    4    0    6    0    6    0 0.0000000000 0.0000000000 
    0    0    0    0    4    1    4    0    6    0    6    1 -0.0000000000 0.0031026365 
    0    0    0    0    4    1    4    0    6    1    6    0 -0.0000000000 0.0031026365 
    0    0    0    0    4    1    4    0    6    1    6    1 0.0000000000 -0.0000000000 
    0    0    0    0    4    1    4    1    6    0    6    0 0.1476991135 0.0000000000 
    0    0    0    0    4    1    4    1    6    0    6    1 -0.0000000000 -0.0000000000 
    0    0    0    0    4    1    4    1    6    1    6    0 -0.0000000000 0.0000000000 
    0    0    0    0    4    1    4    1    6    1    6    1 0.1023008865 0.0000000000 
    0    0    0    1    4    0    4    0    6    0    6    0 -0.0000000000 0.0000000000 
    0    0    0    1    4    0    4    0    6    0    6    1 -0.0190676294 -0.0050112563 
    0    0    0    1    4    0    4    0    6    1    6    0 -0.0190676294 0.0050112563 
    0    0    0    1    4    0    4    0    6    1    6    1 -0.0000000000 0.0000000000 
    0    0    0    1    4    0    4    1    6    0    6    0 -0.0048636445 -0.0137273515 
    0    0    0    1    4    0    4    1    6    0    6    1 -0.0000000000 -0.0000000000 
    0    0    0    1    4    0    4    1    6    1    6    0 -0.0000000000 0.0000000000 
    0    0    0    1    4    0    4    1    6    1    6    1 -0.0048636445 0.0137273515 
    0    0    0    1    4    1    4    0    6    0    6    0 0.0048636445 -0.0137273515 
    0    0    0    1    4    1    4    0    6    0    6    1 -0.0000000000 0.0000000000 
    0    0    0    1    4    1    4    0    6    1    6    0 -0.0000000000 0.0000000000 
    0    0    0    1    4    1    4    0    6    1    6    1 0.0048636445 0.0137273515 
    0    0    0    1    4    1    4    1    6    0    6    0 -0.0000000000 0.0000000000 
    0    0    0    1    4    1    4    1    6    0    6    1 -0.0190676294 0.0050112563 
    0    0    0    1    4    1    4    1    6    1    6    0 -0.0190676294 -0.0050112563 
    0    0    0    1    4    1    4    1    6    1    6    1 -0.0000000000 0.0000000000 
    0    1    0    0    4    0    4    0    6    0    6    0 -0.0000000000 -0.0000000000 
    0    1    0    0    4    0    4    0    6    0    6    1 -0.0190676294 -0.0050112563 
    0    1    0    0    4    0    4    0    6    1    6    0 -0.0190676294 0.0050112563 
    0    1    0    0    4    0    4    0    6    1    6    1 -0.0000000000 -0.0000000000 
    0    1    0    0    4    0    4    1    6    0    6    0 0.0048636445 0.0137273515 
    0    1    0    0    4    0    4    1    6    0    6    1 -0.0000000000 -0.0000000000 
    0    1    0    0    4    0    4    1    6    1    6    0 -0.0000000000 -0.0000000000 
    0    1    0    0    4    0    4    1    6    1    6    1 0.0048636445 -0.0137273515 
    0    1    0    0    4    1    4    0    6    0    6    0 -0.0048636445 0.0137273515 
    0    1    0    0    4    1    4    0    6    0    6    1 -0.0000000000 -0.0000000000 
    0    1    0    0    4    1    4    0    6    1    6    0 -0.0000000000 0.0000000000 
    0    1    0    0    4    1    4    0    6    1    6    1 -0.0048636445 -0.0137273515 
    0    1    0    0    4    1    4    1    6    0    6    0 -0.0000000000 -0.0000000000 
    0    1    0    0    4    1    4    1    6    0    6    1 -0.0190676294 0.0050112563 
    0    1    0    0    4    1    4    1    6    1    6    0 -0.0190676294 -0.0050112563 
    0    1    0    0    4    1    4    1    6    1    6    1 -0.0000000000 -0.0000000000 
    0    1    0    1    4    0    4    0    6    0    6    0 0.1023008865 0.0000000000 
    0    1    0    1    4    0    4    0    6    0    6    1 0.0000000000 -0.0000000000 
    0    1    0    1    4    0    4    0    6    1    6    0 0.0000000000 0.0000000000 
    0    1    0    1    4    0    4    0    6    1    6    1 0.1476991135 0.0000000000 
    0    1    0    1    4    0    4    1    6    0    6    0 0.0000000000 -0.0000000000 
    0    1    0    1    4    0    4    1    6    0    6    1 -0.0000000000 0.0031026365 
    0    1    0    1    4    0    4    1    6    1    6    0 -0.0000000000 0.0031026365 
    0    1    0    1    4    0    4    1    6    1    6    1 0.0000000000 0.0000000000 
    0    1    0    1    4    1    4    0    6    0    6    0 0.0000000000 0.0000000000 
    0    1    0    1    4    1    4    0    6    0    6    1 -0.0000000000 -0.0031026365 
    0    1    0    1    4    1    4    0    6    1    6    0 -0.0000000000 -0.0031026365 
    0    1    0    1    4    1    4    0    6    1    6    1 0.0000000000 -0.0000000000 
    0    1    0    1    4    1    4    1    6    0    6    0 0.1476991135 0.0000000000 
    0    1    0    1    4    1    4    1    6    0    6    1 0.0000000000 -0.0000000000 
    0    1    0    1    4    1    4    1    6    1    6    0 0.0000000000 0.0000000000 
    0    1    0    1    4    1    4    1    6    1    6    1 0.1023008865 0.0000000000 
    0    0    0    0    4    0    4    0    7    0    7    0 0.1530576473 0.0000000000 
    0    0    0    0    4    0    4    0    7    0    7    1 -0.0000000000 0.0000000000 
    0    0    0    0    4    0    4    0    7    1    7    0 -0.0000000000 -0.0000000000 
    0    0    0    0    4    0    4    0    7    1    7    1 0.0969423527 0.0000000000 
    0    0    0    0    4    0    4    1    7    0    7    0 0.0000000000 -0.0000000000 
    0    0    0    0    4    0    4    1    7    0    7    1 0.0841615185 0.0025100857 
    0    0    0    0    4    0    4    1    7    1    7    0 -0.0841615185 0.0025100857 
    0    0    0    0    4    0    4    1    7    1    7    1 -0.0000000000 0.0000000000 
    0    0    0    0    4    1    4    0    7    0    7    0 0.0000000000 0.0000000000 
    0    0    0    0    4    1    4    0    7    0    7    1 -0.0841615185 -0.0025100857 
    0    0    0    0    4    1    4    0    7    1    7    0 0.0841615185 -0.0025100857 
    0    0    0    0    4    1    4    0    7    1    7    1 -0.0000000000 -0.0000000000 
    0    0    0    0    4    1    4    1    7    0    7    0 0.1530576473 0.0000000000 
    0    0    0    0    4    1    4    1    7    0    7    1 0.0000000000 -0.0000000000 
    0    0    0    0    4    1    4    1    7    1    7    0 0.0000000000 0.0000000000 
    0    0    0    0    4    1    4    1    7    1    7    1 0.0969423527 0.0000000000 
    0    0    0    1    4    0    4    0    7    0    7    0 0.0000000000 0.0000000000 
    0    0    0    1    4    0    4    0    7    0    7    1 0.0295806813 0.0000000000 
    0    0    0    1    4    0    4    0    7    1    7    0 0.0175570909 0.0000000000 
    0    0    0    1    4    0    4    0    7    1    7    1 -0.0000000000 0.0000000000 
    0    0    0    1    4    0    4    1    7    0    7    0 -0.0048636445 0.0111056606 
    0    0    0    1    4    0    4    1    7    0    7    1 0.0000000000 -0.0000000000 
    0    0    0    1    4    0    4    1    7    1    7    0 0.0000000000 -0.0000000000 
    0    0    0    1    4    0    4    1    7    1    7    1 -0.0048636445 -0.0111056606 
    0    0    0    1    4    1    4    0    7    0    7    0 0.0048636445 -0.0111056606 
    0    0    0    1    4    1    4    0    7    0    7    1 0.0000000000 -0.0000000000 
    0    0    0    1    4    1    4    0    7    1    7    0 0.0000000000 0.0000000000 
    0    0    0    1    4    1    4    0    7    1    7    1 0.0048636445 0.0111056606 
    0    0    0    1    4    1    4    1    7    0    7    0 -0.0000000000 0.0000000000 
    0    0    0    1    4    1    4    1    7    0    7    1 0.0295806813 0.0000000000 
    0    0    0    1    4    1    4    1    7    1    7    0 0.0175570909 0.0000000000 
    0    0    0    1    4    1    4    1    7    1    7    1 0.0000000000 0.0000000000 
    0    1    0    0    4    0    4    0    7    0    7    0 0.0000000000 -0.0000000000 
    0    1    0    0    4    0    4    0    7    0    7    1 0.0175570909 -0.0000000000 
    0    1    0    0    4    0    4    0    7    1    7    0 0.0295806813 -0.0000000000 
    0    1    0    0    4    0    4    0    7    1    7    1 -0.0000000000 -0.0000000000 
    0    1    0    0    4    0    4    1    7    0    7    0 0.0048636445 0.0111056606 
    0    1    0    0    4    0    4    1    7    0    7    1 0.0000000000 -0.0000000000 
    0    1    0    0    4    0    4    1    7    1    7    0 0.0000000000 0.0000000000 
    0    1    0    0    4    0    4    1    7    1    7    1 0.0048636445 -0.0111056606 
    0    1    0    0    4    1    4    0    7    0    7    0 -0.0048636445 -0.0111056606 
    0    1    0    0    4    1    4    0    7    0    7    1 0.0000000000 0.0000000000 
    0    1    0    0    4    1    4    0    7    1    7    0 0.0000000000 0.0000000000 
    0    1    0    0    4    1    4    0    7    1    7    1 -0.0048636445 0.0111056606 
    0    1    0    0    4    1    4    1    7    0    7    0 -0.0000000000 -0.0000000000 
    0    1    0    0    4    1    4    1    7    0    7    1 0.0175570909 -0.0000000000 
    0    1    0    0    4    1    4    1    7    1    7    0 0.0295806813 -0.0000000000 
    0    1    0    0    4    1    4    1    7    1    7    1 0.0000000000 -0.0000000000 
    0    1    0    1    4    0    4    0    7    0    7    0 0.0969423527 0.0000000000 
    0    1    0    1    4    0    4    0    7    0    7    1 -0.0000000000 0.0000000000 
    0    1    0    1    4    0    4    0    7    1    7    0 -0.0000000000 -0.0000000000 
    0    1    0    1    4    0    4    0    7    1    7    1 0.1530576473 0.0000000000 
    0    1    0    1    4    0    4    1    7    0    7    0 0.0000000000 -0.0000000000 
    0    1    0    1    4    0    4    1    7    0    7    1 0.0841615185 -0.0025100857 
    0    1    0    1    4    0    4    1    7    1    7    0 -0.0841615185 -0.0025100857 
    0    1    0    1    4    0    4    1    7    1    7    1 0.0000000000 -0.0000000000 
    0    1    0    1    4    1    4    0    7    0    7    0 0.0000000000 0.0000000000 
    0    1    0    1    4    1    4    0    7    0    7    1 -0.0841615185 0.0025100857 
    0    1    0    1    4    1    4    0    7    1    7    0 0.0841615185 0.0025100857 
    0    1    0    1    4    1    4    0    7    1    7    1 0.0000000000 0.0000000000 
    0    1    0    1    4    1    4    1    7    0    7    0 0.0969423527 0.0000000000 
    0    1    0    1    4    1    4    1    7    0    7    1 -0.0000000000 -0.0000000000 
    0    1    0    1    4    1    4    1    7    1    7    0 -0.0000000000 0.0000000000 
    0    1    0    1    4    1    4    1    7    1    7    1 0.1530576473 0.0000000000 
    0    0    0    0    5    0    5    0    6    0    6    0 0.0655542281 0.0000000000 
    0    0    0    0    5    0    5    0    6    0    6    1 -0.0000000000 -0.0000000000 
    0    0    0    0    5    0    5    0    6    1    6    0 -0.0000000000 0.0000000000 
    0    0    0    0    5    0    5    0    6    1    6    1 0.0655542281 0.0000000000 
    0    0    0    0    5    0    5    1    6    0    6    0 -0.0000000000 0.0000000000 
    0    0    0    0    5    0    5    1    6    0    6    1 0.0841615185 -0.0000000000 
    0    0    0    0    5    0    5    1    6    1    6    0 -0.0841615185 0.0000000000 
    0    0    0    0    5    0    5    1    6    1    6    1 -0.0000000000 0.0000000000 
    0    0    0    0    5    1    5    0    6    0    6    0 -0.0000000000 -0.0000000000 
    0    0    0    0    5    1    5    0    6    0    6    1 -0.0841615185 -0.0000000000 
    0    0    0    0    5    1    5    0    6    1    6    0 0.0841615185 0.0000000000 
    0    0    0    0    5    1    5    0    6    1    6    1 -0.0000000000 -0.0000000000 
    0    0    0    0    5    1    5    1    6    0    6    0 0.1844457719 0.0000000000 
    0    0    0    0    5    1    5    1    6    0    6    1 0.0000000000 -0.0000000000 
    0    0    0    0    5    1    5    1    6    1    6    0 0.0000000000 0.0000000000 
    0    0    0    0    5    1    5    1    6    1    6    1 0.1844457719 0.0000000000 
    0    0    0    1    5    0    5    0    6    0    6    0 0.0000000000 -0.0000000000 
    0    0    0    1    5    0    5    0    6    0    6    1 -0.0190676294 -0.0290749970 
    0    0    0    1    5    0    5    0    6    1    6    0 -0.0190676294 -0.0290749970 
    0    0    0    1    5    0    5    0    6    1    6    1 -0.0000000000 0.0000000000 
    0    0    0    1    5    0    5    1    6    0    6    0 0.0000000000 0.0111056606 
    0    0    0    1    5    0    5    1    6    0    6    1 0.0000000000 -0.0000000000 
    0    0    0    1    5    0    5    1    6    1    6    0 0.0000000000 -0.0000000000 
    0    0    0    1    5    0    5    1    6    1    6    1 0.0000000000 -0.0111056606 
    0    0    0    1    5    1    5    0    6    0    6    0 -0.0000000000 0.0692556547 
    0    0    0    1    5    1    5    0    6    0    6    1 0.0000000000 -0.0000000000 
    0    0    0    1    5    1    5    0    6    1    6    0 0.0000000000 -0.0000000000 
    0    0    0    1    5    1    5    0    6    1    6    1 0.0000000000 -0.0692556547 
    0    0    0    1    5    1    5    1    6    0    6    0 -0.0000000000 0.0000000000 
    0    0    0    1    5    1    5    1    6    0    6    1 -0.0190676294 0.0290749970 
    0    0    0    1    5    1    5    1    6    1    6    0 -0.0190676294 0.0290749970 
    0    0    0    1    5    1    5    1    6    1    6    1 0.0000000000 0.0000000000 
    0    1    0    0    5    0    5    0    6    0    6    0 0.0000000000 0.0000000000 
    0    1    0    0    5    0    5    0    6    0    6    1 -0.0190676294 0.0290749970 
    0    1    0    0    5    0    5    0    6    1    6    0 -0.0190676294 0.0290749970 
    0    1    0    0    5    0    5    0    6    1    6    1 -0.0000000000 -0.0000000000 
    0    1    0    0    5    0    5    1    6    0    6    0 -0.0000000000 -0.0692556547 
    0    1    0    0    5    0    5    1    6    0    6    1 0.0000000000 0.0000000000 
    0    1    0    0    5    0    5    1    6    1    6    0 0.0000000000 0.0000000000 
    0    1    0    0    5    0    5    1    6    1    6    1 0.0000000000 0.0692556547 
    0    1    0    0    5    1    5    0    6    0    6    0 0.0000000000 -0.0111056606 
    0    1    0    0    5    1    5    0    6    0    6    1 0.0000000000 0.0000000000 
    0    1    0    0    5    1    5    0    6    1    6    0 0.0000000000 0.0000000000 
    0    1    0    0    5    1    5    0    6    1    6    1 0.0000000000 0.0111056606 
    0    1    0    0    5    1    5    1    6    0    6    0 -0.0000000000 -0.0000000000 
    0    1    0    0    5    1    5    1    6    0    6    1 -0.0190676294 -0.0290749970 
    0    1    0    0    5    1    5    1    6    1    6    0 -0.0190676294 -0.0290749970 
    0    1    0    0    5    1    5    1    6    1    6    1 0.0000000000 -0.0000000000 
    0    1    0    1    5    0    5    0    6    0    6    0 0.1844457719 0.0000000000 
    0    1    0    1    5    0    5    0    6    0    6    1 0.0000000000 -0.0000000000 
    0    1    0    1    5    0    5    0    6    1    6    0 0.0000000000 0.0000000000 
    0    1    0    1    5    0    5    0    6    1    6    1 0.1844457719 0.0000000000 
    0    1    0    1    5    0    5    1    6    0    6    0 -0.0000000000 0.0000000000 
    0    1    0    1    5    0    5    1    6    0    6    1 0.0841615185 -0.0000000000 
    0    1    0    1    5    0    5    1    6    1    6    0 -0.0841615185 0.0000000000 
    0    1    0    1    5    0    5    1    6    1    6    1 -0.0000000000 0.0000000000 
    0    1    0    1    5    1    5    0    6    0    6    0 -0.0000000000 -0.0000000000 
    0    1    0    1    5    1    5    0    6    0    6    1 -0.0841615185 -0.0000000000 
    0    1    0    1    5    1    5    0    6    1    6    0 0.0841615185 0.0000000000 
    0    1    0    1    5    1    5    0    6    1    6    1 -0.0000000000 -0.0000000000 
    0    1    0    1    5    1    5    1    6    0    6    0 0.0655542281 0.0000000000 
    0    1    0    1    5    1    5    1    6    0    6    1 0.0000000000 -0.0000000000 
    0    1    0    1    5    1    5    1    6    1    6    0 0.0000000000 0.0000000000 
    0    1    0    1    5    1    5    1    6    1    6    1 0.0655542281 0.0000000000 
    0    0    0    0    5    0    5    0    7    0    7    0 0.0709127619 0.0000000000 
    0    0    0    0    5    0    5    0    7    0    7    1 -0.0000000000 0.0000000000 
    0    0    0    0    5    0    5    0    7    1    7    0 -0.0000000000 -0.0000000000 
    0    0    0    0    5    0    5    0    7    1    7    1 0.0601956942 0.0000000000 
    0    0    0    0    5    0    5    1    7    0    7    0 -0.0000000000 0.0000000000 
    0    0    0    0    5    0    5    1    7    0    7    1 -0.0000000000 0.0000000000 
    0    0    0    0    5    0    5    1    7    1    7    0 -0.0000000000 0.0000000000 
    0    0    0    0    5    0    5    1    7    1    7    1 0.0000000000 -0.0000000000 
    0    0    0    0    5    1    5    0    7    0    7    0 -0.0000000000 -0.0000000000 
    0    0    0    0    5    1    5    0    7    0    7    1 -0.0000000000 -0.0000000000 
    0    0    0    0    5    1    5    0    7    1    7    0 -0.0000000000 -0.0000000000 
    0    0    0    0    5    1    5    0    7    1    7    1 0.0000000000 0.0000000000 
    0    0    0    0    5    1    5    1    7    0    7    0 0.2352025327 0.0000000000 
    0    0    0    0    5    1    5    1    7    0    7    1 -0.0000000000 -0.0000000000 
    0    0    0    0    5    1    5    1    7    1    7    0 -0.0000000000 0.0000000000 
    0    0    0    0    5    1    5    1    7    1    7    1 0.1336890112 0.0000000000 
    0    0    0    1    5    0    5    0    7    0    7    0 -0.0000000000 0.0000000000 
    0    0    0    1    5    0    5    0    7    0    7    1 0.0295806813 0.0151598521 
    0    0    0    1    5    0    5    0    7    1    7    0 0.0175570909 0.0070514691 
    0    0    0    1    5    0    5    0    7    1    7    1 -0.0000000000 0.0000000000 
    0    0    0    1    5    0    5    1    7    0    7    0 -0.0000000000 -0.0000000000 
    0    0    0    1    5    0    5    1    7    0    7    1 -0.0000000000 0.0000000000 
    0    0    0    1    5    0    5    1    7    1    7    0 -0.0000000000 0.0000000000 
    0    0    0    1    5    0    5    1    7    1    7    1 0.0000000000 -0.0000000000 
    0    0    0    1    5    1    5    0    7    0    7    0 0.0000000000 0.0000000000 
    0    0    0    1    5    1    5    0    7    0    7    1 -0.0000000000 0.0000000000 
    0    0    0    1    5    1    5    0    7    1    7    0 0.0000000000 -0.0000000000 
    0    0    0    1    5    1    5    0    7    1    7    1 -0.0000000000 0.0000000000 
    0    0    0    1    5    1    5    1    7    0    7    0 -0.0000000000 0.0000000000 
    0    0    0    1    5    1    5    1    7    0    7    1 0.0295806813 -0.0151598521 
    0    0    0    1    5    1    5    1    7    1    7    0 0.0175570909 -0.0070514691 
    0    0    0    1    5    1    5    1    7    1    7    1 -0.0000000000 0.0000000000 
    0    1    0    0    5    0    5    0    7    0    7    0 -0.0000000000 -0.0000000000 
    0    1    0    0    5    0    5    0    7    0    7    1 0.0175570909 -0.0070514691 
    0    1    0    0    5    0    5    0    7    1    7    0 0.0295806813 -0.0151598521 
    0    1    0    0    5    0    5    0    7    1    7    1 -0.0000000000 -0.0000000000 
    0    1    0    0    5    0    5    1    7    0    7    0 0.0000000000 -0.0000000000 
    0    1    0    0    5    0    5    1    7    0    7    1 0.0000000000 0.0000000000 
    0    1    0    0    5    0    5    1    7    1    7    0 -0.0000000000 -0.0000000000 
    0    1    0    0    5    0    5    1    7    1    7    1 -0.0000000000 -0.0000000000 
    0    1    0    0    5    1    5    0    7    0    7    0 -0.0000000000 0.0000000000 
    0    1    0    0    5    1    5    0    7    0    7    1 -0.0000000000 -0.0000000000 
    0    1    0    0    5    1    5    0    7    1    7    0 -0.0000000000 -0.0000000000 
    0    1    0    0    5    1    5    0    7    1    7    1 0.0000000000 0.0000000000 
    0    1    0    0    5    1    5    1    7    0    7    0 -0.0000000000 -0.0000000000 
    0    1    0    0    5    1    5    1    7    0    7    1 0.0175570909 0.0070514691 
    0    1    0    0    5    1    5    1    7    1    7    0 0.0295806813 0.0151598521 
    0    1    0    0    5    1    5    1    7    1    7    1 -0.0000000000 -0.0000000000 
    0    1    0    1    5    0    5    0    7    0    7    0 0.1336890112 0.0000000000 
    0    1    0    1    5    0    5    0    7    0    7    1 -0.0000000000 0.0000000000 
    0    1    0    1    5    0    5    0    7    1    7    0 -0.0000000000 -0.0000000000 
    0    1    0    1    5    0    5    0    7    1    7    1 0.2352025327 0.0000000000 
    0    1    0    1    5    0    5    1    7    0    7    0 -0.0000000000 0.0000000000 
    0    1    0    1    5    0    5    1    7    0    7    1 -0.0000000000 -0.0000000000 
    0    1    0    1    5    0    5    1    7    1    7    0 -0.0000000000 0.0000000000 
    0    1    0    1    5    0    5    1    7    1    7    1 -0.0000000000 0.0000000000 
    0    1    0    1    5    1    5    0    7    0    7    0 -0.0000000000 -0.0000000000 
    0    1    0    1    5    1    5    0    7    0    7    1 -0.0000000000 -0.0000000000 
    0    1    0    1    5    1    5    0    7    1    7    0 -0.0000000000 0.0000000000 
    0    1    0    1    5    1    5    0    7    1    7    1 -0.0000000000 -0.0000000000 
    0    1    0    1    5    1    5    1    7    0    7    0 0.0601956942 0.0000000000 
    0    1    0    1    5    1    5    1    7    0    7    1 -0.0000000000 0.0000000000 
    0    1    0    1    5    1    5    1    7    1    7    0 -0.0000000000 -0.0000000000 
    0    1    0    1    5    1    5    1    7    1    7    1 0.0709127619 0.0000000000 
    0    0    0    0    6    0    6    0    7    0    7    0 0.1530576473 0.0000000000 
    0    0    0    0    6    0    6    0    7    0    7    1 -0.0000000000 0.0000000000 
    0    0    0    0    6    0    6    0    7    1    7    0 -0.0000000000 -0.0000000000 
    0    0    0    0    6    0    6    0    7    1    7    1 0.0969423527 0.0000000000 
    0    0    0    0    6    0    6    1    7    0    7    0 0.0000000000 -0.0000000000 
    0    0    0    0    6    0    6    1    7    0    7    1 -0.0586469581 0.0025100857 
    0    0    0    0    6    0    6    1    7    1    7    0 -0.0586469581 -0.0025100857 
    0    0    0    0    6    0    6    1    7    1    7    1 0.0000000000 0.0000000000 
    0    0    0    0    6    1    6    0    7    0    7    0 0.0000000000 0.0000000000 
    0    0    0    0    6    1    6    0    7    0    7    1 -0.0586469581 0.0025100857 
    0    0    0    0    6    1    6    0    7    1    7    0 -0.0586469581 -0.0025100857 
    0    0    0    0    6    1    6    0    7    1    7    1 0.0000000000 -0.0000000000 
    0    0    0    0    6    1    6    1    7    0    7    0 0.1530576473 0.0000000000 
    0    0    0    0    6    1    6    1    7    0    7    1 -0.0000000000 -0.0000000000 
    0    0    0    0    6    1    6    1    7    1    7    0 -0.0000000000 0.0000000000 
    0    0    0    0    6    1    6    1    7    1    7    1 0.0969423527 0.0000000000 
    0    0    0    1    6    0    6    0    7    0    7    0 -0.0000000000 -0.0000000000 
    0    0    0    1    6    0    6    0    7    0    7    1 0.0295806813 0.0000000000 
    0    0    0    1    6    0    6    0    7    1    7    0 0.0175570909 0.0000000000 
    0    0    0    1    6    0    6    0    7    1    7    1 -0.0000000000 0.0000000000 
    0    0    0    1    6    0    6    1    7    0    7    0 -0.0190676294 0.0040541915 
    0    0    0    1    6    0    6    1    7    0    7    1 -0.0000000000 -0.0000000000 
    0    0    0    1    6    0    6    1    7    1    7    0 0.0000000000 -0.0000000000 
    0    0    0    1    6    0    6    1    7    1    7    1 -0.0190676294 -0.0040541915 
    0    0    0    1    6    1    6    0    7    0    7    0 -0.0190676294 0.0040541915 
    0    0    0    1    6    1    6    0    7    0    7    1 0.0000000000 -0.0000000000 
    0    0    0    1    6    1    6    0    7    1    7    0 -0.0000000000 0.0000000000 
    0    0    0    1    6    1    6    0    7    1    7    1 -0.0190676294 -0.0040541915 
    0    0    0    1    6    1    6    1    7    0    7    0 -0.0000000000 0.0000000000 
    0    0    0    1    6    1    6    1    7    0    7    1 0.0295806813 0.0000000000 
    0    0    0    1    6    1    6    1    7    1    7    0 0.0175570909 0.0000000000 
    0    0    0    1    6    1    6    1    7    1    7    1 -0.0000000000 -0.0000000000 
    0    1    0    0    6    0    6    0    7    0    7    0 -0.0000000000 0.0000000000 
    0    1    0    0    6    0    6    0    7    0    7    1 0.0175570909 -0.0000000000 
    0    1    0    0    6    0    6    0    7    1    7    0 0.0295806813 -0.0000000000 
    0    1    0    0    6    0    6    0    7    1    7    1 -0.0000000000 -0.0000000000 
    0    1    0    0    6    0    6    1    7    0    7    0 -0.0190676294 -0.0040541915 
    0    1    0    0    6    0    6    1    7    0    7    1 -0.0000000000 -0.0000000000 
    0    1    0    0    6    0    6    1    7    1    7    0 0.0000000000 0.0000000000 
    0    1    0    0    6    0    6    1    7    1    7    1 -0.0190676294 0.0040541915 
    0    1    0    0    6    1    6    0    7    0    7    0 -0.0190676294 -0.0040541915 
    0    1    0    0    6    1    6    0    7    0    7    1 0.0000000000 0.0000000000 
    0    1    0    0    6    1    6    0    7    1    7    0 -0.0000000000 0.0000000000 
    0    1    0    0    6    1    6    0    7    1    7    1 -0.0190676294 0.0040541915 
    0    1    0    0    6    1    6    1    7    0    7    0 -0.0000000000 -0.0000000000 
    0    1    0    0    6    1    6    1    7    0    7    1 0.0175570909 -0.0000000000 
    0    1    0    0    6    1    6    1    7    1    7    0 0.0295806813 -0.0000000000 
    0    1    0    0    6    1    6    1    7    1    7    1 -0.0000000000 0.0000000000 
    0    1    0    1    6    0    6    0    7    0    7    0 0.0969423527 0.0000000000 
    0    1    0    1    6    0    6    0    7    0    7    1 -0.0000000000 0.0000000000 
    0    1    0    1    6    0    6    0    7    1    7    0 -0.0000000000 -0.0000000000 
    0    1    0    1    6    0    6    0    7    1    7    1 0.1530576473 0.0000000000 
    0    1    0    1    6    0    6    1    7    0    7    0 0.0000000000 -0.0000000000 
    0    1    0    1    6    0    6    1    7    0    7    1 -0.0586469581 -0.0025100857 
    0    1    0    1    6    0    6    1    7    1    7    0 -0.0586469581 0.0025100857 
    0    1    0    1    6    0    6    1    7    1    7    1 0.0000000000 -0.0000000000 
    0    1    0    1    6    1    6    0    7    0    7    0 0.0000000000 0.0000000000 
    0    1    0    1    6    1    6    0    7    0    7    1 -0.0586469581 -0.0025100857 
    0    1    0    1    6    1    6    0    7    1    7    0 -0.0586469581 0.0025100857 
    0    1    0    1    6    1    6    0    7    1    7    1 0.0000000000 0.0000000000 
    0    1    0    1    6    1    6    1    7    0    7    0 0.0969423527 0.0000000000 
    0    1    0    1    6    1    6    1    7    0    7    1 0.0000000000 -0.0000000000 
    0    1    0    1    6    1    6    1    7    1    7    0 0.0000000000 0.0000000000 
    0    1    0    1    6    1    6    1    7    1    7    1 0.1530576473 0.0000000000 
    1    0    1    0    2    0    2    0    3    0    3    0 0.1023008865 0.0000000000 
    1    0    1    0    2    0    2    0    3    0    3    1 0.0000000000 -0.0000000000 
    1    0    1    0    2    0    2    0    3    1    3    0 0.0000000000 0.0000000000 
    1    0    1    0    2    0    2    0    3    1    3    1 0.1476991135 0.0000000000 
    1    0    1    0    2    0    2    1    3    0    3    0 -0.0000000000 -0.0000000000 
    1    0    1    0    2    0    2    1    3    0    3    1 -0.0586469581 -0.0065714896 
    1    0    1    0    2    0    2    1    3    1    3    0 -0.0586469581 0.0065714896 
    1    0    1    0    2    0    2    1    3    1    3    1 0.0000000000 -0.0000000000 
    1    0    1    0    2    1    2    0    3    0    3    0 -0.0000000000 0.0000000000 
    1    0    1    0    2    1    2    0    3    0    3    1 -0.0586469581 -0.0065714896 
    1    0    1    0    2    1    2    0    3    1    3    0 -0.0586469581 0.0065714896 
    1    0    1    0    2    1    2    0    3    1    3    1 0.0000000000 0.0000000000 
    1    0    1    0    2    1    2    1    3    0    3    0 0.1023008865 0.0000000000 
    1    0    1    0    2    1    2    1    3    0    3    1 0.0000000000 -0.0000000000 
    1    0    1    0    2    1    2    1    3    1    3    0 0.0000000000 0.0000000000 
    1    0    1    0    2    1    2    1    3    1    3    1 0.1476991135 0.0000000000 
    1    0    1    1    2    0    2    0    3    0    3    0 0.0000000000 0.0000000000 
    1    0    1    1    2    0    2    0    3    0    3    1 -0.0000000000 0.0090815753 
    1    0    1    1    2    0    2    0    3    1    3    0 0.0000000000 -0.0090815753 
    1    0    1    1    2    0    2    0    3    1    3    1 -0.0000000000 0.0000000000 
    1    0    1    1    2    0    2    1    3    0    3    0 0.0841615185 -0.0065714896 
    1    0    1    1    2    0    2    1    3    0    3    1 -0.0000000000 -0.0000000000 
    1    0    1    1    2    0    2    1    3    1    3    0 0.0000000000 0.0000000000 
    1    0    1    1    2    0    2    1    3    1    3    1 0.0841615185 0.0065714896 
    1    0    1    1    2    1    2    0    3    0    3    0 -0.0841615185 0.0065714896 
    1    0    1    1    2    1    2    0    3    0    3    1 0.0000000000 0.0000000000 
    1    0    1    1    2    1    2    0    3    1    3    0 -0.0000000000 -0.0000000000 
    1    0    1    1    2    1    2    0    3    1    3    1 -0.0841615185 -0.0065714896 
    1    0    1    1    2    1    2    1    3    0    3    0 -0.0000000000 0.0000000000 
    1    0    1    1    2    1    2    1    3    0    3    1 -0.0000000000 -0.0090815753 
    1    0    1    1    2    1    2    1    3    1    3    0 0.0000000000 0.0090815753 
    1    0    1    1    2    1    2    1    3    1    3    1 0.0000000000 0.0000000000 
    1    1    1    0    2    0    2    0    3    0    3    0 0.0000000000 -0.0000000000 
    1    1    1    0    2    0    2    0    3    0    3    1 0.0000000000 0.0090815753 
    1    1    1    0    2    0    2    0    3    1    3    0 -0.0000000000 -0.0090815753 
    1    1    1    0    2    0    2    0    3    1    3    1 -0.0000000000 -0.0000000000 
    1    1    1    0    2    0    2    1    3    0    3    0 -0.0841615185 -0.0065714896 
    1    1    1    0    2    0    2    1    3    0    3    1 -0.0000000000 0.0000000000 
    1    1    1    0    2    0    2    1    3    1    3    0 0.0000000000 -0.0000000000 
    1    1    1    0    2    0    2    1    3    1    3    1 -0.0841615185 0.0065714896 
    1    1    1    0    2    1    2    0    3    0    3    0 0.0841615185 0.0065714896 
    1    1    1    0    2    1    2    0    3    0    3    1 0.0000000000 -0.0000000000 
    1    1    1    0    2    1    2    0    3    1    3    0 -0.0000000000 0.0000000000 
    1    1    1    0    2    1    2    0    3    1    3    1 0.0841615185 -0.0065714896 
    1    1    1    0    2    1    2    1    3    0    3    0 -0.0000000000 -0.0000000000 
    1    1    1    0    2    1    2    1    3    0    3    1 0.0000000000 -0.0090815753 
    1    1    1    0    2    1    2    1    3    1    3    0 -0.0000000000 0.0090815753 
    1    1    1    0    2    1    2    1    3    1    3    1 0.0000000000 -0.0000000000 
    1    1    1    1    2    0    2    0    3    0    3    0 0.1476991135 0.0000000000 
    1    1    1    1    2    0    2    0    3    0    3    1 0.0000000000 -0.0000000000 
    1    1    1    1    2    0    2    0    3    1    3    0 0.0000000000 0.0000000000 
    1    1    1    1    2    0    2    0    3    1    3    1 0.1023008865 0.0000000000 
    1    1    1    1    2    0    2    1    3    0    3    0 -0.0000000000 -0.0000000000 
    1    1    1    1    2    0    2    1    3    0    3    1 -0.0586469581 0.0065714896 
    1    1    1    1    2    0    2    1    3    1    3    0 -0.0586469581 -0.0065714896 
    1    1    1    1    2    0    2    1    3    1    3    1 -0.0000000000 -0.0000000000 
    1    1    1    1    2    1    2    0    3    0    3    0 -0.0000000000 0.0000000000 
    1    1    1    1    2    1    2    0    3    0    3    1 -0.0586469581 0.0065714896 
    1    1    1    1    2    1    2    0    3    1    3    0 -0.0586469581 -0.0065714896 
    1    1    1    1    2    1    2    0    3    1    3    1 -0.0000000000 0.0000000000 
    1    1    1    1    2    1    2    1    3    0    3    0 0.1476991135 0.0000000000 
    1    1    1    1    2    1    2    1    3    0    3    1 0.0000000000 -0.0000000000 
    1    1    1    1    2    1    2    1    3    1    3    0 0.0000000000 0.0000000000 
    1    1    1    1    2    1    2    1    3    1    3    1 0.1023008865 0.0000000000 
    1    0    1    0    2    0    2    0    4    0    4    0 0.0655542281 0.0000000000 
    1    0    1    0    2    0    2    0    4    0    4    1 -0.0000000000 -0.0000000000 
    1    0    1    0    2    0    2    0    4    1    4    0 -0.0000000000 0.0000000000 
    1    0    1    0    2    0    2    0    4    1    4    1 0.1844457719 0.0000000000 
    1    0    1    0    2    0    2    1    4    0    4    0 -0.0000000000 -0.0000000000 
    1    0    1    0    2    0    2    1    4    0    4    1 -0.0190676294 -0.0290749970 
    1    0    1    0    2    0    2    1    4    1    4    0 -0.0190676294 0.0290749970 
    1    0    1    0    2    0    2    1    4    1    4    1 -0.0000000000 -0.0000000000 
    1    0    1    0    2    1    2    0    4    0    4    0 -0.0000000000 0.0000000000 
    1    0    1    0    2    1    2    0    4    0    4    1 -0.0190676294 -0.0290749970 
    1    0    1    0    2    1    2    0    4    1    4    0 -0.0190676294 0.0290749970 
    1    0    1    0    2    1    2    0    4    1    4    1 -0.0000000000 0.0000000000 
    1    0    1    0    2    1    2    1    4    0    4    0 0.0655542281 0.0000000000 
    1    0    1    0    2    1    2    1    4    0    4    1 0.0000000000 0.0000000000 
    1    0    1    0    2    1    2    1    4    1    4    0 0.0000000000 -0.0000000000 
    1    0    1    0    2    1    2    1    4    1    4    1 0.1844457719 0.0000000000 
    1    0    1    1    2    0    2    0    4    0    4    0 0.0000000000 0.0000000000 
    1    0    1    1    2    0    2    0    4    0    4    1 0.0000000000 0.0111056606 
    1    0    1    1    2    0    2    0    4    1    4    0 -0.0000000000 -0.0692556547 
    1    0    1    1    2    0    2    0    4    1    4    1 -0.0000000000 0.0000000000 
    1    0    1    1    2    0    2    1    4    0    4    0 0.0841615185 -0.0000000000 
    1    0    1    1    2    0    2    1    4    0    4    1 -0.0000000000 -0.0000000000 
    1    0    1    1    2    0    2    1    4    1    4    0 -0.0000000000 0.0000000000 
    1    0    1    1    2    0    2    1    4    1    4    1 0.0841615185 0.0000000000 
    1    0    1    1    2    1    2    0    4    0    4    0 -0.0841615185 0.0000000000 
    1    0    1    1    2    1    2    0    4    0    4    1 -0.0000000000 -0.0000000000 
    1    0    1    1    2    1    2    0    4    1    4    0 -0.0000000000 0.0000000000 
    1    0    1    1    2    1    2    0    4    1    4    1 -0.0841615185 0.0000000000 
    1    0    1    1    2    1    2    1    4    0    4    0 0.0000000000 0.0000000000 
    1    0    1    1    2    1    2    1    4    0    4    1 0.0000000000 -0.0111056606 
    1    0    1    1    2    1    2    1    4    1    4    0 -0.0000000000 0.0692556547 
    1    0    1    1    2    1    2    1    4    1    4    1 0.0000000000 0.0000000000 
    1    1    1    0    2    0    2    0    4    0    4    0 0.0000000000 -0.0000000000 
    1    1    1    0    2    0    2    0    4    0    4    1 -0.0000000000 0.0692556547 
    1    1    1    0    2    0    2    0    4    1    4    0 0.0000000000 -0.0111056606 
    1    1    1    0    2    0    2    0    4    1    4    1 -0.0000000000 -0.0000000000 
    1    1    1    0    2    0    2    1    4    0    4    0 -0.0841615185 -0.0000000000 
    1    1    1    0    2    0    2    1    4    0    4    1 -0.0000000000 -0.0000000000 
    1    1    1    0    2    0    2    1    4    1    4    0 -0.0000000000 0.0000000000 
    1    1    1    0    2    0    2    1    4    1    4    1 -0.0841615185 -0.0000000000 
    1    1    1    0    2    1    2    0    4    0    4    0 0.0841615185 0.0000000000 
    1    1    1    0    2    1    2    0    4    0    4    1 -0.0000000000 -0.0000000000 
    1    1    1    0    2    1    2    0    4    1    4    0 -0.0000000000 0.0000000000 
    1    1    1    0    2    1    2    0    4    1    4    1 0.0841615185 -0.0000000000 
    1    1    1    0    2    1    2    1    4    0    4    0 0.0000000000 -0.0000000000 
    1    1    1    0    2    1    2    1    4    0    4    1 -0.0000000000 -0.0692556547 
    1    1    1    0    2    1    2    1    4    1    4    0 0.0000000000 0.0111056606 
    1    1    1    0    2    1    2    1    4    1    4    1 0.0000000000 -0.0000000000 
    1    1    1    1    2    0    2    0    4    0    4    0 0.1844457719 0.0000000000 
    1    1    1    1    2    0    2    0    4    0    4    1 0.0000000000 0.0000000000 
    1    1    1    1    2    0    2    0    4    1    4    0 0.0000000000 -0.0000000000 
    1    1    1    1    2    0    2    0    4    1    4    1 0.0655542281 0.0000000000 
    1    1    1    1    2    0    2    1    4    0    4    0 -0.0000000000 -0.0000000000 
    1    1    1    1    2    0    2    1    4    0    4    1 -0.0190676294 0.0290749970 
    1    1    1    1    2    0    2    1    4    1    4    0 -0.0190676294 -0.0290749970 
    1    1    1    1    2    0    2    1    4    1    4    1 -0.0000000000 -0.0000000000 
    1    1    1    1    2    1    2    0    4    0    4    0 -0.0000000000 0.0000000000 
    1    1    1    1    2    1    2    0    4    0    4    1 -0.0190676294 0.0290749970 
    1    1    1    1    2    1    2    0    4    1    4    0 -0.0190676294 -0.0290749970 
    1    1    1    1    2    1    2    0    4    1    4    1 -0.0000000000 0.0000000000 
    1    1    1    1    2    1    2    1    4    0    4    0 0.1844457719 0.0000000000 
    1    1    1    1    2    1    2    1    4    0    4    1 0.0000000000 -0.0000000000 
    1    1    1    1    2    1    2    1    4    1    4    0 0.0000000000 0.0000000000 
    1    1    1    1    2    1    2    1    4    1    4    1 0.0655542281 0.0000000000 
    1    0    1    0    2    0    2    0    5    0    5    0 0.1530576473 0.0000000000 
    1    0    1    0    2    0    2    0    5    0    5    1 0.0000000000 -0.0000000000 
    1    0    1    0    2    0    2    0    5    1    5    0 0.0000000000 0.0000000000 
    1    0    1    0    2    0    2    0    5    1    5    1 0.0969423527 0.0000000000 
    1    0    1    0    2    0    2    1    5    0    5    0 -0.0000000000 -0.0000000000 
    1    0    1    0    2    0    2    1    5    0    5    1 0.0295806813 -0.0000000000 
    1    0    1    0    2    0    2    1    5    1    5    0 0.0175570909 0.0000000000 
    1    0    1    0    2    0    2    1    5    1    5    1 -0.0000000000 -0.0000000000 
    1    0    1    0    2    1    2    0    5    0    5    0 -0.0000000000 0.0000000000 
    1    0    1    0    2    1    2    0    5    0    5    1 0.0175570909 -0.0000000000 
    1    0    1    0    2    1    2    0    5    1    5    0 0.0295806813 0.0000000000 
    1    0    1    0    2    1    2    0    5    1    5    1 -0.0000000000 0.0000000000 
    1    0    1    0    2    1    2    1    5    0    5    0 0.0969423527 0.0000000000 
    1    0    1    0    2    1    2    1    5    0    5    1 -0.0000000000 0.0000000000 
    1    0    1    0    2    1    2    1    5    1    5    0 -0.0000000000 -0.0000000000 
    1    0    1    0    2    1    2    1    5    1    5    1 0.1530576473 0.0000000000 
    1    0    1    1    2    0    2    0    5    0    5    0 0.0000000000 0.0000000000 
    1    0    1    1    2    0    2    0    5    0    5    1 -0.0048636445 0.0111056606 
    1    0    1    1    2    0    2    0    5    1    5    0 0.0048636445 0.0111056606 
    1    0    1    1    2    0    2    0    5    1    5    1 0.0000000000 0.0000000000 
    1    0    1    1    2    0    2    1    5    0    5    0 0.0841615185 0.0025100857 
    1    0    1    1    2    0    2    1    5    0    5    1 0.0000000000 0.0000000000 
    1    0    1    1    2    0    2    1    5    1    5    0 0.0000000000 -0.0000000000 
    1    0    1    1    2    0    2    1    5    1    5    1 0.0841615185 -0.0025100857 
    1    0    1    1    2    1    2    0    5    0    5    0 -0.0841615185 0.0025100857 
    1    0    1    1    2    1    2    0    5    0    5    1 0.0000000000 -0.0000000000 
    1    0    1    1    2    1    2    0    5    1    5    0 0.0000000000 0.0000000000 
    1    0    1    1    2    1    2    0    5    1    5    1 -0.0841615185 -0.0025100857 
    1    0    1    1    2    1    2    1    5    0    5    0 0.0000000000 0.0000000000 
    1    0    1    1    2    1    2    1    5    0    5    1 -0.0048636445 -0.0111056606 
    1    0    1    1    2    1    2    1    5    1    5    0 0.0048636445 -0.0111056606 
    1    0    1    1    2    1    2    1    5    1    5    1 0.0000000000 0.0000000000 
    1    1    1    0    2    0    2    0    5    0    5    0 0.0000000000 -0.0000000000 
    1    1    1    0    2    0    2    0    5    0    5    1 0.0048636445 -0.0111056606 
    1    1    1    0    2    0    2    0    5    1    5    0 -0.0048636445 -0.0111056606 
    1    1    1    0    2    0    2    0    5    1    5    1 0.0000000000 -0.0000000000 
    1    1    1    0    2    0    2    1    5    0    5    0 -0.0841615185 -0.0025100857 
    1    1    1    0    2    0    2    1    5    0    5    1 0.0000000000 -0.0000000000 
    1    1    1    0    2    0    2    1    5    1    5    0 0.0000000000 0.0000000000 
    1    1    1    0    2    0    2    1    5    1    5    1 -0.0841615185 0.0025100857 
    1    1    1    0    2    1    2    0    5    0    5    0 0.0841615185 -0.0025100857 
    1    1    1    0    2    1    2    0    5    0    5    1 0.0000000000 0.0000000000 
    1    1    1    0    2    1    2    0    5    1    5    0 0.0000000000 -0.0000000000 
    1    1    1    0    2    1    2    0    5    1    5    1 0.0841615185 0.0025100857 
    1    1    1    0    2    1    2    1    5    0    5    0 0.0000000000 -0.0000000000 
    1    1    1    0    2    1    2    1    5    0    5    1 0.0048636445 0.0111056606 
    1    1    1    0    2    1    2    1    5    1    5    0 -0.0048636445 0.0111056606 
    1    1    1    0    2    1    2    1    5    1    5    1 0.0000000000 -0.0000000000 
    1    1    1    1    2    0    2    0    5    0    5    0 0.1530576473 0.0000000000 
    1    1    1    1    2    0    2    0    5    0    5    1 -0.0000000000 0.0000000000 
    1    1    1    1    2    0    2    0    5    1    5    0 -0.0000000000 -0.0000000000 
    1    1    1    1    2    0    2    0    5    1    5    1 0.0969423527 0.0000000000 
    1    1    1    1    2    0    2    1    5    0    5    0 -0.0000000000 -0.0000000000 
    1    1    1    1    2    0    2    1    5    0    5    1 0.0295806813 0.0000000000 
    1    1    1    1    2    0    2    1    5    1    5    0 0.0175570909 -0.0000000000 
    1    1    1    1    2    0    2    1    5    1    5    1 -0.0000000000 -0.0000000000 
    1    1    1    1    2    1    2    0    5    0    5    0 -0.0000000000 0.0000000000 
    1    1    1    1    2    1    2    0    5    0    5    1 0.0175570909 0.0000000000 
    1    1    1    1    2    1    2    0    5    1    5    0 0.0295806813 -0.0000000000 
    1    1    1    1    2    1    2    0    5    1    5    1 -0.0000000000 0.0000000000 
    1    1    1    1    2    1    2    1    5    0    5    0 0.0969423527 0.0000000000 
    1    1    1    1    2    1    2    1    5    0    5    1 -0.0000000000 0.0000000000 
    1    1    1    1    2    1    2    1    5    1    5    0 -0.0000000000 -0.0000000000 
    1    1    1    1    2    1    2    1    5    1    5    1 0.1530576473 0.0000000000 
    1    0    1    0    2    0    2    0    6    0    6    0 0.1530576473 0.0000000000 
    1    0    1    0    2    0    2    0    6    0    6    1 0.0000000000 -0.0000000000 
    1    0    1    0    2    0    2    0    6    1    6    0 0.0000000000 0.0000000000 
    1    0    1    0    2    0    2    0    6    1    6    1 0.0969423527 0.0000000000 
    1    0    1    0    2    0    2    1    6    0    6    0 0.0000000000 -0.0000000000 
    1    0    1    0    2    0    2    1    6    0    6    1 -0.0048636445 0.0111056606 
    1    0    1    0    2    0    2    1    6    1    6    0 0.0048636445 0.0111056606 
    1    0    1    0    2    0    2    1    6    1    6    1 -0.0000000000 -0.0000000000 
    1    0    1    0    2    1    2    0    6    0    6    0 0.0000000000 0.0000000000 
    1    0    1    0    2    1    2    0    6    0    6    1 0.0048636445 -0.0111056606 
    1    0    1    0    2    1    2    0    6    1    6    0 -0.0048636445 -0.0111056606 
    1    0    1    0    2    1    2    0    6    1    6    1 -0.0000000000 0.0000000000 
    1    0    1    0    2    1    2    1    6    0    6    0 0.1530576473 0.0000000000 
    1    0    1    0    2    1    2    1    6    0    6    1 -0.0000000000 -0.0000000000 
    1    0    1    0    2    1    2    1    6    1    6    0 -0.0000000000 0.0000000000 
    1    0    1    0    2    1    2    1    6    1    6    1 0.0969423527 0.0000000000 
    1    0    1    1    2    0    2    0    6    0    6    0 -0.0000000000 0.0000000000 
    1    0    1    1    2    0    2    0    6    0    6    1 0.0295806813 -0.0000000000 
    1    0    1    1    2    0    2    0    6    1    6    0 0.0175570909 0.0000000000 
    1    0    1    1    2    0    2    0    6    1    6    1 0.0000000000 0.0000000000 
    1    0    1    1    2    0    2    1    6    0    6    0 0.0841615185 0.0025100857 
    1    0    1    1    2    0    2    1    6    0    6    1 0.0000000000 -0.0000000000 
    1    0    1    1    2    0    2    1    6    1    6    0 -0.0000000000 0.0000000000 
    1    0    1    1    2    0    2    1    6    1    6    1 0.0841615185 -0.0025100857 
    1    0    1    1    2    1    2    0    6    0    6    0 -0.0841615185 -0.0025100857 
    1    0    1    1    2    1    2    0    6    0    6    1 0.0000000000 0.0000000000 
    1    0    1    1    2    1    2    0    6    1    6    0 -0.0000000000 -0.0000000000 
    1    0    1    1    2    1    2    0    6    1    6    1 -0.0841615185 0.0025100857 
    1    0    1    1    2    1    2    1    6    0    6    0 0.0000000000 0.0000000000 
    1    0    1    1    2    1    2    1    6    0    6    1 0.0295806813 -0.0000000000 
    1    0    1    1    2    1    2    1    6    1    6    0 0.0175570909 -0.0000000000 
    1    0    1    1    2    1    2    1    6    1    6    1 0.0000000000 0.0000000000 
    1    1    1    0    2    0    2    0    6    0    6    0 -0.0000000000 -0.0000000000 
    1    1    1    0    2    0    2    0    6    0    6    1 0.0175570909 -0.0000000000 
    1    1    1    0    2    0    2    0    6    1    6    0 0.0295806813 0.0000000000 
    1    1    1    0    2    0    2    0    6    1    6    1 0.0000000000 -0.0000000000 
    1    1    1    0    2    0    2    1    6    0    6    0 -0.0841615185 0.0025100857 
    1    1    1    0    2    0    2    1    6    0    6    1 -0.0000000000 0.0000000000 
    1    1    1    0    2    0    2    1    6    1    6    0 0.0000000000 -0.0000000000 
    1    1    1    0    2    0    2    1    6    1    6    1 -0.0841615185 -0.0025100857 
    1    1    1    0    2    1    2    0    6    0    6    0 0.0841615185 -0.0025100857 
    1    1    1    0    2    1    2    0    6    0    6    1 -0.0000000000 -0.0000000000 
    1    1    1    0    2    1    2    0    6    1    6    0 0.0000000000 0.0000000000 
    1    1    1    0    2    1    2    0    6    1    6    1 0.0841615185 0.0025100857 
    1    1    1    0    2    1    2    1    6    0    6    0 0.0000000000 -0.0000000000 
    1    1    1    0    2    1    2    1    6    0    6    1 0.0175570909 0.0000000000 
    1    1    1    0    2    1    2    1    6    1    6    0 0.0295806813 0.0000000000 
    1    1    1    0    2    1    2    1    6    1    6    1 0.0000000000 -0.0000000000 
    1    1    1    1    2    0    2    0    6    0    6    0 0.0969423527 0.0000000000 
    1    1    1    1    2    0    2    0    6    0    6    1 0.0000000000 -0.0000000000 
    1    1    1    1    2    0    2    0    6    1    6    0 0.0000000000 0.0000000000 
    1    1    1    1    2    0    2    0    6    1    6    1 0.1530576473 0.0000000000 
    1    1    1    1    2    0    2    1    6    0    6    0 -0.0000000000 -0.0000000000 
    1    1    1    1    2    0    2    1    6    0    6    1 -0.0048636445 -0.0111056606 
    1    1    1    1    2    0    2    1    6    1    6    0 0.0048636445 -0.0111056606 
    1    1    1    1    2    0    2    1    6    1    6    1 -0.0000000000 -0.0000000000 
    1    1    1    1    2    1    2    0    6    0    6    0 -0.0000000000 0.0000000000 
    1    1    1    1    2    1    2    0    6    0    6    1 0.0048636445 0.0111056606 
    1    1    1    1    2    1    2    0    6    1    6    0 -0.0048636445 0.0111056606 
    1    1    1    1    2    1    2    0    6    1    6    1 -0.0000000000 0.0000000000 
    1    1    1    1    2    1    2    1    6    0    6    0 0.0969423527 0.0000000000 
    1    1    1    1    2    1    2    1    6    0    6    1 0.0000000000 -0.0000000000 
    1    1    1    1    2    1    2    1    6    1    6    0 0.0000000000 0.0000000000 
    1    1    1    1    2    1    2    1    6    1    6    1 0.1530576473 0.0000000000 
    1    0    1    0    2    0    2    0    7    0    7    0 0.0655542281 0.0000000000 
    1    0    1    0    2    0    2    0    7    0    7    1 0.0000000000 0.0000000000 
    1    0    1    0    2    0    2    0    7    1    7    0 0.0000000000 -0.0000000000 
    1    0    1    0    2    0    2    0    7    1    7    1 0.1844457719 0.0000000000 
    1    0    1    0    2    0    2    1    7    0    7    0 -0.0000000000 -0.0000000000 
    1    0    1    0    2    0    2    1    7    0    7    1 0.0000000000 0.0111056606 
    1    0    1    0    2    0    2    1    7    1    7    0 -0.0000000000 -0.0692556547 
    1    0    1    0    2    0    2    1    7    1    7    1 -0.0000000000 -0.0000000000 
    1    0    1    0    2    1    2    0    7    0    7    0 -0.0000000000 0.0000000000 
    1    0    1    0    2    1    2    0    7    0    7    1 -0.0000000000 0.0692556547 
    1    0    1    0    2    1    2    0    7    1    7    0 0.0000000000 -0.0111056606 
    1    0    1    0    2    1    2    0    7    1    7    1 -0.0000000000 0.0000000000 
    1    0    1    0    2    1    2    1    7    0    7    0 0.1844457719 0.0000000000 
    1    0    1    0    2    1    2    1    7    0    7    1 0.0000000000 -0.0000000000 
    1    0    1    0    2    1    2    1    7    1    7    0 0.0000000000 0.0000000000 
    1    0    1    0    2    1    2    1    7    1    7    1 0.0655542281 0.0000000000 
    1    0    1    1    2    0    2    0    7    0    7    0 0.0000000000 0.0000000000 
    1    0    1    1    2    0    2    0    7    0    7    1 -0.0190676294 -0.0290749970 
    1    0    1    1    2    0    2    0    7    1    7    0 -0.0190676294 0.0290749970 
    1    0    1    1    2    0    2    0    7    1    7    1 0.0000000000 0.0000000000 
    1    0    1    1    2    0    2    1    7    0    7    0 0.0841615185 -0.0000000000 
    1    0    1    1    2    0    2    1    7    0    7    1 -0.0000000000 0.0000000000 
    1    0    1    1    2    0    2    1    7    1    7    0 0.0000000000 -0.0000000000 
    1    0    1    1    2    0    2    1    7    1    7    1 0.0841615185 0.0000000000 
    1    0    1    1    2    1    2    0    7    0    7    0 -0.0841615185 0.0000000000 
    1    0    1    1    2    1    2    0    7    0    7    1 0.0000000000 0.0000000000 
    1    0    1    1    2    1    2    0    7    1    7    0 -0.0000000000 -0.0000000000 
    1    0    1    1    2    1    2    0    7    1    7    1 -0.0841615185 0.0000000000 
    1    0    1    1    2    1    2    1    7    0    7    0 0.0000000000 0.0000000000 
    1    0    1    1    2    1    2    1    7    0    7    1 -0.0190676294 0.0290749970 
    1    0    1    1    2    1    2    1    7    1    7    0 -0.0190676294 -0.0290749970 
    1    0    1    1    2    1    2    1    7    1    7    1 0.0000000000 0.0000000000 
    1    1    1    0    2    0    2    0    7    0    7    0 0.0000000000 -0.0000000000 
    1    1    1    0    2    0    2    0    7    0    7    1 -0.0190676294 -0.0290749970 
    1    1    1    0    2    0    2    0    7    1    7    0 -0.0190676294 0.0290749970 
    1    1    1    0    2    0    2    0    7    1    7    1 0.0000000000 -0.0000000000 
    1    1    1    0    2    0    2    1    7    0    7    0 -0.0841615185 -0.0000000000 
    1    1    1    0    2    0    2    1    7    0    7    1 -0.0000000000 0.0000000000 
    1    1    1    0    2    0    2    1    7    1    7    0 0.0000000000 -0.0000000000 
    1    1    1    0    2    0    2    1    7    1    7    1 -0.0841615185 -0.0000000000 
    1    1    1    0    2    1    2    0    7    0    7    0 0.0841615185 0.0000000000 
    1    1    1    0    2    1    2    0    7    0    7    1 0.0000000000 0.0000000000 
    1    1    1    0    2    1    2    0    7    1    7    0 -0.0000000000 -0.0000000000 
    1    1    1    0    2    1    2    0    7    1    7    1 0.0841615185 -0.0000000000 
    1    1    1    0    2    1    2    1    7    0    7    0 0.0000000000 -0.0000000000 
    1    1    1    0    2    1    2    1    7    0    7    1 -0.0190676294 0.0290749970 
    1    1    1    0    2    1    2    1    7    1    7    0 -0.0190676294 -0.0290749970 
    1    1    1    0    2    1    2    1    7    1    7    1 0.0000000000 -0.0000000000 
    1    1    1    1    2    0    2    0    7    0    7    0 0.0655542281 0.0000000000 
    1    1    1    1    2    0    2    0    7    0    7    1 0.0000000000 -0.0000000000 
    1    1    1    1    2    0    2    0    7    1    7    0 0.0000000000 0.0000000000 
    1    1    1    1    2    0    2    0    7    1    7    1 0.1844457719 0.0000000000 
    1    1    1    1    2    0    2    1    7    0    7    0 -0.0000000000 -0.0000000000 
    1    1    1    1    2    0    2    1    7    0    7    1 0.0000000000 -0.0111056606 
    1    1    1    1    2    0    2    1    7    1    7    0 0.0000000000 0.0692556547 
    1    1    1    1    2    0    2    1    7    1    7    1 -0.0000000000 -0.0000000000 
    1    1    1    1    2    1    2    0    7    0    7    0 -0.0000000000 0.0000000000 
    1    1    1    1    2    1    2    0    7    0    7    1 0.0000000000 -0.0692556547 
    1    1    1    1    2    1    2    0    7    1    7    0 0.0000000000 0.0111056606 
    1    1    1    1    2    1    2    0    7    1    7    1 -0.0000000000 0.0000000000 
    1    1    1    1    2    1    2    1    7    0    7    0 0.1844457719 0.0000000000 
    1    1    1    1    2    1    2    1    7    0    7    1 -0.0000000000 0.0000000000 
    1    1    1    1    2    1    2    1    7    1    7    0 -0.0000000000 -0.0000000000 
    1    1    1    1    2    1    2    1    7    1    7    1 0.0655542281 0.0000000000 
    1    0    1    0    3    0    3    0    4    0    4    0 0.0709127619 0.0000000000 
    1    0    1    0    3    0    3    0    4    0    4    1 0.0000000000 0.0000000000 
    1    0    1    0    3    0    3    0    4    1    4    0 0.0000000000 -0.0000000000 
    1    0    1    0    3    0    3    0    4    1    4    1 0.1336890112 0.0000000000 
    1    0    1    0    3    0    3    1    4    0    4    0 0.0000000000 -0.0000000000 
    1    0    1    0    3    0    3    1    4    0    4    1 0.0295806813 0.0151598521 
    1    0    1    0    3    0    3    1    4    1    4    0 0.0175570909 -0.0070514691 
    1    0    1    0    3    0    3    1    4    1    4    1 0.0000000000 -0.0000000000 
    1    0    1    0    3    1    3    0    4    0    4    0 0.0000000000 0.0000000000 
    1    0    1    0    3    1    3    0    4    0    4    1 0.0175570909 0.0070514691 
    1    0    1    0    3    1    3    0    4    1    4    0 0.0295806813 -0.0151598521 
    1    0    1    0    3    1    3    0    4    1    4    1 0.0000000000 0.0000000000 
    1    0    1    0    3    1    3    1    4    0    4    0 0.0601956942 0.0000000000 
    1    0    1    0    3    1    3    1    4    0    4    1 0.0000000000 -0.0000000000 
    1    0    1    0    3    1    3    1    4    1    4    0 0.0000000000 0.0000000000 
    1    0    1    0    3    1    3    1    4    1    4    1 0.2352025327 0.0000000000 
    1    0    1    1    3    0    3    0    4    0    4    0 0.0000000000 0.0000000000 
    1    0    1    1    3    0    3    0    4    0    4    1 0.0000000000 -0.0000000000 
    1    0    1    1    3    0    3    0    4    1    4    0 -0.0000000000 -0.0000000000 
    1    0    1    1    3    0    3    0    4    1    4    1 0.0000000000 0.0000000000 
    1    0    1    1    3    0    3    1    4    0    4    0 -0.0000000000 -0.0000000000 
    1    0    1    1    3    0    3    1    4    0    4    1 0.0000000000 0.0000000000 
    1    0    1    1    3    0    3    1    4    1    4    0 -0.0000000000 -0.0000000000 
    1    0    1    1    3    0    3    1    4    1    4    1 -0.0000000000 -0.0000000000 
    1    0    1    1    3    1    3    0    4    0    4    0 0.0000000000 0.0000000000 
    1    0    1    1    3    1    3    0    4    0    4    1 0.0000000000 0.0000000000 
    1    0    1    1    3    1    3    0    4    1    4    0 0.0000000000 -0.0000000000 
    1    0    1    1    3    1    3    0    4    1    4    1 0.0000000000 0.0000000000 
    1    0    1    1    3    1    3    1    4    0    4    0 0.0000000000 0.0000000000 
    1    0    1    1    3    1    3    1    4    0    4    1 0.0000000000 0.0000000000 
    1    0    1    1    3    1    3    1    4    1    4    0 -0.0000000000 0.0000000000 
    1    0    1    1    3    1    3    1    4    1    4    1 0.0000000000 0.0000000000 
    1    1    1    0    3    0    3    0    4    0    4    0 0.0000000000 -0.0000000000 
    1    1    1    0    3    0    3    0    4    0    4    1 -0.0000000000 0.0000000000 
    1    1    1    0    3    0    3    0    4    1    4    0 0.0000000000 0.0000000000 
    1    1    1    0    3    0    3    0    4    1    4    1 0.0000000000 -0.0000000000 
    1    1    1    0    3    0    3    1    4    0    4    0 0.0000000000 -0.0000000000 
    1    1    1    0    3    0    3    1    4    0    4    1 0.0000000000 0.0000000000 
    1    1    1    0    3    0    3    1    4    1    4    0 0.0000000000 -0.0000000000 
    1    1    1    0    3    0    3    1    4    1    4    1 0.0000000000 -0.0000000000 
    1    1    1    0    3    1    3    0    4    0    4    0 -0.0000000000 0.0000000000 
    1    1    1    0    3    1    3    0    4    0    4    1 -0.0000000000 0.0000000000 
    1    1    1    0    3    1    3    0    4    1    4    0 0.0000000000 -0.0000000000 
    1    1    1    0    3    1    3    0    4    1    4    1 -0.0000000000 0.0000000000 
    1    1    1    0    3    1    3    1    4    0    4    0 0.0000000000 -0.0000000000 
    1    1    1    0    3    1    3    1    4    0    4    1 -0.0000000000 -0.0000000000 
    1    1    1    0    3    1    3    1    4    1    4    0 0.0000000000 -0.0000000000 
    1    1    1    0    3    1    3    1    4    1    4    1 0.0000000000 -0.0000000000 
    1    1    1    1    3    0    3    0    4    0    4    0 0.2352025327 0.0000000000 
    1    1    1    1    3    0    3    0    4    0    4    1 0.0000000000 0.0000000000 
    1    1    1    1    3    0    3    0    4    1    4    0 0.0000000000 -0.0000000000 
    1    1    1    1    3    0    3    0    4    1    4    1 0.0601956942 0.0000000000 
    1    1    1    1    3    0    3    1    4    0    4    0 0.0000000000 -0.0000000000 
    1    1    1    1    3    0    3    1    4    0    4    1 0.0295806813 -0.0151598521 
    1    1    1    1    3    0    3    1    4    1    4    0 0.0175570909 0.0070514691 
    1    1    1    1    3    0    3    1    4    1    4    1 0.0000000000 -0.0000000000 
    1    1    1    1    3    1    3    0    4    0    4    0 0.0000000000 0.0000000000 
    1    1    1    1    3    1    3    0    4    0    4    1 0.0175570909 -0.0070514691 
    1    1    1    1    3    1    3    0    4    1    4    0 0.0295806813 0.0151598521 
    1    1    1    1    3    1    3    0    4    1    4    1 0.0000000000 0.0000000000 
    1    1    1    1    3    1    3    1    4    0    4    0 0.1336890112 0.0000000000 
    1    1    1    1    3    1    3    1    4    0    4    1 0.0000000000 -0.0000000000 
    1    1    1    1    3    1    3    1    4    1    4    0 0.0000000000 0.0000000000 
    1    1    1    1    3    1    3    1    4    1    4    1 0.0709127619 0.0000000000 
    1    0    1    0    3    0    3    0    5    0    5    0 0.1023008865 0.0000000000 
    1    0    1    0    3    0    3    0    5    0    5    1 -0.0000000000 0.0000000000 
    1    0    1    0    3    0    3    0    5    1    5    0 -0.0000000000 -0.0000000000 
    1    0    1    0    3    0    3    0    5    1    5    1 0.1023008865 0.0000000000 
    1    0    1    0    3    0    3    1    5    0    5    0 0.0000000000 -0.0000000000 
    1    0    1    0    3    0    3    1    5    0    5    1 -0.0190676294 -0.0050112563 
    1    0    1    0    3    0    3    1    5    1    5    0 -0.0190676294 -0.0050112563 
    1    0    1    0    3    0    3    1    5    1    5    1 0.0000000000 -0.0000000000 
    1    0    1    0    3    1    3    0    5    0    5    0 0.0000000000 0.0000000000 
    1    0    1    0    3    1    3    0    5    0    5    1 -0.0190676294 0.0050112563 
    1    0    1    0    3    1    3    0    5    1    5    0 -0.0190676294 0.0050112563 
    1    0    1    0    3    1    3    0    5    1    5    1 0.0000000000 0.0000000000 
    1    0    1    0    3    1    3    1    5    0    5    0 0.1476991135 0.0000000000 
    1    0    1    0    3    1    3    1    5    0    5    1 -0.0000000000 0.0000000000 
    1    0    1    0    3    1    3    1    5    1    5    0 -0.0000000000 -0.0000000000 
    1    0    1    0    3    1    3    1    5    1    5    1 0.1476991135 0.0000000000 
    1    0    1    1    3    0    3    0    5    0    5    0 0.0000000000 0.0000000000 
    1    0    1    1    3    0    3    0    5    0    5    1 -0.0048636445 -0.0137273515 
    1    0    1    1    3    0    3    0    5    1    5    0 0.0048636445 0.0137273515 
    1    0    1    1    3    0    3    0    5    1    5    1 -0.0000000000 0.0000000000 
    1    0    1    1    3    0    3    1    5    0    5    0 -0.0000000000 -0.0031026365 
    1    0    1    1    3    0    3    1    5    0    5    1 0.0000000000 0.0000000000 
    1    0    1    1    3    0    3    1    5    1    5    0 -0.0000000000 0.0000000000 
    1    0    1    1    3    0    3    1    5    1    5    1 -0.0000000000 0.0031026365 
    1    0    1    1    3    1    3    0    5    0    5    0 0.0000000000 -0.0031026365 
    1    0    1    1    3    1    3    0    5    0    5    1 -0.0000000000 -0.0000000000 
    1    0    1    1    3    1    3    0    5    1    5    0 -0.0000000000 0.0000000000 
    1    0    1    1    3    1    3    0    5    1    5    1 0.0000000000 0.0031026365 
    1    0    1    1    3    1    3    1    5    0    5    0 0.0000000000 0.0000000000 
    1    0    1    1    3    1    3    1    5    0    5    1 -0.0048636445 0.0137273515 
    1    0    1    1    3    1    3    1    5    1    5    0 0.0048636445 -0.0137273515 
    1    0    1    1    3    1    3    1    5    1    5    1 0.0000000000 0.0000000000 
    1    1    1    0    3    0    3    0    5    0    5    0 0.0000000000 -0.0000000000 
    1    1    1    0    3    0    3    0    5    0    5    1 0.0048636445 -0.0137273515 
    1    1    1    0    3    0    3    0    5    1    5    0 -0.0048636445 0.0137273515 
    1    1    1    0    3    0    3    0    5    1    5    1 -0.0000000000 -0.0000000000 
    1    1    1    0    3    0    3    1    5    0    5    0 0.0000000000 0.0031026365 
    1    1    1    0    3    0    3    1    5    0    5    1 -0.0000000000 -0.0000000000 
    1    1    1    0    3    0    3    1    5    1    5    0 -0.0000000000 0.0000000000 
    1    1    1    0    3    0    3    1    5    1    5    1 0.0000000000 -0.0031026365 
    1    1    1    0    3    1    3    0    5    0    5    0 -0.0000000000 0.0031026365 
    1    1    1    0    3    1    3    0    5    0    5    1 -0.0000000000 -0.0000000000 
    1    1    1    0    3    1    3    0    5    1    5    0 0.0000000000 -0.0000000000 
    1    1    1    0    3    1    3    0    5    1    5    1 -0.0000000000 -0.0031026365 
    1    1    1    0    3    1    3    1    5    0    5    0 0.0000000000 -0.0000000000 
    1    1    1    0    3    1    3    1    5    0    5    1 0.0048636445 0.0137273515 
    1    1    1    0    3    1    3    1    5    1    5    0 -0.0048636445 -0.0137273515 
    1    1    1    0    3    1    3    1    5    1    5    1 0.0000000000 -0.0000000000 
    1    1    1    1    3    0    3    0    5    0    5    0 0.1476991135 0.0000000000 
    1    1    1    1    3    0    3    0    5    0    5    1 -0.0000000000 0.0000000000 
    1    1    1    1    3    0    3    0    5    1    5    0 -0.0000000000 -0.0000000000 
    1    1    1    1    3    0    3    0    5    1    5    1 0.1476991135 0.0000000000 
    1    1    1    1    3    0    3    1    5    0    5    0 0.0000000000 -0.0000000000 
    1    1    1    1    3    0    3    1    5    0    5    1 -0.0190676294 0.0050112563 
    1    1    1    1    3    0    3    1    5    1    5    0 -0.0190676294 0.0050112563 
    1    1    1    1    3    0    3    1    5    1    5    1 0.0000000000 -0.0000000000 
    1    1    1    1    3    1    3    0    5    0    5    0 0.0000000000 0.0000000000 
    1    1    1    1    3    1    3    0    5    0    5    1 -0.0190676294 -0.0050112563 
    1    1    1    1    3    1    3    0    5    1    5    0 -0.0190676294 -0.0050112563 
    1    1    1    1    3    1    3    0    5    1    5    1 0.0000000000 0.0000000000 
    1    1    1    1    3    1    3    1    5    0    5    0 0.1023008865 0.0000000000 
    1    1    1    1    3    1    3    1    5    0    5    1 -0.0000000000 0.0000000000 
    1    1    1    1    3    1    3    1    5    1    5    0 -0.0000000000 -0.0000000000 
    1    1    1    1    3    1    3    1    5    1    5    1 0.1023008865 0.0000000000 
    1    0    1    0    3    0    3    0    6    0    6    0 0.0709127619 0.0000000000 
    1    0    1    0    3    0    3    0    6    0    6    1 0.0000000000 -0.0000000000 
    1    0    1    0    3    0    3    0    6    1    6    0 0.0000000000 0.0000000000 
    1    0    1    0    3    0    3    0    6    1    6    1 0.1336890112 0.0000000000 
    1    0    1    0    3    0    3    1    6    0    6    0 -0.0000000000 -0.0000000000 
    1    0    1    0    3    0    3    1    6    0    6    1 -0.0000000000 -0.0000000000 
    1    0    1    0    3    0    3    1    6    1    6    0 0.0000000000 0.0000000000 
    1    0    1    0    3    0    3    1    6    1    6    1 0.0000000000 -0.0000000000 
    1    0    1    0    3    1    3    0    6    0    6    0 -0.0000000000 0.0000000000 
    1    0    1    0    3    1    3    0    6    0    6    1 0.0000000000 -0.0000000000 
    1    0    1    0    3    1    3    0    6    1    6    0 -0.0000000000 0.0000000000 
    1    0    1    0    3    1    3    0    6    1    6    1 0.0000000000 0.0000000000 
    1    0    1    0    3    1    3    1    6    0    6    0 0.2352025327 0.0000000000 
    1    0    1    0    3    1    3    1    6    0    6    1 -0.0000000000 -0.0000000000 
    1    0    1    0    3    1    3    1    6    1    6    0 -0.0000000000 0.0000000000 
    1    0    1    0    3    1    3    1    6    1    6    1 0.0601956942 0.0000000000 
    1    0    1    1    3    0    3    0    6    0    6    0 0.0000000000 0.0000000000 
    1    0    1    1    3    0    3    0    6    0    6    1 0.0295806813 0.0151598521 
    1    0    1    1    3    0    3    0    6    1    6    0 0.0175570909 -0.0070514691 
    1    0    1    1    3    0    3    0    6    1    6    1 0.0000000000 0.0000000000 
    1    0    1    1    3    0    3    1    6    0    6    0 -0.0000000000 -0.0000000000 
    1    0    1    1    3    0    3    1    6    0    6    1 -0.0000000000 -0.0000000000 
    1    0    1    1    3    0    3    1    6    1    6    0 0.0000000000 -0.0000000000 
    1    0    1    1    3    0    3    1    6    1    6    1 -0.0000000000 -0.0000000000 
    1    0    1    1    3    1    3    0    6    0    6    0 0.0000000000 0.0000000000 
    1    0    1    1    3    1    3    0    6    0    6    1 -0.0000000000 0.0000000000 
    1    0    1    1    3    1    3    0    6    1    6    0 -0.0000000000 -0.0000000000 
    1    0    1    1    3    1    3    0    6    1    6    1 0.0000000000 0.0000000000 
    1    0    1    1    3    1    3    1    6    0    6    0 0.0000000000 0.0000000000 
    1    0    1    1    3    1    3    1    6    0    6    1 0.0295806813 -0.0151598521 
    1    0    1    1    3    1    3    1    6    1    6    0 0.0175570909 0.0070514691 
    1    0    1    1    3    1    3    1    6    1    6    1 0.0000000000 0.0000000000 
    1    1    1    0    3    0    3    0    6    0    6    0 0.0000000000 -0.0000000000 
    1    1    1    0    3    0    3    0    6    0    6    1 0.0175570909 0.0070514691 
    1    1    1    0    3    0    3    0    6    1    6    0 0.0295806813 -0.0151598521 
    1    1    1    0    3    0    3    0    6    1    6    1 0.0000000000 -0.0000000000 
    1    1    1    0    3    0    3    1    6    0    6    0 0.0000000000 -0.0000000000 
    1    1    1    0    3    0    3    1    6    0    6    1 -0.0000000000 0.0000000000 
    1    1    1    0    3    0    3    1    6    1    6    0 -0.0000000000 -0.0000000000 
    1    1    1    0    3    0    3    1    6    1    6    1 0.0000000000 -0.0000000000 
    1    1    1    0    3    1    3    0    6    0    6    0 -0.0000000000 0.0000000000 
    1    1    1    0    3    1    3    0    6    0    6    1 0.0000000000 0.0000000000 
    1    1    1    0    3    1    3    0    6    1    6    0 -0.0000000000 0.0000000000 
    1    1    1    0    3    1    3    0    6    1    6    1 -0.0000000000 0.0000000000 
    1    1    1    0    3    1    3    1    6    0    6    0 0.0000000000 -0.0000000000 
    1    1    1    0    3    1    3    1    6    0    6    1 0.0175570909 -0.0070514691 
    1    1    1    0    3    1    3    1    6    1    6    0 0.0295806813 0.0151598521 
    1    1    1    0    3    1    3    1    6    1    6    1 0.0000000000 -0.0000000000 
    1    1    1    1    3    0    3    0    6    0    6    0 0.0601956942 0.0000000000 
    1    1    1    1    3    0    3    0    6    0    6    1 0.0000000000 -0.0000000000 
    1    1    1    1    3    0    3    0    6    1    6    0 0.0000000000 0.0000000000 
    1    1    1    1    3    0    3    0    6    1    6    1 0.2352025327 0.0000000000 
    1    1    1    1    3    0    3    1    6    0    6    0 0.0000000000 -0.0000000000 
    1    1    1    1    3    0    3    1    6    0    6    1 0.0000000000 0.0000000000 
    1    1    1    1    3    0    3    1    6    1    6    0 -0.0000000000 -0.0000000000 
    1    1    1    1    3    0    3    1    6    1    6    1 0.0000000000 -0.0000000000 
    1    1    1    1    3    1    3    0    6    0    6    0 0.0000000000 0.0000000000 
    1    1    1    1    3    1    3    0    6    0    6    1 -0.0000000000 0.0000000000 
    1    1    1    1    3    1    3    0    6    1    6    0 0.0000000000 -0.0000000000 
    1    1    1    1    3    1    3    0    6    1    6    1 0.0000000000 0.0000000000 
    1    1    1    1    3    1    3    1    6    0    6    0 0.1336890112 0.0000000000 
    1    1    1    1    3    1    3    1    6    0    6    1 0.0000000000 -0.0000000000 
    1    1    1    1    3    1    3    1    6    1    6    0 0.0000000000 0.0000000000 
    1    1    1    1    3    1    3    1    6    1    6    1 0.0709127619 0.0000000000 
    1    0    1    0    3    0    3    0    7    0    7    0 0.1023008865 0.0000000000 
    1    0    1    0    3    0    3    0    7    0    7    1 0.0000000000 -0.0000000000 
    1    0    1    0    3    0    3    0    7    1    7    0 0.0000000000 0.0000000000 
    1    0    1    0    3    0    3    0    7    1    7    1 0.1023008865 0.0000000000 
    1    0    1    0    3    0    3    1    7    0    7    0 0.0000000000 -0.0000000000 
    1    0    1    0    3    0    3    1    7    0    7    1 -0.0048636445 -0.0137273515 
    1    0    1    0    3    0    3    1    7    1    7    0 0.0048636445 0.0137273515 
    1    0    1    0    3    0    3    1    7    1    7    1 0.0000000000 -0.0000000000 
    1    0    1    0    3    1    3    0    7    0    7    0 0.0000000000 0.0000000000 
    1    0    1    0    3    1    3    0    7    0    7    1 0.0048636445 -0.0137273515 
    1    0    1    0    3    1    3    0    7    1    7    0 -0.0048636445 0.0137273515 
    1    0    1    0    3    1    3    0    7    1    7    1 0.0000000000 0.0000000000 
    1    0    1    0    3    1    3    1    7    0    7    0 0.1476991135 0.0000000000 
    1    0    1    0    3    1    3    1    7    0    7    1 0.0000000000 0.0000000000 
    1    0    1    0    3    1    3    1    7    1    7    0 0.0000000000 -0.0000000000 
    1    0    1    0    3    1    3    1    7    1    7    1 0.1476991135 0.0000000000 
    1    0    1    1    3    0    3    0    7    0    7    0 0.0000000000 0.0000000000 
    1    0    1    1    3    0    3    0    7    0    7    1 -0.0190676294 -0.0050112563 
    1    0    1    1    3    0    3    0    7    1    7    0 -0.0190676294 -0.0050112563 
    1    0    1    1    3    0    3    0    7    1    7    1 0.0000000000 0.0000000000 
    1    0    1    1    3    0    3    1    7    0    7    0 -0.0000000000 -0.0031026365 
    1    0    1    1    3    0    3    1    7    0    7    1 -0.0000000000 -0.0000000000 
    1    0    1    1    3    0    3    1    7    1    7    0 -0.0000000000 0.0000000000 
    1    0    1    1    3    0    3    1    7    1    7    1 -0.0000000000 0.0031026365 
    1    0    1    1    3    1    3    0    7    0    7    0 0.0000000000 0.0031026365 
    1    0    1    1    3    1    3    0    7    0    7    1 0.0000000000 -0.0000000000 
    1    0    1    1    3    1    3    0    7    1    7    0 0.0000000000 0.0000000000 
    1    0    1    1    3    1    3    0    7    1    7    1 0.0000000000 -0.0031026365 
    1    0    1    1    3    1    3    1    7    0    7    0 0.0000000000 0.0000000000 
    1    0    1    1    3    1    3    1    7    0    7    1 -0.0190676294 0.0050112563 
    1    0    1    1    3    1    3    1    7    1    7    0 -0.0190676294 0.0050112563 
    1    0    1    1    3    1    3    1    7    1    7    1 0.0000000000 0.0000000000 
    1    1    1    0    3    0    3    0    7    0    7    0 0.0000000000 -0.0000000000 
    1    1    1    0    3    0    3    0    7    0    7    1 -0.0190676294 0.0050112563 
    1    1    1    0    3    0    3    0    7    1    7    0 -0.0190676294 0.0050112563 
    1    1    1    0    3    0    3    0    7    1    7    1 0.0000000000 -0.0000000000 
    1    1    1    0    3    0    3    1    7    0    7    0 0.0000000000 -0.0031026365 
    1    1    1    0    3    0    3    1    7    0    7    1 0.0000000000 -0.0000000000 
    1    1    1    0    3    0    3    1    7    1    7    0 0.0000000000 0.0000000000 
    1    1    1    0    3    0    3    1    7    1    7    1 0.0000000000 0.0031026365 
    1    1    1    0    3    1    3    0    7    0    7    0 -0.0000000000 0.0031026365 
    1    1    1    0    3    1    3    0    7    0    7    1 -0.0000000000 -0.0000000000 
    1    1    1    0    3    1    3    0    7    1    7    0 -0.0000000000 0.0000000000 
    1    1    1    0    3    1    3    0    7    1    7    1 -0.0000000000 -0.0031026365 
    1    1    1    0    3    1    3    1    7    0    7    0 0.0000000000 -0.0000000000 
    1    1    1    0    3    1    3    1    7    0    7    1 -0.0190676294 -0.0050112563 
    1    1    1    0    3    1    3    1    7    1    7    0 -0.0190676294 -0.0050112563 
    1    1    1    0    3    1    3    1    7    1    7    1 0.0000000000 -0.0000000000 
    1    1    1    1    3    0    3    0    7    0    7    0 0.1476991135 0.0000000000 
    1    1    1    1    3    0    3    0    7    0    7    1 -0.0000000000 -0.0000000000 
    1    1    1    1    3    0    3    0    7    1    7    0 -0.0000000000 0.0000000000 
    1    1    1    1    3    0    3    0    7    1    7    1 0.1476991135 0.0000000000 
    1    1    1    1    3    0    3    1    7    0    7    0 0.0000000000 -0.0000000000 
    1    1    1    1    3    0    3    1    7    0    7    1 -0.0048636445 0.0137273515 
    1    1    1    1    3    0    3    1    7    1    7    0 0.0048636445 -0.0137273515 
    1    1    1    1    3    0    3    1    7    1    7    1 0.0000000000 -0.0000000000 
    1    1    1    1    3    1    3    0    7    0    7    0 0.0000000000 0.0000000000 
    1    1    1    1    3    1    3    0    7    0    7    1 0.0048636445 0.0137273515 
    1    1    1    1    3    1    3    0    7    1    7    0 -0.0048636445 -0.0137273515 
    1    1    1    1    3    1    3    0    7    1    7    1 0.0000000000 0.0000000000 
    1    1    1    1    3    1    3    1    7    0    7    0 0.1023008865 0.0000000000 
    1    1    1    1    3    1    3    1    7    0    7    1 -0.0000000000 0.0000000000 
    1    1    1    1    3    1    3    1    7    1    7    0 -0.0000000000 -0.0000000000 
    1    1    1    1    3    1    3    1    7    1    7    1 0.1023008865 0.0000000000 
    1    0    1    0    4    0    4    0    5    0    5    0 0.0655542281 0.0000000000 
    1    0    1    0    4    0    4    0    5    0    5    1 -0.0000000000 0.0000000000 
    1    0    1    0    4    0    4    0    5    1    5    0 -0.0000000000 -0.0000000000 
    1    0    1    0    4    0    4    0    5    1    5    1 0.0655542281 0.0000000000 
    1    0    1    0    4    0    4    1    5    0    5    0 0.0000000000 0.0000000000 
    1    0    1    0    4    0    4    1    5    0    5    1 -0.0586469581 -0.0000000000 
    1    0    1    0    4    0    4    1    5    1    5    0 -0.0586469581 0.0000000000 
    1    0    1    0    4    0    4    1    5    1    5    1 0.0000000000 -0.0000000000 
    1    0    1    0    4    1    4    0    5    0    5    0 0.0000000000 -0.0000000000 
    1    0    1    0    4    1    4    0    5    0    5    1 -0.0586469581 -0.0000000000 
    1    0    1    0    4    1    4    0    5    1    5    0 -0.0586469581 0.0000000000 
    1    0    1    0    4    1    4    0    5    1    5    1 0.0000000000 0.0000000000 
    1    0    1    0    4    1    4    1    5    0    5    0 0.1844457719 0.0000000000 
    1    0    1    0    4    1    4    1    5    0    5    1 -0.0000000000 0.0000000000 
    1    0    1    0    4    1    4    1    5    1    5    0 -0.0000000000 -0.0000000000 
    1    0    1    0    4    1    4    1    5    1    5    1 0.1844457719 0.0000000000 
    1    0    1    1    4    0    4    0    5    0    5    0 0.0000000000 0.0000000000 
    1    0    1    1    4    0    4    0    5    0    5    1 -0.0048636445 -0.0106140111 
    1    0    1    1    4    0    4    0    5    1    5    0 0.0048636445 0.0106140111 
    1    0    1    1    4    0    4    0    5    1    5    1 0.0000000000 0.0000000000 
    1    0    1    1    4    0    4    1    5    0    5    0 0.0000000000 0.0040541915 
    1    0    1    1    4    0    4    1    5    0    5    1 0.0000000000 -0.0000000000 
    1    0    1    1    4    0    4    1    5    1    5    0 -0.0000000000 -0.0000000000 
    1    0    1    1    4    0    4    1    5    1    5    1 0.0000000000 -0.0040541915 
    1    0    1    1    4    1    4    0    5    0    5    0 -0.0000000000 -0.0252822137 
    1    0    1    1    4    1    4    0    5    0    5    1 -0.0000000000 -0.0000000000 
    1    0    1    1    4    1    4    0    5    1    5    0 0.0000000000 -0.0000000000 
    1    0    1    1    4    1    4    0    5    1    5    1 -0.0000000000 0.0252822137 
    1    0    1    1    4    1    4    1    5    0    5    0 0.0000000000 0.0000000000 
    1    0    1    1    4    1    4    1    5    0    5    1 -0.0048636445 0.0106140111 
    1    0    1    1    4    1    4    1    5    1    5    0 0.0048636445 -0.0106140111 
    1    0    1    1    4    1    4    1    5    1    5    1 0.0000000000 0.0000000000 
    1    1    1    0    4    0    4    0    5    0    5    0 0.0000000000 -0.0000000000 
    1    1    1    0    4    0    4    0    5    0    5    1 0.0048636445 -0.0106140111 
    1    1    1    0    4    0    4    0    5    1    5    0 -0.0048636445 0.0106140111 
    1    1    1    0    4    0    4    0    5    1    5    1 0.0000000000 -0.0000000000 
    1    1    1    0    4    0    4    1    5    0    5    0 -0.0000000000 0.0252822137 
    1    1    1    0    4    0    4    1    5    0    5    1 0.0000000000 0.0000000000 
    1    1    1    0    4    0    4    1    5    1    5    0 -0.0000000000 0.0000000000 
    1    1    1    0    4    0    4    1    5    1    5    1 -0.0000000000 -0.0252822137 
    1    1    1    0    4    1    4    0    5    0    5    0 0.0000000000 -0.0040541915 
    1    1    1    0    4    1    4    0    5    0    5    1 -0.0000000000 0.0000000000 
    1    1    1    0    4    1    4    0    5    1    5    0 0.0000000000 0.0000000000 
    1    1    1    0    4    1    4    0    5    1    5    1 0.0000000000 0.0040541915 
    1    1    1    0    4    1    4    1    5    0    5    0 0.0000000000 -0.0000000000 
    1    1    1    0    4    1    4    1    5    0    5    1 0.0048636445 0.0106140111 
    1    1    1    0    4    1    4    1    5    1    5    0 -0.0048636445 -0.0106140111 
    1    1    1    0    4    1    4    1    5    1    5    1 0.0000000000 -0.0000000000 
    1    1    1    1    4    0    4    0    5    0    5    0 0.1844457719 0.0000000000 
    1    1    1    1    4    0    4    0    5    0    5    1 -0.0000000000 0.0000000000 
    1    1    1    1    4    0    4    0    5    1    5    0 -0.0000000000 -0.0000000000 
    1    1    1    1    4    0    4    0    5    1    5    1 0.1844457719 0.0000000000 
    1    1    1    1    4    0    4    1    5    0    5    0 0.0000000000 -0.0000000000 
    1    1    1    1    4    0    4    1    5    0    5    1 -0.0586469581 -0.0000000000 
    1    1    1    1    4    0    4    1    5    1    5    0 -0.0586469581 0.0000000000 
    1    1    1    1    4    0    4    1    5    1    5    1 0.0000000000 0.0000000000 
    1    1    1    1    4    1    4    0    5    0    5    0 0.0000000000 0.0000000000 
    1    1    1    1    4    1    4    0    5    0    5    1 -0.0586469581 -0.0000000000 
    1    1    1    1    4    1    4    0    5    1    5    0 -0.0586469581 0.0000000000 
    1    1    1    1    4    1    4    0    5    1    5    1 0.0000000000 -0.0000000000 
    1    1    1    1    4    1    4    1    5    0    5    0 0.0655542281 0.0000000000 
    1    1    1    1    4    1    4    1    5    0    5    1 -0.0000000000 0.0000000000 
    1    1    1    1    4    1    4    1    5    1    5    0 -0.0000000000 -0.0000000000 
    1    1    1    1    4    1    4    1    5    1    5    1 0.0655542281 0.0000000000 
    1    0    1    0    4    0    4    0    6    0    6    0 0.0709127619 0.0000000000 
    1    0    1    0    4    0    4    0    6    0    6    1 0.0000000000 -0.0000000000 
    1    0    1    0    4    0    4    0    6    1    6    0 0.0000000000 0.0000000000 
    1    0    1    0    4    0    4    0    6    1    6    1 0.0601956942 0.0000000000 
    1    0    1    0    4    0    4    1    6    0    6    0 0.0000000000 -0.0000000000 
    1    0    1    0    4    0    4    1    6    0    6    1 -0.0000000000 0.0000000000 
    1    0    1    0    4    0    4    1    6    1    6    0 -0.0000000000 -0.0000000000 
    1    0    1    0    4    0    4    1    6    1    6    1 0.0000000000 0.0000000000 
    1    0    1    0    4    1    4    0    6    0    6    0 0.0000000000 0.0000000000 
    1    0    1    0    4    1    4    0    6    0    6    1 -0.0000000000 0.0000000000 
    1    0    1    0    4    1    4    0    6    1    6    0 -0.0000000000 -0.0000000000 
    1    0    1    0    4    1    4    0    6    1    6    1 0.0000000000 -0.0000000000 
    1    0    1    0    4    1    4    1    6    0    6    0 0.2352025327 0.0000000000 
    1    0    1    0    4    1    4    1    6    0    6    1 -0.0000000000 -0.0000000000 
    1    0    1    0    4    1    4    1    6    1    6    0 -0.0000000000 0.0000000000 
    1    0    1    0    4    1    4    1    6    1    6    1 0.1336890112 0.0000000000 
    1    0    1    1    4    0    4    0    6    0    6    0 0.0000000000 0.0000000000 
    1    0    1    1    4    0    4    0    6    0    6    1 0.0295806813 0.0151598521 
    1    0    1    1    4    0    4    0    6    1    6    0 0.0175570909 0.0070514691 
    1    0    1    1    4    0    4    0    6    1    6    1 0.0000000000 0.0000000000 
    1    0    1    1    4    0    4    1    6    0    6    0 0.0000000000 0.0000000000 
    1    0    1    1    4    0    4    1    6    0    6    1 0.0000000000 0.0000000000 
    1    0    1    1    4    0    4    1    6    1    6    0 0.0000000000 0.0000000000 
    1    0    1    1    4    0    4    1    6    1    6    1 0.0000000000 -0.0000000000 
    1    0    1    1    4    1    4    0    6    0    6    0 -0.0000000000 0.0000000000 
    1    0    1    1    4    1    4    0    6    0    6    1 0.0000000000 0.0000000000 
    1    0    1    1    4    1    4    0    6    1    6    0 -0.0000000000 -0.0000000000 
    1    0    1    1    4    1    4    0    6    1    6    1 -0.0000000000 -0.0000000000 
    1    0    1    1    4    1    4    1    6    0    6    0 0.0000000000 0.0000000000 
    1    0    1    1    4    1    4    1    6    0    6    1 0.0295806813 -0.0151598521 
    1    0    1    1    4    1    4    1    6    1    6    0 0.0175570909 -0.0070514691 
    1    0    1    1    4    1    4    1    6    1    6    1 0.0000000000 0.0000000000 
    1    1    1    0    4    0    4    0    6    0    6    0 0.0000000000 -0.0000000000 
    1    1    1    0    4    0    4    0    6    0    6    1 0.0175570909 -0.0070514691 
    1    1    1    0    4    0    4    0    6    1    6    0 0.0295806813 -0.0151598521 
    1    1    1    0    4    0    4    0    6    1    6    1 0.0000000000 -0.0000000000 
    1    1    1    0    4    0    4    1    6    0    6    0 -0.0000000000 -0.0000000000 
    1    1    1    0    4    0    4    1    6    0    6    1 -0.0000000000 0.0000000000 
    1    1    1    0    4    0    4    1    6    1    6    0 0.0000000000 -0.0000000000 
    1    1    1    0    4    0    4    1    6    1    6    1 -0.0000000000 0.0000000000 
    1    1    1    0    4    1    4    0    6    0    6    0 0.0000000000 -0.0000000000 
    1    1    1    0    4    1    4    0    6    0    6    1 0.0000000000 -0.0000000000 
    1    1    1    0    4    1    4    0    6    1    6    0 0.0000000000 -0.0000000000 
    1    1    1    0    4    1    4    0    6    1    6    1 0.0000000000 0.0000000000 
    1    1    1    0    4    1    4    1    6    0    6    0 0.0000000000 -0.0000000000 
    1    1    1    0    4    1    4    1    6    0    6    1 0.0175570909 0.0070514691 
    1    1    1    0    4    1    4    1    6    1    6    0 0.0295806813 0.0151598521 
    1    1    1    0    4    1    4    1    6    1    6    1 0.0000000000 -0.0000000000 
    1    1    1    1    4    0    4    0    6    0    6    0 0.1336890112 0.0000000000 
    1    1    1    1    4    0    4    0    6    0    6    1 0.0000000000 -0.0000000000 
    1    1    1    1    4    0    4    0    6    1    6    0 0.0000000000 0.0000000000 
    1    1    1    1    4    0    4    0    6    1    6    1 0.2352025327 0.0000000000 
    1    1    1    1    4    0    4    1    6    0    6    0 0.0000000000 -0.0000000000 
    1    1    1    1    4    0    4    1    6    0    6    1 -0.0000000000 0.0000000000 
    1    1    1    1    4    0    4    1    6    1    6    0 -0.0000000000 -0.0000000000 
    1    1    1    1    4    0    4    1    6    1    6    1 0.0000000000 0.0000000000 
    1    1    1    1    4    1    4    0    6    0    6    0 0.0000000000 0.0000000000 
    1    1    1    1    4    1    4    0    6    0    6    1 -0.0000000000 0.0000000000 
    1    1    1    1    4    1    4    0    6    1    6    0 -0.0000000000 -0.0000000000 
    1    1    1    1    4    1    4    0    6    1    6    1 0.0000000000 -0.0000000000 
    1    1    1    1    4    1    4    1    6    0    6    0 0.0601956942 0.0000000000 
    1    1    1    1    4    1    4    1    6    0    6    1 0.0000000000 -0.0000000000 
    1    1    1    1    4    1    4    1    6    1    6    0 0.0000000000 0.0000000000 
    1    1    1    1    4    1    4    1    6    1    6    1 0.0709127619 0.0000000000 
    1    0    1    0    4    0    4    0    7    0    7    0 0.0655542281 0.0000000000 
    1    0    1    0    4    0    4    0    7    0    7    1 -0.0000000000 0.0000000000 
    1    0    1    0    4    0    4    0    7    1    7    0 -0.0000000000 -0.0000000000 
    1    0    1    0    4    0    4    0    7    1    7    1 0.0655542281 0.0000000000 
    1    0    1    0    4    0    4    1    7    0    7    0 0.0000000000 0.0000000000 
    1    0    1    0    4    0    4    1    7    0    7    1 0.0841615185 -0.0000000000 
    1    0    1    0    4    0    4    1    7    1    7    0 -0.0841615185 -0.0000000000 
    1    0    1    0    4    0    4    1    7    1    7    1 -0.0000000000 -0.0000000000 
    1    0    1    0    4    1    4    0    7    0    7    0 0.0000000000 -0.0000000000 
    1    0    1    0    4    1    4    0    7    0    7    1 -0.0841615185 0.0000000000 
    1    0    1    0    4    1    4    0    7    1    7    0 0.0841615185 0.0000000000 
    1    0    1    0    4    1    4    0    7    1    7    1 -0.0000000000 0.0000000000 
    1    0    1    0    4    1    4    1    7    0    7    0 0.1844457719 0.0000000000 
    1    0    1    0    4    1    4    1    7    0    7    1 0.0000000000 -0.0000000000 
    1    0    1    0    4    1    4    1    7    1    7    0 0.0000000000 0.0000000000 
    1    0    1    0    4    1    4    1    7    1    7    1 0.1844457719 0.0000000000 
    1    0    1    1    4    0    4    0    7    0    7    0 -0.0000000000 0.0000000000 
    1    0    1    1    4    0    4    0    7    0    7    1 -0.0190676294 -0.0290749970 
    1    0    1    1    4    0    4    0    7    1    7    0 -0.0190676294 -0.0290749970 
    1    0    1    1    4    0    4    0    7    1    7    1 0.0000000000 0.0000000000 
    1    0    1    1    4    0    4    1    7    0    7    0 0.0000000000 0.0111056606 
    1    0    1    1    4    0    4    1    7    0    7    1 -0.0000000000 0.0000000000 
    1    0    1    1    4    0    4    1    7    1    7    0 -0.0000000000 -0.0000000000 
    1    0    1    1    4    0    4    1    7    1    7    1 0.0000000000 -0.0111056606 
    1    0    1    1    4    1    4    0    7    0    7    0 -0.0000000000 0.0692556547 
    1    0    1    1    4    1    4    0    7    0    7    1 -0.0000000000 -0.0000000000 
    1    0    1    1    4    1    4    0    7    1    7    0 -0.0000000000 0.0000000000 
    1    0    1    1    4    1    4    0    7    1    7    1 -0.0000000000 -0.0692556547 
    1    0    1    1    4    1    4    1    7    0    7    0 0.0000000000 0.0000000000 
    1    0    1    1    4    1    4    1    7    0    7    1 -0.0190676294 0.0290749970 
    1    0    1    1    4    1    4    1    7    1    7    0 -0.0190676294 0.0290749970 
    1    0    1    1    4    1    4    1    7    1    7    1 -0.0000000000 0.0000000000 
    1    1    1    0    4    0    4    0    7    0    7    0 -0.0000000000 -0.0000000000 
    1    1    1    0    4    0    4    0    7    0    7    1 -0.0190676294 0.0290749970 
    1    1    1    0    4    0    4    0    7    1    7    0 -0.0190676294 0.0290749970 
    1    1    1    0    4    0    4    0    7    1    7    1 0.0000000000 -0.0000000000 
    1    1    1    0    4    0    4    1    7    0    7    0 -0.0000000000 -0.0692556547 
    1    1    1    0    4    0    4    1    7    0    7    1 -0.0000000000 -0.0000000000 
    1    1    1    0    4    0    4    1    7    1    7    0 -0.0000000000 0.0000000000 
    1    1    1    0    4    0    4    1    7    1    7    1 -0.0000000000 0.0692556547 
    1    1    1    0    4    1    4    0    7    0    7    0 0.0000000000 -0.0111056606 
    1    1    1    0    4    1    4    0    7    0    7    1 -0.0000000000 0.0000000000 
    1    1    1    0    4    1    4    0    7    1    7    0 -0.0000000000 -0.0000000000 
    1    1    1    0    4    1    4    0    7    1    7    1 0.0000000000 0.0111056606 
    1    1    1    0    4    1    4    1    7    0    7    0 0.0000000000 -0.0000000000 
    1    1    1    0    4    1    4    1    7    0    7    1 -0.0190676294 -0.0290749970 
    1    1    1    0    4    1    4    1    7    1    7    0 -0.0190676294 -0.0290749970 
    1    1    1    0    4    1    4    1    7    1    7    1 -0.0000000000 -0.0000000000 
    1    1    1    1    4    0    4    0    7    0    7    0 0.1844457719 0.0000000000 
    1    1    1    1    4    0    4    0    7    0    7    1 -0.0000000000 0.0000000000 
    1    1    1    1    4    0    4    0    7    1    7    0 -0.0000000000 -0.0000000000 
    1    1    1    1    4    0    4    0    7    1    7    1 0.1844457719 0.0000000000 
    1    1    1    1    4    0    4    1    7    0    7    0 0.0000000000 -0.0000000000 
    1    1    1    1    4    0    4    1    7    0    7    1 0.0841615185 0.0000000000 
    1    1    1    1    4    0    4    1    7    1    7    0 -0.0841615185 -0.0000000000 
    1    1    1    1    4    0    4    1    7    1    7    1 -0.0000000000 0.0000000000 
    1    1    1    1    4    1    4    0    7    0    7    0 0.0000000000 0.0000000000 
    1    1    1    1    4    1    4    0    7    0    7    1 -0.0841615185 0.0000000000 
    1    1    1    1    4    1    4    0    7    1    7    0 0.0841615185 -0.0000000000 
    1    1    1    1    4    1    4    0    7    1    7    1 -0.0000000000 -0.0000000000 
    1    1    1    1    4    1    4    1    7    0    7    0 0.0655542281 0.0000000000 
    1    1    1    1    4    1    4    1    7    0    7    1 0.0000000000 -0.0000000000 
    1    1    1    1    4    1    4    1    7    1    7    0 0.0000000000 0.0000000000 
    1    1    1    1    4    1    4    1    7    1    7    1 0.0655542281 0.0000000000 
    1    0    1    0    5    0    5    0    6    0    6    0 0.1530576473 0.0000000000 
    1    0    1    0    5    0    5    0    6    0    6    1 0.0000000000 -0.0000000000 
    1    0    1    0    5    0    5    0    6    1    6    0 0.0000000000 0.0000000000 
    1    0    1    0    5    0    5    0    6    1    6    1 0.0969423527 0.0000000000 
    1    0    1    0    5    0    5    1    6    0    6    0 -0.0000000000 0.0000000000 
    1    0    1    0    5    0    5    1    6    0    6    1 0.0841615185 0.0025100857 
    1    0    1    0    5    0    5    1    6    1    6    0 -0.0841615185 0.0025100857 
    1    0    1    0    5    0    5    1    6    1    6    1 -0.0000000000 0.0000000000 
    1    0    1    0    5    1    5    0    6    0    6    0 -0.0000000000 -0.0000000000 
    1    0    1    0    5    1    5    0    6    0    6    1 -0.0841615185 -0.0025100857 
    1    0    1    0    5    1    5    0    6    1    6    0 0.0841615185 -0.0025100857 
    1    0    1    0    5    1    5    0    6    1    6    1 -0.0000000000 -0.0000000000 
    1    0    1    0    5    1    5    1    6    0    6    0 0.1530576473 0.0000000000 
    1    0    1    0    5    1    5    1    6    0    6    1 -0.0000000000 0.0000000000 
    1    0    1    0    5    1    5    1    6    1    6    0 -0.0000000000 -0.0000000000 
    1    0    1    0    5    1    5    1    6    1    6    1 0.0969423527 0.0000000000 
    1    0    1    1    5    0    5    0    6    0    6    0 -0.0000000000 0.0000000000 
    1    0    1    1    5    0    5    0    6    0    6    1 0.0295806813 -0.0000000000 
    1    0    1    1    5    0    5    0    6    1    6    0 0.0175570909 0.0000000000 
    1    0    1    1    5    0    5    0    6    1    6    1 0.0000000000 0.0000000000 
    1    0    1    1    5    0    5    1    6    0    6    0 -0.0048636445 0.0111056606 
    1    0    1    1    5    0    5    1    6    0    6    1 -0.0000000000 0.0000000000 
    1    0    1    1    5    0    5    1    6    1    6    0 -0.0000000000 -0.0000000000 
    1    0    1    1    5    0    5    1    6    1    6    1 -0.0048636445 -0.0111056606 
    1    0    1    1    5    1    5    0    6    0    6    0 0.0048636445 -0.0111056606 
    1    0    1    1    5    1    5    0    6    0    6    1 -0.0000000000 -0.0000000000 
    1    0    1    1    5    1    5    0    6    1    6    0 -0.0000000000 0.0000000000 
    1    0    1    1    5    1    5    0    6    1    6    1 0.0048636445 0.0111056606 
    1    0    1    1    5    1    5    1    6    0    6    0 0.0000000000 0.0000000000 
    1    0    1    1    5    1    5    1    6    0    6    1 0.0295806813 -0.0000000000 
    1    0    1    1    5    1    5    1    6    1    6    0 0.0175570909 0.0000000000 
    1    0    1    1    5    1    5    1    6    1    6    1 -0.0000000000 0.0000000000 
    1    1    1    0    5    0    5    0    6    0    6    0 -0.0000000000 -0.0000000000 
    1    1    1    0    5    0    5    0    6    0    6    1 0.0175570909 -0.0000000000 
    1    1    1    0    5    0    5    0    6    1    6    0 0.0295806813 0.0000000000 
    1    1    1    0    5    0    5    0    6    1    6    1 0.0000000000 -0.0000000000 
    1    1    1    0    5    0    5    1    6    0    6    0 0.0048636445 0.0111056606 
    1    1    1    0    5    0    5    1    6    0    6    1 -0.0000000000 -0.0000000000 
    1    1    1    0    5    0    5    1    6    1    6    0 -0.0000000000 0.0000000000 
    1    1    1    0    5    0    5    1    6    1    6    1 0.0048636445 -0.0111056606 
    1    1    1    0    5    1    5    0    6    0    6    0 -0.0048636445 -0.0111056606 
    1    1    1    0    5    1    5    0    6    0    6    1 -0.0000000000 0.0000000000 
    1    1    1    0    5    1    5    0    6    1    6    0 -0.0000000000 -0.0000000000 
    1    1    1    0    5    1    5    0    6    1    6    1 -0.0048636445 0.0111056606 
    1    1    1    0    5    1    5    1    6    0    6    0 0.0000000000 -0.0000000000 
    1    1    1    0    5    1    5    1    6    0    6    1 0.0175570909 -0.0000000000 
    1    1    1    0    5    1    5    1    6    1    6    0 0.0295806813 0.0000000000 
    1    1    1    0    5    1    5    1    6    1    6    1 -0.0000000000 -0.0000000000 
    1    1    1    1    5    0    5    0    6    0    6    0 0.0969423527 0.0000000000 
    1    1    1    1    5    0    5    0    6    0    6    1 0.0000000000 -0.0000000000 
    1    1    1    1    5    0    5    0    6    1    6    0 0.0000000000 0.0000000000 
    1    1    1    1    5    0    5    0    6    1    6    1 0.1530576473 0.0000000000 
    1    1    1    1    5    0    5    1    6    0    6    0 0.0000000000 0.0000000000 
    1    1    1    1    5    0    5    1    6    0    6    1 0.0841615185 -0.0025100857 
    1    1    1    1    5    0    5    1    6    1    6    0 -0.0841615185 -0.0025100857 
    1    1    1    1    5    0    5    1    6    1    6    1 -0.0000000000 0.0000000000 
    1    1    1    1    5    1    5    0    6    0    6    0 0.0000000000 -0.0000000000 
    1    1    1    1    5    1    5    0    6    0    6    1 -0.0841615185 0.0025100857 
    1    1    1    1    5    1    5    0    6    1    6    0 0.0841615185 0.0025100857 
    1    1    1    1    5    1    5    0    6    1    6    1 -0.0000000000 -0.0000000000 
    1    1    1    1    5    1    5    1    6    0    6    0 0.0969423527 0.0000000000 
    1    1    1    1    5    1    5    1    6    0    6    1 0.0000000000 -0.0000000000 
    1    1    1    1    5    1    5    1    6    1    6    0 0.0000000000 0.0000000000 
    1    1    1    1    5    1    5    1    6    1    6    1 0.1530576473 0.0000000000 
    1    0    1    0    5    0    5    0    7    0    7    0 0.1023008865 0.0000000000 
    1    0    1    0    5    0    5    0    7    0    7    1 -0.0000000000 -0.0000000000 
    1    0    1    0    5    0    5    0    7    1    7    0 -0.0000000000 0.0000000000 
    1    0    1    0    5    0    5    0    7    1    7    1 0.1476991135 0.0000000000 
    1    0    1    0    5    0    5    1    7    0    7    0 -0.0000000000 0.0000000000 
    1    0    1    0    5    0    5    1    7    0    7    1 -0.0000000000 -0.0031026365 
    1    0    1    0    5    0    5    1    7    1    7    0 -0.0000000000 -0.0031026365 
    1    0    1    0    5    0    5    1    7    1    7    1 0.0000000000 0.0000000000 
    1    0    1    0    5    1    5    0    7    0    7    0 -0.0000000000 -0.0000000000 
    1    0    1    0    5    1    5    0    7    0    7    1 -0.0000000000 0.0031026365 
    1    0    1    0    5    1    5    0    7    1    7    0 -0.0000000000 0.0031026365 
    1    0    1    0    5    1    5    0    7    1    7    1 0.0000000000 -0.0000000000 
    1    0    1    0    5    1    5    1    7    0    7    0 0.1476991135 0.0000000000 
    1    0    1    0    5    1    5    1    7    0    7    1 0.0000000000 -0.0000000000 
    1    0    1    0    5    1    5    1    7    1    7    0 0.0000000000 0.0000000000 
    1    0    1    0    5    1    5    1    7    1    7    1 0.1023008865 0.0000000000 
    1    0    1    1    5    0    5    0    7    0    7    0 0.0000000000 0.0000000000 
    1    0    1    1    5    0    5    0    7    0    7    1 -0.0190676294 -0.0050112563 
    1    0    1    1    5    0    5    0    7    1    7    0 -0.0190676294 0.0050112563 
    1    0    1    1    5    0    5    0    7    1    7    1 0.0000000000 0.0000000000 
    1    0    1    1    5    0    5    1    7    0    7    0 -0.0048636445 -0.0137273515 
    1    0    1    1    5    0    5    1    7    0    7    1 0.0000000000 -0.0000000000 
    1    0    1    1    5    0    5    1    7    1    7    0 0.0000000000 0.0000000000 
    1    0    1    1    5    0    5    1    7    1    7    1 -0.0048636445 0.0137273515 
    1    0    1    1    5    1    5    0    7    0    7    0 0.0048636445 -0.0137273515 
    1    0    1    1    5    1    5    0    7    0    7    1 0.0000000000 0.0000000000 
    1    0    1    1    5    1    5    0    7    1    7    0 0.0000000000 0.0000000000 
    1    0    1    1    5    1    5    0    7    1    7    1 0.0048636445 0.0137273515 
    1    0    1    1    5    1    5    1    7    0    7    0 0.0000000000 0.0000000000 
    1    0    1    1    5    1    5    1    7    0    7    1 -0.0190676294 0.0050112563 
    1    0    1    1    5    1    5    1    7    1    7    0 -0.0190676294 -0.0050112563 
    1    0    1    1    5    1    5    1    7    1    7    1 0.0000000000 0.0000000000 
    1    1    1    0    5    0    5    0    7    0    7    0 0.0000000000 -0.0000000000 
    1    1    1    0    5    0    5    0    7    0    7    1 -0.0190676294 -0.0050112563 
    1    1    1    0    5    0    5    0    7    1    7    0 -0.0190676294 0.0050112563 
    1    1    1    0    5    0    5    0    7    1    7    1 0.0000000000 -0.0000000000 
    1    1    1    0    5    0    5    1    7    0    7    0 0.0048636445 0.0137273515 
    1    1    1    0    5    0    5    1    7    0    7    1 0.0000000000 -0.0000000000 
    1    1    1    0    5    0    5    1    7    1    7    0 0.0000000000 -0.0000000000 
    1    1    1    0    5    0    5    1    7    1    7    1 0.0048636445 -0.0137273515 
    1    1    1    0    5    1    5    0    7    0    7    0 -0.0048636445 0.0137273515 
    1    1    1    0    5    1    5    0    7    0    7    1 0.0000000000 -0.0000000000 
    1    1    1    0    5    1    5    0    7    1    7    0 0.0000000000 0.0000000000 
    1    1    1    0    5    1    5    0    7    1    7    1 -0.0048636445 -0.0137273515 
    1    1    1    0    5    1    5    1    7    0    7    0 0.0000000000 -0.0000000000 
    1    1    1    0    5    1    5    1    7    0    7    1 -0.0190676294 0.0050112563 
    1    1    1    0    5    1    5    1    7    1    7    0 -0.0190676294 -0.0050112563 
    1    1    1    0    5    1    5    1    7    1    7    1 0.0000000000 -0.0000000000 
    1    1    1    1    5    0    5    0    7    0    7    0 0.1023008865 0.0000000000 
    1    1    1    1    5    0    5    0    7    0    7    1 -0.0000000000 0.0000000000 
    1    1    1    1    5    0    5    0    7    1    7    0 -0.0000000000 -0.0000000000 
    1    1    1    1    5    0    5    0    7    1    7    1 0.1476991135 0.0000000000 
    1    1    1    1    5    0    5    1    7    0    7    0 -0.0000000000 0.0000000000 
    1    1    1    1    5    0    5    1    7    0    7    1 -0.0000000000 0.0031026365 
    1    1    1    1    5    0    5    1    7    1    7    0 -0.0000000000 0.0031026365 
    1    1    1    1    5    0    5    1    7    1    7    1 -0.0000000000 0.0000000000 
    1    1    1    1    5    1    5    0    7    0    7    0 -0.0000000000 -0.0000000000 
    1    1    1    1    5    1    5    0    7    0    7    1 -0.0000000000 -0.0031026365 
    1    1    1    1    5    1    5    0    7    1    7    0 -0.0000000000 -0.0031026365 
    1    1    1    1    5    1    5    0    7    1    7    1 -0.0000000000 -0.0000000000 
    1    1    1    1    5    1    5    1    7    0    7    0 0.1476991135 0.0000000000 
    1    1    1    1    5    1    5    1    7    0    7    1 -0.0000000000 0.0000000000 
    1    1    1    1    5    1    5    1    7    1    7    0 -0.0000000000 -0.0000000000 
    1    1    1    1    5    1    5    1    7    1    7    1 0.1023008865 0.0000000000 
    1    0    1    0    6    0    6    0    7    0    7    0 0.1530576473 0.0000000000 
    1    0    1    0    6    0    6    0    7    0    7    1 0.0000000000 0.0000000000 
    1    0    1    0    6    0    6    0    7    1    7    0 0.0000000000 -0.0000000000 
    1    0    1    0    6    0    6    0    7    1    7    1 0.1530576473 0.0000000000 
    1    0    1    0    6    0    6    1    7    0    7    0 -0.0000000000 -0.0000000000 
    1    0    1    0    6    0    6    1    7    0    7    1 -0.0586469581 0.0025100857 
    1    0    1    0    6    0    6    1    7    1    7    0 -0.0586469581 0.0025100857 
    1    0    1    0    6    0    6    1    7    1    7    1 0.0000000000 0.0000000000 
    1    0    1    0    6    1    6    0    7    0    7    0 -0.0000000000 0.0000000000 
    1    0    1    0    6    1    6    0    7    0    7    1 -0.0586469581 -0.0025100857 
    1    0    1    0    6    1    6    0    7    1    7    0 -0.0586469581 -0.0025100857 
    1    0    1    0    6    1    6    0    7    1    7    1 0.0000000000 -0.0000000000 
    1    0    1    0    6    1    6    1    7    0    7    0 0.0969423527 0.0000000000 
    1    0    1    0    6    1    6    1    7    0    7    1 0.0000000000 -0.0000000000 
    1    0    1    0    6    1    6    1    7    1    7    0 0.0000000000 0.0000000000 
    1    0    1    0    6    1    6    1    7    1    7    1 0.0969423527 0.0000000000 
    1    0    1    1    6    0    6    0    7    0    7    0 0.0000000000 0.0000000000 
    1    0    1    1    6    0    6    0    7    0    7    1 -0.0190676294 0.0040541915 
    1    0    1    1    6    0    6    0    7    1    7    0 -0.0190676294 0.0040541915 
    1    0    1    1    6    0    6    0    7    1    7    1 0.0000000000 0.0000000000 
    1    0    1    1    6    0    6    1    7    0    7    0 0.0295806813 -0.0000000000 
    1    0    1    1    6    0    6    1    7    0    7    1 0.0000000000 -0.0000000000 
    1    0    1    1    6    0    6    1    7    1    7    0 -0.0000000000 -0.0000000000 
    1    0    1    1    6    0    6    1    7    1    7    1 0.0295806813 -0.0000000000 
    1    0    1    1    6    1    6    0    7    0    7    0 0.0175570909 0.0000000000 
    1    0    1    1    6    1    6    0    7    0    7    1 -0.0000000000 -0.0000000000 
    1    0    1    1    6    1    6    0    7    1    7    0 -0.0000000000 -0.0000000000 
    1    0    1    1    6    1    6    0    7    1    7    1 0.0175570909 0.0000000000 
    1    0    1    1    6    1    6    1    7    0    7    0 0.0000000000 0.0000000000 
    1    0    1    1    6    1    6    1    7    0    7    1 -0.0190676294 -0.0040541915 
    1    0    1    1    6    1    6    1    7    1    7    0 -0.0190676294 -0.0040541915 
    1    0    1    1    6    1    6    1    7    1    7    1 0.0000000000 0.0000000000 
    1    1    1    0    6    0    6    0    7    0    7    0 0.0000000000 -0.0000000000 
    1    1    1    0    6    0    6    0    7    0    7    1 -0.0190676294 -0.0040541915 
    1    1    1    0    6    0    6    0    7    1    7    0 -0.0190676294 -0.0040541915 
    1    1    1    0    6    0    6    0    7    1    7    1 0.0000000000 -0.0000000000 
    1    1    1    0    6    0    6    1    7    0    7    0 0.0175570909 -0.0000000000 
    1    1    1    0    6    0    6    1    7    0    7    1 -0.0000000000 0.0000000000 
    1    1    1    0    6    0    6    1    7    1    7    0 -0.0000000000 0.0000000000 
    1    1    1    0    6    0    6    1    7    1    7    1 0.0175570909 -0.0000000000 
    1    1    1    0    6    1    6    0    7    0    7    0 0.0295806813 0.0000000000 
    1    1    1    0    6    1    6    0    7    0    7    1 -0.0000000000 0.0000000000 
    1    1    1    0    6    1    6    0    7    1    7    0 0.0000000000 0.0000000000 
    1    1    1    0    6    1    6    0    7    1    7    1 0.0295806813 0.0000000000 
    1    1    1    0    6    1    6    1    7    0    7    0 0.0000000000 -0.0000000000 
    1    1    1    0    6    1    6    1    7    0    7    1 -0.0190676294 0.0040541915 
    1    1    1    0    6    1    6    1    7    1    7    0 -0.0190676294 0.0040541915 
    1    1    1    0    6    1    6    1    7    1    7    1 0.0000000000 -0.0000000000 
    1    1    1    1    6    0    6    0    7    0    7    0 0.0969423527 0.0000000000 
    1    1    1    1    6    0    6    0    7    0    7    1 -0.0000000000 0.0000000000 
    1    1    1    1    6    0    6    0    7    1    7    0 -0.0000000000 -0.0000000000 
    1    1    1    1    6    0    6    0    7    1    7    1 0.0969423527 0.0000000000 
    1    1    1    1    6    0    6    1    7    0    7    0 0.0000000000 -0.0000000000 
    1    1    1    1    6    0    6    1    7    0    7    1 -0.0586469581 -0.0025100857 
    1    1    1    1    6    0    6    1    7    1    7    0 -0.0586469581 -0.0025100857 
    1    1    1    1    6    0    6    1    7    1    7    1 0.0000000000 0.0000000000 
    1    1    1    1    6    1    6    0    7    0    7    0 0.0000000000 0.0000000000 
    1    1    1    1    6    1    6    0    7    0    7    1 -0.0586469581 0.0025100857 
    1    1    1    1    6    1    6    0    7    1    7    0 -0.0586469581 0.0025100857 
    1    1    1    1    6    1    6    0    7    1    7    1 0.0000000000 -0.0000000000 
    1    1    1    1    6    1    6    1    7    0    7    0 0.1530576473 0.0000000000 
    1    1    1    1    6    1    6    1    7    0    7    1 -0.0000000000 -0.0000000000 
    1    1    1    1    6    1    6    1    7    1    7    0 -0.0000000000 0.0000000000 
    1    1    1    1    6    1    6    1    7    1    7    1 0.1530576473 0.0000000000 
    2    0    2    0    3    0    3    0    4    0    4    0 0.1530576473 0.0000000000 
    2    0    2    0    3    0    3    0    4    0    4    1 -0.0000000000 0.0000000000 
    2    0    2    0    3    0    3    0    4    1    4    0 -0.0000000000 -0.0000000000 
    2    0    2    0    3    0    3    0    4    1    4    1 0.0969423527 0.0000000000 
    2    0    2    0    3    0    3    1    4    0    4    0 0.0000000000 -0.0000000000 
    2    0    2    0    3    0    3    1    4    0    4    1 0.0295806813 -0.0000000000 
    2    0    2    0    3    0    3    1    4    1    4    0 0.0175570909 -0.0000000000 
    2    0    2    0    3    0    3    1    4    1    4    1 0.0000000000 -0.0000000000 
    2    0    2    0    3    1    3    0    4    0    4    0 0.0000000000 0.0000000000 
    2    0    2    0    3    1    3    0    4    0    4    1 0.0175570909 0.0000000000 
    2    0    2    0    3    1    3    0    4    1    4    0 0.0295806813 0.0000000000 
    2    0    2    0    3    1    3    0    4    1    4    1 0.0000000000 0.0000000000 
    2    0    2    0    3    1    3    1    4    0    4    0 0.0969423527 0.0000000000 
    2    0    2    0    3    1    3    1    4    0    4    1 0.0000000000 -0.0000000000 
    2    0    2    0    3    1    3    1    4    1    4    0 0.0000000000 0.0000000000 
    2    0    2    0    3    1    3    1    4    1    4    1 0.1530576473 0.0000000000 
    2    0    2    1    3    0    3    0    4    0    4    0 -0.0000000000 -0.0000000000 
    2    0    2    1    3    0    3    0    4    0    4    1 -0.0190676294 0.0040541915 
    2    0    2    1    3    0    3    0    4    1    4    0 -0.0190676294 -0.0040541915 
    2    0    2    1    3    0    3    0    4    1    4    1 -0.0000000000 -0.0000000000 
    2    0    2    1    3    0    3    1    4    0    4    0 -0.0586469581 0.0025100857 
    2    0    2    1    3    0    3    1    4    0    4    1 0.0000000000 0.0000000000 
    2    0    2    1    3    0    3    1    4    1    4    0 -0.0000000000 -0.0000000000 
    2    0    2    1    3    0    3    1    4    1    4    1 -0.0586469581 -0.0025100857 
    2    0    2    1    3    1    3    0    4    0    4    0 -0.0586469581 -0.0025100857 
    2    0    2    1    3    1    3    0    4    0    4    1 -0.0000000000 -0.0000000000 
    2    0    2    1    3    1    3    0    4    1    4    0 -0.0000000000 0.0000000000 
    2    0    2    1    3    1    3    0    4    1    4    1 -0.0586469581 0.0025100857 
    2    0    2    1    3    1    3    1    4    0    4    0 -0.0000000000 -0.0000000000 
    2    0    2    1    3    1    3    1    4    0    4    1 -0.0190676294 -0.0040541915 
    2    0    2    1    3    1    3    1    4    1    4    0 -0.0190676294 0.0040541915 
    2    0    2    1    3    1    3    1    4    1    4    1 -0.0000000000 -0.0000000000 
    2    1    2    0    3    0    3    0    4    0    4    0 -0.0000000000 0.0000000000 
    2    1    2    0    3    0    3    0    4    0    4    1 -0.0190676294 0.0040541915 
    2    1    2    0    3    0    3    0    4    1    4    0 -0.0190676294 -0.0040541915 
    2    1    2    0    3    0    3    0    4    1    4    1 -0.0000000000 0.0000000000 
    2    1    2    0    3    0    3    1    4    0    4    0 -0.0586469581 0.0025100857 
    2    1    2    0    3    0    3    1    4    0    4    1 -0.0000000000 -0.0000000000 
    2    1    2    0    3    0    3    1    4    1    4    0 -0.0000000000 0.0000000000 
    2    1    2    0    3    0    3    1    4    1    4    1 -0.0586469581 -0.0025100857 
    2    1    2    0    3    1    3    0    4    0    4    0 -0.0586469581 -0.0025100857 
    2    1    2    0    3    1    3    0    4    0    4    1 -0.0000000000 0.0000000000 
    2    1    2    0    3    1    3    0    4    1    4    0 0.0000000000 -0.0000000000 
    2    1    2    0    3    1    3    0    4    1    4    1 -0.0586469581 0.0025100857 
    2    1    2    0    3    1    3    1    4    0    4    0 -0.0000000000 0.0000000000 
    2    1    2    0    3    1    3    1    4    0    4    1 -0.0190676294 -0.0040541915 
    2    1    2    0    3    1    3    1    4    1    4    0 -0.0190676294 0.0040541915 
    2    1    2    0    3    1    3    1    4    1    4    1 -0.0000000000 0.0000000000 
    2    1    2    1    3    0    3    0    4    0    4    0 0.1530576473 0.0000000000 
    2    1    2    1    3    0    3    0    4    0    4    1 0.0000000000 0.0000000000 
    2    1    2    1    3    0    3    0    4    1    4    0 0.0000000000 -0.0000000000 
    2    1    2    1    3    0    3    0    4    1    4    1 0.0969423527 0.0000000000 
    2    1    2    1    3    0    3    1    4    0    4    0 0.0000000000 -0.0000000000 
    2    1    2    1    3    0    3    1    4    0    4    1 0.0295806813 0.0000000000 
    2    1    2    1    3    0    3    1    4    1    4    0 0.0175570909 0.0000000000 
    2    1    2    1    3    0    3    1    4    1    4    1 0.0000000000 -0.0000000000 
    2    1    2    1    3    1    3    0    4    0    4    0 0.0000000000 0.0000000000 
    2    1    2    1    3    1    3    0    4    0    4    1 0.0175570909 -0.0000000000 
    2    1    2    1    3    1    3    0    4    1    4    0 0.0295806813 -0.0000000000 
    2    1    2    1    3    1    3    0    4    1    4    1 0.0000000000 0.0000000000 
    2    1    2    1    3    1    3    1    4    0    4    0 0.0969423527 0.0000000000 
    2    1    2    1    3    1    3    1    4    0    4    1 0.0000000000 -0.0000000000 
    2    1    2    1    3    1    3    1    4    1    4    0 0.0000000000 0.0000000000 
    2    1    2    1    3    1    3    1    4    1    4    1 0.1530576473 0.0000000000 
    2    0    2    0    3    0    3    0    5    0    5    0 0.1530576473 0.0000000000 
    2    0    2    0    3    0    3    0    5    0    5    1 -0.0000000000 -0.0000000000 
    2    0    2    0    3    0    3    0    5    1    5    0 -0.0000000000 0.0000000000 
    2    0    2    0    3    0    3    0    5    1    5    1 0.0969423527 0.0000000000 
    2    0    2    0    3    0    3    1    5    0    5    0 0.0000000000 -0.0000000000 
    2    0    2    0    3    0    3    1    5    0    5    1 -0.0190676294 0.0040541915 
    2    0    2    0    3    0    3    1    5    1    5    0 -0.0190676294 -0.0040541915 
    2    0    2    0    3    0    3    1    5    1    5    1 0.0000000000 -0.0000000000 
    2    0    2    0    3    1    3    0    5    0    5    0 0.0000000000 0.0000000000 
    2    0    2    0    3    1    3    0    5    0    5    1 -0.0190676294 0.0040541915 
    2    0    2    0    3    1    3    0    5    1    5    0 -0.0190676294 -0.0040541915 
    2    0    2    0    3    1    3    0    5    1    5    1 0.0000000000 0.0000000000 
    2    0    2    0    3    1    3    1    5    0    5    0 0.1530576473 0.0000000000 
    2    0    2    0    3    1    3    1    5    0    5    1 -0.0000000000 0.0000000000 
    2    0    2    0    3    1    3    1    5    1    5    0 -0.0000000000 -0.0000000000 
    2    0    2    0    3    1    3    1    5    1    5    1 0.0969423527 0.0000000000 
    2    0    2    1    3    0    3    0    5    0    5    0 -0.0000000000 -0.0000000000 
    2    0    2    1    3    0    3    0    5    0    5    1 0.0295806813 -0.0000000000 
    2    0    2    1    3    0    3    0    5    1    5    0 0.0175570909 -0.0000000000 
    2    0    2    1    3    0    3    0    5    1    5    1 -0.0000000000 -0.0000000000 
    2    0    2    1    3    0    3    1    5    0    5    0 -0.0586469581 0.0025100857 
    2    0    2    1    3    0    3    1    5    0    5    1 -0.0000000000 -0.0000000000 
    2    0    2    1    3    0    3    1    5    1    5    0 0.0000000000 0.0000000000 
    2    0    2    1    3    0    3    1    5    1    5    1 -0.0586469581 -0.0025100857 
    2    0    2    1    3    1    3    0    5    0    5    0 -0.0586469581 0.0025100857 
    2    0    2    1    3    1    3    0    5    0    5    1 0.0000000000 -0.0000000000 
    2    0    2    1    3    1    3    0    5    1    5    0 0.0000000000 0.0000000000 
    2    0    2    1    3    1    3    0    5    1    5    1 -0.0586469581 -0.0025100857 
    2    0    2    1    3    1    3    1    5    0    5    0 -0.0000000000 -0.0000000000 
    2    0    2    1    3    1    3    1    5    0    5    1 0.0295806813 0.0000000000 
    2    0    2    1    3    1    3    1    5    1    5    0 0.0175570909 0.0000000000 
    2    0    2    1    3    1    3    1    5    1    5    1 -0.0000000000 -0.0000000000 
    2    1    2    0    3    0    3    0    5    0    5    0 -0.0000000000 0.0000000000 
    2    1    2    0    3    0    3    0    5    0    5    1 0.0175570909 0.0000000000 
    2    1    2    0    3    0    3    0    5    1    5    0 0.0295806813 0.0000000000 
    2    1    2    0    3    0    3    0    5    1    5    1 -0.0000000000 0.0000000000 
    2    1    2    0    3    0    3    1    5    0    5    0 -0.0586469581 -0.0025100857 
    2    1    2    0    3    0    3    1    5    0    5    1 0.0000000000 -0.0000000000 
    2    1    2    0    3    0    3    1    5    1    5    0 0.0000000000 0.0000000000 
    2    1    2    0    3    0    3    1    5    1    5    1 -0.0586469581 0.0025100857 
    2    1    2    0    3    1    3    0    5    0    5    0 -0.0586469581 -0.0025100857 
    2    1    2    0    3    1    3    0    5    0    5    1 0.0000000000 -0.0000000000 
    2    1    2    0    3    1    3    0    5    1    5    0 -0.0000000000 0.0000000000 
    2    1    2    0    3    1    3    0    5    1    5    1 -0.0586469581 0.0025100857 
    2    1    2    0    3    1    3    1    5    0    5    0 -0.0000000000 0.0000000000 
    2    1    2    0    3    1    3    1    5    0    5    1 0.0175570909 -0.0000000000 
    2    1    2    0    3    1    3    1    5    1    5    0 0.0295806813 -0.0000000000 
    2    1    2    0    3    1    3    1    5    1    5    1 -0.0000000000 0.0000000000 
    2    1    2    1    3    0    3    0    5    0    5    0 0.0969423527 0.0000000000 
    2    1    2    1    3    0    3    0    5    0    5    1 -0.0000000000 0.0000000000 
    2    1    2    1    3    0    3    0    5    1    5    0 -0.0000000000 -0.0000000000 
    2    1    2    1    3    0    3    0    5    1    5    1 0.1530576473 0.0000000000 
    2    1    2    1    3    0    3    1    5    0    5    0 0.0000000000 -0.0000000000 
    2    1    2    1    3    0    3    1    5    0    5    1 -0.0190676294 -0.0040541915 
    2    1    2    1    3    0    3    1    5    1    5    0 -0.0190676294 0.0040541915 
    2    1    2    1    3    0    3    1    5    1    5    1 0.0000000000 -0.0000000000 
    2    1    2    1    3    1    3    0    5    0    5    0 0.0000000000 0.0000000000 
    2    1    2    1    3    1    3    0    5    0    5    1 -0.0190676294 -0.0040541915 
    2    1    2    1    3    1    3    0    5    1    5    0 -0.0190676294 0.0040541915 
    2    1    2    1    3    1    3    0    5    1    5    1 0.0000000000 0.0000000000 
    2    1    2    1    3    1    3    1    5    0    5    0 0.0969423527 0.0000000000 
    2    1    2    1    3    1    3    1    5    0    5    1 -0.0000000000 0.0000000000 
    2    1    2    1    3    1    3    1    5    1    5    0 -0.0000000000 -0.0000000000 
    2    1    2    1    3    1    3    1    5    1    5    1 0.1530576473 0.0000000000 
    2    0    2    0    3    0    3    0    6    0    6    0 0.0655542281 0.0000000000 
    2    0    2    0    3    0    3    0    6    0    6    1 0.0000000000 0.0000000000 
    2    0    2    0    3    0    3    0    6    1    6    0 0.0000000000 -0.0000000000 
    2    0    2    0    3    0    3    0    6    1    6    1 0.1844457719 0.0000000000 
    2    0    2    0    3    0    3    1    6    0    6    0 0.0000000000 -0.0000000000 
    2    0    2    0    3    0    3    1    6    0    6    1 0.0000000000 0.0040541915 
    2    0    2    0    3    0    3    1    6    1    6    0 -0.0000000000 0.0252822137 
    2    0    2    0    3    0    3    1    6    1    6    1 0.0000000000 0.0000000000 
    2    0    2    0    3    1    3    0    6    0    6    0 0.0000000000 0.0000000000 
    2    0    2    0    3    1    3    0    6    0    6    1 -0.0000000000 -0.0252822137 
    2    0    2    0    3    1    3    0    6    1    6    0 0.0000000000 -0.0040541915 
    2    0    2    0    3    1    3    0    6    1    6    1 0.0000000000 -0.0000000000 
    2    0    2    0    3    1    3    1    6    0    6    0 0.1844457719 0.0000000000 
    2    0    2    0    3    1    3    1    6    0    6    1 -0.0000000000 -0.0000000000 
    2    0    2    0    3    1    3    1    6    1    6    0 -0.0000000000 0.0000000000 
    2    0    2    0    3    1    3    1    6    1    6    1 0.0655542281 0.0000000000 
    2    0    2    1    3    0    3    0    6    0    6    0 -0.0000000000 -0.0000000000 
    2    0    2    1    3    0    3    0    6    0    6    1 -0.0048636445 -0.0106140111 
    2    0    2    1    3    0    3    0    6    1    6    0 0.0048636445 -0.0106140111 
    2    0    2    1    3    0    3    0    6    1    6    1 -0.0000000000 -0.0000000000 
    2    0    2    1    3    0    3    1    6    0    6    0 -0.0586469581 0.0000000000 
    2    0    2    1    3    0    3    1    6    0    6    1 -0.0000000000 0.0000000000 
    2    0    2    1    3    0    3    1    6    1    6    0 -0.0000000000 -0.0000000000 
    2    0    2    1    3    0    3    1    6    1    6    1 -0.0586469581 0.0000000000 
    2    0    2    1    3    1    3    0    6    0    6    0 -0.0586469581 0.0000000000 
    2    0    2    1    3    1    3    0    6    0    6    1 0.0000000000 0.0000000000 
    2    0    2    1    3    1    3    0    6    1    6    0 0.0000000000 -0.0000000000 
    2    0    2    1    3    1    3    0    6    1    6    1 -0.0586469581 -0.0000000000 
    2    0    2    1    3    1    3    1    6    0    6    0 -0.0000000000 -0.0000000000 
    2    0    2    1    3    1    3    1    6    0    6    1 -0.0048636445 0.0106140111 
    2    0    2    1    3    1    3    1    6    1    6    0 0.0048636445 0.0106140111 
    2    0    2    1    3    1    3    1    6    1    6    1 -0.0000000000 -0.0000000000 
    2    1    2    0    3    0    3    0    6    0    6    0 -0.0000000000 0.0000000000 
    2    1    2    0    3    0    3    0    6    0    6    1 0.0048636445 0.0106140111 
    2    1    2    0    3    0    3    0    6    1    6    0 -0.0048636445 0.0106140111 
    2    1    2    0    3    0    3    0    6    1    6    1 -0.0000000000 0.0000000000 
    2    1    2    0    3    0    3    1    6    0    6    0 -0.0586469581 -0.0000000000 
    2    1    2    0    3    0    3    1    6    0    6    1 0.0000000000 0.0000000000 
    2    1    2    0    3    0    3    1    6    1    6    0 0.0000000000 -0.0000000000 
    2    1    2    0    3    0    3    1    6    1    6    1 -0.0586469581 0.0000000000 
    2    1    2    0    3    1    3    0    6    0    6    0 -0.0586469581 -0.0000000000 
    2    1    2    0    3    1    3    0    6    0    6    1 -0.0000000000 0.0000000000 
    2    1    2    0    3    1    3    0    6    1    6    0 -0.0000000000 -0.0000000000 
    2    1    2    0    3    1    3    0    6    1    6    1 -0.0586469581 -0.0000000000 
    2    1    2    0    3    1    3    1    6    0    6    0 -0.0000000000 0.0000000000 
    2    1    2    0    3    1    3    1    6    0    6    1 0.0048636445 -0.0106140111 
    2    1    2    0    3    1    3    1    6    1    6    0 -0.0048636445 -0.0106140111 
    2    1    2    0    3    1    3    1    6    1    6    1 -0.0000000000 0.0000000000 
    2    1    2    1    3    0    3    0    6    0    6    0 0.0655542281 0.0000000000 
    2    1    2    1    3    0    3    0    6    0    6    1 -0.0000000000 -0.0000000000 
    2    1    2    1    3    0    3    0    6    1    6    0 -0.0000000000 0.0000000000 
    2    1    2    1    3    0    3    0    6    1    6    1 0.1844457719 0.0000000000 
    2    1    2    1    3    0    3    1    6    0    6    0 0.0000000000 -0.0000000000 
    2    1    2    1    3    0    3    1    6    0    6    1 -0.0000000000 -0.0040541915 
    2    1    2    1    3    0    3    1    6    1    6    0 0.0000000000 -0.0252822137 
    2    1    2    1    3    0    3    1    6    1    6    1 0.0000000000 -0.0000000000 
    2    1    2    1    3    1    3    0    6    0    6    0 0.0000000000 0.0000000000 
    2    1    2    1    3    1    3    0    6    0    6    1 0.0000000000 0.0252822137 
    2    1    2    1    3    1    3    0    6    1    6    0 -0.0000000000 0.0040541915 
    2    1    2    1    3    1    3    0    6    1    6    1 0.0000000000 0.0000000000 
    2    1    2    1    3    1    3    1    6    0    6    0 0.1844457719 0.0000000000 
    2    1    2    1    3    1    3    1    6    0    6    1 0.0000000000 -0.0000000000 
    2    1    2    1    3    1    3    1    6    1    6    0 0.0000000000 0.0000000000 
    2    1    2    1    3    1    3    1    6    1    6    1 0.0655542281 0.0000000000 
    2    0    2    0    3    0    3    0    7    0    7    0 0.0655542281 0.0000000000 
    2    0    2    0    3    0    3    0    7    0    7    1 -0.0000000000 -0.0000000000 
    2    0    2    0    3    0    3    0    7    1    7    0 -0.0000000000 0.0000000000 
    2    0    2    0    3    0    3    0    7    1    7    1 0.1844457719 0.0000000000 
    2    0    2    0    3    0    3    1    7    0    7    0 0.0000000000 -0.0000000000 
    2    0    2    0    3    0    3    1    7    0    7    1 -0.0048636445 -0.0106140111 
    2    0    2    0    3    0    3    1    7    1    7    0 0.0048636445 -0.0106140111 
    2    0    2    0    3    0    3    1    7    1    7    1 0.0000000000 -0.0000000000 
    2    0    2    0    3    1    3    0    7    0    7    0 0.0000000000 0.0000000000 
    2    0    2    0    3    1    3    0    7    0    7    1 0.0048636445 0.0106140111 
    2    0    2    0    3    1    3    0    7    1    7    0 -0.0048636445 0.0106140111 
    2    0    2    0    3    1    3    0    7    1    7    1 0.0000000000 0.0000000000 
    2    0    2    0    3    1    3    1    7    0    7    0 0.0655542281 0.0000000000 
    2    0    2    0    3    1    3    1    7    0    7    1 0.0000000000 0.0000000000 
    2    0    2    0    3    1    3    1    7    1    7    0 0.0000000000 -0.0000000000 
    2    0    2    0    3    1    3    1    7    1    7    1 0.1844457719 0.0000000000 
    2    0    2    1    3    0    3    0    7    0    7    0 -0.0000000000 -0.0000000000 
    2    0    2    1    3    0    3    0    7    0    7    1 0.0000000000 0.0040541915 
    2    0    2    1    3    0    3    0    7    1    7    0 -0.0000000000 0.0252822137 
    2    0    2    1    3    0    3    0    7    1    7    1 -0.0000000000 -0.0000000000 
    2    0    2    1    3    0    3    1    7    0    7    0 -0.0586469581 0.0000000000 
    2    0    2    1    3    0    3    1    7    0    7    1 0.0000000000 -0.0000000000 
    2    0    2    1    3    0    3    1    7    1    7    0 0.0000000000 0.0000000000 
    2    0    2    1    3    0    3    1    7    1    7    1 -0.0586469581 0.0000000000 
    2    0    2    1    3    1    3    0    7    0    7    0 -0.0586469581 -0.0000000000 
    2    0    2    1    3    1    3    0    7    0    7    1 -0.0000000000 0.0000000000 
    2    0    2    1    3    1    3    0    7    1    7    0 -0.0000000000 -0.0000000000 
    2    0    2    1    3    1    3    0    7    1    7    1 -0.0586469581 0.0000000000 
    2    0    2    1    3    1    3    1    7    0    7    0 -0.0000000000 -0.0000000000 
    2    0    2    1    3    1    3    1    7    0    7    1 0.0000000000 -0.0040541915 
    2    0    2    1    3    1    3    1    7    1    7    0 -0.0000000000 -0.0252822137 
    2    0    2    1    3    1    3    1    7    1    7    1 -0.0000000000 -0.0000000000 
    2    1    2    0    3    0    3    0    7    0    7    0 -0.0000000000 0.0000000000 
    2    1    2    0    3    0    3    0    7    0    7    1 -0.0000000000 -0.0252822137 
    2    1    2    0    3    0    3    0    7    1    7    0 0.0000000000 -0.0040541915 
    2    1    2    0    3    0    3    0    7    1    7    1 -0.0000000000 0.0000000000 
    2    1    2    0    3    0    3    1    7    0    7    0 -0.0586469581 0.0000000000 
    2    1    2    0    3    0    3    1    7    0    7    1 -0.0000000000 0.0000000000 
    2    1    2    0    3    0    3    1    7    1    7    0 -0.0000000000 -0.0000000000 
    2    1    2    0    3    0    3    1    7    1    7    1 -0.0586469581 -0.0000000000 
    2    1    2    0    3    1    3    0    7    0    7    0 -0.0586469581 -0.0000000000 
    2    1    2    0    3    1    3    0    7    0    7    1 0.0000000000 -0.0000000000 
    2    1    2    0    3    1    3    0    7    1    7    0 0.0000000000 0.0000000000 
    2    1    2    0    3    1    3    0    7    1    7    1 -0.0586469581 -0.0000000000 
    2    1    2    0    3    1    3    1    7    0    7    0 -0.0000000000 0.0000000000 
    2    1    2    0    3    1    3    1    7    0    7    1 -0.0000000000 0.0252822137 
    2    1    2    0    3    1    3    1    7    1    7    0 0.0000000000 0.0040541915 
    2    1    2    0    3    1    3    1    7    1    7    1 -0.0000000000 0.0000000000 
    2    1    2    1    3    0    3    0    7    0    7    0 0.1844457719 0.0000000000 
    2    1    2    1    3    0    3    0    7    0    7    1 -0.0000000000 -0.0000000000 
    2    1    2    1    3    0    3    0    7    1    7    0 -0.0000000000 0.0000000000 
    2    1    2    1    3    0    3    0    7    1    7    1 0.0655542281 0.0000000000 
    2    1    2    1    3    0    3    1    7    0    7    0 0.0000000000 -0.0000000000 
    2    1    2    1    3    0    3    1    7    0    7    1 -0.0048636445 0.0106140111 
    2    1    2    1    3    0    3    1    7    1    7    0 0.0048636445 0.0106140111 
    2    1    2    1    3    0    3    1    7    1    7    1 0.0000000000 -0.0000000000 
    2    1    2    1    3    1    3    0    7    0    7    0 0.0000000000 0.0000000000 
    2    1    2    1    3    1    3    0    7    0    7    1 0.0048636445 -0.0106140111 
    2    1    2    1    3    1    3    0    7    1    7    0 -0.0048636445 -0.0106140111 
    2    1    2    1    3    1    3    0    7    1    7    1 0.0000000000 0.0000000000 
    2    1    2    1    3    1    3    1    7    0    7    0 0.1844457719 0.0000000000 
    2    1    2    1    3    1    3    1    7    0    7    1 -0.0000000000 0.0000000000 
    2    1    2    1    3    1    3    1    7    1    7    0 -0.0000000000 -0.0000000000 
    2    1    2    1    3    1    3    1    7    1    7    1 0.0655542281 0.0000000000 
    2    0    2    0    4    0    4    0    5    0    5    0 0.1530576473 0.0000000000 
    2    0    2    0    4    0    4    0    5    0    5    1 -0.0000000000 0.0000000000 
    2    0    2    0    4    0    4    0    5    1    5    0 -0.0000000000 -0.0000000000 
    2    0    2    0    4    0    4    0    5    1    5    1 0.0969423527 0.0000000000 
    2    0    2    0    4    0    4    1    5    0    5    0 0.0000000000 -0.0000000000 
    2    0    2    0    4    0    4    1    5    0    5    1 -0.0586469581 0.0025100857 
    2    0    2    0    4    0    4    1    5    1    5    0 -0.0586469581 -0.0025100857 
    2    0    2    0    4    0    4    1    5    1    5    1 -0.0000000000 0.0000000000 
    2    0    2    0    4    1    4    0    5    0    5    0 0.0000000000 0.0000000000 
    2    0    2    0    4    1    4    0    5    0    5    1 -0.0586469581 0.0025100857 
    2    0    2    0    4    1    4    0    5    1    5    0 -0.0586469581 -0.0025100857 
    2    0    2    0    4    1    4    0    5    1    5    1 -0.0000000000 -0.0000000000 
    2    0    2    0    4    1    4    1    5    0    5    0 0.1530576473 0.0000000000 
    2    0    2    0    4    1    4    1    5    0    5    1 -0.0000000000 -0.0000000000 
    2    0    2    0    4    1    4    1    5    1    5    0 -0.0000000000 0.0000000000 
    2    0    2    0    4    1    4    1    5    1    5    1 0.0969423527 0.0000000000 
    2    0    2    1    4    0    4    0    5    0    5    0 -0.0000000000 -0.0000000000 
    2    0    2    1    4    0    4    0    5    0    5    1 0.0295806813 0.0000000000 
    2    0    2    1    4    0    4    0    5    1    5    0 0.0175570909 -0.0000000000 
    2    0    2    1    4    0    4    0    5    1    5    1 -0.0000000000 -0.0000000000 
    2    0    2    1    4    0    4    1    5    0    5    0 -0.0190676294 0.0040541915 
    2    0    2    1    4    0    4    1    5    0    5    1 0.0000000000 0.0000000000 
    2    0    2    1    4    0    4    1    5    1    5    0 -0.0000000000 0.0000000000 
    2    0    2    1    4    0    4    1    5    1    5    1 -0.0190676294 -0.0040541915 
    2    0    2    1    4    1    4    0    5    0    5    0 -0.0190676294 0.0040541915 
    2    0    2    1    4    1    4    0    5    0    5    1 0.0000000000 0.0000000000 
    2    0    2    1    4    1    4    0    5    1    5    0 0.0000000000 0.0000000000 
    2    0    2    1    4    1    4    0    5    1    5    1 -0.0190676294 -0.0040541915 
    2    0    2    1    4    1    4    1    5    0    5    0 -0.0000000000 -0.0000000000 
    2    0    2    1    4    1    4    1    5    0    5    1 0.0295806813 -0.0000000000 
    2    0    2    1    4    1    4    1    5    1    5    0 0.0175570909 0.0000000000 
    2    0    2    1    4    1    4    1    5    1    5    1 -0.0000000000 -0.0000000000 
    2    1    2    0    4    0    4    0    5    0    5    0 -0.0000000000 0.0000000000 
    2    1    2    0    4    0    4    0    5    0    5    1 0.0175570909 0.0000000000 
    2    1    2    0    4    0    4    0    5    1    5    0 0.0295806813 -0.0000000000 
    2    1    2    0    4    0    4    0    5    1    5    1 -0.0000000000 0.0000000000 
    2    1    2    0    4    0    4    1    5    0    5    0 -0.0190676294 -0.0040541915 
    2    1    2    0    4    0    4    1    5    0    5    1 0.0000000000 -0.0000000000 
    2    1    2    0    4    0    4    1    5    1    5    0 0.0000000000 -0.0000000000 
    2    1    2    0    4    0    4    1    5    1    5    1 -0.0190676294 0.0040541915 
    2    1    2    0    4    1    4    0    5    0    5    0 -0.0190676294 -0.0040541915 
    2    1    2    0    4    1    4    0    5    0    5    1 -0.0000000000 -0.0000000000 
    2    1    2    0    4    1    4    0    5    1    5    0 0.0000000000 -0.0000000000 
    2    1    2    0    4    1    4    0    5    1    5    1 -0.0190676294 0.0040541915 
    2    1    2    0    4    1    4    1    5    0    5    0 -0.0000000000 0.0000000000 
    2    1    2    0    4    1    4    1    5    0    5    1 0.0175570909 -0.0000000000 
    2    1    2    0    4    1    4    1    5    1    5    0 0.0295806813 0.0000000000 
    2    1    2    0    4    1    4    1    5    1    5    1 -0.0000000000 0.0000000000 
    2    1    2    1    4    0    4    0    5    0    5    0 0.0969423527 0.0000000000 
    2    1    2    1    4    0    4    0    5    0    5    1 -0.0000000000 0.0000000000 
    2    1    2    1    4    0    4    0    5    1    5    0 -0.0000000000 -0.0000000000 
    2    1    2    1    4    0    4    0    5    1    5    1 0.1530576473 0.0000000000 
    2    1    2    1    4    0    4    1    5    0    5    0 0.0000000000 -0.0000000000 
    2    1    2    1    4    0    4    1    5    0    5    1 -0.0586469581 -0.0025100857 
    2    1    2    1    4    0    4    1    5    1    5    0 -0.0586469581 0.0025100857 
    2    1    2    1    4    0    4    1    5    1    5    1 0.0000000000 0.0000000000 
    2    1    2    1    4    1    4    0    5    0    5    0 0.0000000000 0.0000000000 
    2    1    2    1    4    1    4    0    5    0    5    1 -0.0586469581 -0.0025100857 
    2    1    2    1    4    1    4    0    5    1    5    0 -0.0586469581 0.0025100857 
    2    1    2    1    4    1    4    0    5    1    5    1 0.0000000000 -0.0000000000 
    2    1    2    1    4    1    4    1    5    0    5    0 0.0969423527 0.0000000000 
    2    1    2    1    4    1    4    1    5    0    5    1 -0.0000000000 0.0000000000 
    2    1    2    1    4    1    4    1    5    1    5    0 -0.0000000000 -0.0000000000 
    2    1    2    1    4    1    4    1    5    1    5    1 0.1530576473 0.0000000000 
    2    0    2    0    4    0    4    0    6    0    6    0 0.1023008865 0.0000000000 
    2    0    2    0    4    0    4    0    6    0    6    1 0.0000000000 -0.0000000000 
    2    0    2    0    4    0    4    0    6    1    6    0 0.0000000000 0.0000000000 
    2    0    2    0    4    0    4    0    6    1    6    1 0.1476991135 0.0000000000 
    2    0    2    0    4    0    4    1    6    0    6    0 -0.0000000000 -0.0000000000 
    2    0    2    0    4    0    4    1    6    0    6    1 -0.0000000000 -0.0031026365 
    2    0    2    0    4    0    4    1    6    1    6    0 -0.0000000000 0.0031026365 
    2    0    2    0    4    0    4    1    6    1    6    1 0.0000000000 0.0000000000 
    2    0    2    0    4    1    4    0    6    0    6    0 -0.0000000000 0.0000000000 
    2    0    2    0    4    1    4    0    6    0    6    1 -0.0000000000 -0.0031026365 
    2    0    2    0    4    1    4    0    6    1    6    0 -0.0000000000 0.0031026365 
    2    0    2    0    4    1    4    0    6    1    6    1 0.0000000000 -0.0000000000 
    2    0    2    0    4    1    4    1    6    0    6    0 0.1476991135 0.0000000000 
    2    0    2    0    4    1    4    1    6    0    6    1 0.0000000000 -0.0000000000 
    2    0    2    0    4    1    4    1    6    1    6    0 0.0000000000 0.0000000000 
    2    0    2    0    4    1    4    1    6    1    6    1 0.1023008865 0.0000000000 
    2    0    2    1    4    0    4    0    6    0    6    0 -0.0000000000 -0.0000000000 
    2    0    2    1    4    0    4    0    6    0    6    1 -0.0048636445 -0.0137273515 
    2    0    2    1    4    0    4    0    6    1    6    0 0.0048636445 -0.0137273515 
    2    0    2    1    4    0    4    0    6    1    6    1 -0.0000000000 -0.0000000000 
    2    0    2    1    4    0    4    1    6    0    6    0 -0.0190676294 -0.0050112563 
    2    0    2    1    4    0    4    1    6    0    6    1 -0.0000000000 0.0000000000 
    2    0    2    1    4    0    4    1    6    1    6    0 0.0000000000 -0.0000000000 
    2    0    2    1    4    0    4    1    6    1    6    1 -0.0190676294 0.0050112563 
    2    0    2    1    4    1    4    0    6    0    6    0 -0.0190676294 0.0050112563 
    2    0    2    1    4    1    4    0    6    0    6    1 -0.0000000000 -0.0000000000 
    2    0    2    1    4    1    4    0    6    1    6    0 -0.0000000000 -0.0000000000 
    2    0    2    1    4    1    4    0    6    1    6    1 -0.0190676294 -0.0050112563 
    2    0    2    1    4    1    4    1    6    0    6    0 -0.0000000000 -0.0000000000 
    2    0    2    1    4    1    4    1    6    0    6    1 -0.0048636445 0.0137273515 
    2    0    2    1    4    1    4    1    6    1    6    0 0.0048636445 0.0137273515 
    2    0    2    1    4    1    4    1    6    1    6    1 -0.0000000000 -0.0000000000 
    2    1    2    0    4    0    4    0    6    0    6    0 -0.0000000000 0.0000000000 
    2    1    2    0    4    0    4    0    6    0    6    1 0.0048636445 0.0137273515 
    2    1    2    0    4    0    4    0    6    1    6    0 -0.0048636445 0.0137273515 
    2    1    2    0    4    0    4    0    6    1    6    1 -0.0000000000 0.0000000000 
    2    1    2    0    4    0    4    1    6    0    6    0 -0.0190676294 -0.0050112563 
    2    1    2    0    4    0    4    1    6    0    6    1 -0.0000000000 0.0000000000 
    2    1    2    0    4    0    4    1    6    1    6    0 -0.0000000000 0.0000000000 
    2    1    2    0    4    0    4    1    6    1    6    1 -0.0190676294 0.0050112563 
    2    1    2    0    4    1    4    0    6    0    6    0 -0.0190676294 0.0050112563 
    2    1    2    0    4    1    4    0    6    0    6    1 0.0000000000 0.0000000000 
    2    1    2    0    4    1    4    0    6    1    6    0 -0.0000000000 -0.0000000000 
    2    1    2    0    4    1    4    0    6    1    6    1 -0.0190676294 -0.0050112563 
    2    1    2    0    4    1    4    1    6    0    6    0 -0.0000000000 0.0000000000 
    2    1    2    0    4    1    4    1    6    0    6    1 0.0048636445 -0.0137273515 
    2    1    2    0    4    1    4    1    6    1    6    0 -0.0048636445 -0.0137273515 
    2    1    2    0    4    1    4    1    6    1    6    1 -0.0000000000 0.0000000000 
    2    1    2    1    4    0    4    0    6    0    6    0 0.1023008865 0.0000000000 
    2    1    2    1    4    0    4    0    6    0    6    1 0.0000000000 -0.0000000000 
    2    1    2    1    4    0    4    0    6    1    6    0 0.0000000000 0.0000000000 
    2    1    2    1    4    0    4    0    6    1    6    1 0.1476991135 0.0000000000 
    2    1    2    1    4    0    4    1    6    0    6    0 0.0000000000 -0.0000000000 
    2    1    2    1    4    0    4    1    6    0    6    1 -0.0000000000 0.0031026365 
    2    1    2    1    4    0    4    1    6    1    6    0 -0.0000000000 -0.0031026365 
    2    1    2    1    4    0    4    1    6    1    6    1 0.0000000000 0.0000000000 
    2    1    2    1    4    1    4    0    6    0    6    0 0.0000000000 0.0000000000 
    2    1    2    1    4    1    4    0    6    0    6    1 -0.0000000000 0.0031026365 
    2    1    2    1    4    1    4    0    6    1    6    0 -0.0000000000 -0.0031026365 
    2    1    2    1    4    1    4    0    6    1    6    1 0.0000000000 -0.0000000000 
    2    1    2    1    4    1    4    1    6    0    6    0 0.1476991135 0.0000000000 
    2    1    2    1    4    1    4    1    6    0    6    1 -0.0000000000 -0.0000000000 
    2    1    2    1    4    1    4    1    6    1    6    0 -0.0000000000 0.0000000000 
    2    1    2    1    4    1    4    1    6    1    6    1 0.1023008865 0.0000000000 
    2    0    2    0    4    0    4    0    7    0    7    0 0.0655542281 0.0000000000 
    2    0    2    0    4    0    4    0    7    0    7    1 -0.0000000000 0.0000000000 
    2    0    2    0    4    0    4    0    7    1    7    0 -0.0000000000 -0.0000000000 
    2    0    2    0    4    0    4    0    7    1    7    1 0.1844457719 0.0000000000 
    2    0    2    0    4    0    4    1    7    0    7    0 0.0000000000 0.0000000000 
    2    0    2    0    4    0    4    1    7    0    7    1 0.0841615185 -0.0000000000 
    2    0    2    0    4    0    4    1    7    1    7    0 -0.0841615185 -0.0000000000 
    2    0    2    0    4    0    4    1    7    1    7    1 -0.0000000000 -0.0000000000 
    2    0    2    0    4    1    4    0    7    0    7    0 0.0000000000 -0.0000000000 
    2    0    2    0    4    1    4    0    7    0    7    1 -0.0841615185 0.0000000000 
    2    0    2    0    4    1    4    0    7    1    7    0 0.0841615185 0.0000000000 
    2    0    2    0    4    1    4    0    7    1    7    1 -0.0000000000 0.0000000000 
    2    0    2    0    4    1    4    1    7    0    7    0 0.0655542281 0.0000000000 
    2    0    2    0    4    1    4    1    7    0    7    1 0.0000000000 -0.0000000000 
    2    0    2    0    4    1    4    1    7    1    7    0 0.0000000000 0.0000000000 
    2    0    2    0    4    1    4    1    7    1    7    1 0.1844457719 0.0000000000 
    2    0    2    1    4    0    4    0    7    0    7    0 -0.0000000000 -0.0000000000 
    2    0    2    1    4    0    4    0    7    0    7    1 0.0000000000 0.0111056606 
    2    0    2    1    4    0    4    0    7    1    7    0 0.0000000000 0.0692556547 
    2    0    2    1    4    0    4    0    7    1    7    1 -0.0000000000 -0.0000000000 
    2    0    2    1    4    0    4    1    7    0    7    0 -0.0190676294 -0.0290749970 
    2    0    2    1    4    0    4    1    7    0    7    1 0.0000000000 -0.0000000000 
    2    0    2    1    4    0    4    1    7    1    7    0 0.0000000000 0.0000000000 
    2    0    2    1    4    0    4    1    7    1    7    1 -0.0190676294 0.0290749970 
    2    0    2    1    4    1    4    0    7    0    7    0 -0.0190676294 -0.0290749970 
    2    0    2    1    4    1    4    0    7    0    7    1 0.0000000000 0.0000000000 
    2    0    2    1    4    1    4    0    7    1    7    0 -0.0000000000 -0.0000000000 
    2    0    2    1    4    1    4    0    7    1    7    1 -0.0190676294 0.0290749970 
    2    0    2    1    4    1    4    1    7    0    7    0 -0.0000000000 -0.0000000000 
    2    0    2    1    4    1    4    1    7    0    7    1 0.0000000000 -0.0111056606 
    2    0    2    1    4    1    4    1    7    1    7    0 -0.0000000000 -0.0692556547 
    2    0    2    1    4    1    4    1    7    1    7    1 -0.0000000000 -0.0000000000 
    2    1    2    0    4    0    4    0    7    0    7    0 -0.0000000000 0.0000000000 
    2    1    2    0    4    0    4    0    7    0    7    1 0.0000000000 -0.0692556547 
    2    1    2    0    4    0    4    0    7    1    7    0 0.0000000000 -0.0111056606 
    2    1    2    0    4    0    4    0    7    1    7    1 -0.0000000000 0.0000000000 
    2    1    2    0    4    0    4    1    7    0    7    0 -0.0190676294 0.0290749970 
    2    1    2    0    4    0    4    1    7    0    7    1 -0.0000000000 0.0000000000 
    2    1    2    0    4    0    4    1    7    1    7    0 0.0000000000 -0.0000000000 
    2    1    2    0    4    0    4    1    7    1    7    1 -0.0190676294 -0.0290749970 
    2    1    2    0    4    1    4    0    7    0    7    0 -0.0190676294 0.0290749970 
    2    1    2    0    4    1    4    0    7    0    7    1 0.0000000000 -0.0000000000 
    2    1    2    0    4    1    4    0    7    1    7    0 0.0000000000 0.0000000000 
    2    1    2    0    4    1    4    0    7    1    7    1 -0.0190676294 -0.0290749970 
    2    1    2    0    4    1    4    1    7    0    7    0 -0.0000000000 0.0000000000 
    2    1    2    0    4    1    4    1    7    0    7    1 -0.0000000000 0.0692556547 
    2    1    2    0    4    1    4    1    7    1    7    0 0.0000000000 0.0111056606 
    2    1    2    0    4    1    4    1    7    1    7    1 -0.0000000000 0.0000000000 
    2    1    2    1    4    0    4    0    7    0    7    0 0.1844457719 0.0000000000 
    2    1    2    1    4    0    4    0    7    0    7    1 -0.0000000000 0.0000000000 
    2    1    2    1    4    0    4    0    7    1    7    0 -0.0000000000 -0.0000000000 
    2    1    2    1    4    0    4    0    7    1    7    1 0.0655542281 0.0000000000 
    2    1    2    1    4    0    4    1    7    0    7    0 0.0000000000 -0.0000000000 
    2    1    2    1    4    0    4    1    7    0    7    1 0.0841615185 0.0000000000 
    2    1    2    1    4    0    4    1    7    1    7    0 -0.0841615185 -0.0000000000 
    2    1    2    1    4    0    4    1    7    1    7    1 -0.0000000000 0.0000000000 
    2    1    2    1    4    1    4    0    7    0    7    0 0.0000000000 0.0000000000 
    2    1    2    1    4    1    4    0    7    0    7    1 -0.0841615185 0.0000000000 
    2    1    2    1    4    1    4    0    7    1    7    0 0.0841615185 -0.0000000000 
    2    1    2    1    4    1    4    0    7    1    7    1 -0.0000000000 -0.0000000000 
    2    1    2    1    4    1    4    1    7    0    7    0 0.1844457719 0.0000000000 
    2    1    2    1    4    1    4    1    7    0    7    1 0.0000000000 -0.0000000000 
    2    1    2    1    4    1    4    1    7    1    7    0 0.0000000000 0.0000000000 
    2    1    2    1    4    1    4    1    7    1    7    1 0.0655542281 0.0000000000 
    2    0    2    0    5    0    5    0    6    0    6    0 0.1530576473 0.0000000000 
    2    0    2    0    5    0    5    0    6    0    6    1 -0.0000000000 -0.0000000000 
    2    0    2    0    5    0    5    0    6    1    6    0 -0.0000000000 0.0000000000 
    2    0    2    0    5    0    5    0    6    1    6    1 0.1530576473 0.0000000000 
    2    0    2    0    5    0    5    1    6    0    6    0 0.0000000000 -0.0000000000 
    2    0    2    0    5    0    5    1    6    0    6    1 0.0841615185 0.0025100857 
    2    0    2    0    5    0    5    1    6    1    6    0 -0.0841615185 -0.0025100857 
    2    0    2    0    5    0    5    1    6    1    6    1 -0.0000000000 -0.0000000000 
    2    0    2    0    5    1    5    0    6    0    6    0 0.0000000000 0.0000000000 
    2    0    2    0    5    1    5    0    6    0    6    1 -0.0841615185 0.0025100857 
    2    0    2    0    5    1    5    0    6    1    6    0 0.0841615185 -0.0025100857 
    2    0    2    0    5    1    5    0    6    1    6    1 -0.0000000000 0.0000000000 
    2    0    2    0    5    1    5    1    6    0    6    0 0.0969423527 0.0000000000 
    2    0    2    0    5    1    5    1    6    0    6    1 0.0000000000 0.0000000000 
    2    0    2    0    5    1    5    1    6    1    6    0 0.0000000000 -0.0000000000 
    2    0    2    0    5    1    5    1    6    1    6    1 0.0969423527 0.0000000000 
    2    0    2    1    5    0    5    0    6    0    6    0 -0.0000000000 -0.0000000000 
    2    0    2    1    5    0    5    0    6    0    6    1 -0.0048636445 0.0111056606 
    2    0    2    1    5    0    5    0    6    1    6    0 0.0048636445 -0.0111056606 
    2    0    2    1    5    0    5    0    6    1    6    1 -0.0000000000 -0.0000000000 
    2    0    2    1    5    0    5    1    6    0    6    0 0.0295806813 -0.0000000000 
    2    0    2    1    5    0    5    1    6    0    6    1 -0.0000000000 -0.0000000000 
    2    0    2    1    5    0    5    1    6    1    6    0 0.0000000000 0.0000000000 
    2    0    2    1    5    0    5    1    6    1    6    1 0.0295806813 -0.0000000000 
    2    0    2    1    5    1    5    0    6    0    6    0 0.0175570909 0.0000000000 
    2    0    2    1    5    1    5    0    6    0    6    1 0.0000000000 0.0000000000 
    2    0    2    1    5    1    5    0    6    1    6    0 -0.0000000000 -0.0000000000 
    2    0    2    1    5    1    5    0    6    1    6    1 0.0175570909 0.0000000000 
    2    0    2    1    5    1    5    1    6    0    6    0 -0.0000000000 -0.0000000000 
    2    0    2    1    5    1    5    1    6    0    6    1 -0.0048636445 -0.0111056606 
    2    0    2    1    5    1    5    1    6    1    6    0 0.0048636445 0.0111056606 
    2    0    2    1    5    1    5    1    6    1    6    1 -0.0000000000 -0.0000000000 
    2    1    2    0    5    0    5    0    6    0    6    0 -0.0000000000 0.0000000000 
    2    1    2    0    5    0    5    0    6    0    6    1 0.0048636445 0.0111056606 
    2    1    2    0    5    0    5    0    6    1    6    0 -0.0048636445 -0.0111056606 
    2    1    2    0    5    0    5    0    6    1    6    1 -0.0000000000 0.0000000000 
    2    1    2    0    5    0    5    1    6    0    6    0 0.0175570909 -0.0000000000 
    2    1    2    0    5    0    5    1    6    0    6    1 -0.0000000000 0.0000000000 
    2    1    2    0    5    0    5    1    6    1    6    0 0.0000000000 -0.0000000000 
    2    1    2    0    5    0    5    1    6    1    6    1 0.0175570909 -0.0000000000 
    2    1    2    0    5    1    5    0    6    0    6    0 0.0295806813 0.0000000000 
    2    1    2    0    5    1    5    0    6    0    6    1 0.0000000000 -0.0000000000 
    2    1    2    0    5    1    5    0    6    1    6    0 -0.0000000000 0.0000000000 
    2    1    2    0    5    1    5    0    6    1    6    1 0.0295806813 0.0000000000 
    2    1    2    0    5    1    5    1    6    0    6    0 -0.0000000000 0.0000000000 
    2    1    2    0    5    1    5    1    6    0    6    1 0.0048636445 -0.0111056606 
    2    1    2    0    5    1    5    1    6    1    6    0 -0.0048636445 0.0111056606 
    2    1    2    0    5    1    5    1    6    1    6    1 -0.0000000000 0.0000000000 
    2    1    2    1    5    0    5    0    6    0    6    0 0.0969423527 0.0000000000 
    2    1    2    1    5    0    5    0    6    0    6    1 0.0000000000 -0.0000000000 
    2    1    2    1    5    0    5    0    6    1    6    0 0.0000000000 0.0000000000 
    2    1    2    1    5    0    5    0    6    1    6    1 0.0969423527 0.0000000000 
    2    1    2    1    5    0    5    1    6    0    6    0 -0.0000000000 0.0000000000 
    2    1    2    1    5    0    5    1    6    0    6    1 0.0841615185 -0.0025100857 
    2    1    2    1    5    0    5    1    6    1    6    0 -0.0841615185 0.0025100857 
    2    1    2    1    5    0    5    1    6    1    6    1 -0.0000000000 0.0000000000 
    2    1    2    1    5    1    5    0    6    0    6    0 -0.0000000000 -0.0000000000 
    2    1    2    1    5    1    5    0    6    0    6    1 -0.0841615185 -0.0025100857 
    2    1    2    1    5    1    5    0    6    1    6    0 0.0841615185 0.0025100857 
    2    1    2    1    5    1    5    0    6    1    6    1 -0.0000000000 -0.0000000000 
    2    1    2    1    5    1    5    1    6    0    6    0 0.1530576473 0.0000000000 
    2    1    2    1    5    1    5    1    6    0    6    1 0.0000000000 -0.0000000000 
    2    1    2    1    5    1    5    1    6    1    6    0 0.0000000000 0.0000000000 
    2    1    2    1    5    1    5    1    6    1    6    1 0.1530576473 0.0000000000 
    2    0    2    0    5    0    5    0    7    0    7    0 0.0709127619 0.0000000000 
    2    0    2    0    5    0    5    0    7    0    7    1 0.0000000000 0.0000000000 
    2    0    2    0    5    0    5    0    7    1    7    0 0.0000000000 -0.0000000000 
    2    0    2    0    5    0    5    0    7    1    7    1 0.2352025327 0.0000000000 
    2    0    2    0    5    0    5    1    7    0    7    0 -0.0000000000 0.0000000000 
    2    0    2    0    5    0    5    1    7    0    7    1 -0.0000000000 0.0000000000 
    2    0    2    0    5    0    5    1    7    1    7    0 -0.0000000000 0.0000000000 
    2    0    2    0    5    0    5    1    7    1    7    1 0.0000000000 -0.0000000000 
    2    0    2    0    5    1    5    0    7    0    7    0 -0.0000000000 -0.0000000000 
    2    0    2    0    5    1    5    0    7    0    7    1 -0.0000000000 -0.0000000000 
    2    0    2    0    5    1    5    0    7    1    7    0 -0.0000000000 -0.0000000000 
    2    0    2    0    5    1    5    0    7    1    7    1 0.0000000000 0.0000000000 
    2    0    2    0    5    1    5    1    7    0    7    0 0.0601956942 0.0000000000 
    2    0    2    0    5    1    5    1    7    0    7    1 -0.0000000000 -0.0000000000 
    2    0    2    0    5    1    5    1    7    1    7    0 -0.0000000000 0.0000000000 
    2    0    2    0    5    1    5    1    7    1    7    1 0.1336890112 0.0000000000 
    2    0    2    1    5    0    5    0    7    0    7    0 -0.0000000000 -0.0000000000 
    2    0    2    1    5    0    5    0    7    0    7    1 0.0000000000 0.0000000000 
    2    0    2    1    5    0    5    0    7    1    7    0 -0.0000000000 -0.0000000000 
    2    0    2    1    5    0    5    0    7    1    7    1 -0.0000000000 -0.0000000000 
    2    0    2    1    5    0    5    1    7    0    7    0 0.0295806813 0.0151598521 
    2    0    2    1    5    0    5    1    7    0    7    1 -0.0000000000 -0.0000000000 
    2    0    2    1    5    0    5    1    7    1    7    0 0.0000000000 -0.0000000000 
    2    0    2    1    5    0    5    1    7    1    7    1 0.0295806813 -0.0151598521 
    2    0    2    1    5    1    5    0    7    0    7    0 0.0175570909 0.0070514691 
    2    0    2    1    5    1    5    0    7    0    7    1 0.0000000000 -0.0000000000 
    2    0    2    1    5    1    5    0    7    1    7    0 -0.0000000000 0.0000000000 
    2    0    2    1    5    1    5    0    7    1    7    1 0.0175570909 -0.0070514691 
    2    0    2    1    5    1    5    1    7    0    7    0 0.0000000000 -0.0000000000 
    2    0    2    1    5    1    5    1    7    0    7    1 0.0000000000 -0.0000000000 
    2    0    2    1    5    1    5    1    7    1    7    0 -0.0000000000 0.0000000000 
    2    0    2    1    5    1    5    1    7    1    7    1 -0.0000000000 -0.0000000000 
    2    1    2    0    5    0    5    0    7    0    7    0 -0.0000000000 0.0000000000 
    2    1    2    0    5    0    5    0    7    0    7    1 -0.0000000000 0.0000000000 
    2    1    2    0    5    0    5    0    7    1    7    0 0.0000000000 -0.0000000000 
    2    1    2    0    5    0    5    0    7    1    7    1 -0.0000000000 0.0000000000 
    2    1    2    0    5    0    5    1    7    0    7    0 0.0175570909 -0.0070514691 
    2    1    2    0    5    0    5    1    7    0    7    1 -0.0000000000 -0.0000000000 
    2    1    2    0    5    0    5    1    7    1    7    0 0.0000000000 0.0000000000 
    2    1    2    0    5    0    5    1    7    1    7    1 0.0175570909 0.0070514691 
    2    1    2    0    5    1    5    0    7    0    7    0 0.0295806813 -0.0151598521 
    2    1    2    0    5    1    5    0    7    0    7    1 0.0000000000 0.0000000000 
    2    1    2    0    5    1    5    0    7    1    7    0 -0.0000000000 0.0000000000 
    2    1    2    0    5    1    5    0    7    1    7    1 0.0295806813 0.0151598521 
    2    1    2    0    5    1    5    1    7    0    7    0 0.0000000000 0.0000000000 
    2    1    2    0    5    1    5    1    7    0    7    1 -0.0000000000 -0.0000000000 
    2    1    2    0    5    1    5    1    7    1    7    0 0.0000000000 0.0000000000 
    2    1    2    0    5    1    5    1    7    1    7    1 -0.0000000000 0.0000000000 
    2    1    2    1    5    0    5    0    7    0    7    0 0.1336890112 0.0000000000 
    2    1    2    1    5    0    5    0    7    0    7    1 -0.0000000000 0.0000000000 
    2    1    2    1    5    0    5    0    7    1    7    0 -0.0000000000 -0.0000000000 
    2    1    2    1    5    0    5    0    7    1    7    1 0.0601956942 0.0000000000 
    2    1    2    1    5    0    5    1    7    0    7    0 -0.0000000000 0.0000000000 
    2    1    2    1    5    0    5    1    7    0    7    1 -0.0000000000 -0.0000000000 
    2    1    2    1    5    0    5    1    7    1    7    0 -0.0000000000 0.0000000000 
    2    1    2    1    5    0    5    1    7    1    7    1 -0.0000000000 0.0000000000 
    2    1    2    1    5    1    5    0    7    0    7    0 -0.0000000000 -0.0000000000 
    2    1    2    1    5    1    5    0    7    0    7    1 -0.0000000000 -0.0000000000 
    2    1    2    1    5    1    5    0    7    1    7    0 -0.0000000000 0.0000000000 
    2    1    2    1    5    1    5    0    7    1    7    1 -0.0000000000 -0.0000000000 
    2    1    2    1    5    1    5    1    7    0    7    0 0.2352025327 0.0000000000 
    2    1    2    1    5    1    5    1    7    0    7    1 -0.0000000000 -0.0000000000 
    2    1    2    1    5    1    5    1    7    1    7    0 -0.0000000000 0.0000000000 
    2    1    2    1    5    1    5    1    7    1    7    1 0.0709127619 0.0000000000 
    2    0    2    0    6    0    6    0    7    0    7    0 0.0655542281 0.0000000000 
    2    0    2    0    6    0    6    0    7    0    7    1 0.0000000000 0.0000000000 
    2    0    2    0    6    0    6    0    7    1    7    0 0.0000000000 -0.0000000000 
    2    0    2    0    6    0    6    0    7    1    7    1 0.1844457719 0.0000000000 
    2    0    2    0    6    0    6    1    7    0    7    0 0.0000000000 -0.0000000000 
    2    0    2    0    6    0    6    1    7    0    7    1 -0.0586469581 -0.0000000000 
    2    0    2    0    6    0    6    1    7    1    7    0 -0.0586469581 0.0000000000 
    2    0    2    0    6    0    6    1    7    1    7    1 0.0000000000 0.0000000000 
    2    0    2    0    6    1    6    0    7    0    7    0 0.0000000000 0.0000000000 
    2    0    2    0    6    1    6    0    7    0    7    1 -0.0586469581 -0.0000000000 
    2    0    2    0    6    1    6    0    7    1    7    0 -0.0586469581 0.0000000000 
    2    0    2    0    6    1    6    0    7    1    7    1 0.0000000000 -0.0000000000 
    2    0    2    0    6    1    6    1    7    0    7    0 0.0655542281 0.0000000000 
    2    0    2    0    6    1    6    1    7    0    7    1 0.0000000000 -0.0000000000 
    2    0    2    0    6    1    6    1    7    1    7    0 0.0000000000 0.0000000000 
    2    0    2    0    6    1    6    1    7    1    7    1 0.1844457719 0.0000000000 
    2    0    2    1    6    0    6    0    7    0    7    0 -0.0000000000 -0.0000000000 
    2    0    2    1    6    0    6    0    7    0    7    1 0.0000000000 0.0040541915 
    2    0    2    1    6    0    6    0    7    1    7    0 -0.0000000000 -0.0252822137 
    2    0    2    1    6    0    6    0    7    1    7    1 -0.0000000000 -0.0000000000 
    2    0    2    1    6    0    6    1    7    0    7    0 -0.0048636445 -0.0106140111 
    2    0    2    1    6    0    6    1    7    0    7    1 0.0000000000 0.0000000000 
    2    0    2    1    6    0    6    1    7    1    7    0 -0.0000000000 0.0000000000 
    2    0    2    1    6    0    6    1    7    1    7    1 -0.0048636445 0.0106140111 
    2    0    2    1    6    1    6    0    7    0    7    0 0.0048636445 0.0106140111 
    2    0    2    1    6    1    6    0    7    0    7    1 -0.0000000000 0.0000000000 
    2    0    2    1    6    1    6    0    7    1    7    0 0.0000000000 0.0000000000 
    2    0    2    1    6    1    6    0    7    1    7    1 0.0048636445 -0.0106140111 
    2    0    2    1    6    1    6    1    7    0    7    0 -0.0000000000 -0.0000000000 
    2    0    2    1    6    1    6    1    7    0    7    1 0.0000000000 -0.0040541915 
    2    0    2    1    6    1    6    1    7    1    7    0 -0.0000000000 0.0252822137 
    2    0    2    1    6    1    6    1    7    1    7    1 -0.0000000000 -0.0000000000 
    2    1    2    0    6    0    6    0    7    0    7    0 -0.0000000000 0.0000000000 
    2    1    2    0    6    0    6    0    7    0    7    1 -0.0000000000 0.0252822137 
    2    1    2    0    6    0    6    0    7    1    7    0 0.0000000000 -0.0040541915 
    2    1    2    0    6    0    6    0    7    1    7    1 -0.0000000000 0.0000000000 
    2    1    2    0    6    0    6    1    7    0    7    0 0.0048636445 -0.0106140111 
    2    1    2    0    6    0    6    1    7    0    7    1 0.0000000000 -0.0000000000 
    2    1    2    0    6    0    6    1    7    1    7    0 -0.0000000000 -0.0000000000 
    2    1    2    0    6    0    6    1    7    1    7    1 0.0048636445 0.0106140111 
    2    1    2    0    6    1    6    0    7    0    7    0 -0.0048636445 0.0106140111 
    2    1    2    0    6    1    6    0    7    0    7    1 -0.0000000000 -0.0000000000 
    2    1    2    0    6    1    6    0    7    1    7    0 0.0000000000 -0.0000000000 
    2    1    2    0    6    1    6    0    7    1    7    1 -0.0048636445 -0.0106140111 
    2    1    2    0    6    1    6    1    7    0    7    0 -0.0000000000 0.0000000000 
    2    1    2    0    6    1    6    1    7    0    7    1 -0.0000000000 -0.0252822137 
    2    1    2    0    6    1    6    1    7    1    7    0 0.0000000000 0.0040541915 
    2    1    2    0    6    1    6    1    7    1    7    1 -0.0000000000 0.0000000000 
    2    1    2    1    6    0    6    0    7    0    7    0 0.1844457719 0.0000000000 
    2    1    2    1    6    0    6    0    7    0    7    1 -0.0000000000 0.0000000000 
    2    1    2    1    6    0    6    0    7    1    7    0 -0.0000000000 -0.0000000000 
    2    1    2    1    6    0    6    0    7    1    7    1 0.0655542281 0.0000000000 
    2    1    2    1    6    0    6    1    7    0    7    0 0.0000000000 -0.0000000000 
    2    1    2    1    6    0    6    1    7    0    7    1 -0.0586469581 -0.0000000000 
    2    1    2    1    6    0    6    1    7    1    7    0 -0.0586469581 0.0000000000 
    2    1    2    1    6    0    6    1    7    1    7    1 0.0000000000 -0.0000000000 
    2    1    2    1    6    1    6    0    7    0    7    0 0.0000000000 0.0000000000 
    2    1    2    1    6    1    6    0    7    0    7    1 -0.0586469581 -0.0000000000 
    2    1    2    1    6    1    6    0    7    1    7    0 -0.0586469581 0.0000000000 
    2    1    2    1    6    1    6    0    7    1    7    1 0.0000000000 0.0000000000 
    2    1    2    1    6    1    6    1    7    0    7    0 0.1844457719 0.0000000000 
    2    1    2    1    6    1    6    1    7    0    7    1 -0.0000000000 -0.0000000000 
    2    1    2    1    6    1    6    1    7    1    7    0 -0.0000000000 0.0000000000 
    2    1    2    1    6    1    6    1    7    1    7    1 0.0655542281 0.0000000000 
    3    0    3    0    4    0    4    0    5    0    5    0 0.1530576473 0.0000000000 
    3    0    3    0    4    0    4    0    5    0    5    1 -0.0000000000 0.0000000000 
    3    0    3    0    4    0    4    0    5    1    5    0 -0.0000000000 -0.0000000000 
    3    0    3    0    4    0    4    0    5    1    5    1 0.1530576473 0.0000000000 
    3    0    3    0    4    0    4    1    5    0    5    0 0.0000000000 0.0000000000 
    3    0    3    0    4    0    4    1    5    0    5    1 -0.0586469581 0.0025100857 
    3    0    3    0    4    0    4    1    5    1    5    0 -0.0586469581 0.0025100857 
    3    0    3    0    4    0    4    1    5    1    5    1 0.0000000000 0.0000000000 
    3    0    3    0    4    1    4    0    5    0    5    0 0.0000000000 -0.0000000000 
    3    0    3    0    4    1    4    0    5    0    5    1 -0.0586469581 -0.0025100857 
    3    0    3    0    4    1    4    0    5    1    5    0 -0.0586469581 -0.0025100857 
    3    0    3    0    4    1    4    0    5    1    5    1 0.0000000000 -0.0000000000 
    3    0    3    0    4    1    4    1    5    0    5    0 0.0969423527 0.0000000000 
    3    0    3    0    4    1    4    1    5    0    5    1 -0.0000000000 0.0000000000 
    3    0    3    0    4    1    4    1    5    1    5    0 -0.0000000000 -0.0000000000 
    3    0    3    0    4    1    4    1    5    1    5    1 0.0969423527 0.0000000000 
    3    0    3    1    4    0    4    0    5    0    5    0 0.0000000000 0.0000000000 
    3    0    3    1    4    0    4    0    5    0    5    1 -0.0190676294 0.0040541915 
    3    0    3    1    4    0    4    0    5    1    5    0 -0.0190676294 0.0040541915 
    3    0    3    1    4    0    4    0    5    1    5    1 0.0000000000 -0.0000000000 
    3    0    3    1    4    0    4    1    5    0    5    0 0.0295806813 0.0000000000 
    3    0    3    1    4    0    4    1    5    0    5    1 -0.0000000000 -0.0000000000 
    3    0    3    1    4    0    4    1    5    1    5    0 -0.0000000000 0.0000000000 
    3    0    3    1    4    0    4    1    5    1    5    1 0.0295806813 -0.0000000000 
    3    0    3    1    4    1    4    0    5    0    5    0 0.0175570909 -0.0000000000 
    3    0    3    1    4    1    4    0    5    0    5    1 0.0000000000 0.0000000000 
    3    0    3    1    4    1    4    0    5    1    5    0 -0.0000000000 -0.0000000000 
    3    0    3    1    4    1    4    0    5    1    5    1 0.0175570909 0.0000000000 
    3    0    3    1    4    1    4    1    5    0    5    0 0.0000000000 -0.0000000000 
    3    0    3    1    4    1    4    1    5    0    5    1 -0.0190676294 -0.0040541915 
    3    0    3    1    4    1    4    1    5    1    5    0 -0.0190676294 -0.0040541915 
    3    0    3    1    4    1    4    1    5    1    5    1 0.0000000000 -0.0000000000 
    3    1    3    0    4    0    4    0    5    0    5    0 0.0000000000 -0.0000000000 
    3    1    3    0    4    0    4    0    5    0    5    1 -0.0190676294 -0.0040541915 
    3    1    3    0    4    0    4    0    5    1    5    0 -0.0190676294 -0.0040541915 
    3    1    3    0    4    0    4    0    5    1    5    1 0.0000000000 0.0000000000 
    3    1    3    0    4    0    4    1    5    0    5    0 0.0175570909 0.0000000000 
    3    1    3    0    4    0    4    1    5    0    5    1 -0.0000000000 0.0000000000 
    3    1    3    0    4    0    4    1    5    1    5    0 0.0000000000 -0.0000000000 
    3    1    3    0    4    0    4    1    5    1    5    1 0.0175570909 -0.0000000000 
    3    1    3    0    4    1    4    0    5    0    5    0 0.0295806813 -0.0000000000 
    3    1    3    0    4    1    4    0    5    0    5    1 -0.0000000000 -0.0000000000 
    3    1    3    0    4    1    4    0    5    1    5    0 -0.0000000000 0.0000000000 
    3    1    3    0    4    1    4    0    5    1    5    1 0.0295806813 0.0000000000 
    3    1    3    0    4    1    4    1    5    0    5    0 0.0000000000 0.0000000000 
    3    1    3    0    4    1    4    1    5    0    5    1 -0.0190676294 0.0040541915 
    3    1    3    0    4    1    4    1    5    1    5    0 -0.0190676294 0.0040541915 
    3    1    3    0    4    1    4    1    5    1    5    1 0.0000000000 0.0000000000 
    3    1    3    1    4    0    4    0    5    0    5    0 0.0969423527 0.0000000000 
    3    1    3    1    4    0    4    0    5    0    5    1 -0.0000000000 0.0000000000 
    3    1    3    1    4    0    4    0    5    1    5    0 -0.0000000000 -0.0000000000 
    3    1    3    1    4    0    4    0    5    1    5    1 0.0969423527 0.0000000000 
    3    1    3    1    4    0    4    1    5    0    5    0 0.0000000000 -0.0000000000 
    3    1    3    1    4    0    4    1    5    0    5    1 -0.0586469581 -0.0025100857 
    3    1    3    1    4    0    4    1    5    1    5    0 -0.0586469581 -0.0025100857 
    3    1    3    1    4    0    4    1    5    1    5    1 0.0000000000 -0.0000000000 
    3    1    3    1    4    1    4    0    5    0    5    0 0.0000000000 0.0000000000 
    3    1    3    1    4    1    4    0    5    0    5    1 -0.0586469581 0.0025100857 
    3    1    3    1    4    1    4    0    5    1    5    0 -0.0586469581 0.0025100857 
    3    1    3    1    4    1    4    0    5    1    5    1 0.0000000000 0.0000000000 
    3    1    3    1    4    1    4    1    5    0    5    0 0.1530576473 0.0000000000 
    3    1    3    1    4    1    4    1    5    0    5    1 -0.0000000000 0.0000000000 
    3    1    3    1    4    1    4    1    5    1    5    0 -0.0000000000 -0.0000000000 
    3    1    3    1    4    1    4    1    5    1    5    1 0.1530576473 0.0000000000 
    3    0    3    0    4    0    4    0    6    0    6    0 0.0709127619 0.0000000000 
    3    0    3    0    4    0    4    0    6    0    6    1 0.0000000000 -0.0000000000 
    3    0    3    0    4    0    4    0    6    1    6    0 0.0000000000 0.0000000000 
    3    0    3    0    4    0    4    0    6    1    6    1 0.2352025327 0.0000000000 
    3    0    3    0    4    0    4    1    6    0    6    0 0.0000000000 0.0000000000 
    3    0    3    0    4    0    4    1    6    0    6    1 -0.0000000000 0.0000000000 
    3    0    3    0    4    0    4    1    6    1    6    0 -0.0000000000 -0.0000000000 
    3    0    3    0    4    0    4    1    6    1    6    1 0.0000000000 0.0000000000 
    3    0    3    0    4    1    4    0    6    0    6    0 0.0000000000 -0.0000000000 
    3    0    3    0    4    1    4    0    6    0    6    1 -0.0000000000 0.0000000000 
    3    0    3    0    4    1    4    0    6    1    6    0 -0.0000000000 -0.0000000000 
    3    0    3    0    4    1    4    0    6    1    6    1 0.0000000000 -0.0000000000 
    3    0    3    0    4    1    4    1    6    0    6    0 0.0601956942 0.0000000000 
    3    0    3    0    4    1    4    1    6    0    6    1 0.0000000000 -0.0000000000 
    3    0    3    0    4    1    4    1    6    1    6    0 0.0000000000 0.0000000000 
    3    0    3    0    4    1    4    1    6    1    6    1 0.1336890112 0.0000000000 
    3    0    3    1    4    0    4    0    6    0    6    0 0.0000000000 -0.0000000000 
    3    0    3    1    4    0    4    0    6    0    6    1 0.0000000000 0.0000000000 
    3    0    3    1    4    0    4    0    6    1    6    0 -0.0000000000 -0.0000000000 
    3    0    3    1    4    0    4    0    6    1    6    1 0.0000000000 -0.0000000000 
    3    0    3    1    4    0    4    1    6    0    6    0 0.0295806813 0.0151598521 
    3    0    3    1    4    0    4    1    6    0    6    1 0.0000000000 -0.0000000000 
    3    0    3    1    4    0    4    1    6    1    6    0 -0.0000000000 -0.0000000000 
    3    0    3    1    4    0    4    1    6    1    6    1 0.0295806813 -0.0151598521 
    3    0    3    1    4    1    4    0    6    0    6    0 0.0175570909 0.0070514691 
    3    0    3    1    4    1    4    0    6    0    6    1 -0.0000000000 -0.0000000000 
    3    0    3    1    4    1    4    0    6    1    6    0 0.0000000000 0.0000000000 
    3    0    3    1    4    1    4    0    6    1    6    1 0.0175570909 -0.0070514691 
    3    0    3    1    4    1    4    1    6    0    6    0 0.0000000000 -0.0000000000 
    3    0    3    1    4    1    4    1    6    0    6    1 -0.0000000000 -0.0000000000 
    3    0    3    1    4    1    4    1    6    1    6    0 0.0000000000 0.0000000000 
    3    0    3    1    4    1    4    1    6    1    6    1 0.0000000000 -0.0000000000 
    3    1    3    0    4    0    4    0    6    0    6    0 0.0000000000 0.0000000000 
    3    1    3    0    4    0    4    0    6    0    6    1 -0.0000000000 0.0000000000 
    3    1    3    0    4    0    4    0    6    1    6    0 0.0000000000 -0.0000000000 
    3    1    3    0    4    0    4    0    6    1    6    1 0.0000000000 0.0000000000 
    3    1    3    0    4    0    4    1    6    0    6    0 0.0175570909 -0.0070514691 
    3    1    3    0    4    0    4    1    6    0    6    1 0.0000000000 -0.0000000000 
    3    1    3    0    4    0    4    1    6    1    6    0 -0.0000000000 0.0000000000 
    3    1    3    0    4    0    4    1    6    1    6    1 0.0175570909 0.0070514691 
    3    1    3    0    4    1    4    0    6    0    6    0 0.0295806813 -0.0151598521 
    3    1    3    0    4    1    4    0    6    0    6    1 -0.0000000000 0.0000000000 
    3    1    3    0    4    1    4    0    6    1    6    0 0.0000000000 0.0000000000 
    3    1    3    0    4    1    4    0    6    1    6    1 0.0295806813 0.0151598521 
    3    1    3    0    4    1    4    1    6    0    6    0 0.0000000000 0.0000000000 
    3    1    3    0    4    1    4    1    6    0    6    1 0.0000000000 -0.0000000000 
    3    1    3    0    4    1    4    1    6    1    6    0 -0.0000000000 0.0000000000 
    3    1    3    0    4    1    4    1    6    1    6    1 0.0000000000 0.0000000000 
    3    1    3    1    4    0    4    0    6    0    6    0 0.1336890112 0.0000000000 
    3    1    3    1    4    0    4    0    6    0    6    1 0.0000000000 -0.0000000000 
    3    1    3    1    4    0    4    0    6    1    6    0 0.0000000000 0.0000000000 
    3    1    3    1    4    0    4    0    6    1    6    1 0.0601956942 0.0000000000 
    3    1    3    1    4    0    4    1    6    0    6    0 0.0000000000 -0.0000000000 
    3    1    3    1    4    0    4    1    6    0    6    1 -0.0000000000 0.0000000000 
    3    1    3    1    4    0    4    1    6    1    6    0 -0.0000000000 -0.0000000000 
    3    1    3    1    4    0    4    1    6    1    6    1 0.0000000000 -0.0000000000 
    3    1    3    1    4    1    4    0    6    0    6    0 0.0000000000 0.0000000000 
    3    1    3    1    4    1    4    0    6    0    6    1 -0.0000000000 0.0000000000 
    3    1    3    1    4    1    4    0    6    1    6    0 -0.0000000000 -0.0000000000 
    3    1    3    1    4    1    4    0    6    1    6    1 0.0000000000 0.0000000000 
    3    1    3    1    4    1    4    1    6    0    6    0 0.2352025327 0.0000000000 
    3    1    3    1    4    1    4    1    6    0    6    1 -0.0000000000 -0.0000000000 
    3    1    3    1    4    1    4    1    6    1    6    0 -0.0000000000 0.0000000000 
    3    1    3    1    4    1    4    1    6    1    6    1 0.0709127619 0.0000000000 
    3    0    3    0    4    0    4    0    7    0    7    0 0.1530576473 0.0000000000 
    3    0    3    0    4    0    4    0    7    0    7    1 -0.0000000000 -0.0000000000 
    3    0    3    0    4    0    4    0    7    1    7    0 -0.0000000000 0.0000000000 
    3    0    3    0    4    0    4    0    7    1    7    1 0.1530576473 0.0000000000 
    3    0    3    0    4    0    4    1    7    0    7    0 0.0000000000 0.0000000000 
    3    0    3    0    4    0    4    1    7    0    7    1 0.0841615185 0.0025100857 
    3    0    3    0    4    0    4    1    7    1    7    0 -0.0841615185 -0.0025100857 
    3    0    3    0    4    0    4    1    7    1    7    1 -0.0000000000 0.0000000000 
    3    0    3    0    4    1    4    0    7    0    7    0 0.0000000000 -0.0000000000 
    3    0    3    0    4    1    4    0    7    0    7    1 -0.0841615185 0.0025100857 
    3    0    3    0    4    1    4    0    7    1    7    0 0.0841615185 -0.0025100857 
    3    0    3    0    4    1    4    0    7    1    7    1 -0.0000000000 -0.0000000000 
    3    0    3    0    4    1    4    1    7    0    7    0 0.0969423527 0.0000000000 
    3    0    3    0    4    1    4    1    7    0    7    1 0.0000000000 -0.0000000000 
    3    0    3    0    4    1    4    1    7    1    7    0 0.0000000000 0.0000000000 
    3    0    3    0    4    1    4    1    7    1    7    1 0.0969423527 0.0000000000 
    3    0    3    1    4    0    4    0    7    0    7    0 0.0000000000 0.0000000000 
    3    0    3    1    4    0    4    0    7    0    7    1 -0.0048636445 0.0111056606 
    3    0    3    1    4    0    4    0    7    1    7    0 0.0048636445 -0.0111056606 
    3    0    3    1    4    0    4    0    7    1    7    1 0.0000000000 -0.0000000000 
    3    0    3    1    4    0    4    1    7    0    7    0 0.0295806813 0.0000000000 
    3    0    3    1    4    0    4    1    7    0    7    1 0.0000000000 0.0000000000 
    3    0    3    1    4    0    4    1    7    1    7    0 -0.0000000000 0.0000000000 
    3    0    3    1    4    0    4    1    7    1    7    1 0.0295806813 0.0000000000 
    3    0    3    1    4    1    4    0    7    0    7    0 0.0175570909 0.0000000000 
    3    0    3    1    4    1    4    0    7    0    7    1 -0.0000000000 0.0000000000 
    3    0    3    1    4    1    4    0    7    1    7    0 -0.0000000000 0.0000000000 
    3    0    3    1    4    1    4    0    7    1    7    1 0.0175570909 0.0000000000 
    3    0    3    1    4    1    4    1    7    0    7    0 0.0000000000 -0.0000000000 
    3    0    3    1    4    1    4    1    7    0    7    1 -0.0048636445 -0.0111056606 
    3    0    3    1    4    1    4    1    7    1    7    0 0.0048636445 0.0111056606 
    3    0    3    1    4    1    4    1    7    1    7    1 0.0000000000 -0.0000000000 
    3    1    3    0    4    0    4    0    7    0    7    0 0.0000000000 -0.0000000000 
    3    1    3    0    4    0    4    0    7    0    7    1 0.0048636445 0.0111056606 
    3    1    3    0    4    0    4    0    7    1    7    0 -0.0048636445 -0.0111056606 
    3    1    3    0    4    0    4    0    7    1    7    1 0.0000000000 0.0000000000 
    3    1    3    0    4    0    4    1    7    0    7    0 0.0175570909 -0.0000000000 
    3    1    3    0    4    0    4    1    7    0    7    1 -0.0000000000 -0.0000000000 
    3    1    3    0    4    0    4    1    7    1    7    0 -0.0000000000 -0.0000000000 
    3    1    3    0    4    0    4    1    7    1    7    1 0.0175570909 -0.0000000000 
    3    1    3    0    4    1    4    0    7    0    7    0 0.0295806813 -0.0000000000 
    3    1    3    0    4    1    4    0    7    0    7    1 -0.0000000000 -0.0000000000 
    3    1    3    0    4    1    4    0    7    1    7    0 0.0000000000 -0.0000000000 
    3    1    3    0    4    1    4    0    7    1    7    1 0.0295806813 -0.0000000000 
    3    1    3    0    4    1    4    1    7    0    7    0 0.0000000000 0.0000000000 
    3    1    3    0    4    1    4    1    7    0    7    1 0.0048636445 -0.0111056606 
    3    1    3    0    4    1    4    1    7    1    7    0 -0.0048636445 0.0111056606 
    3    1    3    0    4    1    4    1    7    1    7    1 0.0000000000 0.0000000000 
    3    1    3    1    4    0    4    0    7    0    7    0 0.0969423527 0.0000000000 
    3    1    3    1    4    0    4    0    7    0    7    1 -0.0000000000 0.0000000000 
    3    1    3    1    4    0    4    0    7    1    7    0 -0.0000000000 -0.0000000000 
    3    1    3    1    4    0    4    0    7    1    7    1 0.0969423527 0.0000000000 
    3    1    3    1    4    0    4    1    7    0    7    0 0.0000000000 -0.0000000000 
    3    1    3    1    4    0    4    1    7    0    7    1 0.0841615185 -0.0025100857 
    3    1    3    1    4    0    4    1    7    1    7    0 -0.0841615185 0.0025100857 
    3    1    3    1    4    0    4    1    7    1    7    1 -0.0000000000 -0.0000000000 
    3    1    3    1    4    1    4    0    7    0    7    0 0.0000000000 0.0000000000 
    3    1    3    1    4    1    4    0    7    0    7    1 -0.0841615185 -0.0025100857 
    3    1    3    1    4    1    4    0    7    1    7    0 0.0841615185 0.0025100857 
    3    1    3    1    4    1    4    0    7    1    7    1 -0.0000000000 0.0000000000 
    3    1    3    1    4    1    4    1    7    0    7    0 0.1530576473 0.0000000000 
    3    1    3    1    4    1    4    1    7    0    7    1 0.0000000000 0.0000000000 
    3    1    3    1    4    1    4    1    7    1    7    0 0.0000000000 -0.0000000000 
    3    1    3    1    4    1    4    1    7    1    7    1 0.1530576473 0.0000000000 
    3    0    3    0    5    0    5    0    6    0    6    0 0.0655542281 0.0000000000 
    3    0    3    0    5    0    5    0    6    0    6    1 -0.0000000000 -0.0000000000 
    3    0    3    0    5    0    5    0    6    1    6    0 -0.0000000000 0.0000000000 
    3    0    3    0    5    0    5    0    6    1    6    1 0.1844457719 0.0000000000 
    3    0    3    0    5    0    5    1    6    0    6    0 0.0000000000 0.0000000000 
    3    0    3    0    5    0    5    1    6    0    6    1 0.0841615185 -0.0000000000 
    3    0    3    0    5    0    5    1    6    1    6    0 -0.0841615185 0.0000000000 
    3    0    3    0    5    0    5    1    6    1    6    1 -0.0000000000 0.0000000000 
    3    0    3    0    5    1    5    0    6    0    6    0 0.0000000000 -0.0000000000 
    3    0    3    0    5    1    5    0    6    0    6    1 -0.0841615185 -0.0000000000 
    3    0    3    0    5    1    5    0    6    1    6    0 0.0841615185 0.0000000000 
    3    0    3    0    5    1    5    0    6    1    6    1 -0.0000000000 -0.0000000000 
    3    0    3    0    5    1    5    1    6    0    6    0 0.0655542281 0.0000000000 
    3    0    3    0    5    1    5    1    6    0    6    1 0.0000000000 -0.0000000000 
    3    0    3    0    5    1    5    1    6    1    6    0 0.0000000000 0.0000000000 
    3    0    3    0    5    1    5    1    6    1    6    1 0.1844457719 0.0000000000 
    3    0    3    1    5    0    5    0    6    0    6    0 0.0000000000 0.0000000000 
    3    0    3    1    5    0    5    0    6    0    6    1 -0.0000000000 0.0111056606 
    3    0    3    1    5    0    5    0    6    1    6    0 -0.0000000000 0.0692556547 
    3    0    3    1    5    0    5    0    6    1    6    1 0.0000000000 -0.0000000000 
    3    0    3    1    5    0    5    1    6    0    6    0 -0.0190676294 -0.0290749970 
    3    0    3    1    5    0    5    1    6    0    6    1 0.0000000000 0.0000000000 
    3    0    3    1    5    0    5    1    6    1    6    0 -0.0000000000 0.0000000000 
    3    0    3    1    5    0    5    1    6    1    6    1 -0.0190676294 0.0290749970 
    3    0    3    1    5    1    5    0    6    0    6    0 -0.0190676294 -0.0290749970 
    3    0    3    1    5    1    5    0    6    0    6    1 -0.0000000000 0.0000000000 
    3    0    3    1    5    1    5    0    6    1    6    0 0.0000000000 0.0000000000 
    3    0    3    1    5    1    5    0    6    1    6    1 -0.0190676294 0.0290749970 
    3    0    3    1    5    1    5    1    6    0    6    0 0.0000000000 -0.0000000000 
    3    0    3    1    5    1    5    1    6    0    6    1 0.0000000000 -0.0111056606 
    3    0    3    1    5    1    5    1    6    1    6    0 0.0000000000 -0.0692556547 
    3    0    3    1    5    1    5    1    6    1    6    1 0.0000000000 0.0000000000 
    3    1    3    0    5    0    5    0    6    0    6    0 0.0000000000 -0.0000000000 
    3    1    3    0    5    0    5    0    6    0    6    1 -0.0000000000 -0.0692556547 
    3    1    3    0    5    0    5    0    6    1    6    0 -0.0000000000 -0.0111056606 
    3    1    3    0    5    0    5    0    6    1    6    1 0.0000000000 0.0000000000 
    3    1    3    0    5    0    5    1    6    0    6    0 -0.0190676294 0.0290749970 
    3    1    3    0    5    0    5    1    6    0    6    1 0.0000000000 -0.0000000000 
    3    1    3    0    5    0    5    1    6    1    6    0 -0.0000000000 -0.0000000000 
    3    1    3    0    5    0    5    1    6    1    6    1 -0.0190676294 -0.0290749970 
    3    1    3    0    5    1    5    0    6    0    6    0 -0.0190676294 0.0290749970 
    3    1    3    0    5    1    5    0    6    0    6    1 -0.0000000000 -0.0000000000 
    3    1    3    0    5    1    5    0    6    1    6    0 0.0000000000 -0.0000000000 
    3    1    3    0    5    1    5    0    6    1    6    1 -0.0190676294 -0.0290749970 
    3    1    3    0    5    1    5    1    6    0    6    0 0.0000000000 0.0000000000 
    3    1    3    0    5    1    5    1    6    0    6    1 0.0000000000 0.0692556547 
    3    1    3    0    5    1    5    1    6    1    6    0 0.0000000000 0.0111056606 
    3    1    3    0    5    1    5    1    6    1    6    1 0.0000000000 -0.0000000000 
    3    1    3    1    5    0    5    0    6    0    6    0 0.1844457719 0.0000000000 
    3    1    3    1    5    0    5    0    6    0    6    1 0.0000000000 -0.0000000000 
    3    1    3    1    5    0    5    0    6    1    6    0 0.0000000000 0.0000000000 
    3    1    3    1    5    0    5    0    6    1    6    1 0.0655542281 0.0000000000 
    3    1    3    1    5    0    5    1    6    0    6    0 -0.0000000000 0.0000000000 
    3    1    3    1    5    0    5    1    6    0    6    1 0.0841615185 -0.0000000000 
    3    1    3    1    5    0    5    1    6    1    6    0 -0.0841615185 0.0000000000 
    3    1    3    1    5    0    5    1    6    1    6    1 0.0000000000 0.0000000000 
    3    1    3    1    5    1    5    0    6    0    6    0 -0.0000000000 -0.0000000000 
    3    1    3    1    5    1    5    0    6    0    6    1 -0.0841615185 -0.0000000000 
    3    1    3    1    5    1    5    0    6    1    6    0 0.0841615185 0.0000000000 
    3    1    3    1    5    1    5    0    6    1    6    1 0.0000000000 -0.0000000000 
    3    1    3    1    5    1    5    1    6    0    6    0 0.1844457719 0.0000000000 
    3    1    3    1    5    1    5    1    6    0    6    1 -0.0000000000 -0.0000000000 
    3    1    3    1    5    1    5    1    6    1    6    0 -0.0000000000 0.0000000000 
    3    1    3    1    5    1    5    1    6    1    6    1 0.0655542281 0.0000000000 
    3    0    3    0    5    0    5    0    7    0    7    0 0.1023008865 0.0000000000 
    3    0    3    0    5    0    5    0    7    0    7    1 0.0000000000 -0.0000000000 
    3    0    3    0    5    0    5    0    7    1    7    0 0.0000000000 0.0000000000 
    3    0    3    0    5    0    5    0    7    1    7    1 0.1476991135 0.0000000000 
    3    0    3    0    5    0    5    1    7    0    7    0 -0.0000000000 0.0000000000 
    3    0    3    0    5    0    5    1    7    0    7    1 -0.0000000000 -0.0031026365 
    3    0    3    0    5    0    5    1    7    1    7    0 -0.0000000000 0.0031026365 
    3    0    3    0    5    0    5    1    7    1    7    1 -0.0000000000 0.0000000000 
    3    0    3    0    5    1    5    0    7    0    7    0 -0.0000000000 -0.0000000000 
    3    0    3    0    5    1    5    0    7    0    7    1 -0.0000000000 -0.0031026365 
    3    0    3    0    5    1    5    0    7    1    7    0 -0.0000000000 0.0031026365 
    3    0    3    0    5    1    5    0    7    1    7    1 -0.0000000000 -0.0000000000 
    3    0    3    0    5    1    5    1    7    0    7    0 0.1476991135 0.0000000000 
    3    0    3    0    5    1    5    1    7    0    7    1 -0.0000000000 -0.0000000000 
    3    0    3    0    5    1    5    1    7    1    7    0 -0.0000000000 0.0000000000 
    3    0    3    0    5    1    5    1    7    1    7    1 0.1023008865 0.0000000000 
    3    0    3    1    5    0    5    0    7    0    7    0 0.0000000000 -0.0000000000 
    3    0    3    1    5    0    5    0    7    0    7    1 -0.0048636445 -0.0137273515 
    3    0    3    1    5    0    5    0    7    1    7    0 0.0048636445 -0.0137273515 
    3    0    3    1    5    0    5    0    7    1    7    1 0.0000000000 -0.0000000000 
    3    0    3    1    5    0    5    1    7    0    7    0 -0.0190676294 -0.0050112563 
    3    0    3    1    5    0    5    1    7    0    7    1 0.0000000000 0.0000000000 
    3    0    3    1    5    0    5    1    7    1    7    0 -0.0000000000 -0.0000000000 
    3    0    3    1    5    0    5    1    7    1    7    1 -0.0190676294 0.0050112563 
    3    0    3    1    5    1    5    0    7    0    7    0 -0.0190676294 0.0050112563 
    3    0    3    1    5    1    5    0    7    0    7    1 -0.0000000000 -0.0000000000 
    3    0    3    1    5    1    5    0    7    1    7    0 0.0000000000 -0.0000000000 
    3    0    3    1    5    1    5    0    7    1    7    1 -0.0190676294 -0.0050112563 
    3    0    3    1    5    1    5    1    7    0    7    0 -0.0000000000 -0.0000000000 
    3    0    3    1    5    1    5    1    7    0    7    1 -0.0048636445 0.0137273515 
    3    0    3    1    5    1    5    1    7    1    7    0 0.0048636445 0.0137273515 
    3    0    3    1    5    1    5    1    7    1    7    1 0.0000000000 -0.0000000000 
    3    1    3    0    5    0    5    0    7    0    7    0 0.0000000000 0.0000000000 
    3    1    3    0    5    0    5    0    7    0    7    1 0.0048636445 0.0137273515 
    3    1    3    0    5    0    5    0    7    1    7    0 -0.0048636445 0.0137273515 
    3    1    3    0    5    0    5    0    7    1    7    1 0.0000000000 0.0000000000 
    3    1    3    0    5    0    5    1    7    0    7    0 -0.0190676294 -0.0050112563 
    3    1    3    0    5    0    5    1    7    0    7    1 0.0000000000 0.0000000000 
    3    1    3    0    5    0    5    1    7    1    7    0 -0.0000000000 0.0000000000 
    3    1    3    0    5    0    5    1    7    1    7    1 -0.0190676294 0.0050112563 
    3    1    3    0    5    1    5    0    7    0    7    0 -0.0190676294 0.0050112563 
    3    1    3    0    5    1    5    0    7    0    7    1 -0.0000000000 0.0000000000 
    3    1    3    0    5    1    5    0    7    1    7    0 0.0000000000 -0.0000000000 
    3    1    3    0    5    1    5    0    7    1    7    1 -0.0190676294 -0.0050112563 
    3    1    3    0    5    1    5    1    7    0    7    0 -0.0000000000 0.0000000000 
    3    1    3    0    5    1    5    1    7    0    7    1 0.0048636445 -0.0137273515 
    3    1    3    0    5    1    5    1    7    1    7    0 -0.0048636445 -0.0137273515 
    3    1    3    0    5    1    5    1    7    1    7    1 0.0000000000 0.0000000000 
    3    1    3    1    5    0    5    0    7    0    7    0 0.1023008865 0.0000000000 
    3    1    3    1    5    0    5    0    7    0    7    1 -0.0000000000 0.0000000000 
    3    1    3    1    5    0    5    0    7    1    7    0 -0.0000000000 -0.0000000000 
    3    1    3    1    5    0    5    0    7    1    7    1 0.1476991135 0.0000000000 
    3    1    3    1    5    0    5    1    7    0    7    0 -0.0000000000 0.0000000000 
    3    1    3    1    5    0    5    1    7    0    7    1 -0.0000000000 0.0031026365 
    3    1    3    1    5    0    5    1    7    1    7    0 -0.0000000000 -0.0031026365 
    3    1    3    1    5    0    5    1    7    1    7    1 0.0000000000 0.0000000000 
    3    1    3    1    5    1    5    0    7    0    7    0 -0.0000000000 -0.0000000000 
    3    1    3    1    5    1    5    0    7    0    7    1 -0.0000000000 0.0031026365 
    3    1    3    1    5    1    5    0    7    1    7    0 -0.0000000000 -0.0031026365 
    3    1    3    1    5    1    5    0    7    1    7    1 0.0000000000 -0.0000000000 
    3    1    3    1    5    1    5    1    7    0    7    0 0.1476991135 0.0000000000 
    3    1    3    1    5    1    5    1    7    0    7    1 -0.0000000000 0.0000000000 
    3    1    3    1    5    1    5    1    7    1    7    0 -0.0000000000 -0.0000000000 
    3    1    3    1    5    1    5    1    7    1    7    1 0.1023008865 0.0000000000 
    3    0    3    0    6    0    6    0    7    0    7    0 0.0655542281 0.0000000000 
    3    0    3    0    6    0    6    0    7    0    7    1 -0.0000000000 0.0000000000 
    3    0    3    0    6    0    6    0    7    1    7    0 -0.0000000000 -0.0000000000 
    3    0    3    0    6    0    6    0    7    1    7    1 0.0655542281 0.0000000000 
    3    0    3    0    6    0    6    1    7    0    7    0 0.0000000000 -0.0000000000 
    3    0    3    0    6    0    6    1    7    0    7    1 -0.0586469581 -0.0000000000 
    3    0    3    0    6    0    6    1    7    1    7    0 -0.0586469581 0.0000000000 
    3    0    3    0    6    0    6    1    7    1    7    1 0.0000000000 0.0000000000 
    3    0    3    0    6    1    6    0    7    0    7    0 0.0000000000 0.0000000000 
    3    0    3    0    6    1    6    0    7    0    7    1 -0.0586469581 -0.0000000000 
    3    0    3    0    6    1    6    0    7    1    7    0 -0.0586469581 0.0000000000 
    3    0    3    0    6    1    6    0    7    1    7    1 0.0000000000 -0.0000000000 
    3    0    3    0    6    1    6    1    7    0    7    0 0.1844457719 0.0000000000 
    3    0    3    0    6    1    6    1    7    0    7    1 -0.0000000000 -0.0000000000 
    3    0    3    0    6    1    6    1    7    1    7    0 -0.0000000000 0.0000000000 
    3    0    3    0    6    1    6    1    7    1    7    1 0.1844457719 0.0000000000 
    3    0    3    1    6    0    6    0    7    0    7    0 0.0000000000 0.0000000000 
    3    0    3    1    6    0    6    0    7    0    7    1 -0.0048636445 -0.0106140111 
    3    0    3    1    6    0    6    0    7    1    7    0 0.0048636445 0.0106140111 
    3    0    3    1    6    0    6    0    7    1    7    1 0.0000000000 -0.0000000000 
    3    0    3    1    6    0    6    1    7    0    7    0 -0.0000000000 0.0040541915 
    3    0    3    1    6    0    6    1    7    0    7    1 -0.0000000000 -0.0000000000 
    3    0    3    1    6    0    6    1    7    1    7    0 0.0000000000 0.0000000000 
    3    0    3    1    6    0    6    1    7    1    7    1 0.0000000000 -0.0040541915 
    3    0    3    1    6    1    6    0    7    0    7    0 0.0000000000 -0.0252822137 
    3    0    3    1    6    1    6    0    7    0    7    1 0.0000000000 0.0000000000 
    3    0    3    1    6    1    6    0    7    1    7    0 -0.0000000000 -0.0000000000 
    3    0    3    1    6    1    6    0    7    1    7    1 -0.0000000000 0.0252822137 
    3    0    3    1    6    1    6    1    7    0    7    0 0.0000000000 -0.0000000000 
    3    0    3    1    6    1    6    1    7    0    7    1 -0.0048636445 0.0106140111 
    3    0    3    1    6    1    6    1    7    1    7    0 0.0048636445 -0.0106140111 
    3    0    3    1    6    1    6    1    7    1    7    1 0.0000000000 0.0000000000 
    3    1    3    0    6    0    6    0    7    0    7    0 0.0000000000 -0.0000000000 
    3    1    3    0    6    0    6    0    7    0    7    1 0.0048636445 -0.0106140111 
    3    1    3    0    6    0    6    0    7    1    7    0 -0.0048636445 0.0106140111 
    3    1    3    0    6    0    6    0    7    1    7    1 0.0000000000 0.0000000000 
    3    1    3    0    6    0    6    1    7    0    7    0 0.0000000000 0.0252822137 
    3    1    3    0    6    0    6    1    7    0    7    1 -0.0000000000 0.0000000000 
    3    1    3    0    6    0    6    1    7    1    7    0 0.0000000000 -0.0000000000 
    3    1    3    0    6    0    6    1    7    1    7    1 -0.0000000000 -0.0252822137 
    3    1    3    0    6    1    6    0    7    0    7    0 -0.0000000000 -0.0040541915 
    3    1    3    0    6    1    6    0    7    0    7    1 0.0000000000 -0.0000000000 
    3    1    3    0    6    1    6    0    7    1    7    0 -0.0000000000 0.0000000000 
    3    1    3    0    6    1    6    0    7    1    7    1 0.0000000000 0.0040541915 
    3    1    3    0    6    1    6    1    7    0    7    0 0.0000000000 0.0000000000 
    3    1    3    0    6    1    6    1    7    0    7    1 0.0048636445 0.0106140111 
    3    1    3    0    6    1    6    1    7    1    7    0 -0.0048636445 -0.0106140111 
    3    1    3    0    6    1    6    1    7    1    7    1 0.0000000000 -0.0000000000 
    3    1    3    1    6    0    6    0    7    0    7    0 0.1844457719 0.0000000000 
    3    1    3    1    6    0    6    0    7    0    7    1 -0.0000000000 0.0000000000 
    3    1    3    1    6    0    6    0    7    1    7    0 -0.0000000000 -0.0000000000 
    3    1    3    1    6    0    6    0    7    1    7    1 0.1844457719 0.0000000000 
    3    1    3    1    6    0    6    1    7    0    7    0 0.0000000000 -0.0000000000 
    3    1    3    1    6    0    6    1    7    0    7    1 -0.0586469581 -0.0000000000 
    3    1    3    1    6    0    6    1    7    1    7    0 -0.0586469581 0.0000000000 
    3    1    3    1    6    0    6    1    7    1    7    1 -0.0000000000 -0.0000000000 
    3    1    3    1    6    1    6    0    7    0    7    0 0.0000000000 0.0000000000 
    3    1    3    1    6    1    6    0    7    0    7    1 -0.0586469581 -0.0000000000 
    3    1    3    1    6    1    6    0    7    1    7    0 -0.0586469581 0.0000000000 
    3    1    3    1    6    1    6    0    7    1    7    1 -0.0000000000 0.0000000000 
    3    1    3    1    6    1    6    1    7    0    7    0 0.0655542281 0.0000000000 
    3    1    3    1    6    1    6    1    7    0    7    1 -0.0000000000 -0.0000000000 
    3    1    3    1    6    1    6    1    7    1    7    0 -0.0000000000 0.0000000000 
    3    1    3    1    6    1    6    1    7    1    7    1 0.0655542281 0.0000000000 
    4    0    4    0    5    0    5    0    6    0    6    0 0.1023008865 0.0000000000 
    4    0    4    0    5    0    5    0    6    0    6    1 -0.0000000000 -0.0000000000 
    4    0    4    0    5    0    5    0    6    1    6    0 -0.0000000000 0.0000000000 
    4    0    4    0    5    0    5    0    6    1    6    1 0.1476991135 0.0000000000 
    4    0    4    0    5    0    5    1    6    0    6    0 0.0000000000 0.0000000000 
    4    0    4    0    5    0    5    1    6    0    6    1 0.0841615185 -0.0065714896 
    4    0    4    0    5    0    5    1    6    1    6    0 -0.0841615185 -0.0065714896 
    4    0    4    0    5    0    5    1    6    1    6    1 -0.0000000000 0.0000000000 
    4    0    4    0    5    1    5    0    6    0    6    0 0.0000000000 -0.0000000000 
    4    0    4    0    5    1    5    0    6    0    6    1 -0.0841615185 0.0065714896 
    4    0    4    0    5    1    5    0    6    1    6    0 0.0841615185 0.0065714896 
    4    0    4    0    5    1    5    0    6    1    6    1 -0.0000000000 -0.0000000000 
    4    0    4    0    5    1    5    1    6    0    6    0 0.1023008865 0.0000000000 
    4    0    4    0    5    1    5    1    6    0    6    1 0.0000000000 -0.0000000000 
    4    0    4    0    5    1    5    1    6    1    6    0 0.0000000000 0.0000000000 
    4    0    4    0    5    1    5    1    6    1    6    1 0.1476991135 0.0000000000 
    4    0    4    1    5    0    5    0    6    0    6    0 0.0000000000 -0.0000000000 
    4    0    4    1    5    0    5    0    6    0    6    1 -0.0000000000 0.0090815753 
    4    0    4    1    5    0    5    0    6    1    6    0 -0.0000000000 0.0090815753 
    4    0    4    1    5    0    5    0    6    1    6    1 0.0000000000 0.0000000000 
    4    0    4    1    5    0    5    1    6    0    6    0 -0.0586469581 -0.0065714896 
    4    0    4    1    5    0    5    1    6    0    6    1 0.0000000000 -0.0000000000 
    4    0    4    1    5    0    5    1    6    1    6    0 0.0000000000 -0.0000000000 
    4    0    4    1    5    0    5    1    6    1    6    1 -0.0586469581 0.0065714896 
    4    0    4    1    5    1    5    0    6    0    6    0 -0.0586469581 -0.0065714896 
    4    0    4    1    5    1    5    0    6    0    6    1 -0.0000000000 0.0000000000 
    4    0    4    1    5    1    5    0    6    1    6    0 -0.0000000000 -0.0000000000 
    4    0    4    1    5    1    5    0    6    1    6    1 -0.0586469581 0.0065714896 
    4    0    4    1    5    1    5    1    6    0    6    0 0.0000000000 -0.0000000000 
    4    0    4    1    5    1    5    1    6    0    6    1 -0.0000000000 -0.0090815753 
    4    0    4    1    5    1    5    1    6    1    6    0 -0.0000000000 -0.0090815753 
    4    0    4    1    5    1    5    1    6    1    6    1 0.0000000000 0.0000000000 
    4    1    4    0    5    0    5    0    6    0    6    0 0.0000000000 0.0000000000 
    4    1    4    0    5    0    5    0    6    0    6    1 -0.0000000000 -0.0090815753 
    4    1    4    0    5    0    5    0    6    1    6    0 -0.0000000000 -0.0090815753 
    4    1    4    0    5    0    5    0    6    1    6    1 0.0000000000 -0.0000000000 
    4    1    4    0    5    0    5    1    6    0    6    0 -0.0586469581 0.0065714896 
    4    1    4    0    5    0    5    1    6    0    6    1 -0.0000000000 0.0000000000 
    4    1    4    0    5    0    5    1    6    1    6    0 -0.0000000000 -0.0000000000 
    4    1    4    0    5    0    5    1    6    1    6    1 -0.0586469581 -0.0065714896 
    4    1    4    0    5    1    5    0    6    0    6    0 -0.0586469581 0.0065714896 
    4    1    4    0    5    1    5    0    6    0    6    1 0.0000000000 0.0000000000 
    4    1    4    0    5    1    5    0    6    1    6    0 0.0000000000 0.0000000000 
    4    1    4    0    5    1    5    0    6    1    6    1 -0.0586469581 -0.0065714896 
    4    1    4    0    5    1    5    1    6    0    6    0 0.0000000000 0.0000000000 
    4    1    4    0    5    1    5    1    6    0    6    1 -0.0000000000 0.0090815753 
    4    1    4    0    5    1    5    1    6    1    6    0 -0.0000000000 0.0090815753 
    4    1    4    0    5    1    5    1    6    1    6    1 0.0000000000 -0.0000000000 
    4    1    4    1    5    0    5    0    6    0    6    0 0.1476991135 0.0000000000 
    4    1    4    1    5    0    5    0    6    0    6    1 0.0000000000 -0.0000000000 
    4    1    4    1    5    0    5    0    6    1    6    0 0.0000000000 0.0000000000 
    4    1    4    1    5    0    5    0    6    1    6    1 0.1023008865 0.0000000000 
    4    1    4    1    5    0    5    1    6    0    6    0 -0.0000000000 0.0000000000 
    4    1    4    1    5    0    5    1    6    0    6    1 0.0841615185 0.0065714896 
    4    1    4    1    5    0    5    1    6    1    6    0 -0.0841615185 0.0065714896 
    4    1    4    1    5    0    5    1    6    1    6    1 -0.0000000000 0.0000000000 
    4    1    4    1    5    1    5    0    6    0    6    0 -0.0000000000 -0.0000000000 
    4    1    4    1    5    1    5    0    6    0    6    1 -0.0841615185 -0.0065714896 
    4    1    4    1    5    1    5    0    6    1    6    0 0.0841615185 -0.0065714896 
    4    1    4    1    5    1    5    0    6    1    6    1 -0.0000000000 -0.0000000000 
    4    1    4    1    5    1    5    1    6    0    6    0 0.1476991135 0.0000000000 
    4    1    4    1    5    1    5    1    6    0    6    1 -0.0000000000 0.0000000000 
    4    1    4    1    5    1    5    1    6    1    6    0 -0.0000000000 -0.0000000000 
    4    1    4    1    5    1    5    1    6    1    6    1 0.1023008865 0.0000000000 
    4    0    4    0    5    0    5    0    7    0    7    0 0.1023008865 0.0000000000 
    4    0    4    0    5    0    5    0    7    0    7    1 0.0000000000 0.0000000000 
    4    0    4    0    5    0    5    0    7    1    7    0 0.0000000000 -0.0000000000 
    4    0    4    0    5    0    5    0    7    1    7    1 0.1476991135 0.0000000000 
    4    0    4    0    5    0    5    1    7    0    7    0 -0.0000000000 0.0000000000 
    4    0    4    0    5    0    5    1    7    0    7    1 -0.0000000000 0.0090815753 
    4    0    4    0    5    0    5    1    7    1    7    0 -0.0000000000 0.0090815753 
    4    0    4    0    5    0    5    1    7    1    7    1 -0.0000000000 0.0000000000 
    4    0    4    0    5    1    5    0    7    0    7    0 -0.0000000000 -0.0000000000 
    4    0    4    0    5    1    5    0    7    0    7    1 -0.0000000000 -0.0090815753 
    4    0    4    0    5    1    5    0    7    1    7    0 -0.0000000000 -0.0090815753 
    4    0    4    0    5    1    5    0    7    1    7    1 -0.0000000000 -0.0000000000 
    4    0    4    0    5    1    5    1    7    0    7    0 0.1476991135 0.0000000000 
    4    0    4    0    5    1    5    1    7    0    7    1 -0.0000000000 0.0000000000 
    4    0    4    0    5    1    5    1    7    1    7    0 -0.0000000000 -0.0000000000 
    4    0    4    0    5    1    5    1    7    1    7    1 0.1023008865 0.0000000000 
    4    0    4    1    5    0    5    0    7    0    7    0 0.0000000000 -0.0000000000 
    4    0    4    1    5    0    5    0    7    0    7    1 0.0841615185 -0.0065714896 
    4    0    4    1    5    0    5    0    7    1    7    0 -0.0841615185 -0.0065714896 
    4    0    4    1    5    0    5    0    7    1    7    1 0.0000000000 -0.0000000000 
    4    0    4    1    5    0    5    1    7    0    7    0 -0.0586469581 -0.0065714896 
    4    0    4    1    5    0    5    1    7    0    7    1 -0.0000000000 0.0000000000 
    4    0    4    1    5    0    5    1    7    1    7    0 -0.0000000000 -0.0000000000 
    4    0    4    1    5    0    5    1    7    1    7    1 -0.0586469581 0.0065714896 
    4    0    4    1    5    1    5    0    7    0    7    0 -0.0586469581 0.0065714896 
    4    0    4    1    5    1    5    0    7    0    7    1 0.0000000000 -0.0000000000 
    4    0    4    1    5    1    5    0    7    1    7    0 0.0000000000 0.0000000000 
    4    0    4    1    5    1    5    0    7    1    7    1 -0.0586469581 -0.0065714896 
    4    0    4    1    5    1    5    1    7    0    7    0 0.0000000000 -0.0000000000 
    4    0    4    1    5    1    5    1    7    0    7    1 0.0841615185 0.0065714896 
    4    0    4    1    5    1    5    1    7    1    7    0 -0.0841615185 0.0065714896 
    4    0    4    1    5    1    5    1    7    1    7    1 -0.0000000000 0.0000000000 
    4    1    4    0    5    0    5    0    7    0    7    0 0.0000000000 0.0000000000 
    4    1    4    0    5    0    5    0    7    0    7    1 -0.0841615185 0.0065714896 
    4    1    4    0    5    0    5    0    7    1    7    0 0.0841615185 0.0065714896 
    4    1    4    0    5    0    5    0    7    1    7    1 0.0000000000 0.0000000000 
    4    1    4    0    5    0    5    1    7    0    7    0 -0.0586469581 -0.0065714896 
    4    1    4    0    5    0    5    1    7    0    7    1 0.0000000000 -0.0000000000 
    4    1    4    0    5    0    5    1    7    1    7    0 0.0000000000 0.0000000000 
    4    1    4    0    5    0    5    1    7    1    7    1 -0.0586469581 0.0065714896 
    4    1    4    0    5    1    5    0    7    0    7    0 -0.0586469581 0.0065714896 
    4    1    4    0    5    1    5    0    7    0    7    1 -0.0000000000 0.0000000000 
    4    1    4    0    5    1    5    0    7    1    7    0 -0.0000000000 -0.0000000000 
    4    1    4    0    5    1    5    0    7    1    7    1 -0.0586469581 -0.0065714896 
    4    1    4    0    5    1    5    1    7    0    7    0 0.0000000000 0.0000000000 
    4    1    4    0    5    1    5    1    7    0    7    1 -0.0841615185 -0.0065714896 
    4    1    4    0    5    1    5    1    7    1    7    0 0.0841615185 -0.0065714896 
    4    1    4    0    5    1    5    1    7    1    7    1 -0.0000000000 -0.0000000000 
    4    1    4    1    5    0    5    0    7    0    7    0 0.1023008865 0.0000000000 
    4    1    4    1    5    0    5    0    7    0    7    1 -0.0000000000 -0.0000000000 
    4    1    4    1    5    0    5    0    7    1    7    0 -0.0000000000 0.0000000000 
    4    1    4    1    5    0    5    0    7    1    7    1 0.1476991135 0.0000000000 
    4    1    4    1    5    0    5    1    7    0    7    0 -0.0000000000 0.0000000000 
    4    1    4    1    5    0    5    1    7    0    7    1 -0.0000000000 -0.0090815753 
    4    1    4    1    5    0    5    1    7    1    7    0 -0.0000000000 -0.0090815753 
    4    1    4    1    5    0    5    1    7    1    7    1 0.0000000000 0.0000000000 
    4    1    4    1    5    1    5    0    7    0    7    0 -0.0000000000 -0.0000000000 
    4    1    4    1    5    1    5    0    7    0    7    1 -0.0000000000 0.0090815753 
    4    1    4    1    5    1    5    0    7    1    7    0 -0.0000000000 0.0090815753 
    4    1    4    1    5    1    5    0    7    1    7    1 0.0000000000 -0.0000000000 
    4    1    4    1    5    1    5    1    7    0    7    0 0.1476991135 0.0000000000 
    4    1    4    1    5    1    5    1    7    0    7    1 0.0000000000 -0.0000000000 
    4    1    4    1    5    1    5    1    7    1    7    0 0.0000000000 0.0000000000 
    4    1    4    1    5    1    5    1    7    1    7    1 0.1023008865 0.0000000000 
    4    0    4    0    6    0    6    0    7    0    7    0 0.1023008865 0.0000000000 
    4    0    4    0    6    0    6    0    7    0    7    1 -0.0000000000 0.0000000000 
    4    0    4    0    6    0    6    0    7    1    7    0 -0.0000000000 -0.0000000000 
    4    0    4    0    6    0    6    0    7    1    7    1 0.1023008865 0.0000000000 
    4    0    4    0    6    0    6    1    7    0    7    0 0.0000000000 -0.0000000000 
    4    0    4    0    6    0    6    1    7    0    7    1 -0.0586469581 -0.0065714896 
    4    0    4    0    6    0    6    1    7    1    7    0 -0.0586469581 -0.0065714896 
    4    0    4    0    6    0    6    1    7    1    7    1 0.0000000000 0.0000000000 
    4    0    4    0    6    1    6    0    7    0    7    0 0.0000000000 0.0000000000 
    4    0    4    0    6    1    6    0    7    0    7    1 -0.0586469581 0.0065714896 
    4    0    4    0    6    1    6    0    7    1    7    0 -0.0586469581 0.0065714896 
    4    0    4    0    6    1    6    0    7    1    7    1 0.0000000000 -0.0000000000 
    4    0    4    0    6    1    6    1    7    0    7    0 0.1476991135 0.0000000000 
    4    0    4    0    6    1    6    1    7    0    7    1 -0.0000000000 -0.0000000000 
    4    0    4    0    6    1    6    1    7    1    7    0 -0.0000000000 0.0000000000 
    4    0    4    0    6    1    6    1    7    1    7    1 0.1476991135 0.0000000000 
    4    0    4    1    6    0    6    0    7    0    7    0 0.0000000000 -0.0000000000 
    4    0    4    1    6    0    6    0    7    0    7    1 0.0841615185 -0.0065714896 
    4    0    4    1    6    0    6    0    7    1    7    0 -0.0841615185 0.0065714896 
    4    0    4    1    6    0    6    0    7    1    7    1 -0.0000000000 -0.0000000000 
    4    0    4    1    6    0    6    1    7    0    7    0 -0.0000000000 0.0090815753 
    4    0    4    1    6    0    6    1    7    0    7    1 -0.0000000000 -0.0000000000 
    4    0    4    1    6    0    6    1    7    1    7    0 0.0000000000 0.0000000000 
    4    0    4    1    6    0    6    1    7    1    7    1 -0.0000000000 -0.0090815753 
    4    0    4    1    6    1    6    0    7    0    7    0 -0.0000000000 -0.0090815753 
    4    0    4    1    6    1    6    0    7    0    7    1 0.0000000000 0.0000000000 
    4    0    4    1    6    1    6    0    7    1    7    0 -0.0000000000 -0.0000000000 
    4    0    4    1    6    1    6    0    7    1    7    1 -0.0000000000 0.0090815753 
    4    0    4    1    6    1    6    1    7    0    7    0 0.0000000000 0.0000000000 
    4    0    4    1    6    1    6    1    7    0    7    1 0.0841615185 0.0065714896 
    4    0    4    1    6    1    6    1    7    1    7    0 -0.0841615185 -0.0065714896 
    4    0    4    1    6    1    6    1    7    1    7    1 0.0000000000 0.0000000000 
    4    1    4    0    6    0    6    0    7    0    7    0 0.0000000000 0.0000000000 
    4    1    4    0    6    0    6    0    7    0    7    1 -0.0841615185 -0.0065714896 
    4    1    4    0    6    0    6    0    7    1    7    0 0.0841615185 0.0065714896 
    4    1    4    0    6    0    6    0    7    1    7    1 -0.0000000000 0.0000000000 
    4    1    4    0    6    0    6    1    7    0    7    0 -0.0000000000 0.0090815753 
    4    1    4    0    6    0    6    1    7    0    7    1 -0.0000000000 0.0000000000 
    4    1    4    0    6    0    6    1    7    1    7    0 0.0000000000 -0.0000000000 
    4    1    4    0    6    0    6    1    7    1    7    1 -0.0000000000 -0.0090815753 
    4    1    4    0    6    1    6    0    7    0    7    0 -0.0000000000 -0.0090815753 
    4    1    4    0    6    1    6    0    7    0    7    1 0.0000000000 -0.0000000000 
    4    1    4    0    6    1    6    0    7    1    7    0 -0.0000000000 0.0000000000 
    4    1    4    0    6    1    6    0    7    1    7    1 -0.0000000000 0.0090815753 
    4    1    4    0    6    1    6    1    7    0    7    0 0.0000000000 -0.0000000000 
    4    1    4    0    6    1    6    1    7    0    7    1 -0.0841615185 0.0065714896 
    4    1    4    0    6    1    6    1    7    1    7    0 0.0841615185 -0.0065714896 
    4    1    4    0    6    1    6    1    7    1    7    1 0.0000000000 -0.0000000000 
    4    1    4    1    6    0    6    0    7    0    7    0 0.1476991135 0.0000000000 
    4    1    4    1    6    0    6    0    7    0    7    1 0.0000000000 0.0000000000 
    4    1    4    1    6    0    6    0    7    1    7    0 0.0000000000 -0.0000000000 
    4    1    4    1    6    0    6    0    7    1    7    1 0.1476991135 0.0000000000 
    4    1    4    1    6    0    6    1    7    0    7    0 0.0000000000 -0.0000000000 
    4    1    4    1    6    0    6    1    7    0    7    1 -0.0586469581 0.0065714896 
    4    1    4    1    6    0    6    1    7    1    7    0 -0.0586469581 0.0065714896 
    4    1    4    1    6    0    6    1    7    1    7    1 0.0000000000 0.0000000000 
    4    1    4    1    6    1    6    0    7    0    7    0 0.0000000000 0.0000000000 
    4    1    4    1    6    1    6    0    7    0    7    1 -0.0586469581 -0.0065714896 
    4    1    4    1    6    1    6    0    7    1    7    0 -0.0586469581 -0.0065714896 
    4    1    4    1    6    1    6    0    7    1    7    1 0.0000000000 -0.0000000000 
    4    1    4    1    6    1    6    1    7    0    7    0 0.1023008865 0.0000000000 
    4    1    4    1    6    1    6    1    7    0    7    1 0.0000000000 -0.0000000000 
    4    1    4    1    6    1    6    1    7    1    7    0 0.0000000000 0.0000000000 
    4    1    4    1    6    1    6    1    7    1    7    1 0.1023008865 0.0000000000 
    5    0    5    0    6    0    6    0    7    0    7    0 0.1023008865 0.0000000000 
    5    0    5    0    6    0    6    0    7    0    7    1 -0.0000000000 0.0000000000 
    5    0    5    0    6    0    6    0    7    1    7    0 -0.0000000000 -0.0000000000 
    5    0    5    0    6    0    6    0    7    1    7    1 0.1476991135 0.0000000000 
    5    0    5    0    6    0    6    1    7    0    7    0 0.0000000000 -0.0000000000 
    5    0    5    0    6    0    6    1    7    0    7    1 -0.0586469581 -0.0065714896 
    5    0    5    0    6    0    6    1    7    1    7    0 -0.0586469581 0.0065714896 
    5    0    5    0    6    0    6    1    7    1    7    1 -0.0000000000 -0.0000000000 
    5    0    5    0    6    1    6    0    7    0    7    0 0.0000000000 0.0000000000 
    5    0    5    0    6    1    6    0    7    0    7    1 -0.0586469581 -0.0065714896 
    5    0    5    0    6    1    6    0    7    1    7    0 -0.0586469581 0.0065714896 
    5    0    5    0    6    1    6    0    7    1    7    1 -0.0000000000 0.0000000000 
    5    0    5    0    6    1    6    1    7    0    7    0 0.1023008865 0.0000000000 
    5    0    5    0    6    1    6    1    7    0    7    1 -0.0000000000 -0.0000000000 
    5    0    5    0    6    1    6    1    7    1    7    0 -0.0000000000 0.0000000000 
    5    0    5    0    6    1    6    1    7    1    7    1 0.1476991135 0.0000000000 
    5    0    5    1    6    0    6    0    7    0    7    0 -0.0000000000 0.0000000000 
    5    0    5    1    6    0    6    0    7    0    7    1 -0.0000000000 0.0090815753 
    5    0    5    1    6    0    6    0    7    1    7    0 -0.0000000000 -0.0090815753 
    5    0    5    1    6    0    6    0    7    1    7    1 0.0000000000 0.0000000000 
    5    0    5    1    6    0    6    1    7    0    7    0 0.0841615185 -0.0065714896 
    5    0    5    1    6    0    6    1    7    0    7    1 0.0000000000 0.0000000000 
    5    0    5    1    6    0    6    1    7    1    7    0 0.0000000000 -0.0000000000 
    5    0    5    1    6    0    6    1    7    1    7    1 0.0841615185 0.0065714896 
    5    0    5    1    6    1    6    0    7    0    7    0 -0.0841615185 0.0065714896 
    5    0    5    1    6    1    6    0    7    0    7    1 -0.0000000000 0.0000000000 
    5    0    5    1    6    1    6    0    7    1    7    0 0.0000000000 -0.0000000000 
    5    0    5    1    6    1    6    0    7    1    7    1 -0.0841615185 -0.0065714896 
    5    0    5    1    6    1    6    1    7    0    7    0 -0.0000000000 0.0000000000 
    5    0    5    1    6    1    6    1    7    0    7    1 -0.0000000000 -0.0090815753 
    5    0    5    1    6    1    6    1    7    1    7    0 -0.0000000000 0.0090815753 
    5    0    5    1    6    1    6    1    7    1    7    1 -0.0000000000 0.0000000000 
    5    1    5    0    6    0    6    0    7    0    7    0 -0.0000000000 -0.0000000000 
    5    1    5    0    6    0    6    0    7    0    7    1 -0.0000000000 0.0090815753 
    5    1    5    0    6    0    6    0    7    1    7    0 -0.0000000000 -0.0090815753 
    5    1    5    0    6    0    6    0    7    1    7    1 0.0000000000 -0.0000000000 
    5    1    5    0    6    0    6    1    7    0    7    0 -0.0841615185 -0.0065714896 
    5    1    5    0    6    0    6    1    7    0    7    1 0.0000000000 0.0000000000 
    5    1    5    0    6    0    6    1    7    1    7    0 -0.0000000000 -0.0000000000 
    5    1    5    0    6    0    6    1    7    1    7    1 -0.0841615185 0.0065714896 
    5    1    5    0    6    1    6    0    7    0    7    0 0.0841615185 0.0065714896 
    5    1    5    0    6    1    6    0    7    0    7    1 0.0000000000 0.0000000000 
    5    1    5    0    6    1    6    0    7    1    7    0 0.0000000000 -0.0000000000 
    5    1    5    0    6    1    6    0    7    1    7    1 0.0841615185 -0.0065714896 
    5    1    5    0    6    1    6    1    7    0    7    0 -0.0000000000 -0.0000000000 
    5    1    5    0    6    1    6    1    7    0    7    1 -0.0000000000 -0.0090815753 
    5    1    5    0    6    1    6    1    7    1    7    0 -0.0000000000 0.0090815753 
    5    1    5    0    6    1    6    1    7    1    7    1 -0.0000000000 -0.0000000000 
    5    1    5    1    6    0    6    0    7    0    7    0 0.1476991135 0.0000000000 
    5    1    5    1    6    0    6    0    7    0    7    1 -0.0000000000 0.0000000000 
    5    1    5    1    6    0    6    0    7    1    7    0 -0.0000000000 -0.0000000000 
    5    1    5    1    6    0    6    0    7    1    7    1 0.1023008865 0.0000000000 
    5    1    5    1    6    0    6    1    7    0    7    0 -0.0000000000 -0.0000000000 
    5    1    5    1    6    0    6    1    7    0    7    1 -0.0586469581 0.0065714896 
    5    1    5    1    6    0    6    1    7    1    7    0 -0.0586469581 -0.0065714896 
    5    1    5    1    6    0    6    1    7    1    7    1 0.0000000000 0.0000000000 
    5    1    5    1    6    1    6    0    7    0    7    0 -0.0000000000 0.0000000000 
    5    1    5    1    6    1    6    0    7    0    7    1 -0.0586469581 0.0065714896 
    5    1    5    1    6    1    6    0    7    1    7    0 -0.0586469581 -0.0065714896 
    5    1    5    1    6    1    6    0    7    1    7    1 0.0000000000 -0.0000000000 
    5    1    5    1    6    1    6    1    7    0    7    0 0.1476991135 0.0000000000 
    5    1    5    1    6    1    6    1    7    0    7    1 -0.0000000000 -0.0000000000 
    5    1    5    1    6    1    6    1    7    1    7    0 -0.0000000000 0.0000000000 
    5    1    5    1    6    1    6    1    7    1    7    1 0.1023008865 0.0000000000 
