    0    0    0    0    1    0    1    0    2    0    2    0 0.1250000000 0.0000000000 
    0    0    0    0    1    0    1    0    2    0    2    1 -0.0000000000 -0.0000000000 
    0    0    0    0    1    0    1    0    2    1    2    0 -0.0000000000 0.0000000000 
    0    0    0    0    1    0    1    0    2    1    2    1 0.1250000000 0.0000000000 
    0    0    0    0    1    0    1    1    2    0    2    0 0.0000000000 -0.0000000000 
    0    0    0    0    1    0    1    1    2    0    2    1 0.0721687836 0.0000000000 
    0    0    0    0    1    0    1    1    2    1    2    0 -0.0721687836 0.0000000000 
    0    0    0    0    1    0    1    1    2    1    2    1 0.0000000000 -0.0000000000 
    0    0    0    0    1    1    1    0    2    0    2    0 0.0000000000 0.0000000000 
    0    0    0    0    1    1    1    0    2    0    2    1 -0.0721687836 -0.0000000000 
    0    0    0    0    1    1    1    0    2    1    2    0 0.0721687836 -0.0000000000 
    0    0    0    0    1    1    1    0    2    1    2    1 0.0000000000 0.0000000000 
    0    0    0    0    1    1    1    1    2    0    2    0 0.1250000000 0.0000000000 
    0    0    0    0    1    1    1    1    2    0    2    1 -0.0000000000 0.0000000000 
    0    0    0    0    1    1    1    1    2    1    2    0 -0.0000000000 -0.0000000000 
    0    0    0    0    1    1    1    1    2    1    2    1 0.1250000000 0.0000000000 
    0    0    0    1    1    0    1    0    2    0    2    0 -0.0000000000 0.0000000000 
    0    0    0    1    1    0    1    0    2    0    2    1 0.0000000000 -0.0000000000 
    0    0    0    1    1    0    1    0    2    1    2    0 0.0000000000 -0.0000000000 
    0    0    0    1    1    0    1    0    2    1    2    1 -0.0000000000 0.0000000000 
    0    0    0    1    1    0    1    1    2    0    2    0 -0.0721687836 0.0000000000 
    0    0    0    1    1    0    1    1    2    0    2    1 0.0000000000 0.0000000000 
    0    0    0    1    1    0    1    1    2    1    2    0 0.0000000000 -0.0000000000 
    0    0    0    1    1    0    1    1    2    1    2    1 -0.0721687836 -0.0000000000 
    0    0    0    1    1    1    1    0    2    0    2    0 -0.0721687836 0.0000000000 
    0    0    0    1    1    1    1    0    2    0    2    1 0.0000000000 -0.0000000000 
    0    0    0    1    1    1    1    0    2    1    2    0 0.0000000000 0.0000000000 
    0    0    0    1    1    1    1    0    2    1    2    1 -0.0721687836 -0.0000000000 
    0    0    0    1    1    1    1    1    2    0    2    0 -0.0000000000 -0.0000000000 
    0    0    0    1    1    1    1    1    2    0    2    1 0.0000000000 0.0000000000 
    0    0    0    1    1    1    1    1    2    1    2    0 0.0000000000 0.0000000000 
    0    0    0    1    1    1    1    1    2    1    2    1 -0.0000000000 -0.0000000000 
    0    1    0    0    1    0    1    0    2    0    2    0 -0.0000000000 -0.0000000000 
    0    1    0    0    1    0    1    0    2    0    2    1 0.0000000000 0.0000000000 
    0    1    0    0    1    0    1    0    2    1    2    0 0.0000000000 0.0000000000 
    0    1    0    0    1    0    1    0    2    1    2    1 -0.0000000000 -0.0000000000 
    0    1    0    0    1    0    1    1    2    0    2    0 -0.0721687836 -0.0000000000 
    0    1    0    0    1    0    1    1    2    0    2    1 0.0000000000 -0.0000000000 
    0    1    0    0    1    0    1    1    2    1    2    0 0.0000000000 0.0000000000 
    0    1    0    0    1    0    1    1    2    1    2    1 -0.0721687836 0.0000000000 
    0    1    0    0    1    1    1    0    2    0    2    0 -0.0721687836 -0.0000000000 
    0    1    0    0    1    1    1    0    2    0    2    1 0.0000000000 0.0000000000 
    0    1    0    0    1    1    1    0    2    1    2    0 0.0000000000 -0.0000000000 
    0    1    0    0    1    1    1    0    2    1    2    1 -0.0721687836 0.0000000000 
    0    1    0    0    1    1    1    1    2    0    2    0 -0.0000000000 0.0000000000 
    0    1    0    0    1    1    1    1    2    0    2    1 0.0000000000 -0.0000000000 
    0    1    0    0    1    1    1    1    2    1    2    0 0.0000000000 -0.0000000000 
    0    1    0    0    1    1    1    1    2    1    2    1 -0.0000000000 0.0000000000 
    0    1    0    1    1    0    1    0    2    0    2    0 0.1250000000 0.0000000000 
    0    1    0    1    1    0    1    0    2    0    2    1 -0.0000000000 -0.0000000000 
    0    1    0    1    1    0    1    0    2    1    2    0 -0.0000000000 0.0000000000 
    0    1    0    1    1    0    1    0    2    1    2    1 0.1250000000 0.0000000000 
    0    1    0    1    1    0    1    1    2    0    2    0 0.0000000000 0.0000000000 
    0    1    0    1    1    0    1    1    2    0    2    1 0.0721687836 -0.0000000000 
    0    1    0    1    1    0    1    1    2    1    2    0 -0.0721687836 -0.0000000000 
    0    1    0    1    1    0    1    1    2    1    2    1 0.0000000000 0.0000000000 
    0    1    0    1    1    1    1    0    2    0    2    0 0.0000000000 -0.0000000000 
    0    1    0    1    1    1    1    0    2    0    2    1 -0.0721687836 0.0000000000 
    0    1    0    1    1    1    1    0    2    1    2    0 0.0721687836 0.0000000000 
    0    1    0    1    1    1    1    0    2    1    2    1 0.0000000000 -0.0000000000 
    0    1    0    1    1    1    1    1    2    0    2    0 0.1250000000 0.0000000000 
    0    1    0    1    1    1    1    1    2    0    2    1 -0.0000000000 -0.0000000000 
    0    1    0    1    1    1    1    1    2    1    2    0 -0.0000000000 0.0000000000 
    0    1    0    1    1    1    1    1    2    1    2    1 0.1250000000 0.0000000000 
    0    0    0    0    1    0    1    0    3    0    3    0 0.1250000000 0.0000000000 
    0    0    0    0    1    0    1    0    3    0    3    1 0.0000000000 -0.0000000000 
    0    0    0    0    1    0    1    0    3    1    3    0 0.0000000000 0.0000000000 
    0    0    0    0    1    0    1    0    3    1    3    1 0.1250000000 0.0000000000 
    0    0    0    0    1    0    1    1    3    0    3    0 0.0000000000 -0.0000000000 
    0    0    0    0    1    0    1    1    3    0    3    1 0.0000000000 -0.0000000000 
    0    0    0    0    1    0    1    1    3    1    3    0 0.0000000000 -0.0000000000 
    0    0    0    0    1    0    1    1    3    1    3    1 0.0000000000 -0.0000000000 
    0    0    0    0    1    1    1    0    3    0    3    0 0.0000000000 0.0000000000 
    0    0    0    0    1    1    1    0    3    0    3    1 0.0000000000 0.0000000000 
    0    0    0    0    1    1    1    0    3    1    3    0 0.0000000000 0.0000000000 
    0    0    0    0    1    1    1    0    3    1    3    1 0.0000000000 0.0000000000 
    0    0    0    0    1    1    1    1    3    0    3    0 0.1250000000 0.0000000000 
    0    0    0    0    1    1    1    1    3    0    3    1 0.0000000000 -0.0000000000 
    0    0    0    0    1    1    1    1    3    1    3    0 0.0000000000 0.0000000000 
    0    0    0    0    1    1    1    1    3    1    3    1 0.1250000000 0.0000000000 
    0    0    0    1    1    0    1    0    3    0    3    0 -0.0000000000 0.0000000000 
    0    0    0    1    1    0    1    0    3    0    3    1 0.0721687836 0.0000000000 
    0    0    0    1    1    0    1    0    3    1    3    0 -0.0721687836 0.0000000000 
    0    0    0    1    1    0    1    0    3    1    3    1 -0.0000000000 0.0000000000 
    0    0    0    1    1    0    1    1    3    0    3    0 -0.0721687836 0.0000000000 
    0    0    0    1    1    0    1    1    3    0    3    1 -0.0000000000 0.0000000000 
    0    0    0    1    1    0    1    1    3    1    3    0 -0.0000000000 -0.0000000000 
    0    0    0    1    1    0    1    1    3    1    3    1 -0.0721687836 -0.0000000000 
    0    0    0    1    1    1    1    0    3    0    3    0 -0.0721687836 -0.0000000000 
    0    0    0    1    1    1    1    0    3    0    3    1 -0.0000000000 0.0000000000 
    0    0    0    1    1    1    1    0    3    1    3    0 -0.0000000000 -0.0000000000 
    0    0    0    1    1    1    1    0    3    1    3    1 -0.0721687836 0.0000000000 
    0    0    0    1    1    1    1    1    3    0    3    0 -0.0000000000 -0.0000000000 
    0    0    0    1    1    1    1    1    3    0    3    1 0.0721687836 -0.0000000000 
    0    0    0    1    1    1    1    1    3    1    3    0 -0.0721687836 -0.0000000000 
    0    0    0    1    1    1    1    1    3    1    3    1 -0.0000000000 -0.0000000000 
    0    1    0    0    1    0    1    0    3    0    3    0 -0.0000000000 -0.0000000000 
    0    1    0    0    1    0    1    0    3    0    3    1 -0.0721687836 -0.0000000000 
    0    1    0    0    1    0    1    0    3    1    3    0 0.0721687836 -0.0000000000 
    0    1    0    0    1    0    1    0    3    1    3    1 -0.0000000000 -0.0000000000 
    0    1    0    0    1    0    1    1    3    0    3    0 -0.0721687836 0.0000000000 
    0    1    0    0    1    0    1    1    3    0    3    1 -0.0000000000 0.0000000000 
    0    1    0    0    1    0    1    1    3    1    3    0 -0.0000000000 -0.0000000000 
    0    1    0    0    1    0    1    1    3    1    3    1 -0.0721687836 -0.0000000000 
    0    1    0    0    1    1    1    0    3    0    3    0 -0.0721687836 -0.0000000000 
    0    1    0    0    1    1    1    0    3    0    3    1 -0.0000000000 0.0000000000 
    0    1    0    0    1    1    1    0    3    1    3    0 -0.0000000000 -0.0000000000 
    0    1    0    0    1    1    1    0    3    1    3    1 -0.0721687836 0.0000000000 
    0    1    0    0    1    1    1    1    3    0    3    0 -0.0000000000 0.0000000000 
    0    1    0    0    1    1    1    1    3    0    3    1 -0.0721687836 0.0000000000 
    0    1    0    0    1    1    1    1    3    1    3    0 0.0721687836 0.0000000000 
    0    1    0    0    1    1    1    1    3    1    3    1 -0.0000000000 0.0000000000 
    0    1    0    1    1    0    1    0    3    0    3    0 0.1250000000 0.0000000000 
    0    1    0    1    1    0    1    0    3    0    3    1 0.0000000000 -0.0000000000 
    0    1    0    1    1    0    1    0    3    1    3    0 0.0000000000 0.0000000000 
    0    1    0    1    1    0    1    0    3    1    3    1 0.1250000000 0.0000000000 
    0    1    0    1    1    0    1    1    3    0    3    0 0.0000000000 0.0000000000 
    0    1    0    1    1    0    1    1    3    0    3    1 0.0000000000 0.0000000000 
    0    1    0    1    1    0    1    1    3    1    3    0 0.0000000000 0.0000000000 
    0    1    0    1    1    0    1    1    3    1    3    1 0.0000000000 0.0000000000 
    0    1    0    1    1    1    1    0    3    0    3    0 0.0000000000 -0.0000000000 
    0    1    0    1    1    1    1    0    3    0    3    1 0.0000000000 -0.0000000000 
    0    1    0    1    1    1    1    0    3    1    3    0 0.0000000000 -0.0000000000 
    0    1    0    1    1    1    1    0    3    1    3    1 0.0000000000 -0.0000000000 
    0    1    0    1    1    1    1    1    3    0    3    0 0.1250000000 0.0000000000 
    0    1    0    1    1    1    1    1    3    0    3    1 0.0000000000 -0.0000000000 
    0    1    0    1    1    1    1    1    3    1    3    0 0.0000000000 0.0000000000 
    0    1    0    1    1    1    1    1    3    1    3    1 0.1250000000 0.0000000000 
    0    0    0    0    1    0    1    0    4    0    4    0 0.0528312164 0.0000000000 
    0    0    0    0    1    0    1    0    4    0    4    1 -0.0000000000 -0.0000000000 
    0    0    0    0    1    0    1    0    4    1    4    0 -0.0000000000 0.0000000000 
    0    0    0    0    1    0    1    0    4    1    4    1 0.1971687836 0.0000000000 
    0    0    0    0    1    0    1    1    4    0    4    0 0.0000000000 -0.0000000000 
    0    0    0    0    1    0    1    1    4    0    4    1 0.0000000000 0.0000000000 
    0    0    0    0    1    0    1    1    4    1    4    0 -0.0000000000 0.0000000000 
    0    0    0    0    1    0    1    1    4    1    4    1 0.0000000000 -0.0000000000 
    0    0    0    0    1    1    1    0    4    0    4    0 0.0000000000 0.0000000000 
    0    0    0    0    1    1    1    0    4    0    4    1 -0.0000000000 -0.0000000000 
    0    0    0    0    1    1    1    0    4    1    4    0 0.0000000000 -0.0000000000 
    0    0    0    0    1    1    1    0    4    1    4    1 0.0000000000 0.0000000000 
    0    0    0    0    1    1    1    1    4    0    4    0 0.1971687836 0.0000000000 
    0    0    0    0    1    1    1    1    4    0    4    1 -0.0000000000 0.0000000000 
    0    0    0    0    1    1    1    1    4    1    4    0 -0.0000000000 -0.0000000000 
    0    0    0    0    1    1    1    1    4    1    4    1 0.0528312164 0.0000000000 
    0    0    0    1    1    0    1    0    4    0    4    0 -0.0000000000 0.0000000000 
    0    0    0    1    1    0    1    0    4    0    4    1 0.0000000000 -0.0000000000 
    0    0    0    1    1    0    1    0    4    1    4    0 0.0000000000 -0.0000000000 
    0    0    0    1    1    0    1    0    4    1    4    1 -0.0000000000 0.0000000000 
    0    0    0    1    1    0    1    1    4    0    4    0 -0.0721687836 0.0000000000 
    0    0    0    1    1    0    1    1    4    0    4    1 0.0000000000 0.0000000000 
    0    0    0    1    1    0    1    1    4    1    4    0 0.0000000000 -0.0000000000 
    0    0    0    1    1    0    1    1    4    1    4    1 -0.0721687836 0.0000000000 
    0    0    0    1    1    1    1    0    4    0    4    0 -0.0721687836 0.0000000000 
    0    0    0    1    1    1    1    0    4    0    4    1 -0.0000000000 -0.0000000000 
    0    0    0    1    1    1    1    0    4    1    4    0 0.0000000000 0.0000000000 
    0    0    0    1    1    1    1    0    4    1    4    1 -0.0721687836 -0.0000000000 
    0    0    0    1    1    1    1    1    4    0    4    0 -0.0000000000 -0.0000000000 
    0    0    0    1    1    1    1    1    4    0    4    1 0.0000000000 0.0000000000 
    0    0    0    1    1    1    1    1    4    1    4    0 0.0000000000 -0.0000000000 
    0    0    0    1    1    1    1    1    4    1    4    1 -0.0000000000 -0.0000000000 
    0    1    0    0    1    0    1    0    4    0    4    0 -0.0000000000 -0.0000000000 
    0    1    0    0    1    0    1    0    4    0    4    1 0.0000000000 0.0000000000 
    0    1    0    0    1    0    1    0    4    1    4    0 0.0000000000 0.0000000000 
    0    1    0    0    1    0    1    0    4    1    4    1 -0.0000000000 -0.0000000000 
    0    1    0    0    1    0    1    1    4    0    4    0 -0.0721687836 -0.0000000000 
    0    1    0    0    1    0    1    1    4    0    4    1 0.0000000000 -0.0000000000 
    0    1    0    0    1    0    1    1    4    1    4    0 -0.0000000000 0.0000000000 
    0    1    0    0    1    0    1    1    4    1    4    1 -0.0721687836 0.0000000000 
    0    1    0    0    1    1    1    0    4    0    4    0 -0.0721687836 -0.0000000000 
    0    1    0    0    1    1    1    0    4    0    4    1 0.0000000000 0.0000000000 
    0    1    0    0    1    1    1    0    4    1    4    0 0.0000000000 -0.0000000000 
    0    1    0    0    1    1    1    0    4    1    4    1 -0.0721687836 -0.0000000000 
    0    1    0    0    1    1    1    1    4    0    4    0 -0.0000000000 0.0000000000 
    0    1    0    0    1    1    1    1    4    0    4    1 0.0000000000 0.0000000000 
    0    1    0    0    1    1    1    1    4    1    4    0 0.0000000000 -0.0000000000 
    0    1    0    0    1    1    1    1    4    1    4    1 -0.0000000000 0.0000000000 
    0    1    0    1    1    0    1    0    4    0    4    0 0.0528312164 0.0000000000 
    0    1    0    1    1    0    1    0    4    0    4    1 -0.0000000000 0.0000000000 
    0    1    0    1    1    0    1    0    4    1    4    0 -0.0000000000 -0.0000000000 
    0    1    0    1    1    0    1    0    4    1    4    1 0.1971687836 0.0000000000 
    0    1    0    1    1    0    1    1    4    0    4    0 0.0000000000 0.0000000000 
    0    1    0    1    1    0    1    1    4    0    4    1 -0.0000000000 -0.0000000000 
    0    1    0    1    1    0    1    1    4    1    4    0 -0.0000000000 -0.0000000000 
    0    1    0    1    1    0    1    1    4    1    4    1 0.0000000000 0.0000000000 
    0    1    0    1    1    1    1    0    4    0    4    0 0.0000000000 -0.0000000000 
    0    1    0    1    1    1    1    0    4    0    4    1 -0.0000000000 0.0000000000 
    0    1    0    1    1    1    1    0    4    1    4    0 -0.0000000000 0.0000000000 
    0    1    0    1    1    1    1    0    4    1    4    1 0.0000000000 -0.0000000000 
    0    1    0    1    1    1    1    1    4    0    4    0 0.1971687836 0.0000000000 
    0    1    0    1    1    1    1    1    4    0    4    1 -0.0000000000 -0.0000000000 
    0    1    0    1    1    1    1    1    4    1    4    0 -0.0000000000 0.0000000000 
    0    1    0    1    1    1    1    1    4    1    4    1 0.0528312164 0.0000000000 
    0    0    0    0    1    0    1    0    5    0    5    0 0.0528312164 0.0000000000 
    0    0    0    0    1    0    1    0    5    0    5    1 0.0000000000 -0.0000000000 
    0    0    0    0    1    0    1    0    5    1    5    0 0.0000000000 0.0000000000 
    0    0    0    0    1    0    1    0    5    1    5    1 0.1971687836 0.0000000000 
    0    0    0    0    1    0    1    1    5    0    5    0 0.0000000000 -0.0000000000 
    0    0    0    0    1    0    1    1    5    0    5    1 0.0000000000 -0.0000000000 
    0    0    0    0    1    0    1    1    5    1    5    0 0.0000000000 -0.0000000000 
    0    0    0    0    1    0    1    1    5    1    5    1 0.0000000000 -0.0000000000 
    0    0    0    0    1    1    1    0    5    0    5    0 0.0000000000 0.0000000000 
    0    0    0    0    1    1    1    0    5    0    5    1 0.0000000000 0.0000000000 
    0    0    0    0    1    1    1    0    5    1    5    0 0.0000000000 0.0000000000 
    0    0    0    0    1    1    1    0    5    1    5    1 0.0000000000 0.0000000000 
    0    0    0    0    1    1    1    1    5    0    5    0 0.0528312164 0.0000000000 
    0    0    0    0    1    1    1    1    5    0    5    1 0.0000000000 -0.0000000000 
    0    0    0    0    1    1    1    1    5    1    5    0 0.0000000000 0.0000000000 
    0    0    0    0    1    1    1    1    5    1    5    1 0.1971687836 0.0000000000 
    0    0    0    1    1    0    1    0    5    0    5    0 -0.0000000000 0.0000000000 
    0    0    0    1    1    0    1    0    5    0    5    1 -0.0000000000 0.0000000000 
    0    0    0    1    1    0    1    0    5    1    5    0 -0.0000000000 0.0000000000 
    0    0    0    1    1    0    1    0    5    1    5    1 -0.0000000000 0.0000000000 
    0    0    0    1    1    0    1    1    5    0    5    0 -0.0721687836 0.0000000000 
    0    0    0    1    1    0    1    1    5    0    5    1 -0.0000000000 0.0000000000 
    0    0    0    1    1    0    1    1    5    1    5    0 -0.0000000000 0.0000000000 
    0    0    0    1    1    0    1    1    5    1    5    1 -0.0721687836 0.0000000000 
    0    0    0    1    1    1    1    0    5    0    5    0 -0.0721687836 -0.0000000000 
    0    0    0    1    1    1    1    0    5    0    5    1 0.0000000000 0.0000000000 
    0    0    0    1    1    1    1    0    5    1    5    0 0.0000000000 -0.0000000000 
    0    0    0    1    1    1    1    0    5    1    5    1 -0.0721687836 0.0000000000 
    0    0    0    1    1    1    1    1    5    0    5    0 -0.0000000000 -0.0000000000 
    0    0    0    1    1    1    1    1    5    0    5    1 0.0000000000 -0.0000000000 
    0    0    0    1    1    1    1    1    5    1    5    0 -0.0000000000 -0.0000000000 
    0    0    0    1    1    1    1    1    5    1    5    1 -0.0000000000 -0.0000000000 
    0    1    0    0    1    0    1    0    5    0    5    0 -0.0000000000 -0.0000000000 
    0    1    0    0    1    0    1    0    5    0    5    1 -0.0000000000 -0.0000000000 
    0    1    0    0    1    0    1    0    5    1    5    0 -0.0000000000 -0.0000000000 
    0    1    0    0    1    0    1    0    5    1    5    1 -0.0000000000 -0.0000000000 
    0    1    0    0    1    0    1    1    5    0    5    0 -0.0721687836 0.0000000000 
    0    1    0    0    1    0    1    1    5    0    5    1 0.0000000000 0.0000000000 
    0    1    0    0    1    0    1    1    5    1    5    0 0.0000000000 -0.0000000000 
    0    1    0    0    1    0    1    1    5    1    5    1 -0.0721687836 -0.0000000000 
    0    1    0    0    1    1    1    0    5    0    5    0 -0.0721687836 -0.0000000000 
    0    1    0    0    1    1    1    0    5    0    5    1 -0.0000000000 -0.0000000000 
    0    1    0    0    1    1    1    0    5    1    5    0 -0.0000000000 -0.0000000000 
    0    1    0    0    1    1    1    0    5    1    5    1 -0.0721687836 -0.0000000000 
    0    1    0    0    1    1    1    1    5    0    5    0 -0.0000000000 0.0000000000 
    0    1    0    0    1    1    1    1    5    0    5    1 -0.0000000000 0.0000000000 
    0    1    0    0    1    1    1    1    5    1    5    0 0.0000000000 0.0000000000 
    0    1    0    0    1    1    1    1    5    1    5    1 -0.0000000000 0.0000000000 
    0    1    0    1    1    0    1    0    5    0    5    0 0.1971687836 0.0000000000 
    0    1    0    1    1    0    1    0    5    0    5    1 -0.0000000000 -0.0000000000 
    0    1    0    1    1    0    1    0    5    1    5    0 -0.0000000000 0.0000000000 
    0    1    0    1    1    0    1    0    5    1    5    1 0.0528312164 0.0000000000 
    0    1    0    1    1    0    1    1    5    0    5    0 0.0000000000 0.0000000000 
    0    1    0    1    1    0    1    1    5    0    5    1 0.0000000000 0.0000000000 
    0    1    0    1    1    0    1    1    5    1    5    0 0.0000000000 0.0000000000 
    0    1    0    1    1    0    1    1    5    1    5    1 0.0000000000 0.0000000000 
    0    1    0    1    1    1    1    0    5    0    5    0 0.0000000000 -0.0000000000 
    0    1    0    1    1    1    1    0    5    0    5    1 0.0000000000 -0.0000000000 
    0    1    0    1    1    1    1    0    5    1    5    0 0.0000000000 -0.0000000000 
    0    1    0    1    1    1    1    0    5    1    5    1 0.0000000000 -0.0000000000 
    0    1    0    1    1    1    1    1    5    0    5    0 0.1971687836 0.0000000000 
    0    1    0    1    1    1    1    1    5    0    5    1 0.0000000000 -0.0000000000 
    0    1    0    1    1    1    1    1    5    1    5    0 0.0000000000 0.0000000000 
    0    1    0    1    1    1    1    1    5    1    5    1 0.0528312164 0.0000000000 
    0    0    0    0    1    0    1    0    6    0    6    0 0.1250000000 0.0000000000 
    0    0    0    0    1    0    1    0    6    0    6    1 -0.0000000000 0.0000000000 
    0    0    0    0    1    0    1    0    6    1    6    0 -0.0000000000 -0.0000000000 
    0    0    0    0    1    0    1    0    6    1    6    1 0.1250000000 0.0000000000 
    0    0    0    0    1    0    1    1    6    0    6    0 0.0000000000 -0.0000000000 
    0    0    0    0    1    0    1    1    6    0    6    1 -0.0000000000 0.0000000000 
    0    0    0    0    1    0    1    1    6    1    6    0 0.0000000000 -0.0000000000 
    0    0    0    0    1    0    1    1    6    1    6    1 0.0000000000 -0.0000000000 
    0    0    0    0    1    1    1    0    6    0    6    0 0.0000000000 0.0000000000 
    0    0    0    0    1    1    1    0    6    0    6    1 0.0000000000 0.0000000000 
    0    0    0    0    1    1    1    0    6    1    6    0 -0.0000000000 -0.0000000000 
    0    0    0    0    1    1    1    0    6    1    6    1 0.0000000000 0.0000000000 
    0    0    0    0    1    1    1    1    6    0    6    0 0.1250000000 0.0000000000 
    0    0    0    0    1    1    1    1    6    0    6    1 0.0000000000 0.0000000000 
    0    0    0    0    1    1    1    1    6    1    6    0 0.0000000000 -0.0000000000 
    0    0    0    0    1    1    1    1    6    1    6    1 0.1250000000 0.0000000000 
    0    0    0    1    1    0    1    0    6    0    6    0 -0.0000000000 0.0000000000 
    0    0    0    1    1    0    1    0    6    0    6    1 -0.0000000000 0.0000000000 
    0    0    0    1    1    0    1    0    6    1    6    0 0.0000000000 -0.0000000000 
    0    0    0    1    1    0    1    0    6    1    6    1 -0.0000000000 0.0000000000 
    0    0    0    1    1    0    1    1    6    0    6    0 -0.0721687836 -0.0000000000 
    0    0    0    1    1    0    1    1    6    0    6    1 0.0000000000 0.0000000000 
    0    0    0    1    1    0    1    1    6    1    6    0 0.0000000000 0.0000000000 
    0    0    0    1    1    0    1    1    6    1    6    1 -0.0721687836 0.0000000000 
    0    0    0    1    1    1    1    0    6    0    6    0 -0.0721687836 0.0000000000 
    0    0    0    1    1    1    1    0    6    0    6    1 -0.0000000000 -0.0000000000 
    0    0    0    1    1    1    1    0    6    1    6    0 -0.0000000000 0.0000000000 
    0    0    0    1    1    1    1    0    6    1    6    1 -0.0721687836 -0.0000000000 
    0    0    0    1    1    1    1    1    6    0    6    0 -0.0000000000 -0.0000000000 
    0    0    0    1    1    1    1    1    6    0    6    1 -0.0000000000 0.0000000000 
    0    0    0    1    1    1    1    1    6    1    6    0 0.0000000000 0.0000000000 
    0    0    0    1    1    1    1    1    6    1    6    1 -0.0000000000 -0.0000000000 
    0    1    0    0    1    0    1    0    6    0    6    0 -0.0000000000 -0.0000000000 
    0    1    0    0    1    0    1    0    6    0    6    1 0.0000000000 0.0000000000 
    0    1    0    0    1    0    1    0    6    1    6    0 -0.0000000000 -0.0000000000 
    0    1    0    0    1    0    1    0    6    1    6    1 -0.0000000000 -0.0000000000 
    0    1    0    0    1    0    1    1    6    0    6    0 -0.0721687836 -0.0000000000 
    0    1    0    0    1    0    1    1    6    0    6    1 -0.0000000000 -0.0000000000 
    0    1    0    0    1    0    1    1    6    1    6    0 -0.0000000000 0.0000000000 
    0    1    0    0    1    0    1    1    6    1    6    1 -0.0721687836 0.0000000000 
    0    1    0    0    1    1    1    0    6    0    6    0 -0.0721687836 0.0000000000 
    0    1    0    0    1    1    1    0    6    0    6    1 0.0000000000 -0.0000000000 
    0    1    0    0    1    1    1    0    6    1    6    0 0.0000000000 -0.0000000000 
    0    1    0    0    1    1    1    0    6    1    6    1 -0.0721687836 -0.0000000000 
    0    1    0    0    1    1    1    1    6    0    6    0 -0.0000000000 0.0000000000 
    0    1    0    0    1    1    1    1    6    0    6    1 0.0000000000 -0.0000000000 
    0    1    0    0    1    1    1    1    6    1    6    0 -0.0000000000 -0.0000000000 
    0    1    0    0    1    1    1    1    6    1    6    1 -0.0000000000 0.0000000000 
    0    1    0    1    1    0    1    0    6    0    6    0 0.1250000000 0.0000000000 
    0    1    0    1    1    0    1    0    6    0    6    1 0.0000000000 0.0000000000 
    0    1    0    1    1    0    1    0    6    1    6    0 0.0000000000 -0.0000000000 
    0    1    0    1    1    0    1    0    6    1    6    1 0.1250000000 0.0000000000 
    0    1    0    1    1    0    1    1    6    0    6    0 0.0000000000 0.0000000000 
    0    1    0    1    1    0    1    1    6    0    6    1 -0.0000000000 -0.0000000000 
    0    1    0    1    1    0    1    1    6    1    6    0 -0.0000000000 0.0000000000 
    0    1    0    1    1    0    1    1    6    1    6    1 0.0000000000 0.0000000000 
    0    1    0    1    1    1    1    0    6    0    6    0 0.0000000000 -0.0000000000 
    0    1    0    1    1    1    1    0    6    0    6    1 -0.0000000000 -0.0000000000 
    0    1    0    1    1    1    1    0    6    1    6    0 -0.0000000000 0.0000000000 
    0    1    0    1    1    1    1    0    6    1    6    1 0.0000000000 -0.0000000000 
    0    1    0    1    1    1    1    1    6    0    6    0 0.1250000000 0.0000000000 
    0    1    0    1    1    1    1    1    6    0    6    1 -0.0000000000 0.0000000000 
    0    1    0    1    1    1    1    1    6    1    6    0 -0.0000000000 -0.0000000000 
    0    1    0    1    1    1    1    1    6    1    6    1 0.1250000000 0.0000000000 
    0    0    0    0    1    0    1    0    7    0    7    0 0.1250000000 0.0000000000 
    0    0    0    0    1    0    1    0    7    0    7    1 0.0000000000 0.0000000000 
    0    0    0    0    1    0    1    0    7    1    7    0 0.0000000000 -0.0000000000 
    0    0    0    0    1    0    1    0    7    1    7    1 0.1250000000 0.0000000000 
    0    0    0    0    1    0    1    1    7    0    7    0 0.0000000000 -0.0000000000 
    0    0    0    0    1    0    1    1    7    0    7    1 -0.0000000000 0.0000000000 
    0    0    0    0    1    0    1    1    7    1    7    0 0.0000000000 0.0000000000 
    0    0    0    0    1    0    1    1    7    1    7    1 0.0000000000 -0.0000000000 
    0    0    0    0    1    1    1    0    7    0    7    0 0.0000000000 0.0000000000 
    0    0    0    0    1    1    1    0    7    0    7    1 0.0000000000 -0.0000000000 
    0    0    0    0    1    1    1    0    7    1    7    0 -0.0000000000 -0.0000000000 
    0    0    0    0    1    1    1    0    7    1    7    1 0.0000000000 0.0000000000 
    0    0    0    0    1    1    1    1    7    0    7    0 0.1250000000 0.0000000000 
    0    0    0    0    1    1    1    1    7    0    7    1 -0.0000000000 -0.0000000000 
    0    0    0    0    1    1    1    1    7    1    7    0 -0.0000000000 0.0000000000 
    0    0    0    0    1    1    1    1    7    1    7    1 0.1250000000 0.0000000000 
    0    0    0    1    1    0    1    0    7    0    7    0 -0.0000000000 0.0000000000 
    0    0    0    1    1    0    1    0    7    0    7    1 -0.0000000000 0.0000000000 
    0    0    0    1    1    0    1    0    7    1    7    0 -0.0000000000 -0.0000000000 
    0    0    0    1    1    0    1    0    7    1    7    1 -0.0000000000 0.0000000000 
    0    0    0    1    1    0    1    1    7    0    7    0 -0.0721687836 -0.0000000000 
    0    0    0    1    1    0    1    1    7    0    7    1 -0.0000000000 -0.0000000000 
    0    0    0    1    1    0    1    1    7    1    7    0 -0.0000000000 0.0000000000 
    0    0    0    1    1    0    1    1    7    1    7    1 -0.0721687836 0.0000000000 
    0    0    0    1    1    1    1    0    7    0    7    0 -0.0721687836 -0.0000000000 
    0    0    0    1    1    1    1    0    7    0    7    1 0.0000000000 0.0000000000 
    0    0    0    1    1    1    1    0    7    1    7    0 0.0000000000 -0.0000000000 
    0    0    0    1    1    1    1    0    7    1    7    1 -0.0721687836 -0.0000000000 
    0    0    0    1    1    1    1    1    7    0    7    0 -0.0000000000 -0.0000000000 
    0    0    0    1    1    1    1    1    7    0    7    1 -0.0000000000 -0.0000000000 
    0    0    0    1    1    1    1    1    7    1    7    0 0.0000000000 0.0000000000 
    0    0    0    1    1    1    1    1    7    1    7    1 -0.0000000000 -0.0000000000 
    0    1    0    0    1    0    1    0    7    0    7    0 -0.0000000000 -0.0000000000 
    0    1    0    0    1    0    1    0    7    0    7    1 -0.0000000000 0.0000000000 
    0    1    0    0    1    0    1    0    7    1    7    0 -0.0000000000 -0.0000000000 
    0    1    0    0    1    0    1    0    7    1    7    1 -0.0000000000 -0.0000000000 
    0    1    0    0    1    0    1    1    7    0    7    0 -0.0721687836 0.0000000000 
    0    1    0    0    1    0    1    1    7    0    7    1 0.0000000000 0.0000000000 
    0    1    0    0    1    0    1    1    7    1    7    0 0.0000000000 -0.0000000000 
    0    1    0    0    1    0    1    1    7    1    7    1 -0.0721687836 0.0000000000 
    0    1    0    0    1    1    1    0    7    0    7    0 -0.0721687836 0.0000000000 
    0    1    0    0    1    1    1    0    7    0    7    1 -0.0000000000 -0.0000000000 
    0    1    0    0    1    1    1    0    7    1    7    0 -0.0000000000 0.0000000000 
    0    1    0    0    1    1    1    0    7    1    7    1 -0.0721687836 -0.0000000000 
    0    1    0    0    1    1    1    1    7    0    7    0 -0.0000000000 0.0000000000 
    0    1    0    0    1    1    1    1    7    0    7    1 0.0000000000 -0.0000000000 
    0    1    0    0    1    1    1    1    7    1    7    0 -0.0000000000 0.0000000000 
    0    1    0    0    1    1    1    1    7    1    7    1 -0.0000000000 0.0000000000 
    0    1    0    1    1    0    1    0    7    0    7    0 0.1250000000 0.0000000000 
    0    1    0    1    1    0    1    0    7    0    7    1 -0.0000000000 -0.0000000000 
    0    1    0    1    1    0    1    0    7    1    7    0 -0.0000000000 0.0000000000 
    0    1    0    1    1    0    1    0    7    1    7    1 0.1250000000 0.0000000000 
    0    1    0    1    1    0    1    1    7    0    7    0 0.0000000000 0.0000000000 
    0    1    0    1    1    0    1    1    7    0    7    1 -0.0000000000 0.0000000000 
    0    1    0    1    1    0    1    1    7    1    7    0 0.0000000000 0.0000000000 
    0    1    0    1    1    0    1    1    7    1    7    1 0.0000000000 0.0000000000 
    0    1    0    1    1    1    1    0    7    0    7    0 0.0000000000 -0.0000000000 
    0    1    0    1    1    1    1    0    7    0    7    1 0.0000000000 -0.0000000000 
    0    1    0    1    1    1    1    0    7    1    7    0 -0.0000000000 -0.0000000000 
    0    1    0    1    1    1    1    0    7    1    7    1 0.0000000000 -0.0000000000 
    0    1    0    1    1    1    1    1    7    0    7    0 0.1250000000 0.0000000000 
    0    1    0    1    1    1    1    1    7    0    7    1 0.0000000000 0.0000000000 
    0    1    0    1    1    1    1    1    7    1    7    0 0.0000000000 -0.0000000000 
    0    1    0    1    1    1    1    1    7    1    7    1 0.1250000000 0.0000000000 
    0    0    0    0    2    0    2    0    3    0    3    0 0.1250000000 0.0000000000 
    0    0    0    0    2    0    2    0    3    0    3    1 0.0000000000 -0.0000000000 
    0    0    0    0    2    0    2    0    3    1    3    0 0.0000000000 0.0000000000 
    0    0    0    0    2    0    2    0    3    1    3    1 0.1250000000 0.0000000000 
    0    0    0    0    2    0    2    1    3    0    3    0 -0.0000000000 -0.0000000000 
    0    0    0    0    2    0    2    1    3    0    3    1 -0.0721687836 0.0000000000 
    0    0    0    0    2    0    2    1    3    1    3    0 -0.0721687836 0.0000000000 
    0    0    0    0    2    0    2    1    3    1    3    1 -0.0000000000 0.0000000000 
    0    0    0    0    2    1    2    0    3    0    3    0 -0.0000000000 0.0000000000 
    0    0    0    0    2    1    2    0    3    0    3    1 -0.0721687836 -0.0000000000 
    0    0    0    0    2    1    2    0    3    1    3    0 -0.0721687836 -0.0000000000 
    0    0    0    0    2    1    2    0    3    1    3    1 -0.0000000000 -0.0000000000 
    0    0    0    0    2    1    2    1    3    0    3    0 0.1250000000 0.0000000000 
    0    0    0    0    2    1    2    1    3    0    3    1 0.0000000000 -0.0000000000 
    0    0    0    0    2    1    2    1    3    1    3    0 0.0000000000 0.0000000000 
    0    0    0    0    2    1    2    1    3    1    3    1 0.1250000000 0.0000000000 
    0    0    0    1    2    0    2    0    3    0    3    0 -0.0000000000 0.0000000000 
    0    0    0    1    2    0    2    0    3    0    3    1 0.0721687836 0.0000000000 
    0    0    0    1    2    0    2    0    3    1    3    0 -0.0721687836 -0.0000000000 
    0    0    0    1    2    0    2    0    3    1    3    1 -0.0000000000 -0.0000000000 
    0    0    0    1    2    0    2    1    3    0    3    0 0.0000000000 -0.0000000000 
    0    0    0    1    2    0    2    1    3    0    3    1 0.0000000000 -0.0000000000 
    0    0    0    1    2    0    2    1    3    1    3    0 0.0000000000 0.0000000000 
    0    0    0    1    2    0    2    1    3    1    3    1 0.0000000000 0.0000000000 
    0    0    0    1    2    1    2    0    3    0    3    0 0.0000000000 0.0000000000 
    0    0    0    1    2    1    2    0    3    0    3    1 0.0000000000 -0.0000000000 
    0    0    0    1    2    1    2    0    3    1    3    0 0.0000000000 -0.0000000000 
    0    0    0    1    2    1    2    0    3    1    3    1 0.0000000000 -0.0000000000 
    0    0    0    1    2    1    2    1    3    0    3    0 -0.0000000000 0.0000000000 
    0    0    0    1    2    1    2    1    3    0    3    1 0.0721687836 -0.0000000000 
    0    0    0    1    2    1    2    1    3    1    3    0 -0.0721687836 0.0000000000 
    0    0    0    1    2    1    2    1    3    1    3    1 -0.0000000000 0.0000000000 
    0    1    0    0    2    0    2    0    3    0    3    0 -0.0000000000 -0.0000000000 
    0    1    0    0    2    0    2    0    3    0    3    1 -0.0721687836 0.0000000000 
    0    1    0    0    2    0    2    0    3    1    3    0 0.0721687836 -0.0000000000 
    0    1    0    0    2    0    2    0    3    1    3    1 -0.0000000000 0.0000000000 
    0    1    0    0    2    0    2    1    3    0    3    0 0.0000000000 -0.0000000000 
    0    1    0    0    2    0    2    1    3    0    3    1 0.0000000000 0.0000000000 
    0    1    0    0    2    0    2    1    3    1    3    0 0.0000000000 0.0000000000 
    0    1    0    0    2    0    2    1    3    1    3    1 0.0000000000 0.0000000000 
    0    1    0    0    2    1    2    0    3    0    3    0 0.0000000000 0.0000000000 
    0    1    0    0    2    1    2    0    3    0    3    1 0.0000000000 -0.0000000000 
    0    1    0    0    2    1    2    0    3    1    3    0 0.0000000000 0.0000000000 
    0    1    0    0    2    1    2    0    3    1    3    1 0.0000000000 -0.0000000000 
    0    1    0    0    2    1    2    1    3    0    3    0 -0.0000000000 -0.0000000000 
    0    1    0    0    2    1    2    1    3    0    3    1 -0.0721687836 -0.0000000000 
    0    1    0    0    2    1    2    1    3    1    3    0 0.0721687836 0.0000000000 
    0    1    0    0    2    1    2    1    3    1    3    1 -0.0000000000 -0.0000000000 
    0    1    0    1    2    0    2    0    3    0    3    0 0.1250000000 0.0000000000 
    0    1    0    1    2    0    2    0    3    0    3    1 0.0000000000 0.0000000000 
    0    1    0    1    2    0    2    0    3    1    3    0 0.0000000000 -0.0000000000 
    0    1    0    1    2    0    2    0    3    1    3    1 0.1250000000 0.0000000000 
    0    1    0    1    2    0    2    1    3    0    3    0 -0.0000000000 -0.0000000000 
    0    1    0    1    2    0    2    1    3    0    3    1 -0.0721687836 -0.0000000000 
    0    1    0    1    2    0    2    1    3    1    3    0 -0.0721687836 -0.0000000000 
    0    1    0    1    2    0    2    1    3    1    3    1 -0.0000000000 0.0000000000 
    0    1    0    1    2    1    2    0    3    0    3    0 -0.0000000000 0.0000000000 
    0    1    0    1    2    1    2    0    3    0    3    1 -0.0721687836 0.0000000000 
    0    1    0    1    2    1    2    0    3    1    3    0 -0.0721687836 0.0000000000 
    0    1    0    1    2    1    2    0    3    1    3    1 -0.0000000000 -0.0000000000 
    0    1    0    1    2    1    2    1    3    0    3    0 0.1250000000 0.0000000000 
    0    1    0    1    2    1    2    1    3    0    3    1 0.0000000000 -0.0000000000 
    0    1    0    1    2    1    2    1    3    1    3    0 0.0000000000 0.0000000000 
    0    1    0    1    2    1    2    1    3    1    3    1 0.1250000000 0.0000000000 
    0    0    0    0    2    0    2    0    4    0    4    0 0.1250000000 0.0000000000 
    0    0    0    0    2    0    2    0    4    0    4    1 -0.0000000000 0.0000000000 
    0    0    0    0    2    0    2    0    4    1    4    0 -0.0000000000 -0.0000000000 
    0    0    0    0    2    0    2    0    4    1    4    1 0.1250000000 0.0000000000 
    0    0    0    0    2    0    2    1    4    0    4    0 -0.0000000000 0.0000000000 
    0    0    0    0    2    0    2    1    4    0    4    1 -0.0000000000 -0.0000000000 
    0    0    0    0    2    0    2    1    4    1    4    0 0.0000000000 -0.0000000000 
    0    0    0    0    2    0    2    1    4    1    4    1 -0.0000000000 0.0000000000 
    0    0    0    0    2    1    2    0    4    0    4    0 -0.0000000000 -0.0000000000 
    0    0    0    0    2    1    2    0    4    0    4    1 0.0000000000 0.0000000000 
    0    0    0    0    2    1    2    0    4    1    4    0 -0.0000000000 0.0000000000 
    0    0    0    0    2    1    2    0    4    1    4    1 -0.0000000000 -0.0000000000 
    0    0    0    0    2    1    2    1    4    0    4    0 0.1250000000 0.0000000000 
    0    0    0    0    2    1    2    1    4    0    4    1 -0.0000000000 0.0000000000 
    0    0    0    0    2    1    2    1    4    1    4    0 -0.0000000000 -0.0000000000 
    0    0    0    0    2    1    2    1    4    1    4    1 0.1250000000 0.0000000000 
    0    0    0    1    2    0    2    0    4    0    4    0 -0.0000000000 0.0000000000 
    0    0    0    1    2    0    2    0    4    0    4    1 0.0000000000 -0.0000000000 
    0    0    0    1    2    0    2    0    4    1    4    0 0.0000000000 -0.0000000000 
    0    0    0    1    2    0    2    0    4    1    4    1 -0.0000000000 0.0000000000 
    0    0    0    1    2    0    2    1    4    0    4    0 0.0000000000 0.0000000000 
    0    0    0    1    2    0    2    1    4    0    4    1 -0.0000000000 -0.0000000000 
    0    0    0    1    2    0    2    1    4    1    4    0 -0.0000000000 0.0000000000 
    0    0    0    1    2    0    2    1    4    1    4    1 0.0000000000 -0.0000000000 
    0    0    0    1    2    1    2    0    4    0    4    0 0.0000000000 0.0000000000 
    0    0    0    1    2    1    2    0    4    0    4    1 0.0000000000 0.0000000000 
    0    0    0    1    2    1    2    0    4    1    4    0 0.0000000000 -0.0000000000 
    0    0    0    1    2    1    2    0    4    1    4    1 0.0000000000 -0.0000000000 
    0    0    0    1    2    1    2    1    4    0    4    0 -0.0000000000 0.0000000000 
    0    0    0    1    2    1    2    1    4    0    4    1 0.0000000000 -0.0000000000 
    0    0    0    1    2    1    2    1    4    1    4    0 0.0000000000 -0.0000000000 
    0    0    0    1    2    1    2    1    4    1    4    1 -0.0000000000 0.0000000000 
    0    1    0    0    2    0    2    0    4    0    4    0 -0.0000000000 -0.0000000000 
    0    1    0    0    2    0    2    0    4    0    4    1 0.0000000000 0.0000000000 
    0    1    0    0    2    0    2    0    4    1    4    0 0.0000000000 0.0000000000 
    0    1    0    0    2    0    2    0    4    1    4    1 -0.0000000000 -0.0000000000 
    0    1    0    0    2    0    2    1    4    0    4    0 0.0000000000 -0.0000000000 
    0    1    0    0    2    0    2    1    4    0    4    1 0.0000000000 0.0000000000 
    0    1    0    0    2    0    2    1    4    1    4    0 0.0000000000 -0.0000000000 
    0    1    0    0    2    0    2    1    4    1    4    1 0.0000000000 0.0000000000 
    0    1    0    0    2    1    2    0    4    0    4    0 0.0000000000 -0.0000000000 
    0    1    0    0    2    1    2    0    4    0    4    1 -0.0000000000 -0.0000000000 
    0    1    0    0    2    1    2    0    4    1    4    0 -0.0000000000 0.0000000000 
    0    1    0    0    2    1    2    0    4    1    4    1 0.0000000000 0.0000000000 
    0    1    0    0    2    1    2    1    4    0    4    0 -0.0000000000 -0.0000000000 
    0    1    0    0    2    1    2    1    4    0    4    1 0.0000000000 0.0000000000 
    0    1    0    0    2    1    2    1    4    1    4    0 0.0000000000 0.0000000000 
    0    1    0    0    2    1    2    1    4    1    4    1 -0.0000000000 -0.0000000000 
    0    1    0    1    2    0    2    0    4    0    4    0 0.1250000000 0.0000000000 
    0    1    0    1    2    0    2    0    4    0    4    1 -0.0000000000 0.0000000000 
    0    1    0    1    2    0    2    0    4    1    4    0 -0.0000000000 -0.0000000000 
    0    1    0    1    2    0    2    0    4    1    4    1 0.1250000000 0.0000000000 
    0    1    0    1    2    0    2    1    4    0    4    0 -0.0000000000 -0.0000000000 
    0    1    0    1    2    0    2    1    4    0    4    1 -0.0000000000 0.0000000000 
    0    1    0    1    2    0    2    1    4    1    4    0 0.0000000000 0.0000000000 
    0    1    0    1    2    0    2    1    4    1    4    1 -0.0000000000 -0.0000000000 
    0    1    0    1    2    1    2    0    4    0    4    0 -0.0000000000 0.0000000000 
    0    1    0    1    2    1    2    0    4    0    4    1 0.0000000000 -0.0000000000 
    0    1    0    1    2    1    2    0    4    1    4    0 -0.0000000000 -0.0000000000 
    0    1    0    1    2    1    2    0    4    1    4    1 -0.0000000000 0.0000000000 
    0    1    0    1    2    1    2    1    4    0    4    0 0.1250000000 0.0000000000 
    0    1    0    1    2    1    2    1    4    0    4    1 -0.0000000000 0.0000000000 
    0    1    0    1    2    1    2    1    4    1    4    0 -0.0000000000 -0.0000000000 
    0    1    0    1    2    1    2    1    4    1    4    1 0.1250000000 0.0000000000 
    0    0    0    0    2    0    2    0    5    0    5    0 0.0528312164 0.0000000000 
    0    0    0    0    2    0    2    0    5    0    5    1 0.0000000000 -0.0000000000 
    0    0    0    0    2    0    2    0    5    1    5    0 0.0000000000 0.0000000000 
    0    0    0    0    2    0    2    0    5    1    5    1 0.1971687836 0.0000000000 
    0    0    0    0    2    0    2    1    5    0    5    0 -0.0000000000 0.0000000000 
    0    0    0    0    2    0    2    1    5    0    5    1 -0.0000000000 -0.0000000000 
    0    0    0    0    2    0    2    1    5    1    5    0 0.0000000000 0.0000000000 
    0    0    0    0    2    0    2    1    5    1    5    1 -0.0000000000 0.0000000000 
    0    0    0    0    2    1    2    0    5    0    5    0 -0.0000000000 -0.0000000000 
    0    0    0    0    2    1    2    0    5    0    5    1 0.0000000000 -0.0000000000 
    0    0    0    0    2    1    2    0    5    1    5    0 -0.0000000000 0.0000000000 
    0    0    0    0    2    1    2    0    5    1    5    1 -0.0000000000 -0.0000000000 
    0    0    0    0    2    1    2    1    5    0    5    0 0.0528312164 0.0000000000 
    0    0    0    0    2    1    2    1    5    0    5    1 0.0000000000 -0.0000000000 
    0    0    0    0    2    1    2    1    5    1    5    0 0.0000000000 0.0000000000 
    0    0    0    0    2    1    2    1    5    1    5    1 0.1971687836 0.0000000000 
    0    0    0    1    2    0    2    0    5    0    5    0 -0.0000000000 0.0000000000 
    0    0    0    1    2    0    2    0    5    0    5    1 -0.0000000000 -0.0000000000 
    0    0    0    1    2    0    2    0    5    1    5    0 -0.0000000000 0.0000000000 
    0    0    0    1    2    0    2    0    5    1    5    1 -0.0000000000 0.0000000000 
    0    0    0    1    2    0    2    1    5    0    5    0 0.0000000000 -0.0000000000 
    0    0    0    1    2    0    2    1    5    0    5    1 0.0000000000 0.0000000000 
    0    0    0    1    2    0    2    1    5    1    5    0 0.0000000000 -0.0000000000 
    0    0    0    1    2    0    2    1    5    1    5    1 0.0000000000 0.0000000000 
    0    0    0    1    2    1    2    0    5    0    5    0 0.0000000000 0.0000000000 
    0    0    0    1    2    1    2    0    5    0    5    1 -0.0000000000 -0.0000000000 
    0    0    0    1    2    1    2    0    5    1    5    0 -0.0000000000 0.0000000000 
    0    0    0    1    2    1    2    0    5    1    5    1 0.0000000000 -0.0000000000 
    0    0    0    1    2    1    2    1    5    0    5    0 -0.0000000000 0.0000000000 
    0    0    0    1    2    1    2    1    5    0    5    1 -0.0000000000 -0.0000000000 
    0    0    0    1    2    1    2    1    5    1    5    0 -0.0000000000 0.0000000000 
    0    0    0    1    2    1    2    1    5    1    5    1 -0.0000000000 0.0000000000 
    0    1    0    0    2    0    2    0    5    0    5    0 -0.0000000000 -0.0000000000 
    0    1    0    0    2    0    2    0    5    0    5    1 -0.0000000000 -0.0000000000 
    0    1    0    0    2    0    2    0    5    1    5    0 -0.0000000000 0.0000000000 
    0    1    0    0    2    0    2    0    5    1    5    1 -0.0000000000 -0.0000000000 
    0    1    0    0    2    0    2    1    5    0    5    0 0.0000000000 -0.0000000000 
    0    1    0    0    2    0    2    1    5    0    5    1 -0.0000000000 -0.0000000000 
    0    1    0    0    2    0    2    1    5    1    5    0 -0.0000000000 0.0000000000 
    0    1    0    0    2    0    2    1    5    1    5    1 0.0000000000 0.0000000000 
    0    1    0    0    2    1    2    0    5    0    5    0 0.0000000000 0.0000000000 
    0    1    0    0    2    1    2    0    5    0    5    1 0.0000000000 0.0000000000 
    0    1    0    0    2    1    2    0    5    1    5    0 0.0000000000 -0.0000000000 
    0    1    0    0    2    1    2    0    5    1    5    1 0.0000000000 -0.0000000000 
    0    1    0    0    2    1    2    1    5    0    5    0 -0.0000000000 -0.0000000000 
    0    1    0    0    2    1    2    1    5    0    5    1 -0.0000000000 -0.0000000000 
    0    1    0    0    2    1    2    1    5    1    5    0 -0.0000000000 0.0000000000 
    0    1    0    0    2    1    2    1    5    1    5    1 -0.0000000000 -0.0000000000 
    0    1    0    1    2    0    2    0    5    0    5    0 0.1971687836 0.0000000000 
    0    1    0    1    2    0    2    0    5    0    5    1 0.0000000000 -0.0000000000 
    0    1    0    1    2    0    2    0    5    1    5    0 0.0000000000 0.0000000000 
    0    1    0    1    2    0    2    0    5    1    5    1 0.0528312164 0.0000000000 
    0    1    0    1    2    0    2    1    5    0    5    0 -0.0000000000 -0.0000000000 
    0    1    0    1    2    0    2    1    5    0    5    1 -0.0000000000 -0.0000000000 
    0    1    0    1    2    0    2    1    5    1    5    0 0.0000000000 -0.0000000000 
    0    1    0    1    2    0    2    1    5    1    5    1 -0.0000000000 -0.0000000000 
    0    1    0    1    2    1    2    0    5    0    5    0 -0.0000000000 0.0000000000 
    0    1    0    1    2    1    2    0    5    0    5    1 0.0000000000 0.0000000000 
    0    1    0    1    2    1    2    0    5    1    5    0 -0.0000000000 0.0000000000 
    0    1    0    1    2    1    2    0    5    1    5    1 -0.0000000000 0.0000000000 
    0    1    0    1    2    1    2    1    5    0    5    0 0.1971687836 0.0000000000 
    0    1    0    1    2    1    2    1    5    0    5    1 0.0000000000 -0.0000000000 
    0    1    0    1    2    1    2    1    5    1    5    0 0.0000000000 0.0000000000 
    0    1    0    1    2    1    2    1    5    1    5    1 0.0528312164 0.0000000000 
    0    0    0    0    2    0    2    0    6    0    6    0 0.1250000000 0.0000000000 
    0    0    0    0    2    0    2    0    6    0    6    1 0.0000000000 0.0000000000 
    0    0    0    0    2    0    2    0    6    1    6    0 0.0000000000 -0.0000000000 
    0    0    0    0    2    0    2    0    6    1    6    1 0.1250000000 0.0000000000 
    0    0    0    0    2    0    2    1    6    0    6    0 -0.0000000000 0.0000000000 
    0    0    0    0    2    0    2    1    6    0    6    1 0.0000000000 0.0000000000 
    0    0    0    0    2    0    2    1    6    1    6    0 0.0000000000 0.0000000000 
    0    0    0    0    2    0    2    1    6    1    6    1 -0.0000000000 -0.0000000000 
    0    0    0    0    2    1    2    0    6    0    6    0 -0.0000000000 -0.0000000000 
    0    0    0    0    2    1    2    0    6    0    6    1 0.0000000000 -0.0000000000 
    0    0    0    0    2    1    2    0    6    1    6    0 0.0000000000 -0.0000000000 
    0    0    0    0    2    1    2    0    6    1    6    1 -0.0000000000 0.0000000000 
    0    0    0    0    2    1    2    1    6    0    6    0 0.1250000000 0.0000000000 
    0    0    0    0    2    1    2    1    6    0    6    1 0.0000000000 0.0000000000 
    0    0    0    0    2    1    2    1    6    1    6    0 0.0000000000 -0.0000000000 
    0    0    0    0    2    1    2    1    6    1    6    1 0.1250000000 0.0000000000 
    0    0    0    1    2    0    2    0    6    0    6    0 -0.0000000000 0.0000000000 
    0    0    0    1    2    0    2    0    6    0    6    1 -0.0000000000 0.0000000000 
    0    0    0    1    2    0    2    0    6    1    6    0 0.0000000000 -0.0000000000 
    0    0    0    1    2    0    2    0    6    1    6    1 -0.0000000000 0.0000000000 
    0    0    0    1    2    0    2    1    6    0    6    0 0.0000000000 0.0000000000 
    0    0    0    1    2    0    2    1    6    0    6    1 -0.0000000000 -0.0000000000 
    0    0    0    1    2    0    2    1    6    1    6    0 -0.0000000000 0.0000000000 
    0    0    0    1    2    0    2    1    6    1    6    1 0.0000000000 -0.0000000000 
    0    0    0    1    2    1    2    0    6    0    6    0 0.0000000000 -0.0000000000 
    0    0    0    1    2    1    2    0    6    0    6    1 -0.0000000000 0.0000000000 
    0    0    0    1    2    1    2    0    6    1    6    0 0.0000000000 0.0000000000 
    0    0    0    1    2    1    2    0    6    1    6    1 0.0000000000 0.0000000000 
    0    0    0    1    2    1    2    1    6    0    6    0 -0.0000000000 0.0000000000 
    0    0    0    1    2    1    2    1    6    0    6    1 -0.0000000000 0.0000000000 
    0    0    0    1    2    1    2    1    6    1    6    0 0.0000000000 -0.0000000000 
    0    0    0    1    2    1    2    1    6    1    6    1 -0.0000000000 0.0000000000 
    0    1    0    0    2    0    2    0    6    0    6    0 -0.0000000000 -0.0000000000 
    0    1    0    0    2    0    2    0    6    0    6    1 0.0000000000 0.0000000000 
    0    1    0    0    2    0    2    0    6    1    6    0 -0.0000000000 -0.0000000000 
    0    1    0    0    2    0    2    0    6    1    6    1 -0.0000000000 -0.0000000000 
    0    1    0    0    2    0    2    1    6    0    6    0 0.0000000000 0.0000000000 
    0    1    0    0    2    0    2    1    6    0    6    1 0.0000000000 -0.0000000000 
    0    1    0    0    2    0    2    1    6    1    6    0 -0.0000000000 -0.0000000000 
    0    1    0    0    2    0    2    1    6    1    6    1 0.0000000000 -0.0000000000 
    0    1    0    0    2    1    2    0    6    0    6    0 0.0000000000 -0.0000000000 
    0    1    0    0    2    1    2    0    6    0    6    1 -0.0000000000 -0.0000000000 
    0    1    0    0    2    1    2    0    6    1    6    0 -0.0000000000 0.0000000000 
    0    1    0    0    2    1    2    0    6    1    6    1 0.0000000000 0.0000000000 
    0    1    0    0    2    1    2    1    6    0    6    0 -0.0000000000 -0.0000000000 
    0    1    0    0    2    1    2    1    6    0    6    1 0.0000000000 0.0000000000 
    0    1    0    0    2    1    2    1    6    1    6    0 -0.0000000000 -0.0000000000 
    0    1    0    0    2    1    2    1    6    1    6    1 -0.0000000000 -0.0000000000 
    0    1    0    1    2    0    2    0    6    0    6    0 0.1250000000 0.0000000000 
    0    1    0    1    2    0    2    0    6    0    6    1 0.0000000000 0.0000000000 
    0    1    0    1    2    0    2    0    6    1    6    0 0.0000000000 -0.0000000000 
    0    1    0    1    2    0    2    0    6    1    6    1 0.1250000000 0.0000000000 
    0    1    0    1    2    0    2    1    6    0    6    0 -0.0000000000 0.0000000000 
    0    1    0    1    2    0    2    1    6    0    6    1 0.0000000000 0.0000000000 
    0    1    0    1    2    0    2    1    6    1    6    0 0.0000000000 0.0000000000 
    0    1    0    1    2    0    2    1    6    1    6    1 -0.0000000000 -0.0000000000 
    0    1    0    1    2    1    2    0    6    0    6    0 -0.0000000000 -0.0000000000 
    0    1    0    1    2    1    2    0    6    0    6    1 0.0000000000 -0.0000000000 
    0    1    0    1    2    1    2    0    6    1    6    0 0.0000000000 -0.0000000000 
    0    1    0    1    2    1    2    0    6    1    6    1 -0.0000000000 0.0000000000 
    0    1    0    1    2    1    2    1    6    0    6    0 0.1250000000 0.0000000000 
    0    1    0    1    2    1    2    1    6    0    6    1 -0.0000000000 0.0000000000 
    0    1    0    1    2    1    2    1    6    1    6    0 -0.0000000000 -0.0000000000 
    0    1    0    1    2    1    2    1    6    1    6    1 0.1250000000 0.0000000000 
    0    0    0    0    2    0    2    0    7    0    7    0 0.0528312164 0.0000000000 
    0    0    0    0    2    0    2    0    7    0    7    1 -0.0000000000 0.0000000000 
    0    0    0    0    2    0    2    0    7    1    7    0 -0.0000000000 -0.0000000000 
    0    0    0    0    2    0    2    0    7    1    7    1 0.1971687836 0.0000000000 
    0    0    0    0    2    0    2    1    7    0    7    0 -0.0000000000 0.0000000000 
    0    0    0    0    2    0    2    1    7    0    7    1 -0.0000000000 -0.0000000000 
    0    0    0    0    2    0    2    1    7    1    7    0 -0.0000000000 -0.0000000000 
    0    0    0    0    2    0    2    1    7    1    7    1 -0.0000000000 -0.0000000000 
    0    0    0    0    2    1    2    0    7    0    7    0 -0.0000000000 -0.0000000000 
    0    0    0    0    2    1    2    0    7    0    7    1 -0.0000000000 0.0000000000 
    0    0    0    0    2    1    2    0    7    1    7    0 -0.0000000000 0.0000000000 
    0    0    0    0    2    1    2    0    7    1    7    1 -0.0000000000 0.0000000000 
    0    0    0    0    2    1    2    1    7    0    7    0 0.1971687836 0.0000000000 
    0    0    0    0    2    1    2    1    7    0    7    1 -0.0000000000 -0.0000000000 
    0    0    0    0    2    1    2    1    7    1    7    0 -0.0000000000 0.0000000000 
    0    0    0    0    2    1    2    1    7    1    7    1 0.0528312164 0.0000000000 
    0    0    0    1    2    0    2    0    7    0    7    0 -0.0000000000 0.0000000000 
    0    0    0    1    2    0    2    0    7    0    7    1 -0.0000000000 -0.0000000000 
    0    0    0    1    2    0    2    0    7    1    7    0 0.0000000000 0.0000000000 
    0    0    0    1    2    0    2    0    7    1    7    1 -0.0000000000 0.0000000000 
    0    0    0    1    2    0    2    1    7    0    7    0 0.0000000000 -0.0000000000 
    0    0    0    1    2    0    2    1    7    0    7    1 0.0000000000 0.0000000000 
    0    0    0    1    2    0    2    1    7    1    7    0 0.0000000000 -0.0000000000 
    0    0    0    1    2    0    2    1    7    1    7    1 0.0000000000 0.0000000000 
    0    0    0    1    2    1    2    0    7    0    7    0 0.0000000000 -0.0000000000 
    0    0    0    1    2    1    2    0    7    0    7    1 -0.0000000000 -0.0000000000 
    0    0    0    1    2    1    2    0    7    1    7    0 0.0000000000 0.0000000000 
    0    0    0    1    2    1    2    0    7    1    7    1 0.0000000000 0.0000000000 
    0    0    0    1    2    1    2    1    7    0    7    0 -0.0000000000 0.0000000000 
    0    0    0    1    2    1    2    1    7    0    7    1 -0.0000000000 0.0000000000 
    0    0    0    1    2    1    2    1    7    1    7    0 -0.0000000000 0.0000000000 
    0    0    0    1    2    1    2    1    7    1    7    1 -0.0000000000 0.0000000000 
    0    1    0    0    2    0    2    0    7    0    7    0 -0.0000000000 -0.0000000000 
    0    1    0    0    2    0    2    0    7    0    7    1 0.0000000000 -0.0000000000 
    0    1    0    0    2    0    2    0    7    1    7    0 -0.0000000000 0.0000000000 
    0    1    0    0    2    0    2    0    7    1    7    1 -0.0000000000 -0.0000000000 
    0    1    0    0    2    0    2    1    7    0    7    0 0.0000000000 0.0000000000 
    0    1    0    0    2    0    2    1    7    0    7    1 0.0000000000 -0.0000000000 
    0    1    0    0    2    0    2    1    7    1    7    0 -0.0000000000 0.0000000000 
    0    1    0    0    2    0    2    1    7    1    7    1 0.0000000000 -0.0000000000 
    0    1    0    0    2    1    2    0    7    0    7    0 0.0000000000 0.0000000000 
    0    1    0    0    2    1    2    0    7    0    7    1 0.0000000000 0.0000000000 
    0    1    0    0    2    1    2    0    7    1    7    0 0.0000000000 -0.0000000000 
    0    1    0    0    2    1    2    0    7    1    7    1 0.0000000000 -0.0000000000 
    0    1    0    0    2    1    2    1    7    0    7    0 -0.0000000000 -0.0000000000 
    0    1    0    0    2    1    2    1    7    0    7    1 -0.0000000000 -0.0000000000 
    0    1    0    0    2    1    2    1    7    1    7    0 -0.0000000000 -0.0000000000 
    0    1    0    0    2    1    2    1    7    1    7    1 -0.0000000000 -0.0000000000 
    0    1    0    1    2    0    2    0    7    0    7    0 0.0528312164 0.0000000000 
    0    1    0    1    2    0    2    0    7    0    7    1 -0.0000000000 -0.0000000000 
    0    1    0    1    2    0    2    0    7    1    7    0 -0.0000000000 0.0000000000 
    0    1    0    1    2    0    2    0    7    1    7    1 0.1971687836 0.0000000000 
    0    1    0    1    2    0    2    1    7    0    7    0 -0.0000000000 0.0000000000 
    0    1    0    1    2    0    2    1    7    0    7    1 -0.0000000000 -0.0000000000 
    0    1    0    1    2    0    2    1    7    1    7    0 -0.0000000000 -0.0000000000 
    0    1    0    1    2    0    2    1    7    1    7    1 -0.0000000000 -0.0000000000 
    0    1    0    1    2    1    2    0    7    0    7    0 -0.0000000000 -0.0000000000 
    0    1    0    1    2    1    2    0    7    0    7    1 -0.0000000000 0.0000000000 
    0    1    0    1    2    1    2    0    7    1    7    0 -0.0000000000 0.0000000000 
    0    1    0    1    2    1    2    0    7    1    7    1 -0.0000000000 0.0000000000 
    0    1    0    1    2    1    2    1    7    0    7    0 0.1971687836 0.0000000000 
    0    1    0    1    2    1    2    1    7    0    7    1 -0.0000000000 -0.0000000000 
    0    1    0    1    2    1    2    1    7    1    7    0 -0.0000000000 0.0000000000 
    0    1    0    1    2    1    2    1    7    1    7    1 0.0528312164 0.0000000000 
    0    0    0    0    3    0    3    0    4    0    4    0 0.1250000000 0.0000000000 
    0    0    0    0    3    0    3    0    4    0    4    1 -0.0000000000 0.0000000000 
    0    0    0    0    3    0    3    0    4    1    4    0 -0.0000000000 -0.0000000000 
    0    0    0    0    3    0    3    0    4    1    4    1 0.1250000000 0.0000000000 
    0    0    0    0    3    0    3    1    4    0    4    0 0.0000000000 -0.0000000000 
    0    0    0    0    3    0    3    1    4    0    4    1 -0.0000000000 -0.0000000000 
    0    0    0    0    3    0    3    1    4    1    4    0 0.0000000000 -0.0000000000 
    0    0    0    0    3    0    3    1    4    1    4    1 0.0000000000 -0.0000000000 
    0    0    0    0    3    1    3    0    4    0    4    0 0.0000000000 0.0000000000 
    0    0    0    0    3    1    3    0    4    0    4    1 0.0000000000 0.0000000000 
    0    0    0    0    3    1    3    0    4    1    4    0 -0.0000000000 0.0000000000 
    0    0    0    0    3    1    3    0    4    1    4    1 0.0000000000 0.0000000000 
    0    0    0    0    3    1    3    1    4    0    4    0 0.1250000000 0.0000000000 
    0    0    0    0    3    1    3    1    4    0    4    1 -0.0000000000 0.0000000000 
    0    0    0    0    3    1    3    1    4    1    4    0 -0.0000000000 -0.0000000000 
    0    0    0    0    3    1    3    1    4    1    4    1 0.1250000000 0.0000000000 
    0    0    0    1    3    0    3    0    4    0    4    0 -0.0000000000 0.0000000000 
    0    0    0    1    3    0    3    0    4    0    4    1 0.0000000000 0.0000000000 
    0    0    0    1    3    0    3    0    4    1    4    0 0.0000000000 -0.0000000000 
    0    0    0    1    3    0    3    0    4    1    4    1 -0.0000000000 0.0000000000 
    0    0    0    1    3    0    3    1    4    0    4    0 0.0721687836 -0.0000000000 
    0    0    0    1    3    0    3    1    4    0    4    1 -0.0000000000 -0.0000000000 
    0    0    0    1    3    0    3    1    4    1    4    0 -0.0000000000 0.0000000000 
    0    0    0    1    3    0    3    1    4    1    4    1 0.0721687836 -0.0000000000 
    0    0    0    1    3    1    3    0    4    0    4    0 -0.0721687836 -0.0000000000 
    0    0    0    1    3    1    3    0    4    0    4    1 0.0000000000 -0.0000000000 
    0    0    0    1    3    1    3    0    4    1    4    0 0.0000000000 0.0000000000 
    0    0    0    1    3    1    3    0    4    1    4    1 -0.0721687836 0.0000000000 
    0    0    0    1    3    1    3    1    4    0    4    0 -0.0000000000 -0.0000000000 
    0    0    0    1    3    1    3    1    4    0    4    1 0.0000000000 -0.0000000000 
    0    0    0    1    3    1    3    1    4    1    4    0 0.0000000000 -0.0000000000 
    0    0    0    1    3    1    3    1    4    1    4    1 -0.0000000000 0.0000000000 
    0    1    0    0    3    0    3    0    4    0    4    0 -0.0000000000 -0.0000000000 
    0    1    0    0    3    0    3    0    4    0    4    1 0.0000000000 0.0000000000 
    0    1    0    0    3    0    3    0    4    1    4    0 0.0000000000 -0.0000000000 
    0    1    0    0    3    0    3    0    4    1    4    1 -0.0000000000 -0.0000000000 
    0    1    0    0    3    0    3    1    4    0    4    0 -0.0721687836 0.0000000000 
    0    1    0    0    3    0    3    1    4    0    4    1 0.0000000000 -0.0000000000 
    0    1    0    0    3    0    3    1    4    1    4    0 0.0000000000 0.0000000000 
    0    1    0    0    3    0    3    1    4    1    4    1 -0.0721687836 -0.0000000000 
    0    1    0    0    3    1    3    0    4    0    4    0 0.0721687836 0.0000000000 
    0    1    0    0    3    1    3    0    4    0    4    1 -0.0000000000 -0.0000000000 
    0    1    0    0    3    1    3    0    4    1    4    0 -0.0000000000 0.0000000000 
    0    1    0    0    3    1    3    0    4    1    4    1 0.0721687836 0.0000000000 
    0    1    0    0    3    1    3    1    4    0    4    0 -0.0000000000 0.0000000000 
    0    1    0    0    3    1    3    1    4    0    4    1 0.0000000000 0.0000000000 
    0    1    0    0    3    1    3    1    4    1    4    0 0.0000000000 0.0000000000 
    0    1    0    0    3    1    3    1    4    1    4    1 -0.0000000000 -0.0000000000 
    0    1    0    1    3    0    3    0    4    0    4    0 0.1250000000 0.0000000000 
    0    1    0    1    3    0    3    0    4    0    4    1 -0.0000000000 0.0000000000 
    0    1    0    1    3    0    3    0    4    1    4    0 -0.0000000000 -0.0000000000 
    0    1    0    1    3    0    3    0    4    1    4    1 0.1250000000 0.0000000000 
    0    1    0    1    3    0    3    1    4    0    4    0 0.0000000000 -0.0000000000 
    0    1    0    1    3    0    3    1    4    0    4    1 -0.0000000000 0.0000000000 
    0    1    0    1    3    0    3    1    4    1    4    0 -0.0000000000 0.0000000000 
    0    1    0    1    3    0    3    1    4    1    4    1 0.0000000000 -0.0000000000 
    0    1    0    1    3    1    3    0    4    0    4    0 0.0000000000 0.0000000000 
    0    1    0    1    3    1    3    0    4    0    4    1 -0.0000000000 -0.0000000000 
    0    1    0    1    3    1    3    0    4    1    4    0 -0.0000000000 -0.0000000000 
    0    1    0    1    3    1    3    0    4    1    4    1 0.0000000000 0.0000000000 
    0    1    0    1    3    1    3    1    4    0    4    0 0.1250000000 0.0000000000 
    0    1    0    1    3    1    3    1    4    0    4    1 -0.0000000000 0.0000000000 
    0    1    0    1    3    1    3    1    4    1    4    0 -0.0000000000 -0.0000000000 
    0    1    0    1    3    1    3    1    4    1    4    1 0.1250000000 0.0000000000 
    0    0    0    0    3    0    3    0    5    0    5    0 0.0528312164 0.0000000000 
    0    0    0    0    3    0    3    0    5    0    5    1 0.0000000000 -0.0000000000 
    0    0    0    0    3    0    3    0    5    1    5    0 0.0000000000 0.0000000000 
    0    0    0    0    3    0    3    0    5    1    5    1 0.1971687836 0.0000000000 
    0    0    0    0    3    0    3    1    5    0    5    0 0.0000000000 -0.0000000000 
    0    0    0    0    3    0    3    1    5    0    5    1 -0.0000000000 0.0000000000 
    0    0    0    0    3    0    3    1    5    1    5    0 0.0000000000 -0.0000000000 
    0    0    0    0    3    0    3    1    5    1    5    1 0.0000000000 -0.0000000000 
    0    0    0    0    3    1    3    0    5    0    5    0 0.0000000000 0.0000000000 
    0    0    0    0    3    1    3    0    5    0    5    1 0.0000000000 0.0000000000 
    0    0    0    0    3    1    3    0    5    1    5    0 -0.0000000000 -0.0000000000 
    0    0    0    0    3    1    3    0    5    1    5    1 0.0000000000 0.0000000000 
    0    0    0    0    3    1    3    1    5    0    5    0 0.0528312164 0.0000000000 
    0    0    0    0    3    1    3    1    5    0    5    1 0.0000000000 -0.0000000000 
    0    0    0    0    3    1    3    1    5    1    5    0 0.0000000000 0.0000000000 
    0    0    0    0    3    1    3    1    5    1    5    1 0.1971687836 0.0000000000 
    0    0    0    1    3    0    3    0    5    0    5    0 -0.0000000000 0.0000000000 
    0    0    0    1    3    0    3    0    5    0    5    1 -0.0000000000 -0.0000000000 
    0    0    0    1    3    0    3    0    5    1    5    0 -0.0000000000 0.0000000000 
    0    0    0    1    3    0    3    0    5    1    5    1 -0.0000000000 0.0000000000 
    0    0    0    1    3    0    3    1    5    0    5    0 0.0721687836 -0.0000000000 
    0    0    0    1    3    0    3    1    5    0    5    1 0.0000000000 -0.0000000000 
    0    0    0    1    3    0    3    1    5    1    5    0 0.0000000000 0.0000000000 
    0    0    0    1    3    0    3    1    5    1    5    1 0.0721687836 -0.0000000000 
    0    0    0    1    3    1    3    0    5    0    5    0 -0.0721687836 0.0000000000 
    0    0    0    1    3    1    3    0    5    0    5    1 -0.0000000000 0.0000000000 
    0    0    0    1    3    1    3    0    5    1    5    0 0.0000000000 -0.0000000000 
    0    0    0    1    3    1    3    0    5    1    5    1 -0.0721687836 0.0000000000 
    0    0    0    1    3    1    3    1    5    0    5    0 -0.0000000000 0.0000000000 
    0    0    0    1    3    1    3    1    5    0    5    1 -0.0000000000 0.0000000000 
    0    0    0    1    3    1    3    1    5    1    5    0 -0.0000000000 0.0000000000 
    0    0    0    1    3    1    3    1    5    1    5    1 -0.0000000000 0.0000000000 
    0    1    0    0    3    0    3    0    5    0    5    0 -0.0000000000 -0.0000000000 
    0    1    0    0    3    0    3    0    5    0    5    1 -0.0000000000 -0.0000000000 
    0    1    0    0    3    0    3    0    5    1    5    0 -0.0000000000 0.0000000000 
    0    1    0    0    3    0    3    0    5    1    5    1 -0.0000000000 -0.0000000000 
    0    1    0    0    3    0    3    1    5    0    5    0 -0.0721687836 -0.0000000000 
    0    1    0    0    3    0    3    1    5    0    5    1 0.0000000000 0.0000000000 
    0    1    0    0    3    0    3    1    5    1    5    0 -0.0000000000 -0.0000000000 
    0    1    0    0    3    0    3    1    5    1    5    1 -0.0721687836 -0.0000000000 
    0    1    0    0    3    1    3    0    5    0    5    0 0.0721687836 0.0000000000 
    0    1    0    0    3    1    3    0    5    0    5    1 0.0000000000 -0.0000000000 
    0    1    0    0    3    1    3    0    5    1    5    0 0.0000000000 0.0000000000 
    0    1    0    0    3    1    3    0    5    1    5    1 0.0721687836 0.0000000000 
    0    1    0    0    3    1    3    1    5    0    5    0 -0.0000000000 -0.0000000000 
    0    1    0    0    3    1    3    1    5    0    5    1 -0.0000000000 -0.0000000000 
    0    1    0    0    3    1    3    1    5    1    5    0 -0.0000000000 -0.0000000000 
    0    1    0    0    3    1    3    1    5    1    5    1 -0.0000000000 -0.0000000000 
    0    1    0    1    3    0    3    0    5    0    5    0 0.1971687836 0.0000000000 
    0    1    0    1    3    0    3    0    5    0    5    1 -0.0000000000 -0.0000000000 
    0    1    0    1    3    0    3    0    5    1    5    0 -0.0000000000 0.0000000000 
    0    1    0    1    3    0    3    0    5    1    5    1 0.0528312164 0.0000000000 
    0    1    0    1    3    0    3    1    5    0    5    0 0.0000000000 -0.0000000000 
    0    1    0    1    3    0    3    1    5    0    5    1 -0.0000000000 -0.0000000000 
    0    1    0    1    3    0    3    1    5    1    5    0 0.0000000000 -0.0000000000 
    0    1    0    1    3    0    3    1    5    1    5    1 0.0000000000 -0.0000000000 
    0    1    0    1    3    1    3    0    5    0    5    0 0.0000000000 0.0000000000 
    0    1    0    1    3    1    3    0    5    0    5    1 0.0000000000 0.0000000000 
    0    1    0    1    3    1    3    0    5    1    5    0 -0.0000000000 0.0000000000 
    0    1    0    1    3    1    3    0    5    1    5    1 0.0000000000 0.0000000000 
    0    1    0    1    3    1    3    1    5    0    5    0 0.1971687836 0.0000000000 
    0    1    0    1    3    1    3    1    5    0    5    1 0.0000000000 -0.0000000000 
    0    1    0    1    3    1    3    1    5    1    5    0 0.0000000000 0.0000000000 
    0    1    0    1    3    1    3    1    5    1    5    1 0.0528312164 0.0000000000 
    0    0    0    0    3    0    3    0    6    0    6    0 0.0528312164 0.0000000000 
    0    0    0    0    3    0    3    0    6    0    6    1 0.0000000000 0.0000000000 
    0    0    0    0    3    0    3    0    6    1    6    0 0.0000000000 -0.0000000000 
    0    0    0    0    3    0    3    0    6    1    6    1 0.1971687836 0.0000000000 
    0    0    0    0    3    0    3    1    6    0    6    0 0.0000000000 -0.0000000000 
    0    0    0    0    3    0    3    1    6    0    6    1 0.0000000000 -0.0000000000 
    0    0    0    0    3    0    3    1    6    1    6    0 -0.0000000000 0.0000000000 
    0    0    0    0    3    0    3    1    6    1    6    1 0.0000000000 -0.0000000000 
    0    0    0    0    3    1    3    0    6    0    6    0 0.0000000000 0.0000000000 
    0    0    0    0    3    1    3    0    6    0    6    1 -0.0000000000 -0.0000000000 
    0    0    0    0    3    1    3    0    6    1    6    0 0.0000000000 0.0000000000 
    0    0    0    0    3    1    3    0    6    1    6    1 0.0000000000 0.0000000000 
    0    0    0    0    3    1    3    1    6    0    6    0 0.1971687836 0.0000000000 
    0    0    0    0    3    1    3    1    6    0    6    1 0.0000000000 0.0000000000 
    0    0    0    0    3    1    3    1    6    1    6    0 0.0000000000 -0.0000000000 
    0    0    0    0    3    1    3    1    6    1    6    1 0.0528312164 0.0000000000 
    0    0    0    1    3    0    3    0    6    0    6    0 -0.0000000000 0.0000000000 
    0    0    0    1    3    0    3    0    6    0    6    1 -0.0000000000 0.0000000000 
    0    0    0    1    3    0    3    0    6    1    6    0 0.0000000000 0.0000000000 
    0    0    0    1    3    0    3    0    6    1    6    1 -0.0000000000 0.0000000000 
    0    0    0    1    3    0    3    1    6    0    6    0 0.0721687836 -0.0000000000 
    0    0    0    1    3    0    3    1    6    0    6    1 0.0000000000 0.0000000000 
    0    0    0    1    3    0    3    1    6    1    6    0 0.0000000000 -0.0000000000 
    0    0    0    1    3    0    3    1    6    1    6    1 0.0721687836 -0.0000000000 
    0    0    0    1    3    1    3    0    6    0    6    0 -0.0721687836 0.0000000000 
    0    0    0    1    3    1    3    0    6    0    6    1 0.0000000000 -0.0000000000 
    0    0    0    1    3    1    3    0    6    1    6    0 0.0000000000 0.0000000000 
    0    0    0    1    3    1    3    0    6    1    6    1 -0.0721687836 0.0000000000 
    0    0    0    1    3    1    3    1    6    0    6    0 -0.0000000000 0.0000000000 
    0    0    0    1    3    1    3    1    6    0    6    1 -0.0000000000 -0.0000000000 
    0    0    0    1    3    1    3    1    6    1    6    0 0.0000000000 -0.0000000000 
    0    0    0    1    3    1    3    1    6    1    6    1 -0.0000000000 0.0000000000 
    0    1    0    0    3    0    3    0    6    0    6    0 -0.0000000000 -0.0000000000 
    0    1    0    0    3    0    3    0    6    0    6    1 0.0000000000 -0.0000000000 
    0    1    0    0    3    0    3    0    6    1    6    0 -0.0000000000 -0.0000000000 
    0    1    0    0    3    0    3    0    6    1    6    1 -0.0000000000 -0.0000000000 
    0    1    0    0    3    0    3    1    6    0    6    0 -0.0721687836 -0.0000000000 
    0    1    0    0    3    0    3    1    6    0    6    1 0.0000000000 -0.0000000000 
    0    1    0    0    3    0    3    1    6    1    6    0 0.0000000000 0.0000000000 
    0    1    0    0    3    0    3    1    6    1    6    1 -0.0721687836 -0.0000000000 
    0    1    0    0    3    1    3    0    6    0    6    0 0.0721687836 0.0000000000 
    0    1    0    0    3    1    3    0    6    0    6    1 0.0000000000 0.0000000000 
    0    1    0    0    3    1    3    0    6    1    6    0 0.0000000000 -0.0000000000 
    0    1    0    0    3    1    3    0    6    1    6    1 0.0721687836 0.0000000000 
    0    1    0    0    3    1    3    1    6    0    6    0 -0.0000000000 -0.0000000000 
    0    1    0    0    3    1    3    1    6    0    6    1 0.0000000000 0.0000000000 
    0    1    0    0    3    1    3    1    6    1    6    0 -0.0000000000 0.0000000000 
    0    1    0    0    3    1    3    1    6    1    6    1 -0.0000000000 -0.0000000000 
    0    1    0    1    3    0    3    0    6    0    6    0 0.0528312164 0.0000000000 
    0    1    0    1    3    0    3    0    6    0    6    1 -0.0000000000 0.0000000000 
    0    1    0    1    3    0    3    0    6    1    6    0 -0.0000000000 -0.0000000000 
    0    1    0    1    3    0    3    0    6    1    6    1 0.1971687836 0.0000000000 
    0    1    0    1    3    0    3    1    6    0    6    0 0.0000000000 -0.0000000000 
    0    1    0    1    3    0    3    1    6    0    6    1 -0.0000000000 -0.0000000000 
    0    1    0    1    3    0    3    1    6    1    6    0 -0.0000000000 0.0000000000 
    0    1    0    1    3    0    3    1    6    1    6    1 0.0000000000 -0.0000000000 
    0    1    0    1    3    1    3    0    6    0    6    0 0.0000000000 0.0000000000 
    0    1    0    1    3    1    3    0    6    0    6    1 -0.0000000000 -0.0000000000 
    0    1    0    1    3    1    3    0    6    1    6    0 -0.0000000000 0.0000000000 
    0    1    0    1    3    1    3    0    6    1    6    1 0.0000000000 0.0000000000 
    0    1    0    1    3    1    3    1    6    0    6    0 0.1971687836 0.0000000000 
    0    1    0    1    3    1    3    1    6    0    6    1 0.0000000000 0.0000000000 
    0    1    0    1    3    1    3    1    6    1    6    0 0.0000000000 -0.0000000000 
    0    1    0    1    3    1    3    1    6    1    6    1 0.0528312164 0.0000000000 
    0    0    0    0    3    0    3    0    7    0    7    0 0.1250000000 0.0000000000 
    0    0    0    0    3    0    3    0    7    0    7    1 -0.0000000000 -0.0000000000 
    0    0    0    0    3    0    3    0    7    1    7    0 -0.0000000000 0.0000000000 
    0    0    0    0    3    0    3    0    7    1    7    1 0.1250000000 0.0000000000 
    0    0    0    0    3    0    3    1    7    0    7    0 0.0000000000 -0.0000000000 
    0    0    0    0    3    0    3    1    7    0    7    1 0.0000000000 -0.0000000000 
    0    0    0    0    3    0    3    1    7    1    7    0 0.0000000000 0.0000000000 
    0    0    0    0    3    0    3    1    7    1    7    1 0.0000000000 -0.0000000000 
    0    0    0    0    3    1    3    0    7    0    7    0 0.0000000000 0.0000000000 
    0    0    0    0    3    1    3    0    7    0    7    1 0.0000000000 -0.0000000000 
    0    0    0    0    3    1    3    0    7    1    7    0 0.0000000000 0.0000000000 
    0    0    0    0    3    1    3    0    7    1    7    1 0.0000000000 0.0000000000 
    0    0    0    0    3    1    3    1    7    0    7    0 0.1250000000 0.0000000000 
    0    0    0    0    3    1    3    1    7    0    7    1 0.0000000000 -0.0000000000 
    0    0    0    0    3    1    3    1    7    1    7    0 0.0000000000 0.0000000000 
    0    0    0    0    3    1    3    1    7    1    7    1 0.1250000000 0.0000000000 
    0    0    0    1    3    0    3    0    7    0    7    0 -0.0000000000 0.0000000000 
    0    0    0    1    3    0    3    0    7    0    7    1 -0.0000000000 -0.0000000000 
    0    0    0    1    3    0    3    0    7    1    7    0 0.0000000000 -0.0000000000 
    0    0    0    1    3    0    3    0    7    1    7    1 -0.0000000000 0.0000000000 
    0    0    0    1    3    0    3    1    7    0    7    0 0.0721687836 -0.0000000000 
    0    0    0    1    3    0    3    1    7    0    7    1 -0.0000000000 0.0000000000 
    0    0    0    1    3    0    3    1    7    1    7    0 -0.0000000000 0.0000000000 
    0    0    0    1    3    0    3    1    7    1    7    1 0.0721687836 -0.0000000000 
    0    0    0    1    3    1    3    0    7    0    7    0 -0.0721687836 0.0000000000 
    0    0    0    1    3    1    3    0    7    0    7    1 -0.0000000000 0.0000000000 
    0    0    0    1    3    1    3    0    7    1    7    0 -0.0000000000 -0.0000000000 
    0    0    0    1    3    1    3    0    7    1    7    1 -0.0721687836 -0.0000000000 
    0    0    0    1    3    1    3    1    7    0    7    0 -0.0000000000 0.0000000000 
    0    0    0    1    3    1    3    1    7    0    7    1 -0.0000000000 0.0000000000 
    0    0    0    1    3    1    3    1    7    1    7    0 0.0000000000 0.0000000000 
    0    0    0    1    3    1    3    1    7    1    7    1 -0.0000000000 0.0000000000 
    0    1    0    0    3    0    3    0    7    0    7    0 -0.0000000000 -0.0000000000 
    0    1    0    0    3    0    3    0    7    0    7    1 0.0000000000 0.0000000000 
    0    1    0    0    3    0    3    0    7    1    7    0 -0.0000000000 0.0000000000 
    0    1    0    0    3    0    3    0    7    1    7    1 -0.0000000000 -0.0000000000 
    0    1    0    0    3    0    3    1    7    0    7    0 -0.0721687836 -0.0000000000 
    0    1    0    0    3    0    3    1    7    0    7    1 -0.0000000000 0.0000000000 
    0    1    0    0    3    0    3    1    7    1    7    0 -0.0000000000 -0.0000000000 
    0    1    0    0    3    0    3    1    7    1    7    1 -0.0721687836 0.0000000000 
    0    1    0    0    3    1    3    0    7    0    7    0 0.0721687836 0.0000000000 
    0    1    0    0    3    1    3    0    7    0    7    1 -0.0000000000 -0.0000000000 
    0    1    0    0    3    1    3    0    7    1    7    0 -0.0000000000 -0.0000000000 
    0    1    0    0    3    1    3    0    7    1    7    1 0.0721687836 0.0000000000 
    0    1    0    0    3    1    3    1    7    0    7    0 -0.0000000000 -0.0000000000 
    0    1    0    0    3    1    3    1    7    0    7    1 0.0000000000 -0.0000000000 
    0    1    0    0    3    1    3    1    7    1    7    0 -0.0000000000 -0.0000000000 
    0    1    0    0    3    1    3    1    7    1    7    1 -0.0000000000 -0.0000000000 
    0    1    0    1    3    0    3    0    7    0    7    0 0.1250000000 0.0000000000 
    0    1    0    1    3    0    3    0    7    0    7    1 0.0000000000 -0.0000000000 
    0    1    0    1    3    0    3    0    7    1    7    0 0.0000000000 0.0000000000 
    0    1    0    1    3    0    3    0    7    1    7    1 0.1250000000 0.0000000000 
    0    1    0    1    3    0    3    1    7    0    7    0 0.0000000000 -0.0000000000 
    0    1    0    1    3    0    3    1    7    0    7    1 0.0000000000 -0.0000000000 
    0    1    0    1    3    0    3    1    7    1    7    0 0.0000000000 0.0000000000 
    0    1    0    1    3    0    3    1    7    1    7    1 0.0000000000 -0.0000000000 
    0    1    0    1    3    1    3    0    7    0    7    0 0.0000000000 0.0000000000 
    0    1    0    1    3    1    3    0    7    0    7    1 0.0000000000 -0.0000000000 
    0    1    0    1    3    1    3    0    7    1    7    0 0.0000000000 0.0000000000 
    0    1    0    1    3    1    3    0    7    1    7    1 0.0000000000 0.0000000000 
    0    1    0    1    3    1    3    1    7    0    7    0 0.1250000000 0.0000000000 
    0    1    0    1    3    1    3    1    7    0    7    1 -0.0000000000 0.0000000000 
    0    1    0    1    3    1    3    1    7    1    7    0 -0.0000000000 -0.0000000000 
    0    1    0    1    3    1    3    1    7    1    7    1 0.1250000000 0.0000000000 
    0    0    0    0    4    0    4    0    5    0    5    0 0.0528312164 0.0000000000 
    0    0    0    0    4    0    4    0    5    0    5    1 0.0000000000 -0.0000000000 
    0    0    0    0    4    0    4    0    5    1    5    0 0.0000000000 0.0000000000 
    0    0    0    0    4    0    4    0    5    1    5    1 0.1971687836 0.0000000000 
    0    0    0    0    4    0    4    1    5    0    5    0 -0.0000000000 0.0000000000 
    0    0    0    0    4    0    4    1    5    0    5    1 -0.0721687836 0.0000000000 
    0    0    0    0    4    0    4    1    5    1    5    0 -0.0721687836 0.0000000000 
    0    0    0    0    4    0    4    1    5    1    5    1 -0.0000000000 0.0000000000 
    0    0    0    0    4    1    4    0    5    0    5    0 -0.0000000000 -0.0000000000 
    0    0    0    0    4    1    4    0    5    0    5    1 -0.0721687836 -0.0000000000 
    0    0    0    0    4    1    4    0    5    1    5    0 -0.0721687836 -0.0000000000 
    0    0    0    0    4    1    4    0    5    1    5    1 -0.0000000000 -0.0000000000 
    0    0    0    0    4    1    4    1    5    0    5    0 0.0528312164 0.0000000000 
    0    0    0    0    4    1    4    1    5    0    5    1 0.0000000000 -0.0000000000 
    0    0    0    0    4    1    4    1    5    1    5    0 0.0000000000 0.0000000000 
    0    0    0    0    4    1    4    1    5    1    5    1 0.1971687836 0.0000000000 
    0    0    0    1    4    0    4    0    5    0    5    0 -0.0000000000 0.0000000000 
    0    0    0    1    4    0    4    0    5    0    5    1 0.0000000000 0.0000000000 
    0    0    0    1    4    0    4    0    5    1    5    0 -0.0000000000 -0.0000000000 
    0    0    0    1    4    0    4    0    5    1    5    1 -0.0000000000 0.0000000000 
    0    0    0    1    4    0    4    1    5    0    5    0 0.0000000000 -0.0000000000 
    0    0    0    1    4    0    4    1    5    0    5    1 0.0000000000 -0.0000000000 
    0    0    0    1    4    0    4    1    5    1    5    0 0.0000000000 0.0000000000 
    0    0    0    1    4    0    4    1    5    1    5    1 0.0000000000 0.0000000000 
    0    0    0    1    4    1    4    0    5    0    5    0 0.0000000000 -0.0000000000 
    0    0    0    1    4    1    4    0    5    0    5    1 0.0000000000 -0.0000000000 
    0    0    0    1    4    1    4    0    5    1    5    0 0.0000000000 -0.0000000000 
    0    0    0    1    4    1    4    0    5    1    5    1 0.0000000000 -0.0000000000 
    0    0    0    1    4    1    4    1    5    0    5    0 -0.0000000000 0.0000000000 
    0    0    0    1    4    1    4    1    5    0    5    1 -0.0000000000 -0.0000000000 
    0    0    0    1    4    1    4    1    5    1    5    0 -0.0000000000 0.0000000000 
    0    0    0    1    4    1    4    1    5    1    5    1 -0.0000000000 0.0000000000 
    0    1    0    0    4    0    4    0    5    0    5    0 -0.0000000000 -0.0000000000 
    0    1    0    0    4    0    4    0    5    0    5    1 -0.0000000000 0.0000000000 
    0    1    0    0    4    0    4    0    5    1    5    0 0.0000000000 -0.0000000000 
    0    1    0    0    4    0    4    0    5    1    5    1 -0.0000000000 -0.0000000000 
    0    1    0    0    4    0    4    1    5    0    5    0 0.0000000000 0.0000000000 
    0    1    0    0    4    0    4    1    5    0    5    1 0.0000000000 0.0000000000 
    0    1    0    0    4    0    4    1    5    1    5    0 0.0000000000 0.0000000000 
    0    1    0    0    4    0    4    1    5    1    5    1 0.0000000000 0.0000000000 
    0    1    0    0    4    1    4    0    5    0    5    0 0.0000000000 0.0000000000 
    0    1    0    0    4    1    4    0    5    0    5    1 0.0000000000 -0.0000000000 
    0    1    0    0    4    1    4    0    5    1    5    0 0.0000000000 0.0000000000 
    0    1    0    0    4    1    4    0    5    1    5    1 0.0000000000 -0.0000000000 
    0    1    0    0    4    1    4    1    5    0    5    0 -0.0000000000 -0.0000000000 
    0    1    0    0    4    1    4    1    5    0    5    1 -0.0000000000 -0.0000000000 
    0    1    0    0    4    1    4    1    5    1    5    0 -0.0000000000 0.0000000000 
    0    1    0    0    4    1    4    1    5    1    5    1 -0.0000000000 -0.0000000000 
    0    1    0    1    4    0    4    0    5    0    5    0 0.1971687836 0.0000000000 
    0    1    0    1    4    0    4    0    5    0    5    1 0.0000000000 -0.0000000000 
    0    1    0    1    4    0    4    0    5    1    5    0 0.0000000000 0.0000000000 
    0    1    0    1    4    0    4    0    5    1    5    1 0.0528312164 0.0000000000 
    0    1    0    1    4    0    4    1    5    0    5    0 -0.0000000000 0.0000000000 
    0    1    0    1    4    0    4    1    5    0    5    1 -0.0721687836 -0.0000000000 
    0    1    0    1    4    0    4    1    5    1    5    0 -0.0721687836 -0.0000000000 
    0    1    0    1    4    0    4    1    5    1    5    1 -0.0000000000 0.0000000000 
    0    1    0    1    4    1    4    0    5    0    5    0 -0.0000000000 -0.0000000000 
    0    1    0    1    4    1    4    0    5    0    5    1 -0.0721687836 0.0000000000 
    0    1    0    1    4    1    4    0    5    1    5    0 -0.0721687836 0.0000000000 
    0    1    0    1    4    1    4    0    5    1    5    1 -0.0000000000 -0.0000000000 
    0    1    0    1    4    1    4    1    5    0    5    0 0.1971687836 0.0000000000 
    0    1    0    1    4    1    4    1    5    0    5    1 0.0000000000 -0.0000000000 
    0    1    0    1    4    1    4    1    5    1    5    0 0.0000000000 0.0000000000 
    0    1    0    1    4    1    4    1    5    1    5    1 0.0528312164 0.0000000000 
    0    0    0    0    4    0    4    0    6    0    6    0 0.1250000000 0.0000000000 
    0    0    0    0    4    0    4    0    6    0    6    1 0.0000000000 0.0000000000 
    0    0    0    0    4    0    4    0    6    1    6    0 0.0000000000 -0.0000000000 
    0    0    0    0    4    0    4    0    6    1    6    1 0.1250000000 0.0000000000 
    0    0    0    0    4    0    4    1    6    0    6    0 -0.0000000000 0.0000000000 
    0    0    0    0    4    0    4    1    6    0    6    1 0.0000000000 -0.0000000000 
    0    0    0    0    4    0    4    1    6    1    6    0 0.0000000000 -0.0000000000 
    0    0    0    0    4    0    4    1    6    1    6    1 -0.0000000000 0.0000000000 
    0    0    0    0    4    1    4    0    6    0    6    0 -0.0000000000 -0.0000000000 
    0    0    0    0    4    1    4    0    6    0    6    1 0.0000000000 0.0000000000 
    0    0    0    0    4    1    4    0    6    1    6    0 0.0000000000 0.0000000000 
    0    0    0    0    4    1    4    0    6    1    6    1 -0.0000000000 -0.0000000000 
    0    0    0    0    4    1    4    1    6    0    6    0 0.1250000000 0.0000000000 
    0    0    0    0    4    1    4    1    6    0    6    1 -0.0000000000 0.0000000000 
    0    0    0    0    4    1    4    1    6    1    6    0 -0.0000000000 -0.0000000000 
    0    0    0    0    4    1    4    1    6    1    6    1 0.1250000000 0.0000000000 
    0    0    0    1    4    0    4    0    6    0    6    0 -0.0000000000 0.0000000000 
    0    0    0    1    4    0    4    0    6    0    6    1 -0.0000000000 0.0000000000 
    0    0    0    1    4    0    4    0    6    1    6    0 0.0000000000 0.0000000000 
    0    0    0    1    4    0    4    0    6    1    6    1 -0.0000000000 0.0000000000 
    0    0    0    1    4    0    4    1    6    0    6    0 0.0000000000 -0.0000000000 
    0    0    0    1    4    0    4    1    6    0    6    1 -0.0000000000 0.0000000000 
    0    0    0    1    4    0    4    1    6    1    6    0 -0.0000000000 -0.0000000000 
    0    0    0    1    4    0    4    1    6    1    6    1 0.0000000000 -0.0000000000 
    0    0    0    1    4    1    4    0    6    0    6    0 0.0000000000 -0.0000000000 
    0    0    0    1    4    1    4    0    6    0    6    1 0.0000000000 0.0000000000 
    0    0    0    1    4    1    4    0    6    1    6    0 -0.0000000000 0.0000000000 
    0    0    0    1    4    1    4    0    6    1    6    1 0.0000000000 -0.0000000000 
    0    0    0    1    4    1    4    1    6    0    6    0 -0.0000000000 0.0000000000 
    0    0    0    1    4    1    4    1    6    0    6    1 -0.0000000000 0.0000000000 
    0    0    0    1    4    1    4    1    6    1    6    0 0.0000000000 -0.0000000000 
    0    0    0    1    4    1    4    1    6    1    6    1 -0.0000000000 0.0000000000 
    0    1    0    0    4    0    4    0    6    0    6    0 -0.0000000000 -0.0000000000 
    0    1    0    0    4    0    4    0    6    0    6    1 0.0000000000 -0.0000000000 
    0    1    0    0    4    0    4    0    6    1    6    0 -0.0000000000 -0.0000000000 
    0    1    0    0    4    0    4    0    6    1    6    1 -0.0000000000 -0.0000000000 
    0    1    0    0    4    0    4    1    6    0    6    0 0.0000000000 0.0000000000 
    0    1    0    0    4    0    4    1    6    0    6    1 -0.0000000000 -0.0000000000 
    0    1    0    0    4    0    4    1    6    1    6    0 0.0000000000 -0.0000000000 
    0    1    0    0    4    0    4    1    6    1    6    1 0.0000000000 0.0000000000 
    0    1    0    0    4    1    4    0    6    0    6    0 0.0000000000 0.0000000000 
    0    1    0    0    4    1    4    0    6    0    6    1 -0.0000000000 0.0000000000 
    0    1    0    0    4    1    4    0    6    1    6    0 -0.0000000000 -0.0000000000 
    0    1    0    0    4    1    4    0    6    1    6    1 0.0000000000 0.0000000000 
    0    1    0    0    4    1    4    1    6    0    6    0 -0.0000000000 -0.0000000000 
    0    1    0    0    4    1    4    1    6    0    6    1 0.0000000000 0.0000000000 
    0    1    0    0    4    1    4    1    6    1    6    0 -0.0000000000 -0.0000000000 
    0    1    0    0    4    1    4    1    6    1    6    1 -0.0000000000 -0.0000000000 
    0    1    0    1    4    0    4    0    6    0    6    0 0.1250000000 0.0000000000 
    0    1    0    1    4    0    4    0    6    0    6    1 -0.0000000000 0.0000000000 
    0    1    0    1    4    0    4    0    6    1    6    0 -0.0000000000 -0.0000000000 
    0    1    0    1    4    0    4    0    6    1    6    1 0.1250000000 0.0000000000 
    0    1    0    1    4    0    4    1    6    0    6    0 -0.0000000000 0.0000000000 
    0    1    0    1    4    0    4    1    6    0    6    1 0.0000000000 0.0000000000 
    0    1    0    1    4    0    4    1    6    1    6    0 0.0000000000 0.0000000000 
    0    1    0    1    4    0    4    1    6    1    6    1 -0.0000000000 0.0000000000 
    0    1    0    1    4    1    4    0    6    0    6    0 -0.0000000000 -0.0000000000 
    0    1    0    1    4    1    4    0    6    0    6    1 0.0000000000 -0.0000000000 
    0    1    0    1    4    1    4    0    6    1    6    0 0.0000000000 -0.0000000000 
    0    1    0    1    4    1    4    0    6    1    6    1 -0.0000000000 -0.0000000000 
    0    1    0    1    4    1    4    1    6    0    6    0 0.1250000000 0.0000000000 
    0    1    0    1    4    1    4    1    6    0    6    1 0.0000000000 0.0000000000 
    0    1    0    1    4    1    4    1    6    1    6    0 0.0000000000 -0.0000000000 
    0    1    0    1    4    1    4    1    6    1    6    1 0.1250000000 0.0000000000 
    0    0    0    0    4    0    4    0    7    0    7    0 0.1250000000 0.0000000000 
    0    0    0    0    4    0    4    0    7    0    7    1 -0.0000000000 -0.0000000000 
    0    0    0    0    4    0    4    0    7    1    7    0 -0.0000000000 0.0000000000 
    0    0    0    0    4    0    4    0    7    1    7    1 0.1250000000 0.0000000000 
    0    0    0    0    4    0    4    1    7    0    7    0 0.0000000000 0.0000000000 
    0    0    0    0    4    0    4    1    7    0    7    1 0.0721687836 0.0000000000 
    0    0    0    0    4    0    4    1    7    1    7    0 -0.0721687836 -0.0000000000 
    0    0    0    0    4    0    4    1    7    1    7    1 -0.0000000000 0.0000000000 
    0    0    0    0    4    1    4    0    7    0    7    0 0.0000000000 -0.0000000000 
    0    0    0    0    4    1    4    0    7    0    7    1 -0.0721687836 0.0000000000 
    0    0    0    0    4    1    4    0    7    1    7    0 0.0721687836 -0.0000000000 
    0    0    0    0    4    1    4    0    7    1    7    1 -0.0000000000 -0.0000000000 
    0    0    0    0    4    1    4    1    7    0    7    0 0.1250000000 0.0000000000 
    0    0    0    0    4    1    4    1    7    0    7    1 0.0000000000 0.0000000000 
    0    0    0    0    4    1    4    1    7    1    7    0 0.0000000000 -0.0000000000 
    0    0    0    0    4    1    4    1    7    1    7    1 0.1250000000 0.0000000000 
    0    0    0    1    4    0    4    0    7    0    7    0 -0.0000000000 0.0000000000 
    0    0    0    1    4    0    4    0    7    0    7    1 -0.0000000000 -0.0000000000 
    0    0    0    1    4    0    4    0    7    1    7    0 0.0000000000 0.0000000000 
    0    0    0    1    4    0    4    0    7    1    7    1 -0.0000000000 0.0000000000 
    0    0    0    1    4    0    4    1    7    0    7    0 0.0000000000 -0.0000000000 
    0    0    0    1    4    0    4    1    7    0    7    1 -0.0000000000 0.0000000000 
    0    0    0    1    4    0    4    1    7    1    7    0 0.0000000000 -0.0000000000 
    0    0    0    1    4    0    4    1    7    1    7    1 0.0000000000 -0.0000000000 
    0    0    0    1    4    1    4    0    7    0    7    0 0.0000000000 -0.0000000000 
    0    0    0    1    4    1    4    0    7    0    7    1 0.0000000000 -0.0000000000 
    0    0    0    1    4    1    4    0    7    1    7    0 0.0000000000 0.0000000000 
    0    0    0    1    4    1    4    0    7    1    7    1 0.0000000000 -0.0000000000 
    0    0    0    1    4    1    4    1    7    0    7    0 -0.0000000000 0.0000000000 
    0    0    0    1    4    1    4    1    7    0    7    1 -0.0000000000 0.0000000000 
    0    0    0    1    4    1    4    1    7    1    7    0 0.0000000000 -0.0000000000 
    0    0    0    1    4    1    4    1    7    1    7    1 -0.0000000000 0.0000000000 
    0    1    0    0    4    0    4    0    7    0    7    0 -0.0000000000 -0.0000000000 
    0    1    0    0    4    0    4    0    7    0    7    1 0.0000000000 -0.0000000000 
    0    1    0    0    4    0    4    0    7    1    7    0 -0.0000000000 0.0000000000 
    0    1    0    0    4    0    4    0    7    1    7    1 -0.0000000000 -0.0000000000 
    0    1    0    0    4    0    4    1    7    0    7    0 0.0000000000 0.0000000000 
    0    1    0    0    4    0    4    1    7    0    7    1 0.0000000000 -0.0000000000 
    0    1    0    0    4    0    4    1    7    1    7    0 0.0000000000 0.0000000000 
    0    1    0    0    4    0    4    1    7    1    7    1 0.0000000000 0.0000000000 
    0    1    0    0    4    1    4    0    7    0    7    0 0.0000000000 0.0000000000 
    0    1    0    0    4    1    4    0    7    0    7    1 0.0000000000 0.0000000000 
    0    1    0    0    4    1    4    0    7    1    7    0 -0.0000000000 -0.0000000000 
    0    1    0    0    4    1    4    0    7    1    7    1 0.0000000000 0.0000000000 
    0    1    0    0    4    1    4    1    7    0    7    0 -0.0000000000 -0.0000000000 
    0    1    0    0    4    1    4    1    7    0    7    1 0.0000000000 0.0000000000 
    0    1    0    0    4    1    4    1    7    1    7    0 -0.0000000000 -0.0000000000 
    0    1    0    0    4    1    4    1    7    1    7    1 -0.0000000000 -0.0000000000 
    0    1    0    1    4    0    4    0    7    0    7    0 0.1250000000 0.0000000000 
    0    1    0    1    4    0    4    0    7    0    7    1 -0.0000000000 -0.0000000000 
    0    1    0    1    4    0    4    0    7    1    7    0 -0.0000000000 0.0000000000 
    0    1    0    1    4    0    4    0    7    1    7    1 0.1250000000 0.0000000000 
    0    1    0    1    4    0    4    1    7    0    7    0 -0.0000000000 -0.0000000000 
    0    1    0    1    4    0    4    1    7    0    7    1 0.0721687836 -0.0000000000 
    0    1    0    1    4    0    4    1    7    1    7    0 -0.0721687836 -0.0000000000 
    0    1    0    1    4    0    4    1    7    1    7    1 -0.0000000000 0.0000000000 
    0    1    0    1    4    1    4    0    7    0    7    0 -0.0000000000 0.0000000000 
    0    1    0    1    4    1    4    0    7    0    7    1 -0.0721687836 0.0000000000 
    0    1    0    1    4    1    4    0    7    1    7    0 0.0721687836 0.0000000000 
    0    1    0    1    4    1    4    0    7    1    7    1 -0.0000000000 -0.0000000000 
    0    1    0    1    4    1    4    1    7    0    7    0 0.1250000000 0.0000000000 
    0    1    0    1    4    1    4    1    7    0    7    1 -0.0000000000 -0.0000000000 
    0    1    0    1    4    1    4    1    7    1    7    0 -0.0000000000 0.0000000000 
    0    1    0    1    4    1    4    1    7    1    7    1 0.1250000000 0.0000000000 
    0    0    0    0    5    0    5    0    6    0    6    0 0.0528312164 0.0000000000 
    0    0    0    0    5    0    5    0    6    0    6    1 -0.0000000000 0.0000000000 
    0    0    0    0    5    0    5    0    6    1    6    0 -0.0000000000 -0.0000000000 
    0    0    0    0    5    0    5    0    6    1    6    1 0.0528312164 0.0000000000 
    0    0    0    0    5    0    5    1    6    0    6    0 0.0000000000 -0.0000000000 
    0    0    0    0    5    0    5    1    6    0    6    1 0.0721687836 0.0000000000 
    0    0    0    0    5    0    5    1    6    1    6    0 -0.0721687836 -0.0000000000 
    0    0    0    0    5    0    5    1    6    1    6    1 0.0000000000 -0.0000000000 
    0    0    0    0    5    1    5    0    6    0    6    0 0.0000000000 0.0000000000 
    0    0    0    0    5    1    5    0    6    0    6    1 -0.0721687836 0.0000000000 
    0    0    0    0    5    1    5    0    6    1    6    0 0.0721687836 -0.0000000000 
    0    0    0    0    5    1    5    0    6    1    6    1 0.0000000000 0.0000000000 
    0    0    0    0    5    1    5    1    6    0    6    0 0.1971687836 0.0000000000 
    0    0    0    0    5    1    5    1    6    0    6    1 0.0000000000 0.0000000000 
    0    0    0    0    5    1    5    1    6    1    6    0 0.0000000000 -0.0000000000 
    0    0    0    0    5    1    5    1    6    1    6    1 0.1971687836 0.0000000000 
    0    0    0    1    5    0    5    0    6    0    6    0 -0.0000000000 0.0000000000 
    0    0    0    1    5    0    5    0    6    0    6    1 -0.0000000000 0.0000000000 
    0    0    0    1    5    0    5    0    6    1    6    0 0.0000000000 -0.0000000000 
    0    0    0    1    5    0    5    0    6    1    6    1 -0.0000000000 0.0000000000 
    0    0    0    1    5    0    5    1    6    0    6    0 -0.0000000000 -0.0000000000 
    0    0    0    1    5    0    5    1    6    0    6    1 -0.0000000000 0.0000000000 
    0    0    0    1    5    0    5    1    6    1    6    0 0.0000000000 -0.0000000000 
    0    0    0    1    5    0    5    1    6    1    6    1 0.0000000000 0.0000000000 
    0    0    0    1    5    1    5    0    6    0    6    0 -0.0000000000 0.0000000000 
    0    0    0    1    5    1    5    0    6    0    6    1 0.0000000000 -0.0000000000 
    0    0    0    1    5    1    5    0    6    1    6    0 0.0000000000 0.0000000000 
    0    0    0    1    5    1    5    0    6    1    6    1 -0.0000000000 0.0000000000 
    0    0    0    1    5    1    5    1    6    0    6    0 -0.0000000000 0.0000000000 
    0    0    0    1    5    1    5    1    6    0    6    1 -0.0000000000 -0.0000000000 
    0    0    0    1    5    1    5    1    6    1    6    0 0.0000000000 0.0000000000 
    0    0    0    1    5    1    5    1    6    1    6    1 -0.0000000000 0.0000000000 
    0    1    0    0    5    0    5    0    6    0    6    0 -0.0000000000 -0.0000000000 
    0    1    0    0    5    0    5    0    6    0    6    1 0.0000000000 0.0000000000 
    0    1    0    0    5    0    5    0    6    1    6    0 -0.0000000000 -0.0000000000 
    0    1    0    0    5    0    5    0    6    1    6    1 -0.0000000000 -0.0000000000 
    0    1    0    0    5    0    5    1    6    0    6    0 -0.0000000000 -0.0000000000 
    0    1    0    0    5    0    5    1    6    0    6    1 0.0000000000 -0.0000000000 
    0    1    0    0    5    0    5    1    6    1    6    0 0.0000000000 0.0000000000 
    0    1    0    0    5    0    5    1    6    1    6    1 -0.0000000000 -0.0000000000 
    0    1    0    0    5    1    5    0    6    0    6    0 -0.0000000000 0.0000000000 
    0    1    0    0    5    1    5    0    6    0    6    1 0.0000000000 0.0000000000 
    0    1    0    0    5    1    5    0    6    1    6    0 -0.0000000000 -0.0000000000 
    0    1    0    0    5    1    5    0    6    1    6    1 0.0000000000 -0.0000000000 
    0    1    0    0    5    1    5    1    6    0    6    0 -0.0000000000 -0.0000000000 
    0    1    0    0    5    1    5    1    6    0    6    1 0.0000000000 -0.0000000000 
    0    1    0    0    5    1    5    1    6    1    6    0 -0.0000000000 0.0000000000 
    0    1    0    0    5    1    5    1    6    1    6    1 -0.0000000000 -0.0000000000 
    0    1    0    1    5    0    5    0    6    0    6    0 0.1971687836 0.0000000000 
    0    1    0    1    5    0    5    0    6    0    6    1 -0.0000000000 0.0000000000 
    0    1    0    1    5    0    5    0    6    1    6    0 -0.0000000000 -0.0000000000 
    0    1    0    1    5    0    5    0    6    1    6    1 0.1971687836 0.0000000000 
    0    1    0    1    5    0    5    1    6    0    6    0 0.0000000000 -0.0000000000 
    0    1    0    1    5    0    5    1    6    0    6    1 0.0721687836 -0.0000000000 
    0    1    0    1    5    0    5    1    6    1    6    0 -0.0721687836 -0.0000000000 
    0    1    0    1    5    0    5    1    6    1    6    1 -0.0000000000 -0.0000000000 
    0    1    0    1    5    1    5    0    6    0    6    0 0.0000000000 0.0000000000 
    0    1    0    1    5    1    5    0    6    0    6    1 -0.0721687836 0.0000000000 
    0    1    0    1    5    1    5    0    6    1    6    0 0.0721687836 0.0000000000 
    0    1    0    1    5    1    5    0    6    1    6    1 -0.0000000000 0.0000000000 
    0    1    0    1    5    1    5    1    6    0    6    0 0.0528312164 0.0000000000 
    0    1    0    1    5    1    5    1    6    0    6    1 0.0000000000 0.0000000000 
    0    1    0    1    5    1    5    1    6    1    6    0 0.0000000000 -0.0000000000 
    0    1    0    1    5    1    5    1    6    1    6    1 0.0528312164 0.0000000000 
    0    0    0    0    5    0    5    0    7    0    7    0 0.0528312164 0.0000000000 
    0    0    0    0    5    0    5    0    7    0    7    1 -0.0000000000 -0.0000000000 
    0    0    0    0    5    0    5    0    7    1    7    0 -0.0000000000 0.0000000000 
    0    0    0    0    5    0    5    0    7    1    7    1 0.0528312164 0.0000000000 
    0    0    0    0    5    0    5    1    7    0    7    0 0.0000000000 -0.0000000000 
    0    0    0    0    5    0    5    1    7    0    7    1 0.0000000000 -0.0000000000 
    0    0    0    0    5    0    5    1    7    1    7    0 0.0000000000 0.0000000000 
    0    0    0    0    5    0    5    1    7    1    7    1 0.0000000000 -0.0000000000 
    0    0    0    0    5    1    5    0    7    0    7    0 0.0000000000 0.0000000000 
    0    0    0    0    5    1    5    0    7    0    7    1 0.0000000000 -0.0000000000 
    0    0    0    0    5    1    5    0    7    1    7    0 0.0000000000 0.0000000000 
    0    0    0    0    5    1    5    0    7    1    7    1 0.0000000000 0.0000000000 
    0    0    0    0    5    1    5    1    7    0    7    0 0.1971687836 0.0000000000 
    0    0    0    0    5    1    5    1    7    0    7    1 -0.0000000000 -0.0000000000 
    0    0    0    0    5    1    5    1    7    1    7    0 -0.0000000000 0.0000000000 
    0    0    0    0    5    1    5    1    7    1    7    1 0.1971687836 0.0000000000 
    0    0    0    1    5    0    5    0    7    0    7    0 -0.0000000000 0.0000000000 
    0    0    0    1    5    0    5    0    7    0    7    1 -0.0000000000 -0.0000000000 
    0    0    0    1    5    0    5    0    7    1    7    0 -0.0000000000 -0.0000000000 
    0    0    0    1    5    0    5    0    7    1    7    1 -0.0000000000 0.0000000000 
    0    0    0    1    5    0    5    1    7    0    7    0 -0.0000000000 -0.0000000000 
    0    0    0    1    5    0    5    1    7    0    7    1 -0.0000000000 0.0000000000 
    0    0    0    1    5    0    5    1    7    1    7    0 -0.0000000000 0.0000000000 
    0    0    0    1    5    0    5    1    7    1    7    1 -0.0000000000 -0.0000000000 
    0    0    0    1    5    1    5    0    7    0    7    0 -0.0000000000 0.0000000000 
    0    0    0    1    5    1    5    0    7    0    7    1 -0.0000000000 -0.0000000000 
    0    0    0    1    5    1    5    0    7    1    7    0 -0.0000000000 0.0000000000 
    0    0    0    1    5    1    5    0    7    1    7    1 -0.0000000000 0.0000000000 
    0    0    0    1    5    1    5    1    7    0    7    0 -0.0000000000 0.0000000000 
    0    0    0    1    5    1    5    1    7    0    7    1 -0.0000000000 -0.0000000000 
    0    0    0    1    5    1    5    1    7    1    7    0 0.0000000000 0.0000000000 
    0    0    0    1    5    1    5    1    7    1    7    1 -0.0000000000 0.0000000000 
    0    1    0    0    5    0    5    0    7    0    7    0 -0.0000000000 -0.0000000000 
    0    1    0    0    5    0    5    0    7    0    7    1 -0.0000000000 0.0000000000 
    0    1    0    0    5    0    5    0    7    1    7    0 -0.0000000000 0.0000000000 
    0    1    0    0    5    0    5    0    7    1    7    1 -0.0000000000 -0.0000000000 
    0    1    0    0    5    0    5    1    7    0    7    0 -0.0000000000 -0.0000000000 
    0    1    0    0    5    0    5    1    7    0    7    1 -0.0000000000 -0.0000000000 
    0    1    0    0    5    0    5    1    7    1    7    0 -0.0000000000 0.0000000000 
    0    1    0    0    5    0    5    1    7    1    7    1 -0.0000000000 -0.0000000000 
    0    1    0    0    5    1    5    0    7    0    7    0 -0.0000000000 0.0000000000 
    0    1    0    0    5    1    5    0    7    0    7    1 -0.0000000000 -0.0000000000 
    0    1    0    0    5    1    5    0    7    1    7    0 -0.0000000000 -0.0000000000 
    0    1    0    0    5    1    5    0    7    1    7    1 -0.0000000000 0.0000000000 
    0    1    0    0    5    1    5    1    7    0    7    0 -0.0000000000 -0.0000000000 
    0    1    0    0    5    1    5    1    7    0    7    1 0.0000000000 -0.0000000000 
    0    1    0    0    5    1    5    1    7    1    7    0 -0.0000000000 0.0000000000 
    0    1    0    0    5    1    5    1    7    1    7    1 -0.0000000000 -0.0000000000 
    0    1    0    1    5    0    5    0    7    0    7    0 0.1971687836 0.0000000000 
    0    1    0    1    5    0    5    0    7    0    7    1 -0.0000000000 -0.0000000000 
    0    1    0    1    5    0    5    0    7    1    7    0 -0.0000000000 0.0000000000 
    0    1    0    1    5    0    5    0    7    1    7    1 0.1971687836 0.0000000000 
    0    1    0    1    5    0    5    1    7    0    7    0 0.0000000000 -0.0000000000 
    0    1    0    1    5    0    5    1    7    0    7    1 0.0000000000 0.0000000000 
    0    1    0    1    5    0    5    1    7    1    7    0 0.0000000000 -0.0000000000 
    0    1    0    1    5    0    5    1    7    1    7    1 0.0000000000 -0.0000000000 
    0    1    0    1    5    1    5    0    7    0    7    0 0.0000000000 0.0000000000 
    0    1    0    1    5    1    5    0    7    0    7    1 0.0000000000 0.0000000000 
    0    1    0    1    5    1    5    0    7    1    7    0 0.0000000000 -0.0000000000 
    0    1    0    1    5    1    5    0    7    1    7    1 0.0000000000 0.0000000000 
    0    1    0    1    5    1    5    1    7    0    7    0 0.0528312164 0.0000000000 
    0    1    0    1    5    1    5    1    7    0    7    1 -0.0000000000 -0.0000000000 
    0    1    0    1    5    1    5    1    7    1    7    0 -0.0000000000 0.0000000000 
    0    1    0    1    5    1    5    1    7    1    7    1 0.0528312164 0.0000000000 
    0    0    0    0    6    0    6    0    7    0    7    0 0.1250000000 0.0000000000 
    0    0    0    0    6    0    6    0    7    0    7    1 0.0000000000 -0.0000000000 
    0    0    0    0    6    0    6    0    7    1    7    0 0.0000000000 0.0000000000 
    0    0    0    0    6    0    6    0    7    1    7    1 0.1250000000 0.0000000000 
    0    0    0    0    6    0    6    1    7    0    7    0 0.0000000000 0.0000000000 
    0    0    0    0    6    0    6    1    7    0    7    1 -0.0721687836 -0.0000000000 
    0    0    0    0    6    0    6    1    7    1    7    0 -0.0721687836 -0.0000000000 
    0    0    0    0    6    0    6    1    7    1    7    1 0.0000000000 0.0000000000 
    0    0    0    0    6    1    6    0    7    0    7    0 0.0000000000 -0.0000000000 
    0    0    0    0    6    1    6    0    7    0    7    1 -0.0721687836 0.0000000000 
    0    0    0    0    6    1    6    0    7    1    7    0 -0.0721687836 0.0000000000 
    0    0    0    0    6    1    6    0    7    1    7    1 0.0000000000 -0.0000000000 
    0    0    0    0    6    1    6    1    7    0    7    0 0.1250000000 0.0000000000 
    0    0    0    0    6    1    6    1    7    0    7    1 -0.0000000000 -0.0000000000 
    0    0    0    0    6    1    6    1    7    1    7    0 -0.0000000000 0.0000000000 
    0    0    0    0    6    1    6    1    7    1    7    1 0.1250000000 0.0000000000 
    0    0    0    1    6    0    6    0    7    0    7    0 -0.0000000000 0.0000000000 
    0    0    0    1    6    0    6    0    7    0    7    1 -0.0000000000 0.0000000000 
    0    0    0    1    6    0    6    0    7    1    7    0 0.0000000000 0.0000000000 
    0    0    0    1    6    0    6    0    7    1    7    1 -0.0000000000 0.0000000000 
    0    0    0    1    6    0    6    1    7    0    7    0 -0.0000000000 0.0000000000 
    0    0    0    1    6    0    6    1    7    0    7    1 0.0000000000 -0.0000000000 
    0    0    0    1    6    0    6    1    7    1    7    0 0.0000000000 -0.0000000000 
    0    0    0    1    6    0    6    1    7    1    7    1 -0.0000000000 0.0000000000 
    0    0    0    1    6    1    6    0    7    0    7    0 0.0000000000 -0.0000000000 
    0    0    0    1    6    1    6    0    7    0    7    1 0.0000000000 -0.0000000000 
    0    0    0    1    6    1    6    0    7    1    7    0 0.0000000000 -0.0000000000 
    0    0    0    1    6    1    6    0    7    1    7    1 0.0000000000 -0.0000000000 
    0    0    0    1    6    1    6    1    7    0    7    0 -0.0000000000 0.0000000000 
    0    0    0    1    6    1    6    1    7    0    7    1 -0.0000000000 -0.0000000000 
    0    0    0    1    6    1    6    1    7    1    7    0 0.0000000000 -0.0000000000 
    0    0    0    1    6    1    6    1    7    1    7    1 -0.0000000000 0.0000000000 
    0    1    0    0    6    0    6    0    7    0    7    0 -0.0000000000 -0.0000000000 
    0    1    0    0    6    0    6    0    7    0    7    1 0.0000000000 -0.0000000000 
    0    1    0    0    6    0    6    0    7    1    7    0 -0.0000000000 -0.0000000000 
    0    1    0    0    6    0    6    0    7    1    7    1 -0.0000000000 -0.0000000000 
    0    1    0    0    6    0    6    1    7    0    7    0 0.0000000000 0.0000000000 
    0    1    0    0    6    0    6    1    7    0    7    1 0.0000000000 0.0000000000 
    0    1    0    0    6    0    6    1    7    1    7    0 0.0000000000 0.0000000000 
    0    1    0    0    6    0    6    1    7    1    7    1 0.0000000000 0.0000000000 
    0    1    0    0    6    1    6    0    7    0    7    0 -0.0000000000 -0.0000000000 
    0    1    0    0    6    1    6    0    7    0    7    1 0.0000000000 0.0000000000 
    0    1    0    0    6    1    6    0    7    1    7    0 0.0000000000 0.0000000000 
    0    1    0    0    6    1    6    0    7    1    7    1 -0.0000000000 -0.0000000000 
    0    1    0    0    6    1    6    1    7    0    7    0 -0.0000000000 -0.0000000000 
    0    1    0    0    6    1    6    1    7    0    7    1 0.0000000000 0.0000000000 
    0    1    0    0    6    1    6    1    7    1    7    0 -0.0000000000 0.0000000000 
    0    1    0    0    6    1    6    1    7    1    7    1 -0.0000000000 -0.0000000000 
    0    1    0    1    6    0    6    0    7    0    7    0 0.1250000000 0.0000000000 
    0    1    0    1    6    0    6    0    7    0    7    1 -0.0000000000 0.0000000000 
    0    1    0    1    6    0    6    0    7    1    7    0 -0.0000000000 -0.0000000000 
    0    1    0    1    6    0    6    0    7    1    7    1 0.1250000000 0.0000000000 
    0    1    0    1    6    0    6    1    7    0    7    0 -0.0000000000 -0.0000000000 
    0    1    0    1    6    0    6    1    7    0    7    1 -0.0721687836 -0.0000000000 
    0    1    0    1    6    0    6    1    7    1    7    0 -0.0721687836 0.0000000000 
    0    1    0    1    6    0    6    1    7    1    7    1 0.0000000000 0.0000000000 
    0    1    0    1    6    1    6    0    7    0    7    0 -0.0000000000 0.0000000000 
    0    1    0    1    6    1    6    0    7    0    7    1 -0.0721687836 -0.0000000000 
    0    1    0    1    6    1    6    0    7    1    7    0 -0.0721687836 0.0000000000 
    0    1    0    1    6    1    6    0    7    1    7    1 0.0000000000 -0.0000000000 
    0    1    0    1    6    1    6    1    7    0    7    0 0.1250000000 0.0000000000 
    0    1    0    1    6    1    6    1    7    0    7    1 -0.0000000000 -0.0000000000 
    0    1    0    1    6    1    6    1    7    1    7    0 -0.0000000000 0.0000000000 
    0    1    0    1    6    1    6    1    7    1    7    1 0.1250000000 0.0000000000 
    1    0    1    0    2    0    2    0    3    0    3    0 0.1250000000 0.0000000000 
    1    0    1    0    2    0    2    0    3    0    3    1 0.0000000000 -0.0000000000 
    1    0    1    0    2    0    2    0    3    1    3    0 0.0000000000 0.0000000000 
    1    0    1    0    2    0    2    0    3    1    3    1 0.1250000000 0.0000000000 
    1    0    1    0    2    0    2    1    3    0    3    0 -0.0000000000 -0.0000000000 
    1    0    1    0    2    0    2    1    3    0    3    1 -0.0721687836 0.0000000000 
    1    0    1    0    2    0    2    1    3    1    3    0 -0.0721687836 -0.0000000000 
    1    0    1    0    2    0    2    1    3    1    3    1 -0.0000000000 0.0000000000 
    1    0    1    0    2    1    2    0    3    0    3    0 -0.0000000000 0.0000000000 
    1    0    1    0    2    1    2    0    3    0    3    1 -0.0721687836 0.0000000000 
    1    0    1    0    2    1    2    0    3    1    3    0 -0.0721687836 -0.0000000000 
    1    0    1    0    2    1    2    0    3    1    3    1 -0.0000000000 -0.0000000000 
    1    0    1    0    2    1    2    1    3    0    3    0 0.1250000000 0.0000000000 
    1    0    1    0    2    1    2    1    3    0    3    1 0.0000000000 -0.0000000000 
    1    0    1    0    2    1    2    1    3    1    3    0 0.0000000000 0.0000000000 
    1    0    1    0    2    1    2    1    3    1    3    1 0.1250000000 0.0000000000 
    1    0    1    1    2    0    2    0    3    0    3    0 0.0000000000 0.0000000000 
    1    0    1    1    2    0    2    0    3    0    3    1 0.0000000000 -0.0000000000 
    1    0    1    1    2    0    2    0    3    1    3    0 0.0000000000 0.0000000000 
    1    0    1    1    2    0    2    0    3    1    3    1 0.0000000000 -0.0000000000 
    1    0    1    1    2    0    2    1    3    0    3    0 0.0721687836 0.0000000000 
    1    0    1    1    2    0    2    1    3    0    3    1 -0.0000000000 -0.0000000000 
    1    0    1    1    2    0    2    1    3    1    3    0 -0.0000000000 0.0000000000 
    1    0    1    1    2    0    2    1    3    1    3    1 0.0721687836 -0.0000000000 
    1    0    1    1    2    1    2    0    3    0    3    0 -0.0721687836 -0.0000000000 
    1    0    1    1    2    1    2    0    3    0    3    1 -0.0000000000 0.0000000000 
    1    0    1    1    2    1    2    0    3    1    3    0 -0.0000000000 -0.0000000000 
    1    0    1    1    2    1    2    0    3    1    3    1 -0.0721687836 0.0000000000 
    1    0    1    1    2    1    2    1    3    0    3    0 0.0000000000 0.0000000000 
    1    0    1    1    2    1    2    1    3    0    3    1 0.0000000000 0.0000000000 
    1    0    1    1    2    1    2    1    3    1    3    0 0.0000000000 -0.0000000000 
    1    0    1    1    2    1    2    1    3    1    3    1 0.0000000000 0.0000000000 
    1    1    1    0    2    0    2    0    3    0    3    0 0.0000000000 -0.0000000000 
    1    1    1    0    2    0    2    0    3    0    3    1 0.0000000000 -0.0000000000 
    1    1    1    0    2    0    2    0    3    1    3    0 0.0000000000 0.0000000000 
    1    1    1    0    2    0    2    0    3    1    3    1 0.0000000000 0.0000000000 
    1    1    1    0    2    0    2    1    3    0    3    0 -0.0721687836 0.0000000000 
    1    1    1    0    2    0    2    1    3    0    3    1 -0.0000000000 0.0000000000 
    1    1    1    0    2    0    2    1    3    1    3    0 -0.0000000000 -0.0000000000 
    1    1    1    0    2    0    2    1    3    1    3    1 -0.0721687836 -0.0000000000 
    1    1    1    0    2    1    2    0    3    0    3    0 0.0721687836 -0.0000000000 
    1    1    1    0    2    1    2    0    3    0    3    1 -0.0000000000 -0.0000000000 
    1    1    1    0    2    1    2    0    3    1    3    0 -0.0000000000 0.0000000000 
    1    1    1    0    2    1    2    0    3    1    3    1 0.0721687836 0.0000000000 
    1    1    1    0    2    1    2    1    3    0    3    0 0.0000000000 -0.0000000000 
    1    1    1    0    2    1    2    1    3    0    3    1 0.0000000000 0.0000000000 
    1    1    1    0    2    1    2    1    3    1    3    0 0.0000000000 -0.0000000000 
    1    1    1    0    2    1    2    1    3    1    3    1 0.0000000000 -0.0000000000 
    1    1    1    1    2    0    2    0    3    0    3    0 0.1250000000 0.0000000000 
    1    1    1    1    2    0    2    0    3    0    3    1 0.0000000000 0.0000000000 
    1    1    1    1    2    0    2    0    3    1    3    0 0.0000000000 -0.0000000000 
    1    1    1    1    2    0    2    0    3    1    3    1 0.1250000000 0.0000000000 
    1    1    1    1    2    0    2    1    3    0    3    0 -0.0000000000 -0.0000000000 
    1    1    1    1    2    0    2    1    3    0    3    1 -0.0721687836 -0.0000000000 
    1    1    1    1    2    0    2    1    3    1    3    0 -0.0721687836 0.0000000000 
    1    1    1    1    2    0    2    1    3    1    3    1 -0.0000000000 0.0000000000 
    1    1    1    1    2    1    2    0    3    0    3    0 -0.0000000000 0.0000000000 
    1    1    1    1    2    1    2    0    3    0    3    1 -0.0721687836 -0.0000000000 
    1    1    1    1    2    1    2    0    3    1    3    0 -0.0721687836 0.0000000000 
    1    1    1    1    2    1    2    0    3    1    3    1 -0.0000000000 -0.0000000000 
    1    1    1    1    2    1    2    1    3    0    3    0 0.1250000000 0.0000000000 
    1    1    1    1    2    1    2    1    3    0    3    1 0.0000000000 -0.0000000000 
    1    1    1    1    2    1    2    1    3    1    3    0 0.0000000000 0.0000000000 
    1    1    1    1    2    1    2    1    3    1    3    1 0.1250000000 0.0000000000 
    1    0    1    0    2    0    2    0    4    0    4    0 0.0528312164 0.0000000000 
    1    0    1    0    2    0    2    0    4    0    4    1 -0.0000000000 0.0000000000 
    1    0    1    0    2    0    2    0    4    1    4    0 -0.0000000000 -0.0000000000 
    1    0    1    0    2    0    2    0    4    1    4    1 0.1971687836 0.0000000000 
    1    0    1    0    2    0    2    1    4    0    4    0 -0.0000000000 -0.0000000000 
    1    0    1    0    2    0    2    1    4    0    4    1 -0.0000000000 0.0000000000 
    1    0    1    0    2    0    2    1    4    1    4    0 0.0000000000 0.0000000000 
    1    0    1    0    2    0    2    1    4    1    4    1 -0.0000000000 -0.0000000000 
    1    0    1    0    2    1    2    0    4    0    4    0 -0.0000000000 0.0000000000 
    1    0    1    0    2    1    2    0    4    0    4    1 0.0000000000 -0.0000000000 
    1    0    1    0    2    1    2    0    4    1    4    0 -0.0000000000 -0.0000000000 
    1    0    1    0    2    1    2    0    4    1    4    1 -0.0000000000 0.0000000000 
    1    0    1    0    2    1    2    1    4    0    4    0 0.0528312164 0.0000000000 
    1    0    1    0    2    1    2    1    4    0    4    1 -0.0000000000 0.0000000000 
    1    0    1    0    2    1    2    1    4    1    4    0 -0.0000000000 -0.0000000000 
    1    0    1    0    2    1    2    1    4    1    4    1 0.1971687836 0.0000000000 
    1    0    1    1    2    0    2    0    4    0    4    0 0.0000000000 -0.0000000000 
    1    0    1    1    2    0    2    0    4    0    4    1 0.0000000000 -0.0000000000 
    1    0    1    1    2    0    2    0    4    1    4    0 -0.0000000000 -0.0000000000 
    1    0    1    1    2    0    2    0    4    1    4    1 0.0000000000 -0.0000000000 
    1    0    1    1    2    0    2    1    4    0    4    0 0.0721687836 -0.0000000000 
    1    0    1    1    2    0    2    1    4    0    4    1 -0.0000000000 -0.0000000000 
    1    0    1    1    2    0    2    1    4    1    4    0 -0.0000000000 0.0000000000 
    1    0    1    1    2    0    2    1    4    1    4    1 0.0721687836 -0.0000000000 
    1    0    1    1    2    1    2    0    4    0    4    0 -0.0721687836 0.0000000000 
    1    0    1    1    2    1    2    0    4    0    4    1 0.0000000000 -0.0000000000 
    1    0    1    1    2    1    2    0    4    1    4    0 0.0000000000 0.0000000000 
    1    0    1    1    2    1    2    0    4    1    4    1 -0.0721687836 0.0000000000 
    1    0    1    1    2    1    2    1    4    0    4    0 0.0000000000 0.0000000000 
    1    0    1    1    2    1    2    1    4    0    4    1 -0.0000000000 -0.0000000000 
    1    0    1    1    2    1    2    1    4    1    4    0 -0.0000000000 0.0000000000 
    1    0    1    1    2    1    2    1    4    1    4    1 0.0000000000 0.0000000000 
    1    1    1    0    2    0    2    0    4    0    4    0 0.0000000000 0.0000000000 
    1    1    1    0    2    0    2    0    4    0    4    1 -0.0000000000 0.0000000000 
    1    1    1    0    2    0    2    0    4    1    4    0 0.0000000000 0.0000000000 
    1    1    1    0    2    0    2    0    4    1    4    1 0.0000000000 0.0000000000 
    1    1    1    0    2    0    2    1    4    0    4    0 -0.0721687836 -0.0000000000 
    1    1    1    0    2    0    2    1    4    0    4    1 0.0000000000 -0.0000000000 
    1    1    1    0    2    0    2    1    4    1    4    0 0.0000000000 0.0000000000 
    1    1    1    0    2    0    2    1    4    1    4    1 -0.0721687836 -0.0000000000 
    1    1    1    0    2    1    2    0    4    0    4    0 0.0721687836 0.0000000000 
    1    1    1    0    2    1    2    0    4    0    4    1 -0.0000000000 -0.0000000000 
    1    1    1    0    2    1    2    0    4    1    4    0 -0.0000000000 0.0000000000 
    1    1    1    0    2    1    2    0    4    1    4    1 0.0721687836 0.0000000000 
    1    1    1    0    2    1    2    1    4    0    4    0 0.0000000000 -0.0000000000 
    1    1    1    0    2    1    2    1    4    0    4    1 -0.0000000000 -0.0000000000 
    1    1    1    0    2    1    2    1    4    1    4    0 -0.0000000000 0.0000000000 
    1    1    1    0    2    1    2    1    4    1    4    1 0.0000000000 -0.0000000000 
    1    1    1    1    2    0    2    0    4    0    4    0 0.1971687836 0.0000000000 
    1    1    1    1    2    0    2    0    4    0    4    1 -0.0000000000 0.0000000000 
    1    1    1    1    2    0    2    0    4    1    4    0 -0.0000000000 -0.0000000000 
    1    1    1    1    2    0    2    0    4    1    4    1 0.0528312164 0.0000000000 
    1    1    1    1    2    0    2    1    4    0    4    0 -0.0000000000 -0.0000000000 
    1    1    1    1    2    0    2    1    4    0    4    1 -0.0000000000 -0.0000000000 
    1    1    1    1    2    0    2    1    4    1    4    0 0.0000000000 -0.0000000000 
    1    1    1    1    2    0    2    1    4    1    4    1 -0.0000000000 -0.0000000000 
    1    1    1    1    2    1    2    0    4    0    4    0 -0.0000000000 0.0000000000 
    1    1    1    1    2    1    2    0    4    0    4    1 0.0000000000 0.0000000000 
    1    1    1    1    2    1    2    0    4    1    4    0 -0.0000000000 0.0000000000 
    1    1    1    1    2    1    2    0    4    1    4    1 -0.0000000000 0.0000000000 
    1    1    1    1    2    1    2    1    4    0    4    0 0.1971687836 0.0000000000 
    1    1    1    1    2    1    2    1    4    0    4    1 -0.0000000000 -0.0000000000 
    1    1    1    1    2    1    2    1    4    1    4    0 -0.0000000000 0.0000000000 
    1    1    1    1    2    1    2    1    4    1    4    1 0.0528312164 0.0000000000 
    1    0    1    0    2    0    2    0    5    0    5    0 0.1250000000 0.0000000000 
    1    0    1    0    2    0    2    0    5    0    5    1 0.0000000000 -0.0000000000 
    1    0    1    0    2    0    2    0    5    1    5    0 0.0000000000 0.0000000000 
    1    0    1    0    2    0    2    0    5    1    5    1 0.1250000000 0.0000000000 
    1    0    1    0    2    0    2    1    5    0    5    0 -0.0000000000 -0.0000000000 
    1    0    1    0    2    0    2    1    5    0    5    1 -0.0000000000 -0.0000000000 
    1    0    1    0    2    0    2    1    5    1    5    0 0.0000000000 -0.0000000000 
    1    0    1    0    2    0    2    1    5    1    5    1 -0.0000000000 -0.0000000000 
    1    0    1    0    2    1    2    0    5    0    5    0 -0.0000000000 0.0000000000 
    1    0    1    0    2    1    2    0    5    0    5    1 0.0000000000 0.0000000000 
    1    0    1    0    2    1    2    0    5    1    5    0 -0.0000000000 0.0000000000 
    1    0    1    0    2    1    2    0    5    1    5    1 -0.0000000000 0.0000000000 
    1    0    1    0    2    1    2    1    5    0    5    0 0.1250000000 0.0000000000 
    1    0    1    0    2    1    2    1    5    0    5    1 0.0000000000 -0.0000000000 
    1    0    1    0    2    1    2    1    5    1    5    0 0.0000000000 0.0000000000 
    1    0    1    0    2    1    2    1    5    1    5    1 0.1250000000 0.0000000000 
    1    0    1    1    2    0    2    0    5    0    5    0 0.0000000000 0.0000000000 
    1    0    1    1    2    0    2    0    5    0    5    1 0.0000000000 0.0000000000 
    1    0    1    1    2    0    2    0    5    1    5    0 0.0000000000 0.0000000000 
    1    0    1    1    2    0    2    0    5    1    5    1 0.0000000000 -0.0000000000 
    1    0    1    1    2    0    2    1    5    0    5    0 0.0721687836 -0.0000000000 
    1    0    1    1    2    0    2    1    5    0    5    1 0.0000000000 -0.0000000000 
    1    0    1    1    2    0    2    1    5    1    5    0 0.0000000000 0.0000000000 
    1    0    1    1    2    0    2    1    5    1    5    1 0.0721687836 -0.0000000000 
    1    0    1    1    2    1    2    0    5    0    5    0 -0.0721687836 -0.0000000000 
    1    0    1    1    2    1    2    0    5    0    5    1 -0.0000000000 0.0000000000 
    1    0    1    1    2    1    2    0    5    1    5    0 0.0000000000 -0.0000000000 
    1    0    1    1    2    1    2    0    5    1    5    1 -0.0721687836 0.0000000000 
    1    0    1    1    2    1    2    1    5    0    5    0 0.0000000000 0.0000000000 
    1    0    1    1    2    1    2    1    5    0    5    1 0.0000000000 0.0000000000 
    1    0    1    1    2    1    2    1    5    1    5    0 0.0000000000 -0.0000000000 
    1    0    1    1    2    1    2    1    5    1    5    1 0.0000000000 0.0000000000 
    1    1    1    0    2    0    2    0    5    0    5    0 0.0000000000 -0.0000000000 
    1    1    1    0    2    0    2    0    5    0    5    1 0.0000000000 -0.0000000000 
    1    1    1    0    2    0    2    0    5    1    5    0 0.0000000000 -0.0000000000 
    1    1    1    0    2    0    2    0    5    1    5    1 0.0000000000 0.0000000000 
    1    1    1    0    2    0    2    1    5    0    5    0 -0.0721687836 0.0000000000 
    1    1    1    0    2    0    2    1    5    0    5    1 0.0000000000 0.0000000000 
    1    1    1    0    2    0    2    1    5    1    5    0 -0.0000000000 -0.0000000000 
    1    1    1    0    2    0    2    1    5    1    5    1 -0.0721687836 -0.0000000000 
    1    1    1    0    2    1    2    0    5    0    5    0 0.0721687836 0.0000000000 
    1    1    1    0    2    1    2    0    5    0    5    1 0.0000000000 -0.0000000000 
    1    1    1    0    2    1    2    0    5    1    5    0 0.0000000000 0.0000000000 
    1    1    1    0    2    1    2    0    5    1    5    1 0.0721687836 0.0000000000 
    1    1    1    0    2    1    2    1    5    0    5    0 0.0000000000 -0.0000000000 
    1    1    1    0    2    1    2    1    5    0    5    1 0.0000000000 0.0000000000 
    1    1    1    0    2    1    2    1    5    1    5    0 0.0000000000 -0.0000000000 
    1    1    1    0    2    1    2    1    5    1    5    1 0.0000000000 -0.0000000000 
    1    1    1    1    2    0    2    0    5    0    5    0 0.1250000000 0.0000000000 
    1    1    1    1    2    0    2    0    5    0    5    1 0.0000000000 -0.0000000000 
    1    1    1    1    2    0    2    0    5    1    5    0 0.0000000000 0.0000000000 
    1    1    1    1    2    0    2    0    5    1    5    1 0.1250000000 0.0000000000 
    1    1    1    1    2    0    2    1    5    0    5    0 -0.0000000000 -0.0000000000 
    1    1    1    1    2    0    2    1    5    0    5    1 -0.0000000000 0.0000000000 
    1    1    1    1    2    0    2    1    5    1    5    0 -0.0000000000 0.0000000000 
    1    1    1    1    2    0    2    1    5    1    5    1 -0.0000000000 0.0000000000 
    1    1    1    1    2    1    2    0    5    0    5    0 -0.0000000000 0.0000000000 
    1    1    1    1    2    1    2    0    5    0    5    1 -0.0000000000 -0.0000000000 
    1    1    1    1    2    1    2    0    5    1    5    0 -0.0000000000 -0.0000000000 
    1    1    1    1    2    1    2    0    5    1    5    1 -0.0000000000 -0.0000000000 
    1    1    1    1    2    1    2    1    5    0    5    0 0.1250000000 0.0000000000 
    1    1    1    1    2    1    2    1    5    0    5    1 0.0000000000 -0.0000000000 
    1    1    1    1    2    1    2    1    5    1    5    0 0.0000000000 0.0000000000 
    1    1    1    1    2    1    2    1    5    1    5    1 0.1250000000 0.0000000000 
    1    0    1    0    2    0    2    0    6    0    6    0 0.1250000000 0.0000000000 
    1    0    1    0    2    0    2    0    6    0    6    1 0.0000000000 0.0000000000 
    1    0    1    0    2    0    2    0    6    1    6    0 0.0000000000 -0.0000000000 
    1    0    1    0    2    0    2    0    6    1    6    1 0.1250000000 0.0000000000 
    1    0    1    0    2    0    2    1    6    0    6    0 -0.0000000000 0.0000000000 
    1    0    1    0    2    0    2    1    6    0    6    1 0.0000000000 0.0000000000 
    1    0    1    0    2    0    2    1    6    1    6    0 0.0000000000 0.0000000000 
    1    0    1    0    2    0    2    1    6    1    6    1 -0.0000000000 -0.0000000000 
    1    0    1    0    2    1    2    0    6    0    6    0 -0.0000000000 -0.0000000000 
    1    0    1    0    2    1    2    0    6    0    6    1 0.0000000000 -0.0000000000 
    1    0    1    0    2    1    2    0    6    1    6    0 0.0000000000 -0.0000000000 
    1    0    1    0    2    1    2    0    6    1    6    1 -0.0000000000 0.0000000000 
    1    0    1    0    2    1    2    1    6    0    6    0 0.1250000000 0.0000000000 
    1    0    1    0    2    1    2    1    6    0    6    1 0.0000000000 0.0000000000 
    1    0    1    0    2    1    2    1    6    1    6    0 0.0000000000 -0.0000000000 
    1    0    1    0    2    1    2    1    6    1    6    1 0.1250000000 0.0000000000 
    1    0    1    1    2    0    2    0    6    0    6    0 0.0000000000 -0.0000000000 
    1    0    1    1    2    0    2    0    6    0    6    1 0.0000000000 -0.0000000000 
    1    0    1    1    2    0    2    0    6    1    6    0 0.0000000000 -0.0000000000 
    1    0    1    1    2    0    2    0    6    1    6    1 0.0000000000 0.0000000000 
    1    0    1    1    2    0    2    1    6    0    6    0 0.0721687836 -0.0000000000 
    1    0    1    1    2    0    2    1    6    0    6    1 0.0000000000 0.0000000000 
    1    0    1    1    2    0    2    1    6    1    6    0 0.0000000000 -0.0000000000 
    1    0    1    1    2    0    2    1    6    1    6    1 0.0721687836 -0.0000000000 
    1    0    1    1    2    1    2    0    6    0    6    0 -0.0721687836 0.0000000000 
    1    0    1    1    2    1    2    0    6    0    6    1 0.0000000000 -0.0000000000 
    1    0    1    1    2    1    2    0    6    1    6    0 0.0000000000 0.0000000000 
    1    0    1    1    2    1    2    0    6    1    6    1 -0.0721687836 -0.0000000000 
    1    0    1    1    2    1    2    1    6    0    6    0 0.0000000000 0.0000000000 
    1    0    1    1    2    1    2    1    6    0    6    1 -0.0000000000 0.0000000000 
    1    0    1    1    2    1    2    1    6    1    6    0 -0.0000000000 0.0000000000 
    1    0    1    1    2    1    2    1    6    1    6    1 0.0000000000 0.0000000000 
    1    1    1    0    2    0    2    0    6    0    6    0 0.0000000000 0.0000000000 
    1    1    1    0    2    0    2    0    6    0    6    1 0.0000000000 0.0000000000 
    1    1    1    0    2    0    2    0    6    1    6    0 0.0000000000 0.0000000000 
    1    1    1    0    2    0    2    0    6    1    6    1 0.0000000000 -0.0000000000 
    1    1    1    0    2    0    2    1    6    0    6    0 -0.0721687836 -0.0000000000 
    1    1    1    0    2    0    2    1    6    0    6    1 0.0000000000 -0.0000000000 
    1    1    1    0    2    0    2    1    6    1    6    0 0.0000000000 0.0000000000 
    1    1    1    0    2    0    2    1    6    1    6    1 -0.0721687836 0.0000000000 
    1    1    1    0    2    1    2    0    6    0    6    0 0.0721687836 0.0000000000 
    1    1    1    0    2    1    2    0    6    0    6    1 0.0000000000 0.0000000000 
    1    1    1    0    2    1    2    0    6    1    6    0 0.0000000000 -0.0000000000 
    1    1    1    0    2    1    2    0    6    1    6    1 0.0721687836 0.0000000000 
    1    1    1    0    2    1    2    1    6    0    6    0 0.0000000000 -0.0000000000 
    1    1    1    0    2    1    2    1    6    0    6    1 -0.0000000000 -0.0000000000 
    1    1    1    0    2    1    2    1    6    1    6    0 -0.0000000000 -0.0000000000 
    1    1    1    0    2    1    2    1    6    1    6    1 0.0000000000 -0.0000000000 
    1    1    1    1    2    0    2    0    6    0    6    0 0.1250000000 0.0000000000 
    1    1    1    1    2    0    2    0    6    0    6    1 -0.0000000000 0.0000000000 
    1    1    1    1    2    0    2    0    6    1    6    0 -0.0000000000 -0.0000000000 
    1    1    1    1    2    0    2    0    6    1    6    1 0.1250000000 0.0000000000 
    1    1    1    1    2    0    2    1    6    0    6    0 -0.0000000000 0.0000000000 
    1    1    1    1    2    0    2    1    6    0    6    1 0.0000000000 0.0000000000 
    1    1    1    1    2    0    2    1    6    1    6    0 0.0000000000 0.0000000000 
    1    1    1    1    2    0    2    1    6    1    6    1 -0.0000000000 -0.0000000000 
    1    1    1    1    2    1    2    0    6    0    6    0 -0.0000000000 -0.0000000000 
    1    1    1    1    2    1    2    0    6    0    6    1 0.0000000000 -0.0000000000 
    1    1    1    1    2    1    2    0    6    1    6    0 0.0000000000 -0.0000000000 
    1    1    1    1    2    1    2    0    6    1    6    1 -0.0000000000 0.0000000000 
    1    1    1    1    2    1    2    1    6    0    6    0 0.1250000000 0.0000000000 
    1    1    1    1    2    1    2    1    6    0    6    1 0.0000000000 0.0000000000 
    1    1    1    1    2    1    2    1    6    1    6    0 0.0000000000 -0.0000000000 
    1    1    1    1    2    1    2    1    6    1    6    1 0.1250000000 0.0000000000 
    1    0    1    0    2    0    2    0    7    0    7    0 0.0528312164 0.0000000000 
    1    0    1    0    2    0    2    0    7    0    7    1 -0.0000000000 0.0000000000 
    1    0    1    0    2    0    2    0    7    1    7    0 -0.0000000000 -0.0000000000 
    1    0    1    0    2    0    2    0    7    1    7    1 0.1971687836 0.0000000000 
    1    0    1    0    2    0    2    1    7    0    7    0 -0.0000000000 0.0000000000 
    1    0    1    0    2    0    2    1    7    0    7    1 0.0000000000 -0.0000000000 
    1    0    1    0    2    0    2    1    7    1    7    0 -0.0000000000 -0.0000000000 
    1    0    1    0    2    0    2    1    7    1    7    1 -0.0000000000 -0.0000000000 
    1    0    1    0    2    1    2    0    7    0    7    0 -0.0000000000 -0.0000000000 
    1    0    1    0    2    1    2    0    7    0    7    1 -0.0000000000 0.0000000000 
    1    0    1    0    2    1    2    0    7    1    7    0 0.0000000000 0.0000000000 
    1    0    1    0    2    1    2    0    7    1    7    1 -0.0000000000 0.0000000000 
    1    0    1    0    2    1    2    1    7    0    7    0 0.1971687836 0.0000000000 
    1    0    1    0    2    1    2    1    7    0    7    1 0.0000000000 -0.0000000000 
    1    0    1    0    2    1    2    1    7    1    7    0 0.0000000000 0.0000000000 
    1    0    1    0    2    1    2    1    7    1    7    1 0.0528312164 0.0000000000 
    1    0    1    1    2    0    2    0    7    0    7    0 0.0000000000 -0.0000000000 
    1    0    1    1    2    0    2    0    7    0    7    1 -0.0000000000 0.0000000000 
    1    0    1    1    2    0    2    0    7    1    7    0 0.0000000000 0.0000000000 
    1    0    1    1    2    0    2    0    7    1    7    1 0.0000000000 -0.0000000000 
    1    0    1    1    2    0    2    1    7    0    7    0 0.0721687836 -0.0000000000 
    1    0    1    1    2    0    2    1    7    0    7    1 -0.0000000000 0.0000000000 
    1    0    1    1    2    0    2    1    7    1    7    0 -0.0000000000 -0.0000000000 
    1    0    1    1    2    0    2    1    7    1    7    1 0.0721687836 -0.0000000000 
    1    0    1    1    2    1    2    0    7    0    7    0 -0.0721687836 0.0000000000 
    1    0    1    1    2    1    2    0    7    0    7    1 -0.0000000000 0.0000000000 
    1    0    1    1    2    1    2    0    7    1    7    0 -0.0000000000 -0.0000000000 
    1    0    1    1    2    1    2    0    7    1    7    1 -0.0721687836 0.0000000000 
    1    0    1    1    2    1    2    1    7    0    7    0 0.0000000000 0.0000000000 
    1    0    1    1    2    1    2    1    7    0    7    1 -0.0000000000 -0.0000000000 
    1    0    1    1    2    1    2    1    7    1    7    0 0.0000000000 -0.0000000000 
    1    0    1    1    2    1    2    1    7    1    7    1 0.0000000000 0.0000000000 
    1    1    1    0    2    0    2    0    7    0    7    0 0.0000000000 0.0000000000 
    1    1    1    0    2    0    2    0    7    0    7    1 0.0000000000 -0.0000000000 
    1    1    1    0    2    0    2    0    7    1    7    0 -0.0000000000 -0.0000000000 
    1    1    1    0    2    0    2    0    7    1    7    1 0.0000000000 0.0000000000 
    1    1    1    0    2    0    2    1    7    0    7    0 -0.0721687836 -0.0000000000 
    1    1    1    0    2    0    2    1    7    0    7    1 -0.0000000000 0.0000000000 
    1    1    1    0    2    0    2    1    7    1    7    0 -0.0000000000 -0.0000000000 
    1    1    1    0    2    0    2    1    7    1    7    1 -0.0721687836 -0.0000000000 
    1    1    1    0    2    1    2    0    7    0    7    0 0.0721687836 0.0000000000 
    1    1    1    0    2    1    2    0    7    0    7    1 -0.0000000000 0.0000000000 
    1    1    1    0    2    1    2    0    7    1    7    0 -0.0000000000 -0.0000000000 
    1    1    1    0    2    1    2    0    7    1    7    1 0.0721687836 0.0000000000 
    1    1    1    0    2    1    2    1    7    0    7    0 0.0000000000 -0.0000000000 
    1    1    1    0    2    1    2    1    7    0    7    1 0.0000000000 0.0000000000 
    1    1    1    0    2    1    2    1    7    1    7    0 -0.0000000000 0.0000000000 
    1    1    1    0    2    1    2    1    7    1    7    1 0.0000000000 -0.0000000000 
    1    1    1    1    2    0    2    0    7    0    7    0 0.0528312164 0.0000000000 
    1    1    1    1    2    0    2    0    7    0    7    1 0.0000000000 -0.0000000000 
    1    1    1    1    2    0    2    0    7    1    7    0 0.0000000000 0.0000000000 
    1    1    1    1    2    0    2    0    7    1    7    1 0.1971687836 0.0000000000 
    1    1    1    1    2    0    2    1    7    0    7    0 -0.0000000000 0.0000000000 
    1    1    1    1    2    0    2    1    7    0    7    1 -0.0000000000 -0.0000000000 
    1    1    1    1    2    0    2    1    7    1    7    0 -0.0000000000 -0.0000000000 
    1    1    1    1    2    0    2    1    7    1    7    1 -0.0000000000 -0.0000000000 
    1    1    1    1    2    1    2    0    7    0    7    0 -0.0000000000 -0.0000000000 
    1    1    1    1    2    1    2    0    7    0    7    1 -0.0000000000 0.0000000000 
    1    1    1    1    2    1    2    0    7    1    7    0 -0.0000000000 0.0000000000 
    1    1    1    1    2    1    2    0    7    1    7    1 -0.0000000000 0.0000000000 
    1    1    1    1    2    1    2    1    7    0    7    0 0.1971687836 0.0000000000 
    1    1    1    1    2    1    2    1    7    0    7    1 -0.0000000000 -0.0000000000 
    1    1    1    1    2    1    2    1    7    1    7    0 -0.0000000000 0.0000000000 
    1    1    1    1    2    1    2    1    7    1    7    1 0.0528312164 0.0000000000 
    1    0    1    0    3    0    3    0    4    0    4    0 0.0528312164 0.0000000000 
    1    0    1    0    3    0    3    0    4    0    4    1 -0.0000000000 0.0000000000 
    1    0    1    0    3    0    3    0    4    1    4    0 -0.0000000000 -0.0000000000 
    1    0    1    0    3    0    3    0    4    1    4    1 0.1971687836 0.0000000000 
    1    0    1    0    3    0    3    1    4    0    4    0 0.0000000000 -0.0000000000 
    1    0    1    0    3    0    3    1    4    0    4    1 -0.0000000000 0.0000000000 
    1    0    1    0    3    0    3    1    4    1    4    0 -0.0000000000 0.0000000000 
    1    0    1    0    3    0    3    1    4    1    4    1 0.0000000000 -0.0000000000 
    1    0    1    0    3    1    3    0    4    0    4    0 0.0000000000 0.0000000000 
    1    0    1    0    3    1    3    0    4    0    4    1 -0.0000000000 -0.0000000000 
    1    0    1    0    3    1    3    0    4    1    4    0 -0.0000000000 -0.0000000000 
    1    0    1    0    3    1    3    0    4    1    4    1 0.0000000000 0.0000000000 
    1    0    1    0    3    1    3    1    4    0    4    0 0.0528312164 0.0000000000 
    1    0    1    0    3    1    3    1    4    0    4    1 -0.0000000000 0.0000000000 
    1    0    1    0    3    1    3    1    4    1    4    0 -0.0000000000 -0.0000000000 
    1    0    1    0    3    1    3    1    4    1    4    1 0.1971687836 0.0000000000 
    1    0    1    1    3    0    3    0    4    0    4    0 0.0000000000 0.0000000000 
    1    0    1    1    3    0    3    0    4    0    4    1 -0.0000000000 -0.0000000000 
    1    0    1    1    3    0    3    0    4    1    4    0 -0.0000000000 0.0000000000 
    1    0    1    1    3    0    3    0    4    1    4    1 0.0000000000 0.0000000000 
    1    0    1    1    3    0    3    1    4    0    4    0 0.0000000000 -0.0000000000 
    1    0    1    1    3    0    3    1    4    0    4    1 0.0000000000 -0.0000000000 
    1    0    1    1    3    0    3    1    4    1    4    0 -0.0000000000 0.0000000000 
    1    0    1    1    3    0    3    1    4    1    4    1 0.0000000000 0.0000000000 
    1    0    1    1    3    1    3    0    4    0    4    0 0.0000000000 0.0000000000 
    1    0    1    1    3    1    3    0    4    0    4    1 0.0000000000 0.0000000000 
    1    0    1    1    3    1    3    0    4    1    4    0 0.0000000000 -0.0000000000 
    1    0    1    1    3    1    3    0    4    1    4    1 0.0000000000 -0.0000000000 
    1    0    1    1    3    1    3    1    4    0    4    0 0.0000000000 -0.0000000000 
    1    0    1    1    3    1    3    1    4    0    4    1 -0.0000000000 -0.0000000000 
    1    0    1    1    3    1    3    1    4    1    4    0 -0.0000000000 -0.0000000000 
    1    0    1    1    3    1    3    1    4    1    4    1 0.0000000000 -0.0000000000 
    1    1    1    0    3    0    3    0    4    0    4    0 0.0000000000 -0.0000000000 
    1    1    1    0    3    0    3    0    4    0    4    1 -0.0000000000 -0.0000000000 
    1    1    1    0    3    0    3    0    4    1    4    0 -0.0000000000 0.0000000000 
    1    1    1    0    3    0    3    0    4    1    4    1 0.0000000000 -0.0000000000 
    1    1    1    0    3    0    3    1    4    0    4    0 0.0000000000 -0.0000000000 
    1    1    1    0    3    0    3    1    4    0    4    1 0.0000000000 0.0000000000 
    1    1    1    0    3    0    3    1    4    1    4    0 0.0000000000 -0.0000000000 
    1    1    1    0    3    0    3    1    4    1    4    1 0.0000000000 0.0000000000 
    1    1    1    0    3    1    3    0    4    0    4    0 0.0000000000 0.0000000000 
    1    1    1    0    3    1    3    0    4    0    4    1 -0.0000000000 -0.0000000000 
    1    1    1    0    3    1    3    0    4    1    4    0 0.0000000000 0.0000000000 
    1    1    1    0    3    1    3    0    4    1    4    1 0.0000000000 -0.0000000000 
    1    1    1    0    3    1    3    1    4    0    4    0 0.0000000000 0.0000000000 
    1    1    1    0    3    1    3    1    4    0    4    1 -0.0000000000 0.0000000000 
    1    1    1    0    3    1    3    1    4    1    4    0 -0.0000000000 0.0000000000 
    1    1    1    0    3    1    3    1    4    1    4    1 0.0000000000 0.0000000000 
    1    1    1    1    3    0    3    0    4    0    4    0 0.1971687836 0.0000000000 
    1    1    1    1    3    0    3    0    4    0    4    1 -0.0000000000 0.0000000000 
    1    1    1    1    3    0    3    0    4    1    4    0 -0.0000000000 -0.0000000000 
    1    1    1    1    3    0    3    0    4    1    4    1 0.0528312164 0.0000000000 
    1    1    1    1    3    0    3    1    4    0    4    0 0.0000000000 -0.0000000000 
    1    1    1    1    3    0    3    1    4    0    4    1 -0.0000000000 0.0000000000 
    1    1    1    1    3    0    3    1    4    1    4    0 0.0000000000 -0.0000000000 
    1    1    1    1    3    0    3    1    4    1    4    1 0.0000000000 -0.0000000000 
    1    1    1    1    3    1    3    0    4    0    4    0 0.0000000000 0.0000000000 
    1    1    1    1    3    1    3    0    4    0    4    1 0.0000000000 0.0000000000 
    1    1    1    1    3    1    3    0    4    1    4    0 -0.0000000000 -0.0000000000 
    1    1    1    1    3    1    3    0    4    1    4    1 0.0000000000 0.0000000000 
    1    1    1    1    3    1    3    1    4    0    4    0 0.1971687836 0.0000000000 
    1    1    1    1    3    1    3    1    4    0    4    1 -0.0000000000 0.0000000000 
    1    1    1    1    3    1    3    1    4    1    4    0 -0.0000000000 -0.0000000000 
    1    1    1    1    3    1    3    1    4    1    4    1 0.0528312164 0.0000000000 
    1    0    1    0    3    0    3    0    5    0    5    0 0.1250000000 0.0000000000 
    1    0    1    0    3    0    3    0    5    0    5    1 0.0000000000 -0.0000000000 
    1    0    1    0    3    0    3    0    5    1    5    0 0.0000000000 0.0000000000 
    1    0    1    0    3    0    3    0    5    1    5    1 0.1250000000 0.0000000000 
    1    0    1    0    3    0    3    1    5    0    5    0 0.0000000000 -0.0000000000 
    1    0    1    0    3    0    3    1    5    0    5    1 -0.0000000000 -0.0000000000 
    1    0    1    0    3    0    3    1    5    1    5    0 0.0000000000 -0.0000000000 
    1    0    1    0    3    0    3    1    5    1    5    1 0.0000000000 -0.0000000000 
    1    0    1    0    3    1    3    0    5    0    5    0 0.0000000000 0.0000000000 
    1    0    1    0    3    1    3    0    5    0    5    1 0.0000000000 0.0000000000 
    1    0    1    0    3    1    3    0    5    1    5    0 -0.0000000000 0.0000000000 
    1    0    1    0    3    1    3    0    5    1    5    1 0.0000000000 0.0000000000 
    1    0    1    0    3    1    3    1    5    0    5    0 0.1250000000 0.0000000000 
    1    0    1    0    3    1    3    1    5    0    5    1 0.0000000000 -0.0000000000 
    1    0    1    0    3    1    3    1    5    1    5    0 0.0000000000 0.0000000000 
    1    0    1    0    3    1    3    1    5    1    5    1 0.1250000000 0.0000000000 
    1    0    1    1    3    0    3    0    5    0    5    0 0.0000000000 0.0000000000 
    1    0    1    1    3    0    3    0    5    0    5    1 0.0000000000 0.0000000000 
    1    0    1    1    3    0    3    0    5    1    5    0 0.0000000000 -0.0000000000 
    1    0    1    1    3    0    3    0    5    1    5    1 0.0000000000 0.0000000000 
    1    0    1    1    3    0    3    1    5    0    5    0 0.0000000000 0.0000000000 
    1    0    1    1    3    0    3    1    5    0    5    1 0.0000000000 0.0000000000 
    1    0    1    1    3    0    3    1    5    1    5    0 0.0000000000 -0.0000000000 
    1    0    1    1    3    0    3    1    5    1    5    1 0.0000000000 -0.0000000000 
    1    0    1    1    3    1    3    0    5    0    5    0 0.0000000000 0.0000000000 
    1    0    1    1    3    1    3    0    5    0    5    1 -0.0000000000 -0.0000000000 
    1    0    1    1    3    1    3    0    5    1    5    0 -0.0000000000 0.0000000000 
    1    0    1    1    3    1    3    0    5    1    5    1 0.0000000000 -0.0000000000 
    1    0    1    1    3    1    3    1    5    0    5    0 0.0000000000 0.0000000000 
    1    0    1    1    3    1    3    1    5    0    5    1 0.0000000000 0.0000000000 
    1    0    1    1    3    1    3    1    5    1    5    0 0.0000000000 -0.0000000000 
    1    0    1    1    3    1    3    1    5    1    5    1 0.0000000000 -0.0000000000 
    1    1    1    0    3    0    3    0    5    0    5    0 0.0000000000 -0.0000000000 
    1    1    1    0    3    0    3    0    5    0    5    1 0.0000000000 0.0000000000 
    1    1    1    0    3    0    3    0    5    1    5    0 0.0000000000 -0.0000000000 
    1    1    1    0    3    0    3    0    5    1    5    1 0.0000000000 -0.0000000000 
    1    1    1    0    3    0    3    1    5    0    5    0 0.0000000000 -0.0000000000 
    1    1    1    0    3    0    3    1    5    0    5    1 -0.0000000000 -0.0000000000 
    1    1    1    0    3    0    3    1    5    1    5    0 -0.0000000000 0.0000000000 
    1    1    1    0    3    0    3    1    5    1    5    1 0.0000000000 0.0000000000 
    1    1    1    0    3    1    3    0    5    0    5    0 0.0000000000 -0.0000000000 
    1    1    1    0    3    1    3    0    5    0    5    1 0.0000000000 0.0000000000 
    1    1    1    0    3    1    3    0    5    1    5    0 0.0000000000 -0.0000000000 
    1    1    1    0    3    1    3    0    5    1    5    1 0.0000000000 0.0000000000 
    1    1    1    0    3    1    3    1    5    0    5    0 0.0000000000 -0.0000000000 
    1    1    1    0    3    1    3    1    5    0    5    1 0.0000000000 0.0000000000 
    1    1    1    0    3    1    3    1    5    1    5    0 0.0000000000 -0.0000000000 
    1    1    1    0    3    1    3    1    5    1    5    1 0.0000000000 0.0000000000 
    1    1    1    1    3    0    3    0    5    0    5    0 0.1250000000 0.0000000000 
    1    1    1    1    3    0    3    0    5    0    5    1 0.0000000000 -0.0000000000 
    1    1    1    1    3    0    3    0    5    1    5    0 0.0000000000 0.0000000000 
    1    1    1    1    3    0    3    0    5    1    5    1 0.1250000000 0.0000000000 
    1    1    1    1    3    0    3    1    5    0    5    0 0.0000000000 -0.0000000000 
    1    1    1    1    3    0    3    1    5    0    5    1 -0.0000000000 0.0000000000 
    1    1    1    1    3    0    3    1    5    1    5    0 0.0000000000 -0.0000000000 
    1    1    1    1    3    0    3    1    5    1    5    1 0.0000000000 -0.0000000000 
    1    1    1    1    3    1    3    0    5    0    5    0 0.0000000000 0.0000000000 
    1    1    1    1    3    1    3    0    5    0    5    1 0.0000000000 0.0000000000 
    1    1    1    1    3    1    3    0    5    1    5    0 -0.0000000000 -0.0000000000 
    1    1    1    1    3    1    3    0    5    1    5    1 0.0000000000 0.0000000000 
    1    1    1    1    3    1    3    1    5    0    5    0 0.1250000000 0.0000000000 
    1    1    1    1    3    1    3    1    5    0    5    1 0.0000000000 -0.0000000000 
    1    1    1    1    3    1    3    1    5    1    5    0 0.0000000000 0.0000000000 
    1    1    1    1    3    1    3    1    5    1    5    1 0.1250000000 0.0000000000 
    1    0    1    0    3    0    3    0    6    0    6    0 0.0528312164 0.0000000000 
    1    0    1    0    3    0    3    0    6    0    6    1 -0.0000000000 0.0000000000 
    1    0    1    0    3    0    3    0    6    1    6    0 -0.0000000000 -0.0000000000 
    1    0    1    0    3    0    3    0    6    1    6    1 0.1971687836 0.0000000000 
    1    0    1    0    3    0    3    1    6    0    6    0 0.0000000000 -0.0000000000 
    1    0    1    0    3    0    3    1    6    0    6    1 -0.0000000000 -0.0000000000 
    1    0    1    0    3    0    3    1    6    1    6    0 -0.0000000000 0.0000000000 
    1    0    1    0    3    0    3    1    6    1    6    1 0.0000000000 -0.0000000000 
    1    0    1    0    3    1    3    0    6    0    6    0 0.0000000000 0.0000000000 
    1    0    1    0    3    1    3    0    6    0    6    1 -0.0000000000 -0.0000000000 
    1    0    1    0    3    1    3    0    6    1    6    0 -0.0000000000 0.0000000000 
    1    0    1    0    3    1    3    0    6    1    6    1 0.0000000000 0.0000000000 
    1    0    1    0    3    1    3    1    6    0    6    0 0.1971687836 0.0000000000 
    1    0    1    0    3    1    3    1    6    0    6    1 0.0000000000 0.0000000000 
    1    0    1    0    3    1    3    1    6    1    6    0 0.0000000000 -0.0000000000 
    1    0    1    0    3    1    3    1    6    1    6    1 0.0528312164 0.0000000000 
    1    0    1    1    3    0    3    0    6    0    6    0 0.0000000000 0.0000000000 
    1    0    1    1    3    0    3    0    6    0    6    1 -0.0000000000 -0.0000000000 
    1    0    1    1    3    0    3    0    6    1    6    0 0.0000000000 -0.0000000000 
    1    0    1    1    3    0    3    0    6    1    6    1 0.0000000000 0.0000000000 
    1    0    1    1    3    0    3    1    6    0    6    0 0.0000000000 -0.0000000000 
    1    0    1    1    3    0    3    1    6    0    6    1 -0.0000000000 -0.0000000000 
    1    0    1    1    3    0    3    1    6    1    6    0 -0.0000000000 0.0000000000 
    1    0    1    1    3    0    3    1    6    1    6    1 0.0000000000 0.0000000000 
    1    0    1    1    3    1    3    0    6    0    6    0 0.0000000000 -0.0000000000 
    1    0    1    1    3    1    3    0    6    0    6    1 0.0000000000 0.0000000000 
    1    0    1    1    3    1    3    0    6    1    6    0 -0.0000000000 -0.0000000000 
    1    0    1    1    3    1    3    0    6    1    6    1 0.0000000000 0.0000000000 
    1    0    1    1    3    1    3    1    6    0    6    0 0.0000000000 -0.0000000000 
    1    0    1    1    3    1    3    1    6    0    6    1 -0.0000000000 -0.0000000000 
    1    0    1    1    3    1    3    1    6    1    6    0 0.0000000000 0.0000000000 
    1    0    1    1    3    1    3    1    6    1    6    1 0.0000000000 -0.0000000000 
    1    1    1    0    3    0    3    0    6    0    6    0 0.0000000000 -0.0000000000 
    1    1    1    0    3    0    3    0    6    0    6    1 0.0000000000 0.0000000000 
    1    1    1    0    3    0    3    0    6    1    6    0 -0.0000000000 0.0000000000 
    1    1    1    0    3    0    3    0    6    1    6    1 0.0000000000 -0.0000000000 
    1    1    1    0    3    0    3    1    6    0    6    0 0.0000000000 0.0000000000 
    1    1    1    0    3    0    3    1    6    0    6    1 -0.0000000000 0.0000000000 
    1    1    1    0    3    0    3    1    6    1    6    0 0.0000000000 -0.0000000000 
    1    1    1    0    3    0    3    1    6    1    6    1 0.0000000000 -0.0000000000 
    1    1    1    0    3    1    3    0    6    0    6    0 0.0000000000 0.0000000000 
    1    1    1    0    3    1    3    0    6    0    6    1 -0.0000000000 -0.0000000000 
    1    1    1    0    3    1    3    0    6    1    6    0 -0.0000000000 0.0000000000 
    1    1    1    0    3    1    3    0    6    1    6    1 0.0000000000 -0.0000000000 
    1    1    1    0    3    1    3    1    6    0    6    0 0.0000000000 0.0000000000 
    1    1    1    0    3    1    3    1    6    0    6    1 0.0000000000 -0.0000000000 
    1    1    1    0    3    1    3    1    6    1    6    0 -0.0000000000 0.0000000000 
    1    1    1    0    3    1    3    1    6    1    6    1 0.0000000000 0.0000000000 
    1    1    1    1    3    0    3    0    6    0    6    0 0.0528312164 0.0000000000 
    1    1    1    1    3    0    3    0    6    0    6    1 0.0000000000 0.0000000000 
    1    1    1    1    3    0    3    0    6    1    6    0 0.0000000000 -0.0000000000 
    1    1    1    1    3    0    3    0    6    1    6    1 0.1971687836 0.0000000000 
    1    1    1    1    3    0    3    1    6    0    6    0 0.0000000000 -0.0000000000 
    1    1    1    1    3    0    3    1    6    0    6    1 -0.0000000000 -0.0000000000 
    1    1    1    1    3    0    3    1    6    1    6    0 -0.0000000000 0.0000000000 
    1    1    1    1    3    0    3    1    6    1    6    1 0.0000000000 0.0000000000 
    1    1    1    1    3    1    3    0    6    0    6    0 0.0000000000 0.0000000000 
    1    1    1    1    3    1    3    0    6    0    6    1 -0.0000000000 -0.0000000000 
    1    1    1    1    3    1    3    0    6    1    6    0 -0.0000000000 0.0000000000 
    1    1    1    1    3    1    3    0    6    1    6    1 0.0000000000 -0.0000000000 
    1    1    1    1    3    1    3    1    6    0    6    0 0.1971687836 0.0000000000 
    1    1    1    1    3    1    3    1    6    0    6    1 0.0000000000 0.0000000000 
    1    1    1    1    3    1    3    1    6    1    6    0 0.0000000000 -0.0000000000 
    1    1    1    1    3    1    3    1    6    1    6    1 0.0528312164 0.0000000000 
    1    0    1    0    3    0    3    0    7    0    7    0 0.1250000000 0.0000000000 
    1    0    1    0    3    0    3    0    7    0    7    1 -0.0000000000 -0.0000000000 
    1    0    1    0    3    0    3    0    7    1    7    0 -0.0000000000 0.0000000000 
    1    0    1    0    3    0    3    0    7    1    7    1 0.1250000000 0.0000000000 
    1    0    1    0    3    0    3    1    7    0    7    0 0.0000000000 -0.0000000000 
    1    0    1    0    3    0    3    1    7    0    7    1 0.0000000000 -0.0000000000 
    1    0    1    0    3    0    3    1    7    1    7    0 0.0000000000 0.0000000000 
    1    0    1    0    3    0    3    1    7    1    7    1 0.0000000000 -0.0000000000 
    1    0    1    0    3    1    3    0    7    0    7    0 0.0000000000 0.0000000000 
    1    0    1    0    3    1    3    0    7    0    7    1 0.0000000000 -0.0000000000 
    1    0    1    0    3    1    3    0    7    1    7    0 0.0000000000 0.0000000000 
    1    0    1    0    3    1    3    0    7    1    7    1 0.0000000000 0.0000000000 
    1    0    1    0    3    1    3    1    7    0    7    0 0.1250000000 0.0000000000 
    1    0    1    0    3    1    3    1    7    0    7    1 -0.0000000000 -0.0000000000 
    1    0    1    0    3    1    3    1    7    1    7    0 -0.0000000000 0.0000000000 
    1    0    1    0    3    1    3    1    7    1    7    1 0.1250000000 0.0000000000 
    1    0    1    1    3    0    3    0    7    0    7    0 0.0000000000 0.0000000000 
    1    0    1    1    3    0    3    0    7    0    7    1 -0.0000000000 0.0000000000 
    1    0    1    1    3    0    3    0    7    1    7    0 0.0000000000 0.0000000000 
    1    0    1    1    3    0    3    0    7    1    7    1 0.0000000000 0.0000000000 
    1    0    1    1    3    0    3    1    7    0    7    0 0.0000000000 0.0000000000 
    1    0    1    1    3    0    3    1    7    0    7    1 0.0000000000 0.0000000000 
    1    0    1    1    3    0    3    1    7    1    7    0 0.0000000000 -0.0000000000 
    1    0    1    1    3    0    3    1    7    1    7    1 0.0000000000 -0.0000000000 
    1    0    1    1    3    1    3    0    7    0    7    0 0.0000000000 -0.0000000000 
    1    0    1    1    3    1    3    0    7    0    7    1 0.0000000000 -0.0000000000 
    1    0    1    1    3    1    3    0    7    1    7    0 -0.0000000000 0.0000000000 
    1    0    1    1    3    1    3    0    7    1    7    1 0.0000000000 0.0000000000 
    1    0    1    1    3    1    3    1    7    0    7    0 0.0000000000 -0.0000000000 
    1    0    1    1    3    1    3    1    7    0    7    1 -0.0000000000 0.0000000000 
    1    0    1    1    3    1    3    1    7    1    7    0 0.0000000000 0.0000000000 
    1    0    1    1    3    1    3    1    7    1    7    1 0.0000000000 -0.0000000000 
    1    1    1    0    3    0    3    0    7    0    7    0 0.0000000000 -0.0000000000 
    1    1    1    0    3    0    3    0    7    0    7    1 0.0000000000 -0.0000000000 
    1    1    1    0    3    0    3    0    7    1    7    0 -0.0000000000 -0.0000000000 
    1    1    1    0    3    0    3    0    7    1    7    1 0.0000000000 -0.0000000000 
    1    1    1    0    3    0    3    1    7    0    7    0 0.0000000000 0.0000000000 
    1    1    1    0    3    0    3    1    7    0    7    1 -0.0000000000 -0.0000000000 
    1    1    1    0    3    0    3    1    7    1    7    0 0.0000000000 0.0000000000 
    1    1    1    0    3    0    3    1    7    1    7    1 0.0000000000 -0.0000000000 
    1    1    1    0    3    1    3    0    7    0    7    0 0.0000000000 -0.0000000000 
    1    1    1    0    3    1    3    0    7    0    7    1 0.0000000000 0.0000000000 
    1    1    1    0    3    1    3    0    7    1    7    0 0.0000000000 -0.0000000000 
    1    1    1    0    3    1    3    0    7    1    7    1 0.0000000000 0.0000000000 
    1    1    1    0    3    1    3    1    7    0    7    0 0.0000000000 0.0000000000 
    1    1    1    0    3    1    3    1    7    0    7    1 0.0000000000 -0.0000000000 
    1    1    1    0    3    1    3    1    7    1    7    0 -0.0000000000 -0.0000000000 
    1    1    1    0    3    1    3    1    7    1    7    1 0.0000000000 0.0000000000 
    1    1    1    1    3    0    3    0    7    0    7    0 0.1250000000 0.0000000000 
    1    1    1    1    3    0    3    0    7    0    7    1 -0.0000000000 -0.0000000000 
    1    1    1    1    3    0    3    0    7    1    7    0 -0.0000000000 0.0000000000 
    1    1    1    1    3    0    3    0    7    1    7    1 0.1250000000 0.0000000000 
    1    1    1    1    3    0    3    1    7    0    7    0 0.0000000000 -0.0000000000 
    1    1    1    1    3    0    3    1    7    0    7    1 0.0000000000 -0.0000000000 
    1    1    1    1    3    0    3    1    7    1    7    0 0.0000000000 0.0000000000 
    1    1    1    1    3    0    3    1    7    1    7    1 0.0000000000 -0.0000000000 
    1    1    1    1    3    1    3    0    7    0    7    0 0.0000000000 0.0000000000 
    1    1    1    1    3    1    3    0    7    0    7    1 0.0000000000 -0.0000000000 
    1    1    1    1    3    1    3    0    7    1    7    0 0.0000000000 0.0000000000 
    1    1    1    1    3    1    3    0    7    1    7    1 0.0000000000 0.0000000000 
    1    1    1    1    3    1    3    1    7    0    7    0 0.1250000000 0.0000000000 
    1    1    1    1    3    1    3    1    7    0    7    1 -0.0000000000 -0.0000000000 
    1    1    1    1    3    1    3    1    7    1    7    0 -0.0000000000 0.0000000000 
    1    1    1    1    3    1    3    1    7    1    7    1 0.1250000000 0.0000000000 
    1    0    1    0    4    0    4    0    5    0    5    0 0.0528312164 0.0000000000 
    1    0    1    0    4    0    4    0    5    0    5    1 0.0000000000 -0.0000000000 
    1    0    1    0    4    0    4    0    5    1    5    0 0.0000000000 0.0000000000 
    1    0    1    0    4    0    4    0    5    1    5    1 0.0528312164 0.0000000000 
    1    0    1    0    4    0    4    1    5    0    5    0 -0.0000000000 0.0000000000 
    1    0    1    0    4    0    4    1    5    0    5    1 -0.0721687836 -0.0000000000 
    1    0    1    0    4    0    4    1    5    1    5    0 -0.0721687836 -0.0000000000 
    1    0    1    0    4    0    4    1    5    1    5    1 -0.0000000000 0.0000000000 
    1    0    1    0    4    1    4    0    5    0    5    0 -0.0000000000 -0.0000000000 
    1    0    1    0    4    1    4    0    5    0    5    1 -0.0721687836 0.0000000000 
    1    0    1    0    4    1    4    0    5    1    5    0 -0.0721687836 0.0000000000 
    1    0    1    0    4    1    4    0    5    1    5    1 -0.0000000000 -0.0000000000 
    1    0    1    0    4    1    4    1    5    0    5    0 0.1971687836 0.0000000000 
    1    0    1    0    4    1    4    1    5    0    5    1 0.0000000000 -0.0000000000 
    1    0    1    0    4    1    4    1    5    1    5    0 0.0000000000 0.0000000000 
    1    0    1    0    4    1    4    1    5    1    5    1 0.1971687836 0.0000000000 
    1    0    1    1    4    0    4    0    5    0    5    0 0.0000000000 0.0000000000 
    1    0    1    1    4    0    4    0    5    0    5    1 0.0000000000 -0.0000000000 
    1    0    1    1    4    0    4    0    5    1    5    0 0.0000000000 0.0000000000 
    1    0    1    1    4    0    4    0    5    1    5    1 0.0000000000 -0.0000000000 
    1    0    1    1    4    0    4    1    5    0    5    0 -0.0000000000 0.0000000000 
    1    0    1    1    4    0    4    1    5    0    5    1 -0.0000000000 -0.0000000000 
    1    0    1    1    4    0    4    1    5    1    5    0 -0.0000000000 0.0000000000 
    1    0    1    1    4    0    4    1    5    1    5    1 -0.0000000000 -0.0000000000 
    1    0    1    1    4    1    4    0    5    0    5    0 -0.0000000000 -0.0000000000 
    1    0    1    1    4    1    4    0    5    0    5    1 -0.0000000000 0.0000000000 
    1    0    1    1    4    1    4    0    5    1    5    0 -0.0000000000 -0.0000000000 
    1    0    1    1    4    1    4    0    5    1    5    1 -0.0000000000 0.0000000000 
    1    0    1    1    4    1    4    1    5    0    5    0 0.0000000000 0.0000000000 
    1    0    1    1    4    1    4    1    5    0    5    1 0.0000000000 0.0000000000 
    1    0    1    1    4    1    4    1    5    1    5    0 0.0000000000 -0.0000000000 
    1    0    1    1    4    1    4    1    5    1    5    1 0.0000000000 0.0000000000 
    1    1    1    0    4    0    4    0    5    0    5    0 0.0000000000 -0.0000000000 
    1    1    1    0    4    0    4    0    5    0    5    1 0.0000000000 -0.0000000000 
    1    1    1    0    4    0    4    0    5    1    5    0 0.0000000000 0.0000000000 
    1    1    1    0    4    0    4    0    5    1    5    1 0.0000000000 0.0000000000 
    1    1    1    0    4    0    4    1    5    0    5    0 -0.0000000000 0.0000000000 
    1    1    1    0    4    0    4    1    5    0    5    1 -0.0000000000 0.0000000000 
    1    1    1    0    4    0    4    1    5    1    5    0 -0.0000000000 -0.0000000000 
    1    1    1    0    4    0    4    1    5    1    5    1 -0.0000000000 -0.0000000000 
    1    1    1    0    4    1    4    0    5    0    5    0 -0.0000000000 -0.0000000000 
    1    1    1    0    4    1    4    0    5    0    5    1 -0.0000000000 -0.0000000000 
    1    1    1    0    4    1    4    0    5    1    5    0 -0.0000000000 0.0000000000 
    1    1    1    0    4    1    4    0    5    1    5    1 -0.0000000000 0.0000000000 
    1    1    1    0    4    1    4    1    5    0    5    0 0.0000000000 -0.0000000000 
    1    1    1    0    4    1    4    1    5    0    5    1 0.0000000000 0.0000000000 
    1    1    1    0    4    1    4    1    5    1    5    0 0.0000000000 -0.0000000000 
    1    1    1    0    4    1    4    1    5    1    5    1 0.0000000000 -0.0000000000 
    1    1    1    1    4    0    4    0    5    0    5    0 0.1971687836 0.0000000000 
    1    1    1    1    4    0    4    0    5    0    5    1 0.0000000000 -0.0000000000 
    1    1    1    1    4    0    4    0    5    1    5    0 0.0000000000 0.0000000000 
    1    1    1    1    4    0    4    0    5    1    5    1 0.1971687836 0.0000000000 
    1    1    1    1    4    0    4    1    5    0    5    0 -0.0000000000 0.0000000000 
    1    1    1    1    4    0    4    1    5    0    5    1 -0.0721687836 -0.0000000000 
    1    1    1    1    4    0    4    1    5    1    5    0 -0.0721687836 0.0000000000 
    1    1    1    1    4    0    4    1    5    1    5    1 -0.0000000000 0.0000000000 
    1    1    1    1    4    1    4    0    5    0    5    0 -0.0000000000 -0.0000000000 
    1    1    1    1    4    1    4    0    5    0    5    1 -0.0721687836 -0.0000000000 
    1    1    1    1    4    1    4    0    5    1    5    0 -0.0721687836 0.0000000000 
    1    1    1    1    4    1    4    0    5    1    5    1 -0.0000000000 -0.0000000000 
    1    1    1    1    4    1    4    1    5    0    5    0 0.0528312164 0.0000000000 
    1    1    1    1    4    1    4    1    5    0    5    1 0.0000000000 -0.0000000000 
    1    1    1    1    4    1    4    1    5    1    5    0 0.0000000000 0.0000000000 
    1    1    1    1    4    1    4    1    5    1    5    1 0.0528312164 0.0000000000 
    1    0    1    0    4    0    4    0    6    0    6    0 0.0528312164 0.0000000000 
    1    0    1    0    4    0    4    0    6    0    6    1 0.0000000000 0.0000000000 
    1    0    1    0    4    0    4    0    6    1    6    0 0.0000000000 -0.0000000000 
    1    0    1    0    4    0    4    0    6    1    6    1 0.0528312164 0.0000000000 
    1    0    1    0    4    0    4    1    6    0    6    0 -0.0000000000 0.0000000000 
    1    0    1    0    4    0    4    1    6    0    6    1 0.0000000000 -0.0000000000 
    1    0    1    0    4    0    4    1    6    1    6    0 0.0000000000 0.0000000000 
    1    0    1    0    4    0    4    1    6    1    6    1 -0.0000000000 0.0000000000 
    1    0    1    0    4    1    4    0    6    0    6    0 -0.0000000000 -0.0000000000 
    1    0    1    0    4    1    4    0    6    0    6    1 0.0000000000 -0.0000000000 
    1    0    1    0    4    1    4    0    6    1    6    0 0.0000000000 0.0000000000 
    1    0    1    0    4    1    4    0    6    1    6    1 -0.0000000000 -0.0000000000 
    1    0    1    0    4    1    4    1    6    0    6    0 0.1971687836 0.0000000000 
    1    0    1    0    4    1    4    1    6    0    6    1 0.0000000000 0.0000000000 
    1    0    1    0    4    1    4    1    6    1    6    0 0.0000000000 -0.0000000000 
    1    0    1    0    4    1    4    1    6    1    6    1 0.1971687836 0.0000000000 
    1    0    1    1    4    0    4    0    6    0    6    0 0.0000000000 -0.0000000000 
    1    0    1    1    4    0    4    0    6    0    6    1 -0.0000000000 -0.0000000000 
    1    0    1    1    4    0    4    0    6    1    6    0 0.0000000000 -0.0000000000 
    1    0    1    1    4    0    4    0    6    1    6    1 0.0000000000 0.0000000000 
    1    0    1    1    4    0    4    1    6    0    6    0 -0.0000000000 -0.0000000000 
    1    0    1    1    4    0    4    1    6    0    6    1 0.0000000000 0.0000000000 
    1    0    1    1    4    0    4    1    6    1    6    0 0.0000000000 -0.0000000000 
    1    0    1    1    4    0    4    1    6    1    6    1 -0.0000000000 -0.0000000000 
    1    0    1    1    4    1    4    0    6    0    6    0 -0.0000000000 -0.0000000000 
    1    0    1    1    4    1    4    0    6    0    6    1 0.0000000000 -0.0000000000 
    1    0    1    1    4    1    4    0    6    1    6    0 0.0000000000 0.0000000000 
    1    0    1    1    4    1    4    0    6    1    6    1 -0.0000000000 0.0000000000 
    1    0    1    1    4    1    4    1    6    0    6    0 0.0000000000 0.0000000000 
    1    0    1    1    4    1    4    1    6    0    6    1 -0.0000000000 -0.0000000000 
    1    0    1    1    4    1    4    1    6    1    6    0 0.0000000000 0.0000000000 
    1    0    1    1    4    1    4    1    6    1    6    1 0.0000000000 0.0000000000 
    1    1    1    0    4    0    4    0    6    0    6    0 0.0000000000 0.0000000000 
    1    1    1    0    4    0    4    0    6    0    6    1 0.0000000000 0.0000000000 
    1    1    1    0    4    0    4    0    6    1    6    0 -0.0000000000 0.0000000000 
    1    1    1    0    4    0    4    0    6    1    6    1 0.0000000000 -0.0000000000 
    1    1    1    0    4    0    4    1    6    0    6    0 -0.0000000000 0.0000000000 
    1    1    1    0    4    0    4    1    6    0    6    1 0.0000000000 -0.0000000000 
    1    1    1    0    4    0    4    1    6    1    6    0 0.0000000000 0.0000000000 
    1    1    1    0    4    0    4    1    6    1    6    1 -0.0000000000 -0.0000000000 
    1    1    1    0    4    1    4    0    6    0    6    0 -0.0000000000 0.0000000000 
    1    1    1    0    4    1    4    0    6    0    6    1 0.0000000000 0.0000000000 
    1    1    1    0    4    1    4    0    6    1    6    0 0.0000000000 -0.0000000000 
    1    1    1    0    4    1    4    0    6    1    6    1 -0.0000000000 0.0000000000 
    1    1    1    0    4    1    4    1    6    0    6    0 0.0000000000 -0.0000000000 
    1    1    1    0    4    1    4    1    6    0    6    1 0.0000000000 -0.0000000000 
    1    1    1    0    4    1    4    1    6    1    6    0 -0.0000000000 0.0000000000 
    1    1    1    0    4    1    4    1    6    1    6    1 0.0000000000 -0.0000000000 
    1    1    1    1    4    0    4    0    6    0    6    0 0.1971687836 0.0000000000 
    1    1    1    1    4    0    4    0    6    0    6    1 0.0000000000 0.0000000000 
    1    1    1    1    4    0    4    0    6    1    6    0 0.0000000000 -0.0000000000 
    1    1    1    1    4    0    4    0    6    1    6    1 0.1971687836 0.0000000000 
    1    1    1    1    4    0    4    1    6    0    6    0 -0.0000000000 0.0000000000 
    1    1    1    1    4    0    4    1    6    0    6    1 0.0000000000 0.0000000000 
    1    1    1    1    4    0    4    1    6    1    6    0 0.0000000000 -0.0000000000 
    1    1    1    1    4    0    4    1    6    1    6    1 -0.0000000000 0.0000000000 
    1    1    1    1    4    1    4    0    6    0    6    0 -0.0000000000 -0.0000000000 
    1    1    1    1    4    1    4    0    6    0    6    1 0.0000000000 0.0000000000 
    1    1    1    1    4    1    4    0    6    1    6    0 0.0000000000 -0.0000000000 
    1    1    1    1    4    1    4    0    6    1    6    1 -0.0000000000 -0.0000000000 
    1    1    1    1    4    1    4    1    6    0    6    0 0.0528312164 0.0000000000 
    1    1    1    1    4    1    4    1    6    0    6    1 -0.0000000000 0.0000000000 
    1    1    1    1    4    1    4    1    6    1    6    0 -0.0000000000 -0.0000000000 
    1    1    1    1    4    1    4    1    6    1    6    1 0.0528312164 0.0000000000 
    1    0    1    0    4    0    4    0    7    0    7    0 0.0528312164 0.0000000000 
    1    0    1    0    4    0    4    0    7    0    7    1 -0.0000000000 -0.0000000000 
    1    0    1    0    4    0    4    0    7    1    7    0 -0.0000000000 0.0000000000 
    1    0    1    0    4    0    4    0    7    1    7    1 0.0528312164 0.0000000000 
    1    0    1    0    4    0    4    1    7    0    7    0 -0.0000000000 0.0000000000 
    1    0    1    0    4    0    4    1    7    0    7    1 0.0721687836 0.0000000000 
    1    0    1    0    4    0    4    1    7    1    7    0 -0.0721687836 -0.0000000000 
    1    0    1    0    4    0    4    1    7    1    7    1 -0.0000000000 0.0000000000 
    1    0    1    0    4    1    4    0    7    0    7    0 -0.0000000000 -0.0000000000 
    1    0    1    0    4    1    4    0    7    0    7    1 -0.0721687836 0.0000000000 
    1    0    1    0    4    1    4    0    7    1    7    0 0.0721687836 -0.0000000000 
    1    0    1    0    4    1    4    0    7    1    7    1 -0.0000000000 -0.0000000000 
    1    0    1    0    4    1    4    1    7    0    7    0 0.1971687836 0.0000000000 
    1    0    1    0    4    1    4    1    7    0    7    1 0.0000000000 -0.0000000000 
    1    0    1    0    4    1    4    1    7    1    7    0 0.0000000000 0.0000000000 
    1    0    1    0    4    1    4    1    7    1    7    1 0.1971687836 0.0000000000 
    1    0    1    1    4    0    4    0    7    0    7    0 0.0000000000 -0.0000000000 
    1    0    1    1    4    0    4    0    7    0    7    1 -0.0000000000 0.0000000000 
    1    0    1    1    4    0    4    0    7    1    7    0 0.0000000000 -0.0000000000 
    1    0    1    1    4    0    4    0    7    1    7    1 0.0000000000 0.0000000000 
    1    0    1    1    4    0    4    1    7    0    7    0 -0.0000000000 -0.0000000000 
    1    0    1    1    4    0    4    1    7    0    7    1 0.0000000000 0.0000000000 
    1    0    1    1    4    0    4    1    7    1    7    0 -0.0000000000 -0.0000000000 
    1    0    1    1    4    0    4    1    7    1    7    1 0.0000000000 -0.0000000000 
    1    0    1    1    4    1    4    0    7    0    7    0 -0.0000000000 0.0000000000 
    1    0    1    1    4    1    4    0    7    0    7    1 -0.0000000000 -0.0000000000 
    1    0    1    1    4    1    4    0    7    1    7    0 -0.0000000000 0.0000000000 
    1    0    1    1    4    1    4    0    7    1    7    1 -0.0000000000 -0.0000000000 
    1    0    1    1    4    1    4    1    7    0    7    0 0.0000000000 0.0000000000 
    1    0    1    1    4    1    4    1    7    0    7    1 -0.0000000000 -0.0000000000 
    1    0    1    1    4    1    4    1    7    1    7    0 0.0000000000 0.0000000000 
    1    0    1    1    4    1    4    1    7    1    7    1 0.0000000000 0.0000000000 
    1    1    1    0    4    0    4    0    7    0    7    0 0.0000000000 0.0000000000 
    1    1    1    0    4    0    4    0    7    0    7    1 0.0000000000 0.0000000000 
    1    1    1    0    4    0    4    0    7    1    7    0 -0.0000000000 -0.0000000000 
    1    1    1    0    4    0    4    0    7    1    7    1 0.0000000000 -0.0000000000 
    1    1    1    0    4    0    4    1    7    0    7    0 -0.0000000000 -0.0000000000 
    1    1    1    0    4    0    4    1    7    0    7    1 -0.0000000000 -0.0000000000 
    1    1    1    0    4    0    4    1    7    1    7    0 -0.0000000000 0.0000000000 
    1    1    1    0    4    0    4    1    7    1    7    1 -0.0000000000 0.0000000000 
    1    1    1    0    4    1    4    0    7    0    7    0 -0.0000000000 0.0000000000 
    1    1    1    0    4    1    4    0    7    0    7    1 -0.0000000000 0.0000000000 
    1    1    1    0    4    1    4    0    7    1    7    0 0.0000000000 -0.0000000000 
    1    1    1    0    4    1    4    0    7    1    7    1 0.0000000000 0.0000000000 
    1    1    1    0    4    1    4    1    7    0    7    0 0.0000000000 -0.0000000000 
    1    1    1    0    4    1    4    1    7    0    7    1 0.0000000000 -0.0000000000 
    1    1    1    0    4    1    4    1    7    1    7    0 -0.0000000000 0.0000000000 
    1    1    1    0    4    1    4    1    7    1    7    1 0.0000000000 -0.0000000000 
    1    1    1    1    4    0    4    0    7    0    7    0 0.1971687836 0.0000000000 
    1    1    1    1    4    0    4    0    7    0    7    1 -0.0000000000 -0.0000000000 
    1    1    1    1    4    0    4    0    7    1    7    0 -0.0000000000 0.0000000000 
    1    1    1    1    4    0    4    0    7    1    7    1 0.1971687836 0.0000000000 
    1    1    1    1    4    0    4    1    7    0    7    0 0.0000000000 -0.0000000000 
    1    1    1    1    4    0    4    1    7    0    7    1 0.0721687836 0.0000000000 
    1    1    1    1    4    0    4    1    7    1    7    0 -0.0721687836 -0.0000000000 
    1    1    1    1    4    0    4    1    7    1    7    1 -0.0000000000 0.0000000000 
    1    1    1    1    4    1    4    0    7    0    7    0 0.0000000000 0.0000000000 
    1    1    1    1    4    1    4    0    7    0    7    1 -0.0721687836 0.0000000000 
    1    1    1    1    4    1    4    0    7    1    7    0 0.0721687836 -0.0000000000 
    1    1    1    1    4    1    4    0    7    1    7    1 -0.0000000000 -0.0000000000 
    1    1    1    1    4    1    4    1    7    0    7    0 0.0528312164 0.0000000000 
    1    1    1    1    4    1    4    1    7    0    7    1 0.0000000000 -0.0000000000 
    1    1    1    1    4    1    4    1    7    1    7    0 0.0000000000 0.0000000000 
    1    1    1    1    4    1    4    1    7    1    7    1 0.0528312164 0.0000000000 
    1    0    1    0    5    0    5    0    6    0    6    0 0.1250000000 0.0000000000 
    1    0    1    0    5    0    5    0    6    0    6    1 0.0000000000 0.0000000000 
    1    0    1    0    5    0    5    0    6    1    6    0 0.0000000000 -0.0000000000 
    1    0    1    0    5    0    5    0    6    1    6    1 0.1250000000 0.0000000000 
    1    0    1    0    5    0    5    1    6    0    6    0 0.0000000000 -0.0000000000 
    1    0    1    0    5    0    5    1    6    0    6    1 0.0721687836 0.0000000000 
    1    0    1    0    5    0    5    1    6    1    6    0 -0.0721687836 -0.0000000000 
    1    0    1    0    5    0    5    1    6    1    6    1 0.0000000000 -0.0000000000 
    1    0    1    0    5    1    5    0    6    0    6    0 0.0000000000 0.0000000000 
    1    0    1    0    5    1    5    0    6    0    6    1 -0.0721687836 0.0000000000 
    1    0    1    0    5    1    5    0    6    1    6    0 0.0721687836 -0.0000000000 
    1    0    1    0    5    1    5    0    6    1    6    1 0.0000000000 0.0000000000 
    1    0    1    0    5    1    5    1    6    0    6    0 0.1250000000 0.0000000000 
    1    0    1    0    5    1    5    1    6    0    6    1 0.0000000000 0.0000000000 
    1    0    1    0    5    1    5    1    6    1    6    0 0.0000000000 -0.0000000000 
    1    0    1    0    5    1    5    1    6    1    6    1 0.1250000000 0.0000000000 
    1    0    1    1    5    0    5    0    6    0    6    0 0.0000000000 0.0000000000 
    1    0    1    1    5    0    5    0    6    0    6    1 -0.0000000000 -0.0000000000 
    1    0    1    1    5    0    5    0    6    1    6    0 -0.0000000000 0.0000000000 
    1    0    1    1    5    0    5    0    6    1    6    1 0.0000000000 0.0000000000 
    1    0    1    1    5    0    5    1    6    0    6    0 0.0000000000 0.0000000000 
    1    0    1    1    5    0    5    1    6    0    6    1 0.0000000000 0.0000000000 
    1    0    1    1    5    0    5    1    6    1    6    0 -0.0000000000 -0.0000000000 
    1    0    1    1    5    0    5    1    6    1    6    1 0.0000000000 0.0000000000 
    1    0    1    1    5    1    5    0    6    0    6    0 0.0000000000 -0.0000000000 
    1    0    1    1    5    1    5    0    6    0    6    1 -0.0000000000 0.0000000000 
    1    0    1    1    5    1    5    0    6    1    6    0 -0.0000000000 -0.0000000000 
    1    0    1    1    5    1    5    0    6    1    6    1 0.0000000000 -0.0000000000 
    1    0    1    1    5    1    5    1    6    0    6    0 0.0000000000 -0.0000000000 
    1    0    1    1    5    1    5    1    6    0    6    1 -0.0000000000 0.0000000000 
    1    0    1    1    5    1    5    1    6    1    6    0 0.0000000000 -0.0000000000 
    1    0    1    1    5    1    5    1    6    1    6    1 0.0000000000 0.0000000000 
    1    1    1    0    5    0    5    0    6    0    6    0 0.0000000000 -0.0000000000 
    1    1    1    0    5    0    5    0    6    0    6    1 -0.0000000000 -0.0000000000 
    1    1    1    0    5    0    5    0    6    1    6    0 -0.0000000000 0.0000000000 
    1    1    1    0    5    0    5    0    6    1    6    1 0.0000000000 -0.0000000000 
    1    1    1    0    5    0    5    1    6    0    6    0 0.0000000000 0.0000000000 
    1    1    1    0    5    0    5    1    6    0    6    1 -0.0000000000 0.0000000000 
    1    1    1    0    5    0    5    1    6    1    6    0 -0.0000000000 -0.0000000000 
    1    1    1    0    5    0    5    1    6    1    6    1 0.0000000000 0.0000000000 
    1    1    1    0    5    1    5    0    6    0    6    0 0.0000000000 -0.0000000000 
    1    1    1    0    5    1    5    0    6    0    6    1 -0.0000000000 0.0000000000 
    1    1    1    0    5    1    5    0    6    1    6    0 0.0000000000 -0.0000000000 
    1    1    1    0    5    1    5    0    6    1    6    1 0.0000000000 -0.0000000000 
    1    1    1    0    5    1    5    1    6    0    6    0 0.0000000000 0.0000000000 
    1    1    1    0    5    1    5    1    6    0    6    1 0.0000000000 0.0000000000 
    1    1    1    0    5    1    5    1    6    1    6    0 -0.0000000000 -0.0000000000 
    1    1    1    0    5    1    5    1    6    1    6    1 0.0000000000 -0.0000000000 
    1    1    1    1    5    0    5    0    6    0    6    0 0.1250000000 0.0000000000 
    1    1    1    1    5    0    5    0    6    0    6    1 -0.0000000000 0.0000000000 
    1    1    1    1    5    0    5    0    6    1    6    0 -0.0000000000 -0.0000000000 
    1    1    1    1    5    0    5    0    6    1    6    1 0.1250000000 0.0000000000 
    1    1    1    1    5    0    5    1    6    0    6    0 0.0000000000 -0.0000000000 
    1    1    1    1    5    0    5    1    6    0    6    1 0.0721687836 -0.0000000000 
    1    1    1    1    5    0    5    1    6    1    6    0 -0.0721687836 -0.0000000000 
    1    1    1    1    5    0    5    1    6    1    6    1 -0.0000000000 -0.0000000000 
    1    1    1    1    5    1    5    0    6    0    6    0 0.0000000000 0.0000000000 
    1    1    1    1    5    1    5    0    6    0    6    1 -0.0721687836 0.0000000000 
    1    1    1    1    5    1    5    0    6    1    6    0 0.0721687836 0.0000000000 
    1    1    1    1    5    1    5    0    6    1    6    1 -0.0000000000 0.0000000000 
    1    1    1    1    5    1    5    1    6    0    6    0 0.1250000000 0.0000000000 
    1    1    1    1    5    1    5    1    6    0    6    1 0.0000000000 0.0000000000 
    1    1    1    1    5    1    5    1    6    1    6    0 0.0000000000 -0.0000000000 
    1    1    1    1    5    1    5    1    6    1    6    1 0.1250000000 0.0000000000 
    1    0    1    0    5    0    5    0    7    0    7    0 0.1250000000 0.0000000000 
    1    0    1    0    5    0    5    0    7    0    7    1 -0.0000000000 -0.0000000000 
    1    0    1    0    5    0    5    0    7    1    7    0 -0.0000000000 0.0000000000 
    1    0    1    0    5    0    5    0    7    1    7    1 0.1250000000 0.0000000000 
    1    0    1    0    5    0    5    1    7    0    7    0 0.0000000000 -0.0000000000 
    1    0    1    0    5    0    5    1    7    0    7    1 0.0000000000 -0.0000000000 
    1    0    1    0    5    0    5    1    7    1    7    0 0.0000000000 -0.0000000000 
    1    0    1    0    5    0    5    1    7    1    7    1 0.0000000000 -0.0000000000 
    1    0    1    0    5    1    5    0    7    0    7    0 0.0000000000 0.0000000000 
    1    0    1    0    5    1    5    0    7    0    7    1 0.0000000000 0.0000000000 
    1    0    1    0    5    1    5    0    7    1    7    0 0.0000000000 0.0000000000 
    1    0    1    0    5    1    5    0    7    1    7    1 0.0000000000 0.0000000000 
    1    0    1    0    5    1    5    1    7    0    7    0 0.1250000000 0.0000000000 
    1    0    1    0    5    1    5    1    7    0    7    1 0.0000000000 -0.0000000000 
    1    0    1    0    5    1    5    1    7    1    7    0 0.0000000000 0.0000000000 
    1    0    1    0    5    1    5    1    7    1    7    1 0.1250000000 0.0000000000 
    1    0    1    1    5    0    5    0    7    0    7    0 0.0000000000 0.0000000000 
    1    0    1    1    5    0    5    0    7    0    7    1 -0.0000000000 0.0000000000 
    1    0    1    1    5    0    5    0    7    1    7    0 0.0000000000 0.0000000000 
    1    0    1    1    5    0    5    0    7    1    7    1 0.0000000000 0.0000000000 
    1    0    1    1    5    0    5    1    7    0    7    0 0.0000000000 0.0000000000 
    1    0    1    1    5    0    5    1    7    0    7    1 0.0000000000 0.0000000000 
    1    0    1    1    5    0    5    1    7    1    7    0 0.0000000000 -0.0000000000 
    1    0    1    1    5    0    5    1    7    1    7    1 0.0000000000 0.0000000000 
    1    0    1    1    5    1    5    0    7    0    7    0 0.0000000000 -0.0000000000 
    1    0    1    1    5    1    5    0    7    0    7    1 -0.0000000000 -0.0000000000 
    1    0    1    1    5    1    5    0    7    1    7    0 0.0000000000 0.0000000000 
    1    0    1    1    5    1    5    0    7    1    7    1 0.0000000000 -0.0000000000 
    1    0    1    1    5    1    5    1    7    0    7    0 0.0000000000 -0.0000000000 
    1    0    1    1    5    1    5    1    7    0    7    1 -0.0000000000 0.0000000000 
    1    0    1    1    5    1    5    1    7    1    7    0 0.0000000000 0.0000000000 
    1    0    1    1    5    1    5    1    7    1    7    1 0.0000000000 -0.0000000000 
    1    1    1    0    5    0    5    0    7    0    7    0 0.0000000000 -0.0000000000 
    1    1    1    0    5    0    5    0    7    0    7    1 0.0000000000 -0.0000000000 
    1    1    1    0    5    0    5    0    7    1    7    0 -0.0000000000 -0.0000000000 
    1    1    1    0    5    0    5    0    7    1    7    1 0.0000000000 -0.0000000000 
    1    1    1    0    5    0    5    1    7    0    7    0 0.0000000000 0.0000000000 
    1    1    1    0    5    0    5    1    7    0    7    1 0.0000000000 -0.0000000000 
    1    1    1    0    5    0    5    1    7    1    7    0 -0.0000000000 0.0000000000 
    1    1    1    0    5    0    5    1    7    1    7    1 0.0000000000 0.0000000000 
    1    1    1    0    5    1    5    0    7    0    7    0 0.0000000000 -0.0000000000 
    1    1    1    0    5    1    5    0    7    0    7    1 0.0000000000 0.0000000000 
    1    1    1    0    5    1    5    0    7    1    7    0 0.0000000000 -0.0000000000 
    1    1    1    0    5    1    5    0    7    1    7    1 0.0000000000 -0.0000000000 
    1    1    1    0    5    1    5    1    7    0    7    0 0.0000000000 0.0000000000 
    1    1    1    0    5    1    5    1    7    0    7    1 0.0000000000 -0.0000000000 
    1    1    1    0    5    1    5    1    7    1    7    0 -0.0000000000 -0.0000000000 
    1    1    1    0    5    1    5    1    7    1    7    1 0.0000000000 0.0000000000 
    1    1    1    1    5    0    5    0    7    0    7    0 0.1250000000 0.0000000000 
    1    1    1    1    5    0    5    0    7    0    7    1 0.0000000000 -0.0000000000 
    1    1    1    1    5    0    5    0    7    1    7    0 0.0000000000 0.0000000000 
    1    1    1    1    5    0    5    0    7    1    7    1 0.1250000000 0.0000000000 
    1    1    1    1    5    0    5    1    7    0    7    0 0.0000000000 -0.0000000000 
    1    1    1    1    5    0    5    1    7    0    7    1 0.0000000000 0.0000000000 
    1    1    1    1    5    0    5    1    7    1    7    0 0.0000000000 0.0000000000 
    1    1    1    1    5    0    5    1    7    1    7    1 0.0000000000 -0.0000000000 
    1    1    1    1    5    1    5    0    7    0    7    0 0.0000000000 0.0000000000 
    1    1    1    1    5    1    5    0    7    0    7    1 0.0000000000 -0.0000000000 
    1    1    1    1    5    1    5    0    7    1    7    0 0.0000000000 -0.0000000000 
    1    1    1    1    5    1    5    0    7    1    7    1 0.0000000000 0.0000000000 
    1    1    1    1    5    1    5    1    7    0    7    0 0.1250000000 0.0000000000 
    1    1    1    1    5    1    5    1    7    0    7    1 -0.0000000000 -0.0000000000 
    1    1    1    1    5    1    5    1    7    1    7    0 -0.0000000000 0.0000000000 
    1    1    1    1    5    1    5    1    7    1    7    1 0.1250000000 0.0000000000 
    1    0    1    0    6    0    6    0    7    0    7    0 0.1250000000 0.0000000000 
    1    0    1    0    6    0    6    0    7    0    7    1 0.0000000000 -0.0000000000 
    1    0    1    0    6    0    6    0    7    1    7    0 0.0000000000 0.0000000000 
    1    0    1    0    6    0    6    0    7    1    7    1 0.1250000000 0.0000000000 
    1    0    1    0    6    0    6    1    7    0    7    0 0.0000000000 0.0000000000 
    1    0    1    0    6    0    6    1    7    0    7    1 -0.0721687836 -0.0000000000 
    1    0    1    0    6    0    6    1    7    1    7    0 -0.0721687836 0.0000000000 
    1    0    1    0    6    0    6    1    7    1    7    1 0.0000000000 0.0000000000 
    1    0    1    0    6    1    6    0    7    0    7    0 0.0000000000 -0.0000000000 
    1    0    1    0    6    1    6    0    7    0    7    1 -0.0721687836 -0.0000000000 
    1    0    1    0    6    1    6    0    7    1    7    0 -0.0721687836 0.0000000000 
    1    0    1    0    6    1    6    0    7    1    7    1 0.0000000000 -0.0000000000 
    1    0    1    0    6    1    6    1    7    0    7    0 0.1250000000 0.0000000000 
    1    0    1    0    6    1    6    1    7    0    7    1 -0.0000000000 -0.0000000000 
    1    0    1    0    6    1    6    1    7    1    7    0 -0.0000000000 0.0000000000 
    1    0    1    0    6    1    6    1    7    1    7    1 0.1250000000 0.0000000000 
    1    0    1    1    6    0    6    0    7    0    7    0 0.0000000000 0.0000000000 
    1    0    1    1    6    0    6    0    7    0    7    1 -0.0000000000 0.0000000000 
    1    0    1    1    6    0    6    0    7    1    7    0 0.0000000000 0.0000000000 
    1    0    1    1    6    0    6    0    7    1    7    1 0.0000000000 -0.0000000000 
    1    0    1    1    6    0    6    1    7    0    7    0 -0.0000000000 0.0000000000 
    1    0    1    1    6    0    6    1    7    0    7    1 -0.0000000000 -0.0000000000 
    1    0    1    1    6    0    6    1    7    1    7    0 -0.0000000000 0.0000000000 
    1    0    1    1    6    0    6    1    7    1    7    1 -0.0000000000 -0.0000000000 
    1    0    1    1    6    1    6    0    7    0    7    0 -0.0000000000 0.0000000000 
    1    0    1    1    6    1    6    0    7    0    7    1 -0.0000000000 0.0000000000 
    1    0    1    1    6    1    6    0    7    1    7    0 -0.0000000000 -0.0000000000 
    1    0    1    1    6    1    6    0    7    1    7    1 0.0000000000 -0.0000000000 
    1    0    1    1    6    1    6    1    7    0    7    0 0.0000000000 0.0000000000 
    1    0    1    1    6    1    6    1    7    0    7    1 -0.0000000000 0.0000000000 
    1    0    1    1    6    1    6    1    7    1    7    0 0.0000000000 0.0000000000 
    1    0    1    1    6    1    6    1    7    1    7    1 0.0000000000 0.0000000000 
    1    1    1    0    6    0    6    0    7    0    7    0 0.0000000000 -0.0000000000 
    1    1    1    0    6    0    6    0    7    0    7    1 0.0000000000 -0.0000000000 
    1    1    1    0    6    0    6    0    7    1    7    0 -0.0000000000 -0.0000000000 
    1    1    1    0    6    0    6    0    7    1    7    1 0.0000000000 0.0000000000 
    1    1    1    0    6    0    6    1    7    0    7    0 -0.0000000000 -0.0000000000 
    1    1    1    0    6    0    6    1    7    0    7    1 -0.0000000000 0.0000000000 
    1    1    1    0    6    0    6    1    7    1    7    0 -0.0000000000 -0.0000000000 
    1    1    1    0    6    0    6    1    7    1    7    1 0.0000000000 0.0000000000 
    1    1    1    0    6    1    6    0    7    0    7    0 -0.0000000000 -0.0000000000 
    1    1    1    0    6    1    6    0    7    0    7    1 -0.0000000000 -0.0000000000 
    1    1    1    0    6    1    6    0    7    1    7    0 -0.0000000000 0.0000000000 
    1    1    1    0    6    1    6    0    7    1    7    1 -0.0000000000 0.0000000000 
    1    1    1    0    6    1    6    1    7    0    7    0 0.0000000000 -0.0000000000 
    1    1    1    0    6    1    6    1    7    0    7    1 0.0000000000 -0.0000000000 
    1    1    1    0    6    1    6    1    7    1    7    0 -0.0000000000 -0.0000000000 
    1    1    1    0    6    1    6    1    7    1    7    1 0.0000000000 -0.0000000000 
    1    1    1    1    6    0    6    0    7    0    7    0 0.1250000000 0.0000000000 
    1    1    1    1    6    0    6    0    7    0    7    1 -0.0000000000 -0.0000000000 
    1    1    1    1    6    0    6    0    7    1    7    0 -0.0000000000 0.0000000000 
    1    1    1    1    6    0    6    0    7    1    7    1 0.1250000000 0.0000000000 
    1    1    1    1    6    0    6    1    7    0    7    0 0.0000000000 0.0000000000 
    1    1    1    1    6    0    6    1    7    0    7    1 -0.0721687836 -0.0000000000 
    1    1    1    1    6    0    6    1    7    1    7    0 -0.0721687836 -0.0000000000 
    1    1    1    1    6    0    6    1    7    1    7    1 0.0000000000 0.0000000000 
    1    1    1    1    6    1    6    0    7    0    7    0 0.0000000000 -0.0000000000 
    1    1    1    1    6    1    6    0    7    0    7    1 -0.0721687836 0.0000000000 
    1    1    1    1    6    1    6    0    7    1    7    0 -0.0721687836 0.0000000000 
    1    1    1    1    6    1    6    0    7    1    7    1 0.0000000000 -0.0000000000 
    1    1    1    1    6    1    6    1    7    0    7    0 0.1250000000 0.0000000000 
    1    1    1    1    6    1    6    1    7    0    7    1 -0.0000000000 -0.0000000000 
    1    1    1    1    6    1    6    1    7    1    7    0 -0.0000000000 0.0000000000 
    1    1    1    1    6    1    6    1    7    1    7    1 0.1250000000 0.0000000000 
    2    0    2    0    3    0    3    0    4    0    4    0 0.1250000000 0.0000000000 
    2    0    2    0    3    0    3    0    4    0    4    1 -0.0000000000 -0.0000000000 
    2    0    2    0    3    0    3    0    4    1    4    0 -0.0000000000 0.0000000000 
    2    0    2    0    3    0    3    0    4    1    4    1 0.1250000000 0.0000000000 
    2    0    2    0    3    0    3    1    4    0    4    0 0.0000000000 0.0000000000 
    2    0    2    0    3    0    3    1    4    0    4    1 -0.0000000000 0.0000000000 
    2    0    2    0    3    0    3    1    4    1    4    0 0.0000000000 -0.0000000000 
    2    0    2    0    3    0    3    1    4    1    4    1 0.0000000000 -0.0000000000 
    2    0    2    0    3    1    3    0    4    0    4    0 0.0000000000 -0.0000000000 
    2    0    2    0    3    1    3    0    4    0    4    1 0.0000000000 0.0000000000 
    2    0    2    0    3    1    3    0    4    1    4    0 -0.0000000000 -0.0000000000 
    2    0    2    0    3    1    3    0    4    1    4    1 0.0000000000 0.0000000000 
    2    0    2    0    3    1    3    1    4    0    4    0 0.1250000000 0.0000000000 
    2    0    2    0    3    1    3    1    4    0    4    1 -0.0000000000 0.0000000000 
    2    0    2    0    3    1    3    1    4    1    4    0 -0.0000000000 -0.0000000000 
    2    0    2    0    3    1    3    1    4    1    4    1 0.1250000000 0.0000000000 
    2    0    2    1    3    0    3    0    4    0    4    0 -0.0000000000 -0.0000000000 
    2    0    2    1    3    0    3    0    4    0    4    1 -0.0000000000 -0.0000000000 
    2    0    2    1    3    0    3    0    4    1    4    0 0.0000000000 0.0000000000 
    2    0    2    1    3    0    3    0    4    1    4    1 -0.0000000000 -0.0000000000 
    2    0    2    1    3    0    3    1    4    0    4    0 -0.0721687836 -0.0000000000 
    2    0    2    1    3    0    3    1    4    0    4    1 0.0000000000 0.0000000000 
    2    0    2    1    3    0    3    1    4    1    4    0 0.0000000000 -0.0000000000 
    2    0    2    1    3    0    3    1    4    1    4    1 -0.0721687836 0.0000000000 
    2    0    2    1    3    1    3    0    4    0    4    0 -0.0721687836 0.0000000000 
    2    0    2    1    3    1    3    0    4    0    4    1 0.0000000000 -0.0000000000 
    2    0    2    1    3    1    3    0    4    1    4    0 0.0000000000 0.0000000000 
    2    0    2    1    3    1    3    0    4    1    4    1 -0.0721687836 -0.0000000000 
    2    0    2    1    3    1    3    1    4    0    4    0 -0.0000000000 0.0000000000 
    2    0    2    1    3    1    3    1    4    0    4    1 -0.0000000000 0.0000000000 
    2    0    2    1    3    1    3    1    4    1    4    0 0.0000000000 0.0000000000 
    2    0    2    1    3    1    3    1    4    1    4    1 -0.0000000000 0.0000000000 
    2    1    2    0    3    0    3    0    4    0    4    0 -0.0000000000 0.0000000000 
    2    1    2    0    3    0    3    0    4    0    4    1 0.0000000000 -0.0000000000 
    2    1    2    0    3    0    3    0    4    1    4    0 -0.0000000000 0.0000000000 
    2    1    2    0    3    0    3    0    4    1    4    1 -0.0000000000 0.0000000000 
    2    1    2    0    3    0    3    1    4    0    4    0 -0.0721687836 -0.0000000000 
    2    1    2    0    3    0    3    1    4    0    4    1 0.0000000000 -0.0000000000 
    2    1    2    0    3    0    3    1    4    1    4    0 0.0000000000 0.0000000000 
    2    1    2    0    3    0    3    1    4    1    4    1 -0.0721687836 0.0000000000 
    2    1    2    0    3    1    3    0    4    0    4    0 -0.0721687836 0.0000000000 
    2    1    2    0    3    1    3    0    4    0    4    1 0.0000000000 0.0000000000 
    2    1    2    0    3    1    3    0    4    1    4    0 0.0000000000 -0.0000000000 
    2    1    2    0    3    1    3    0    4    1    4    1 -0.0721687836 -0.0000000000 
    2    1    2    0    3    1    3    1    4    0    4    0 -0.0000000000 -0.0000000000 
    2    1    2    0    3    1    3    1    4    0    4    1 0.0000000000 -0.0000000000 
    2    1    2    0    3    1    3    1    4    1    4    0 -0.0000000000 -0.0000000000 
    2    1    2    0    3    1    3    1    4    1    4    1 -0.0000000000 -0.0000000000 
    2    1    2    1    3    0    3    0    4    0    4    0 0.1250000000 0.0000000000 
    2    1    2    1    3    0    3    0    4    0    4    1 0.0000000000 0.0000000000 
    2    1    2    1    3    0    3    0    4    1    4    0 0.0000000000 -0.0000000000 
    2    1    2    1    3    0    3    0    4    1    4    1 0.1250000000 0.0000000000 
    2    1    2    1    3    0    3    1    4    0    4    0 0.0000000000 -0.0000000000 
    2    1    2    1    3    0    3    1    4    0    4    1 -0.0000000000 -0.0000000000 
    2    1    2    1    3    0    3    1    4    1    4    0 -0.0000000000 0.0000000000 
    2    1    2    1    3    0    3    1    4    1    4    1 0.0000000000 -0.0000000000 
    2    1    2    1    3    1    3    0    4    0    4    0 0.0000000000 0.0000000000 
    2    1    2    1    3    1    3    0    4    0    4    1 -0.0000000000 -0.0000000000 
    2    1    2    1    3    1    3    0    4    1    4    0 -0.0000000000 0.0000000000 
    2    1    2    1    3    1    3    0    4    1    4    1 0.0000000000 0.0000000000 
    2    1    2    1    3    1    3    1    4    0    4    0 0.1250000000 0.0000000000 
    2    1    2    1    3    1    3    1    4    0    4    1 -0.0000000000 -0.0000000000 
    2    1    2    1    3    1    3    1    4    1    4    0 -0.0000000000 0.0000000000 
    2    1    2    1    3    1    3    1    4    1    4    1 0.1250000000 0.0000000000 
    2    0    2    0    3    0    3    0    5    0    5    0 0.1250000000 0.0000000000 
    2    0    2    0    3    0    3    0    5    0    5    1 0.0000000000 -0.0000000000 
    2    0    2    0    3    0    3    0    5    1    5    0 0.0000000000 0.0000000000 
    2    0    2    0    3    0    3    0    5    1    5    1 0.1250000000 0.0000000000 
    2    0    2    0    3    0    3    1    5    0    5    0 0.0000000000 -0.0000000000 
    2    0    2    0    3    0    3    1    5    0    5    1 -0.0000000000 -0.0000000000 
    2    0    2    0    3    0    3    1    5    1    5    0 0.0000000000 -0.0000000000 
    2    0    2    0    3    0    3    1    5    1    5    1 0.0000000000 0.0000000000 
    2    0    2    0    3    1    3    0    5    0    5    0 0.0000000000 0.0000000000 
    2    0    2    0    3    1    3    0    5    0    5    1 0.0000000000 0.0000000000 
    2    0    2    0    3    1    3    0    5    1    5    0 -0.0000000000 0.0000000000 
    2    0    2    0    3    1    3    0    5    1    5    1 0.0000000000 -0.0000000000 
    2    0    2    0    3    1    3    1    5    0    5    0 0.1250000000 0.0000000000 
    2    0    2    0    3    1    3    1    5    0    5    1 0.0000000000 -0.0000000000 
    2    0    2    0    3    1    3    1    5    1    5    0 0.0000000000 0.0000000000 
    2    0    2    0    3    1    3    1    5    1    5    1 0.1250000000 0.0000000000 
    2    0    2    1    3    0    3    0    5    0    5    0 -0.0000000000 -0.0000000000 
    2    0    2    1    3    0    3    0    5    0    5    1 -0.0000000000 0.0000000000 
    2    0    2    1    3    0    3    0    5    1    5    0 0.0000000000 -0.0000000000 
    2    0    2    1    3    0    3    0    5    1    5    1 -0.0000000000 -0.0000000000 
    2    0    2    1    3    0    3    1    5    0    5    0 -0.0721687836 -0.0000000000 
    2    0    2    1    3    0    3    1    5    0    5    1 -0.0000000000 -0.0000000000 
    2    0    2    1    3    0    3    1    5    1    5    0 -0.0000000000 -0.0000000000 
    2    0    2    1    3    0    3    1    5    1    5    1 -0.0721687836 0.0000000000 
    2    0    2    1    3    1    3    0    5    0    5    0 -0.0721687836 -0.0000000000 
    2    0    2    1    3    1    3    0    5    0    5    1 0.0000000000 0.0000000000 
    2    0    2    1    3    1    3    0    5    1    5    0 -0.0000000000 -0.0000000000 
    2    0    2    1    3    1    3    0    5    1    5    1 -0.0721687836 0.0000000000 
    2    0    2    1    3    1    3    1    5    0    5    0 -0.0000000000 0.0000000000 
    2    0    2    1    3    1    3    1    5    0    5    1 -0.0000000000 -0.0000000000 
    2    0    2    1    3    1    3    1    5    1    5    0 0.0000000000 0.0000000000 
    2    0    2    1    3    1    3    1    5    1    5    1 -0.0000000000 0.0000000000 
    2    1    2    0    3    0    3    0    5    0    5    0 -0.0000000000 0.0000000000 
    2    1    2    0    3    0    3    0    5    0    5    1 0.0000000000 0.0000000000 
    2    1    2    0    3    0    3    0    5    1    5    0 -0.0000000000 -0.0000000000 
    2    1    2    0    3    0    3    0    5    1    5    1 -0.0000000000 0.0000000000 
    2    1    2    0    3    0    3    1    5    0    5    0 -0.0721687836 0.0000000000 
    2    1    2    0    3    0    3    1    5    0    5    1 -0.0000000000 0.0000000000 
    2    1    2    0    3    0    3    1    5    1    5    0 0.0000000000 -0.0000000000 
    2    1    2    0    3    0    3    1    5    1    5    1 -0.0721687836 -0.0000000000 
    2    1    2    0    3    1    3    0    5    0    5    0 -0.0721687836 0.0000000000 
    2    1    2    0    3    1    3    0    5    0    5    1 -0.0000000000 0.0000000000 
    2    1    2    0    3    1    3    0    5    1    5    0 -0.0000000000 0.0000000000 
    2    1    2    0    3    1    3    0    5    1    5    1 -0.0721687836 -0.0000000000 
    2    1    2    0    3    1    3    1    5    0    5    0 -0.0000000000 -0.0000000000 
    2    1    2    0    3    1    3    1    5    0    5    1 0.0000000000 -0.0000000000 
    2    1    2    0    3    1    3    1    5    1    5    0 -0.0000000000 0.0000000000 
    2    1    2    0    3    1    3    1    5    1    5    1 -0.0000000000 -0.0000000000 
    2    1    2    1    3    0    3    0    5    0    5    0 0.1250000000 0.0000000000 
    2    1    2    1    3    0    3    0    5    0    5    1 -0.0000000000 -0.0000000000 
    2    1    2    1    3    0    3    0    5    1    5    0 -0.0000000000 0.0000000000 
    2    1    2    1    3    0    3    0    5    1    5    1 0.1250000000 0.0000000000 
    2    1    2    1    3    0    3    1    5    0    5    0 0.0000000000 -0.0000000000 
    2    1    2    1    3    0    3    1    5    0    5    1 -0.0000000000 0.0000000000 
    2    1    2    1    3    0    3    1    5    1    5    0 0.0000000000 -0.0000000000 
    2    1    2    1    3    0    3    1    5    1    5    1 0.0000000000 -0.0000000000 
    2    1    2    1    3    1    3    0    5    0    5    0 0.0000000000 0.0000000000 
    2    1    2    1    3    1    3    0    5    0    5    1 0.0000000000 0.0000000000 
    2    1    2    1    3    1    3    0    5    1    5    0 -0.0000000000 -0.0000000000 
    2    1    2    1    3    1    3    0    5    1    5    1 0.0000000000 0.0000000000 
    2    1    2    1    3    1    3    1    5    0    5    0 0.1250000000 0.0000000000 
    2    1    2    1    3    1    3    1    5    0    5    1 0.0000000000 -0.0000000000 
    2    1    2    1    3    1    3    1    5    1    5    0 0.0000000000 0.0000000000 
    2    1    2    1    3    1    3    1    5    1    5    1 0.1250000000 0.0000000000 
    2    0    2    0    3    0    3    0    6    0    6    0 0.0528312164 0.0000000000 
    2    0    2    0    3    0    3    0    6    0    6    1 -0.0000000000 0.0000000000 
    2    0    2    0    3    0    3    0    6    1    6    0 -0.0000000000 -0.0000000000 
    2    0    2    0    3    0    3    0    6    1    6    1 0.1971687836 0.0000000000 
    2    0    2    0    3    0    3    1    6    0    6    0 0.0000000000 -0.0000000000 
    2    0    2    0    3    0    3    1    6    0    6    1 -0.0000000000 -0.0000000000 
    2    0    2    0    3    0    3    1    6    1    6    0 -0.0000000000 -0.0000000000 
    2    0    2    0    3    0    3    1    6    1    6    1 0.0000000000 0.0000000000 
    2    0    2    0    3    1    3    0    6    0    6    0 0.0000000000 0.0000000000 
    2    0    2    0    3    1    3    0    6    0    6    1 -0.0000000000 0.0000000000 
    2    0    2    0    3    1    3    0    6    1    6    0 -0.0000000000 0.0000000000 
    2    0    2    0    3    1    3    0    6    1    6    1 0.0000000000 -0.0000000000 
    2    0    2    0    3    1    3    1    6    0    6    0 0.1971687836 0.0000000000 
    2    0    2    0    3    1    3    1    6    0    6    1 0.0000000000 0.0000000000 
    2    0    2    0    3    1    3    1    6    1    6    0 0.0000000000 -0.0000000000 
    2    0    2    0    3    1    3    1    6    1    6    1 0.0528312164 0.0000000000 
    2    0    2    1    3    0    3    0    6    0    6    0 -0.0000000000 -0.0000000000 
    2    0    2    1    3    0    3    0    6    0    6    1 0.0000000000 0.0000000000 
    2    0    2    1    3    0    3    0    6    1    6    0 0.0000000000 0.0000000000 
    2    0    2    1    3    0    3    0    6    1    6    1 -0.0000000000 -0.0000000000 
    2    0    2    1    3    0    3    1    6    0    6    0 -0.0721687836 0.0000000000 
    2    0    2    1    3    0    3    1    6    0    6    1 0.0000000000 -0.0000000000 
    2    0    2    1    3    0    3    1    6    1    6    0 0.0000000000 -0.0000000000 
    2    0    2    1    3    0    3    1    6    1    6    1 -0.0721687836 -0.0000000000 
    2    0    2    1    3    1    3    0    6    0    6    0 -0.0721687836 0.0000000000 
    2    0    2    1    3    1    3    0    6    0    6    1 -0.0000000000 -0.0000000000 
    2    0    2    1    3    1    3    0    6    1    6    0 -0.0000000000 0.0000000000 
    2    0    2    1    3    1    3    0    6    1    6    1 -0.0721687836 -0.0000000000 
    2    0    2    1    3    1    3    1    6    0    6    0 -0.0000000000 0.0000000000 
    2    0    2    1    3    1    3    1    6    0    6    1 0.0000000000 0.0000000000 
    2    0    2    1    3    1    3    1    6    1    6    0 0.0000000000 -0.0000000000 
    2    0    2    1    3    1    3    1    6    1    6    1 -0.0000000000 0.0000000000 
    2    1    2    0    3    0    3    0    6    0    6    0 -0.0000000000 0.0000000000 
    2    1    2    0    3    0    3    0    6    0    6    1 0.0000000000 -0.0000000000 
    2    1    2    0    3    0    3    0    6    1    6    0 0.0000000000 -0.0000000000 
    2    1    2    0    3    0    3    0    6    1    6    1 -0.0000000000 0.0000000000 
    2    1    2    0    3    0    3    1    6    0    6    0 -0.0721687836 -0.0000000000 
    2    1    2    0    3    0    3    1    6    0    6    1 -0.0000000000 -0.0000000000 
    2    1    2    0    3    0    3    1    6    1    6    0 -0.0000000000 0.0000000000 
    2    1    2    0    3    0    3    1    6    1    6    1 -0.0721687836 0.0000000000 
    2    1    2    0    3    1    3    0    6    0    6    0 -0.0721687836 -0.0000000000 
    2    1    2    0    3    1    3    0    6    0    6    1 0.0000000000 0.0000000000 
    2    1    2    0    3    1    3    0    6    1    6    0 0.0000000000 0.0000000000 
    2    1    2    0    3    1    3    0    6    1    6    1 -0.0721687836 0.0000000000 
    2    1    2    0    3    1    3    1    6    0    6    0 -0.0000000000 -0.0000000000 
    2    1    2    0    3    1    3    1    6    0    6    1 0.0000000000 0.0000000000 
    2    1    2    0    3    1    3    1    6    1    6    0 0.0000000000 -0.0000000000 
    2    1    2    0    3    1    3    1    6    1    6    1 -0.0000000000 -0.0000000000 
    2    1    2    1    3    0    3    0    6    0    6    0 0.0528312164 0.0000000000 
    2    1    2    1    3    0    3    0    6    0    6    1 0.0000000000 0.0000000000 
    2    1    2    1    3    0    3    0    6    1    6    0 0.0000000000 -0.0000000000 
    2    1    2    1    3    0    3    0    6    1    6    1 0.1971687836 0.0000000000 
    2    1    2    1    3    0    3    1    6    0    6    0 0.0000000000 -0.0000000000 
    2    1    2    1    3    0    3    1    6    0    6    1 0.0000000000 0.0000000000 
    2    1    2    1    3    0    3    1    6    1    6    0 -0.0000000000 0.0000000000 
    2    1    2    1    3    0    3    1    6    1    6    1 0.0000000000 -0.0000000000 
    2    1    2    1    3    1    3    0    6    0    6    0 0.0000000000 0.0000000000 
    2    1    2    1    3    1    3    0    6    0    6    1 -0.0000000000 -0.0000000000 
    2    1    2    1    3    1    3    0    6    1    6    0 0.0000000000 -0.0000000000 
    2    1    2    1    3    1    3    0    6    1    6    1 0.0000000000 0.0000000000 
    2    1    2    1    3    1    3    1    6    0    6    0 0.1971687836 0.0000000000 
    2    1    2    1    3    1    3    1    6    0    6    1 0.0000000000 0.0000000000 
    2    1    2    1    3    1    3    1    6    1    6    0 0.0000000000 -0.0000000000 
    2    1    2    1    3    1    3    1    6    1    6    1 0.0528312164 0.0000000000 
    2    0    2    0    3    0    3    0    7    0    7    0 0.0528312164 0.0000000000 
    2    0    2    0    3    0    3    0    7    0    7    1 0.0000000000 0.0000000000 
    2    0    2    0    3    0    3    0    7    1    7    0 0.0000000000 -0.0000000000 
    2    0    2    0    3    0    3    0    7    1    7    1 0.1971687836 0.0000000000 
    2    0    2    0    3    0    3    1    7    0    7    0 0.0000000000 0.0000000000 
    2    0    2    0    3    0    3    1    7    0    7    1 0.0000000000 0.0000000000 
    2    0    2    0    3    0    3    1    7    1    7    0 0.0000000000 0.0000000000 
    2    0    2    0    3    0    3    1    7    1    7    1 0.0000000000 -0.0000000000 
    2    0    2    0    3    1    3    0    7    0    7    0 0.0000000000 -0.0000000000 
    2    0    2    0    3    1    3    0    7    0    7    1 0.0000000000 -0.0000000000 
    2    0    2    0    3    1    3    0    7    1    7    0 0.0000000000 -0.0000000000 
    2    0    2    0    3    1    3    0    7    1    7    1 0.0000000000 0.0000000000 
    2    0    2    0    3    1    3    1    7    0    7    0 0.0528312164 0.0000000000 
    2    0    2    0    3    1    3    1    7    0    7    1 -0.0000000000 -0.0000000000 
    2    0    2    0    3    1    3    1    7    1    7    0 -0.0000000000 0.0000000000 
    2    0    2    0    3    1    3    1    7    1    7    1 0.1971687836 0.0000000000 
    2    0    2    1    3    0    3    0    7    0    7    0 -0.0000000000 -0.0000000000 
    2    0    2    1    3    0    3    0    7    0    7    1 -0.0000000000 -0.0000000000 
    2    0    2    1    3    0    3    0    7    1    7    0 -0.0000000000 -0.0000000000 
    2    0    2    1    3    0    3    0    7    1    7    1 -0.0000000000 -0.0000000000 
    2    0    2    1    3    0    3    1    7    0    7    0 -0.0721687836 0.0000000000 
    2    0    2    1    3    0    3    1    7    0    7    1 -0.0000000000 -0.0000000000 
    2    0    2    1    3    0    3    1    7    1    7    0 -0.0000000000 0.0000000000 
    2    0    2    1    3    0    3    1    7    1    7    1 -0.0721687836 -0.0000000000 
    2    0    2    1    3    1    3    0    7    0    7    0 -0.0721687836 -0.0000000000 
    2    0    2    1    3    1    3    0    7    0    7    1 0.0000000000 0.0000000000 
    2    0    2    1    3    1    3    0    7    1    7    0 0.0000000000 -0.0000000000 
    2    0    2    1    3    1    3    0    7    1    7    1 -0.0721687836 0.0000000000 
    2    0    2    1    3    1    3    1    7    0    7    0 -0.0000000000 0.0000000000 
    2    0    2    1    3    1    3    1    7    0    7    1 0.0000000000 0.0000000000 
    2    0    2    1    3    1    3    1    7    1    7    0 -0.0000000000 0.0000000000 
    2    0    2    1    3    1    3    1    7    1    7    1 -0.0000000000 -0.0000000000 
    2    1    2    0    3    0    3    0    7    0    7    0 -0.0000000000 0.0000000000 
    2    1    2    0    3    0    3    0    7    0    7    1 -0.0000000000 0.0000000000 
    2    1    2    0    3    0    3    0    7    1    7    0 -0.0000000000 0.0000000000 
    2    1    2    0    3    0    3    0    7    1    7    1 -0.0000000000 0.0000000000 
    2    1    2    0    3    0    3    1    7    0    7    0 -0.0721687836 0.0000000000 
    2    1    2    0    3    0    3    1    7    0    7    1 0.0000000000 0.0000000000 
    2    1    2    0    3    0    3    1    7    1    7    0 0.0000000000 -0.0000000000 
    2    1    2    0    3    0    3    1    7    1    7    1 -0.0721687836 -0.0000000000 
    2    1    2    0    3    1    3    0    7    0    7    0 -0.0721687836 -0.0000000000 
    2    1    2    0    3    1    3    0    7    0    7    1 -0.0000000000 -0.0000000000 
    2    1    2    0    3    1    3    0    7    1    7    0 -0.0000000000 0.0000000000 
    2    1    2    0    3    1    3    0    7    1    7    1 -0.0721687836 0.0000000000 
    2    1    2    0    3    1    3    1    7    0    7    0 -0.0000000000 -0.0000000000 
    2    1    2    0    3    1    3    1    7    0    7    1 -0.0000000000 -0.0000000000 
    2    1    2    0    3    1    3    1    7    1    7    0 0.0000000000 -0.0000000000 
    2    1    2    0    3    1    3    1    7    1    7    1 -0.0000000000 0.0000000000 
    2    1    2    1    3    0    3    0    7    0    7    0 0.1971687836 0.0000000000 
    2    1    2    1    3    0    3    0    7    0    7    1 -0.0000000000 -0.0000000000 
    2    1    2    1    3    0    3    0    7    1    7    0 -0.0000000000 0.0000000000 
    2    1    2    1    3    0    3    0    7    1    7    1 0.0528312164 0.0000000000 
    2    1    2    1    3    0    3    1    7    0    7    0 0.0000000000 -0.0000000000 
    2    1    2    1    3    0    3    1    7    0    7    1 0.0000000000 -0.0000000000 
    2    1    2    1    3    0    3    1    7    1    7    0 0.0000000000 -0.0000000000 
    2    1    2    1    3    0    3    1    7    1    7    1 0.0000000000 -0.0000000000 
    2    1    2    1    3    1    3    0    7    0    7    0 0.0000000000 0.0000000000 
    2    1    2    1    3    1    3    0    7    0    7    1 0.0000000000 0.0000000000 
    2    1    2    1    3    1    3    0    7    1    7    0 0.0000000000 0.0000000000 
    2    1    2    1    3    1    3    0    7    1    7    1 0.0000000000 0.0000000000 
    2    1    2    1    3    1    3    1    7    0    7    0 0.1971687836 0.0000000000 
    2    1    2    1    3    1    3    1    7    0    7    1 0.0000000000 -0.0000000000 
    2    1    2    1    3    1    3    1    7    1    7    0 0.0000000000 0.0000000000 
    2    1    2    1    3    1    3    1    7    1    7    1 0.0528312164 0.0000000000 
    2    0    2    0    4    0    4    0    5    0    5    0 0.1250000000 0.0000000000 
    2    0    2    0    4    0    4    0    5    0    5    1 0.0000000000 -0.0000000000 
    2    0    2    0    4    0    4    0    5    1    5    0 0.0000000000 0.0000000000 
    2    0    2    0    4    0    4    0    5    1    5    1 0.1250000000 0.0000000000 
    2    0    2    0    4    0    4    1    5    0    5    0 -0.0000000000 0.0000000000 
    2    0    2    0    4    0    4    1    5    0    5    1 -0.0721687836 -0.0000000000 
    2    0    2    0    4    0    4    1    5    1    5    0 -0.0721687836 -0.0000000000 
    2    0    2    0    4    0    4    1    5    1    5    1 -0.0000000000 0.0000000000 
    2    0    2    0    4    1    4    0    5    0    5    0 -0.0000000000 -0.0000000000 
    2    0    2    0    4    1    4    0    5    0    5    1 -0.0721687836 0.0000000000 
    2    0    2    0    4    1    4    0    5    1    5    0 -0.0721687836 0.0000000000 
    2    0    2    0    4    1    4    0    5    1    5    1 -0.0000000000 -0.0000000000 
    2    0    2    0    4    1    4    1    5    0    5    0 0.1250000000 0.0000000000 
    2    0    2    0    4    1    4    1    5    0    5    1 0.0000000000 -0.0000000000 
    2    0    2    0    4    1    4    1    5    1    5    0 0.0000000000 0.0000000000 
    2    0    2    0    4    1    4    1    5    1    5    1 0.1250000000 0.0000000000 
    2    0    2    1    4    0    4    0    5    0    5    0 -0.0000000000 -0.0000000000 
    2    0    2    1    4    0    4    0    5    0    5    1 -0.0000000000 0.0000000000 
    2    0    2    1    4    0    4    0    5    1    5    0 0.0000000000 0.0000000000 
    2    0    2    1    4    0    4    0    5    1    5    1 -0.0000000000 0.0000000000 
    2    0    2    1    4    0    4    1    5    0    5    0 -0.0000000000 0.0000000000 
    2    0    2    1    4    0    4    1    5    0    5    1 0.0000000000 0.0000000000 
    2    0    2    1    4    0    4    1    5    1    5    0 0.0000000000 -0.0000000000 
    2    0    2    1    4    0    4    1    5    1    5    1 -0.0000000000 -0.0000000000 
    2    0    2    1    4    1    4    0    5    0    5    0 0.0000000000 0.0000000000 
    2    0    2    1    4    1    4    0    5    0    5    1 0.0000000000 -0.0000000000 
    2    0    2    1    4    1    4    0    5    1    5    0 0.0000000000 0.0000000000 
    2    0    2    1    4    1    4    0    5    1    5    1 0.0000000000 0.0000000000 
    2    0    2    1    4    1    4    1    5    0    5    0 -0.0000000000 0.0000000000 
    2    0    2    1    4    1    4    1    5    0    5    1 -0.0000000000 -0.0000000000 
    2    0    2    1    4    1    4    1    5    1    5    0 0.0000000000 -0.0000000000 
    2    0    2    1    4    1    4    1    5    1    5    1 -0.0000000000 -0.0000000000 
    2    1    2    0    4    0    4    0    5    0    5    0 -0.0000000000 0.0000000000 
    2    1    2    0    4    0    4    0    5    0    5    1 0.0000000000 -0.0000000000 
    2    1    2    0    4    0    4    0    5    1    5    0 -0.0000000000 -0.0000000000 
    2    1    2    0    4    0    4    0    5    1    5    1 -0.0000000000 -0.0000000000 
    2    1    2    0    4    0    4    1    5    0    5    0 0.0000000000 -0.0000000000 
    2    1    2    0    4    0    4    1    5    0    5    1 0.0000000000 -0.0000000000 
    2    1    2    0    4    0    4    1    5    1    5    0 0.0000000000 0.0000000000 
    2    1    2    0    4    0    4    1    5    1    5    1 0.0000000000 -0.0000000000 
    2    1    2    0    4    1    4    0    5    0    5    0 -0.0000000000 -0.0000000000 
    2    1    2    0    4    1    4    0    5    0    5    1 0.0000000000 0.0000000000 
    2    1    2    0    4    1    4    0    5    1    5    0 0.0000000000 -0.0000000000 
    2    1    2    0    4    1    4    0    5    1    5    1 -0.0000000000 0.0000000000 
    2    1    2    0    4    1    4    1    5    0    5    0 -0.0000000000 -0.0000000000 
    2    1    2    0    4    1    4    1    5    0    5    1 0.0000000000 0.0000000000 
    2    1    2    0    4    1    4    1    5    1    5    0 -0.0000000000 0.0000000000 
    2    1    2    0    4    1    4    1    5    1    5    1 -0.0000000000 0.0000000000 
    2    1    2    1    4    0    4    0    5    0    5    0 0.1250000000 0.0000000000 
    2    1    2    1    4    0    4    0    5    0    5    1 0.0000000000 -0.0000000000 
    2    1    2    1    4    0    4    0    5    1    5    0 0.0000000000 0.0000000000 
    2    1    2    1    4    0    4    0    5    1    5    1 0.1250000000 0.0000000000 
    2    1    2    1    4    0    4    1    5    0    5    0 -0.0000000000 0.0000000000 
    2    1    2    1    4    0    4    1    5    0    5    1 -0.0721687836 -0.0000000000 
    2    1    2    1    4    0    4    1    5    1    5    0 -0.0721687836 0.0000000000 
    2    1    2    1    4    0    4    1    5    1    5    1 -0.0000000000 0.0000000000 
    2    1    2    1    4    1    4    0    5    0    5    0 -0.0000000000 -0.0000000000 
    2    1    2    1    4    1    4    0    5    0    5    1 -0.0721687836 -0.0000000000 
    2    1    2    1    4    1    4    0    5    1    5    0 -0.0721687836 0.0000000000 
    2    1    2    1    4    1    4    0    5    1    5    1 -0.0000000000 -0.0000000000 
    2    1    2    1    4    1    4    1    5    0    5    0 0.1250000000 0.0000000000 
    2    1    2    1    4    1    4    1    5    0    5    1 0.0000000000 -0.0000000000 
    2    1    2    1    4    1    4    1    5    1    5    0 0.0000000000 0.0000000000 
    2    1    2    1    4    1    4    1    5    1    5    1 0.1250000000 0.0000000000 
    2    0    2    0    4    0    4    0    6    0    6    0 0.1250000000 0.0000000000 
    2    0    2    0    4    0    4    0    6    0    6    1 0.0000000000 0.0000000000 
    2    0    2    0    4    0    4    0    6    1    6    0 0.0000000000 -0.0000000000 
    2    0    2    0    4    0    4    0    6    1    6    1 0.1250000000 0.0000000000 
    2    0    2    0    4    0    4    1    6    0    6    0 -0.0000000000 0.0000000000 
    2    0    2    0    4    0    4    1    6    0    6    1 0.0000000000 -0.0000000000 
    2    0    2    0    4    0    4    1    6    1    6    0 0.0000000000 0.0000000000 
    2    0    2    0    4    0    4    1    6    1    6    1 -0.0000000000 0.0000000000 
    2    0    2    0    4    1    4    0    6    0    6    0 -0.0000000000 -0.0000000000 
    2    0    2    0    4    1    4    0    6    0    6    1 0.0000000000 -0.0000000000 
    2    0    2    0    4    1    4    0    6    1    6    0 0.0000000000 0.0000000000 
    2    0    2    0    4    1    4    0    6    1    6    1 -0.0000000000 -0.0000000000 
    2    0    2    0    4    1    4    1    6    0    6    0 0.1250000000 0.0000000000 
    2    0    2    0    4    1    4    1    6    0    6    1 -0.0000000000 0.0000000000 
    2    0    2    0    4    1    4    1    6    1    6    0 -0.0000000000 -0.0000000000 
    2    0    2    0    4    1    4    1    6    1    6    1 0.1250000000 0.0000000000 
    2    0    2    1    4    0    4    0    6    0    6    0 -0.0000000000 0.0000000000 
    2    0    2    1    4    0    4    0    6    0    6    1 0.0000000000 0.0000000000 
    2    0    2    1    4    0    4    0    6    1    6    0 0.0000000000 0.0000000000 
    2    0    2    1    4    0    4    0    6    1    6    1 -0.0000000000 -0.0000000000 
    2    0    2    1    4    0    4    1    6    0    6    0 -0.0000000000 0.0000000000 
    2    0    2    1    4    0    4    1    6    0    6    1 -0.0000000000 -0.0000000000 
    2    0    2    1    4    0    4    1    6    1    6    0 -0.0000000000 0.0000000000 
    2    0    2    1    4    0    4    1    6    1    6    1 -0.0000000000 -0.0000000000 
    2    0    2    1    4    1    4    0    6    0    6    0 0.0000000000 0.0000000000 
    2    0    2    1    4    1    4    0    6    0    6    1 -0.0000000000 0.0000000000 
    2    0    2    1    4    1    4    0    6    1    6    0 -0.0000000000 -0.0000000000 
    2    0    2    1    4    1    4    0    6    1    6    1 0.0000000000 0.0000000000 
    2    0    2    1    4    1    4    1    6    0    6    0 -0.0000000000 0.0000000000 
    2    0    2    1    4    1    4    1    6    0    6    1 0.0000000000 0.0000000000 
    2    0    2    1    4    1    4    1    6    1    6    0 0.0000000000 0.0000000000 
    2    0    2    1    4    1    4    1    6    1    6    1 -0.0000000000 -0.0000000000 
    2    1    2    0    4    0    4    0    6    0    6    0 -0.0000000000 -0.0000000000 
    2    1    2    0    4    0    4    0    6    0    6    1 0.0000000000 -0.0000000000 
    2    1    2    0    4    0    4    0    6    1    6    0 0.0000000000 -0.0000000000 
    2    1    2    0    4    0    4    0    6    1    6    1 -0.0000000000 0.0000000000 
    2    1    2    0    4    0    4    1    6    0    6    0 0.0000000000 -0.0000000000 
    2    1    2    0    4    0    4    1    6    0    6    1 -0.0000000000 0.0000000000 
    2    1    2    0    4    0    4    1    6    1    6    0 -0.0000000000 -0.0000000000 
    2    1    2    0    4    0    4    1    6    1    6    1 0.0000000000 -0.0000000000 
    2    1    2    0    4    1    4    0    6    0    6    0 -0.0000000000 -0.0000000000 
    2    1    2    0    4    1    4    0    6    0    6    1 -0.0000000000 -0.0000000000 
    2    1    2    0    4    1    4    0    6    1    6    0 -0.0000000000 0.0000000000 
    2    1    2    0    4    1    4    0    6    1    6    1 -0.0000000000 0.0000000000 
    2    1    2    0    4    1    4    1    6    0    6    0 -0.0000000000 -0.0000000000 
    2    1    2    0    4    1    4    1    6    0    6    1 0.0000000000 -0.0000000000 
    2    1    2    0    4    1    4    1    6    1    6    0 0.0000000000 -0.0000000000 
    2    1    2    0    4    1    4    1    6    1    6    1 -0.0000000000 0.0000000000 
    2    1    2    1    4    0    4    0    6    0    6    0 0.1250000000 0.0000000000 
    2    1    2    1    4    0    4    0    6    0    6    1 0.0000000000 0.0000000000 
    2    1    2    1    4    0    4    0    6    1    6    0 0.0000000000 -0.0000000000 
    2    1    2    1    4    0    4    0    6    1    6    1 0.1250000000 0.0000000000 
    2    1    2    1    4    0    4    1    6    0    6    0 -0.0000000000 0.0000000000 
    2    1    2    1    4    0    4    1    6    0    6    1 0.0000000000 0.0000000000 
    2    1    2    1    4    0    4    1    6    1    6    0 0.0000000000 -0.0000000000 
    2    1    2    1    4    0    4    1    6    1    6    1 0.0000000000 0.0000000000 
    2    1    2    1    4    1    4    0    6    0    6    0 -0.0000000000 -0.0000000000 
    2    1    2    1    4    1    4    0    6    0    6    1 0.0000000000 0.0000000000 
    2    1    2    1    4    1    4    0    6    1    6    0 0.0000000000 -0.0000000000 
    2    1    2    1    4    1    4    0    6    1    6    1 0.0000000000 -0.0000000000 
    2    1    2    1    4    1    4    1    6    0    6    0 0.1250000000 0.0000000000 
    2    1    2    1    4    1    4    1    6    0    6    1 0.0000000000 0.0000000000 
    2    1    2    1    4    1    4    1    6    1    6    0 0.0000000000 -0.0000000000 
    2    1    2    1    4    1    4    1    6    1    6    1 0.1250000000 0.0000000000 
    2    0    2    0    4    0    4    0    7    0    7    0 0.0528312164 0.0000000000 
    2    0    2    0    4    0    4    0    7    0    7    1 -0.0000000000 -0.0000000000 
    2    0    2    0    4    0    4    0    7    1    7    0 -0.0000000000 0.0000000000 
    2    0    2    0    4    0    4    0    7    1    7    1 0.1971687836 0.0000000000 
    2    0    2    0    4    0    4    1    7    0    7    0 -0.0000000000 -0.0000000000 
    2    0    2    0    4    0    4    1    7    0    7    1 0.0721687836 0.0000000000 
    2    0    2    0    4    0    4    1    7    1    7    0 -0.0721687836 -0.0000000000 
    2    0    2    0    4    0    4    1    7    1    7    1 -0.0000000000 0.0000000000 
    2    0    2    0    4    1    4    0    7    0    7    0 -0.0000000000 0.0000000000 
    2    0    2    0    4    1    4    0    7    0    7    1 -0.0721687836 0.0000000000 
    2    0    2    0    4    1    4    0    7    1    7    0 0.0721687836 -0.0000000000 
    2    0    2    0    4    1    4    0    7    1    7    1 -0.0000000000 -0.0000000000 
    2    0    2    0    4    1    4    1    7    0    7    0 0.0528312164 0.0000000000 
    2    0    2    0    4    1    4    1    7    0    7    1 0.0000000000 0.0000000000 
    2    0    2    0    4    1    4    1    7    1    7    0 0.0000000000 -0.0000000000 
    2    0    2    0    4    1    4    1    7    1    7    1 0.1971687836 0.0000000000 
    2    0    2    1    4    0    4    0    7    0    7    0 -0.0000000000 0.0000000000 
    2    0    2    1    4    0    4    0    7    0    7    1 -0.0000000000 -0.0000000000 
    2    0    2    1    4    0    4    0    7    1    7    0 -0.0000000000 -0.0000000000 
    2    0    2    1    4    0    4    0    7    1    7    1 -0.0000000000 -0.0000000000 
    2    0    2    1    4    0    4    1    7    0    7    0 -0.0000000000 0.0000000000 
    2    0    2    1    4    0    4    1    7    0    7    1 -0.0000000000 0.0000000000 
    2    0    2    1    4    0    4    1    7    1    7    0 0.0000000000 0.0000000000 
    2    0    2    1    4    0    4    1    7    1    7    1 -0.0000000000 -0.0000000000 
    2    0    2    1    4    1    4    0    7    0    7    0 0.0000000000 -0.0000000000 
    2    0    2    1    4    1    4    0    7    0    7    1 0.0000000000 0.0000000000 
    2    0    2    1    4    1    4    0    7    1    7    0 0.0000000000 -0.0000000000 
    2    0    2    1    4    1    4    0    7    1    7    1 0.0000000000 0.0000000000 
    2    0    2    1    4    1    4    1    7    0    7    0 -0.0000000000 0.0000000000 
    2    0    2    1    4    1    4    1    7    0    7    1 0.0000000000 -0.0000000000 
    2    0    2    1    4    1    4    1    7    1    7    0 -0.0000000000 -0.0000000000 
    2    0    2    1    4    1    4    1    7    1    7    1 0.0000000000 -0.0000000000 
    2    1    2    0    4    0    4    0    7    0    7    0 -0.0000000000 -0.0000000000 
    2    1    2    0    4    0    4    0    7    0    7    1 -0.0000000000 0.0000000000 
    2    1    2    0    4    0    4    0    7    1    7    0 -0.0000000000 0.0000000000 
    2    1    2    0    4    0    4    0    7    1    7    1 -0.0000000000 0.0000000000 
    2    1    2    0    4    0    4    1    7    0    7    0 0.0000000000 0.0000000000 
    2    1    2    0    4    0    4    1    7    0    7    1 0.0000000000 0.0000000000 
    2    1    2    0    4    0    4    1    7    1    7    0 0.0000000000 -0.0000000000 
    2    1    2    0    4    0    4    1    7    1    7    1 0.0000000000 -0.0000000000 
    2    1    2    0    4    1    4    0    7    0    7    0 -0.0000000000 -0.0000000000 
    2    1    2    0    4    1    4    0    7    0    7    1 0.0000000000 -0.0000000000 
    2    1    2    0    4    1    4    0    7    1    7    0 -0.0000000000 -0.0000000000 
    2    1    2    0    4    1    4    0    7    1    7    1 -0.0000000000 0.0000000000 
    2    1    2    0    4    1    4    1    7    0    7    0 -0.0000000000 -0.0000000000 
    2    1    2    0    4    1    4    1    7    0    7    1 -0.0000000000 0.0000000000 
    2    1    2    0    4    1    4    1    7    1    7    0 0.0000000000 0.0000000000 
    2    1    2    0    4    1    4    1    7    1    7    1 0.0000000000 0.0000000000 
    2    1    2    1    4    0    4    0    7    0    7    0 0.1971687836 0.0000000000 
    2    1    2    1    4    0    4    0    7    0    7    1 -0.0000000000 -0.0000000000 
    2    1    2    1    4    0    4    0    7    1    7    0 -0.0000000000 0.0000000000 
    2    1    2    1    4    0    4    0    7    1    7    1 0.0528312164 0.0000000000 
    2    1    2    1    4    0    4    1    7    0    7    0 0.0000000000 0.0000000000 
    2    1    2    1    4    0    4    1    7    0    7    1 0.0721687836 0.0000000000 
    2    1    2    1    4    0    4    1    7    1    7    0 -0.0721687836 -0.0000000000 
    2    1    2    1    4    0    4    1    7    1    7    1 -0.0000000000 0.0000000000 
    2    1    2    1    4    1    4    0    7    0    7    0 0.0000000000 -0.0000000000 
    2    1    2    1    4    1    4    0    7    0    7    1 -0.0721687836 0.0000000000 
    2    1    2    1    4    1    4    0    7    1    7    0 0.0721687836 -0.0000000000 
    2    1    2    1    4    1    4    0    7    1    7    1 -0.0000000000 -0.0000000000 
    2    1    2    1    4    1    4    1    7    0    7    0 0.1971687836 0.0000000000 
    2    1    2    1    4    1    4    1    7    0    7    1 0.0000000000 -0.0000000000 
    2    1    2    1    4    1    4    1    7    1    7    0 0.0000000000 0.0000000000 
    2    1    2    1    4    1    4    1    7    1    7    1 0.0528312164 0.0000000000 
    2    0    2    0    5    0    5    0    6    0    6    0 0.1250000000 0.0000000000 
    2    0    2    0    5    0    5    0    6    0    6    1 0.0000000000 0.0000000000 
    2    0    2    0    5    0    5    0    6    1    6    0 0.0000000000 -0.0000000000 
    2    0    2    0    5    0    5    0    6    1    6    1 0.1250000000 0.0000000000 
    2    0    2    0    5    0    5    1    6    0    6    0 0.0000000000 -0.0000000000 
    2    0    2    0    5    0    5    1    6    0    6    1 0.0721687836 0.0000000000 
    2    0    2    0    5    0    5    1    6    1    6    0 -0.0721687836 -0.0000000000 
    2    0    2    0    5    0    5    1    6    1    6    1 0.0000000000 -0.0000000000 
    2    0    2    0    5    1    5    0    6    0    6    0 0.0000000000 0.0000000000 
    2    0    2    0    5    1    5    0    6    0    6    1 -0.0721687836 0.0000000000 
    2    0    2    0    5    1    5    0    6    1    6    0 0.0721687836 -0.0000000000 
    2    0    2    0    5    1    5    0    6    1    6    1 0.0000000000 0.0000000000 
    2    0    2    0    5    1    5    1    6    0    6    0 0.1250000000 0.0000000000 
    2    0    2    0    5    1    5    1    6    0    6    1 -0.0000000000 0.0000000000 
    2    0    2    0    5    1    5    1    6    1    6    0 -0.0000000000 -0.0000000000 
    2    0    2    0    5    1    5    1    6    1    6    1 0.1250000000 0.0000000000 
    2    0    2    1    5    0    5    0    6    0    6    0 -0.0000000000 0.0000000000 
    2    0    2    1    5    0    5    0    6    0    6    1 0.0000000000 0.0000000000 
    2    0    2    1    5    0    5    0    6    1    6    0 0.0000000000 -0.0000000000 
    2    0    2    1    5    0    5    0    6    1    6    1 -0.0000000000 -0.0000000000 
    2    0    2    1    5    0    5    1    6    0    6    0 -0.0000000000 -0.0000000000 
    2    0    2    1    5    0    5    1    6    0    6    1 0.0000000000 -0.0000000000 
    2    0    2    1    5    0    5    1    6    1    6    0 0.0000000000 0.0000000000 
    2    0    2    1    5    0    5    1    6    1    6    1 -0.0000000000 0.0000000000 
    2    0    2    1    5    1    5    0    6    0    6    0 0.0000000000 0.0000000000 
    2    0    2    1    5    1    5    0    6    0    6    1 0.0000000000 0.0000000000 
    2    0    2    1    5    1    5    0    6    1    6    0 0.0000000000 0.0000000000 
    2    0    2    1    5    1    5    0    6    1    6    1 -0.0000000000 -0.0000000000 
    2    0    2    1    5    1    5    1    6    0    6    0 -0.0000000000 0.0000000000 
    2    0    2    1    5    1    5    1    6    0    6    1 0.0000000000 0.0000000000 
    2    0    2    1    5    1    5    1    6    1    6    0 0.0000000000 0.0000000000 
    2    0    2    1    5    1    5    1    6    1    6    1 -0.0000000000 -0.0000000000 
    2    1    2    0    5    0    5    0    6    0    6    0 -0.0000000000 -0.0000000000 
    2    1    2    0    5    0    5    0    6    0    6    1 0.0000000000 0.0000000000 
    2    1    2    0    5    0    5    0    6    1    6    0 0.0000000000 -0.0000000000 
    2    1    2    0    5    0    5    0    6    1    6    1 -0.0000000000 0.0000000000 
    2    1    2    0    5    0    5    1    6    0    6    0 0.0000000000 -0.0000000000 
    2    1    2    0    5    0    5    1    6    0    6    1 0.0000000000 -0.0000000000 
    2    1    2    0    5    0    5    1    6    1    6    0 0.0000000000 -0.0000000000 
    2    1    2    0    5    0    5    1    6    1    6    1 -0.0000000000 0.0000000000 
    2    1    2    0    5    1    5    0    6    0    6    0 -0.0000000000 0.0000000000 
    2    1    2    0    5    1    5    0    6    0    6    1 0.0000000000 -0.0000000000 
    2    1    2    0    5    1    5    0    6    1    6    0 0.0000000000 0.0000000000 
    2    1    2    0    5    1    5    0    6    1    6    1 -0.0000000000 -0.0000000000 
    2    1    2    0    5    1    5    1    6    0    6    0 -0.0000000000 -0.0000000000 
    2    1    2    0    5    1    5    1    6    0    6    1 0.0000000000 -0.0000000000 
    2    1    2    0    5    1    5    1    6    1    6    0 0.0000000000 -0.0000000000 
    2    1    2    0    5    1    5    1    6    1    6    1 -0.0000000000 0.0000000000 
    2    1    2    1    5    0    5    0    6    0    6    0 0.1250000000 0.0000000000 
    2    1    2    1    5    0    5    0    6    0    6    1 -0.0000000000 0.0000000000 
    2    1    2    1    5    0    5    0    6    1    6    0 -0.0000000000 -0.0000000000 
    2    1    2    1    5    0    5    0    6    1    6    1 0.1250000000 0.0000000000 
    2    1    2    1    5    0    5    1    6    0    6    0 0.0000000000 -0.0000000000 
    2    1    2    1    5    0    5    1    6    0    6    1 0.0721687836 -0.0000000000 
    2    1    2    1    5    0    5    1    6    1    6    0 -0.0721687836 -0.0000000000 
    2    1    2    1    5    0    5    1    6    1    6    1 -0.0000000000 -0.0000000000 
    2    1    2    1    5    1    5    0    6    0    6    0 0.0000000000 0.0000000000 
    2    1    2    1    5    1    5    0    6    0    6    1 -0.0721687836 0.0000000000 
    2    1    2    1    5    1    5    0    6    1    6    0 0.0721687836 0.0000000000 
    2    1    2    1    5    1    5    0    6    1    6    1 -0.0000000000 0.0000000000 
    2    1    2    1    5    1    5    1    6    0    6    0 0.1250000000 0.0000000000 
    2    1    2    1    5    1    5    1    6    0    6    1 0.0000000000 0.0000000000 
    2    1    2    1    5    1    5    1    6    1    6    0 0.0000000000 -0.0000000000 
    2    1    2    1    5    1    5    1    6    1    6    1 0.1250000000 0.0000000000 
    2    0    2    0    5    0    5    0    7    0    7    0 0.0528312164 0.0000000000 
    2    0    2    0    5    0    5    0    7    0    7    1 -0.0000000000 -0.0000000000 
    2    0    2    0    5    0    5    0    7    1    7    0 -0.0000000000 0.0000000000 
    2    0    2    0    5    0    5    0    7    1    7    1 0.1971687836 0.0000000000 
    2    0    2    0    5    0    5    1    7    0    7    0 0.0000000000 -0.0000000000 
    2    0    2    0    5    0    5    1    7    0    7    1 0.0000000000 -0.0000000000 
    2    0    2    0    5    0    5    1    7    1    7    0 0.0000000000 -0.0000000000 
    2    0    2    0    5    0    5    1    7    1    7    1 0.0000000000 -0.0000000000 
    2    0    2    0    5    1    5    0    7    0    7    0 0.0000000000 0.0000000000 
    2    0    2    0    5    1    5    0    7    0    7    1 0.0000000000 0.0000000000 
    2    0    2    0    5    1    5    0    7    1    7    0 0.0000000000 0.0000000000 
    2    0    2    0    5    1    5    0    7    1    7    1 0.0000000000 0.0000000000 
    2    0    2    0    5    1    5    1    7    0    7    0 0.0528312164 0.0000000000 
    2    0    2    0    5    1    5    1    7    0    7    1 0.0000000000 0.0000000000 
    2    0    2    0    5    1    5    1    7    1    7    0 0.0000000000 -0.0000000000 
    2    0    2    0    5    1    5    1    7    1    7    1 0.1971687836 0.0000000000 
    2    0    2    1    5    0    5    0    7    0    7    0 -0.0000000000 0.0000000000 
    2    0    2    1    5    0    5    0    7    0    7    1 -0.0000000000 -0.0000000000 
    2    0    2    1    5    0    5    0    7    1    7    0 -0.0000000000 -0.0000000000 
    2    0    2    1    5    0    5    0    7    1    7    1 -0.0000000000 -0.0000000000 
    2    0    2    1    5    0    5    1    7    0    7    0 -0.0000000000 -0.0000000000 
    2    0    2    1    5    0    5    1    7    0    7    1 -0.0000000000 -0.0000000000 
    2    0    2    1    5    0    5    1    7    1    7    0 -0.0000000000 0.0000000000 
    2    0    2    1    5    0    5    1    7    1    7    1 -0.0000000000 0.0000000000 
    2    0    2    1    5    1    5    0    7    0    7    0 0.0000000000 0.0000000000 
    2    0    2    1    5    1    5    0    7    0    7    1 -0.0000000000 0.0000000000 
    2    0    2    1    5    1    5    0    7    1    7    0 -0.0000000000 -0.0000000000 
    2    0    2    1    5    1    5    0    7    1    7    1 -0.0000000000 -0.0000000000 
    2    0    2    1    5    1    5    1    7    0    7    0 -0.0000000000 0.0000000000 
    2    0    2    1    5    1    5    1    7    0    7    1 -0.0000000000 -0.0000000000 
    2    0    2    1    5    1    5    1    7    1    7    0 -0.0000000000 -0.0000000000 
    2    0    2    1    5    1    5    1    7    1    7    1 -0.0000000000 -0.0000000000 
    2    1    2    0    5    0    5    0    7    0    7    0 -0.0000000000 -0.0000000000 
    2    1    2    0    5    0    5    0    7    0    7    1 -0.0000000000 0.0000000000 
    2    1    2    0    5    0    5    0    7    1    7    0 -0.0000000000 0.0000000000 
    2    1    2    0    5    0    5    0    7    1    7    1 -0.0000000000 0.0000000000 
    2    1    2    0    5    0    5    1    7    0    7    0 0.0000000000 -0.0000000000 
    2    1    2    0    5    0    5    1    7    0    7    1 -0.0000000000 0.0000000000 
    2    1    2    0    5    0    5    1    7    1    7    0 -0.0000000000 -0.0000000000 
    2    1    2    0    5    0    5    1    7    1    7    1 -0.0000000000 0.0000000000 
    2    1    2    0    5    1    5    0    7    0    7    0 -0.0000000000 0.0000000000 
    2    1    2    0    5    1    5    0    7    0    7    1 -0.0000000000 -0.0000000000 
    2    1    2    0    5    1    5    0    7    1    7    0 -0.0000000000 0.0000000000 
    2    1    2    0    5    1    5    0    7    1    7    1 -0.0000000000 -0.0000000000 
    2    1    2    0    5    1    5    1    7    0    7    0 -0.0000000000 -0.0000000000 
    2    1    2    0    5    1    5    1    7    0    7    1 -0.0000000000 0.0000000000 
    2    1    2    0    5    1    5    1    7    1    7    0 -0.0000000000 0.0000000000 
    2    1    2    0    5    1    5    1    7    1    7    1 -0.0000000000 0.0000000000 
    2    1    2    1    5    0    5    0    7    0    7    0 0.1971687836 0.0000000000 
    2    1    2    1    5    0    5    0    7    0    7    1 -0.0000000000 -0.0000000000 
    2    1    2    1    5    0    5    0    7    1    7    0 -0.0000000000 0.0000000000 
    2    1    2    1    5    0    5    0    7    1    7    1 0.0528312164 0.0000000000 
    2    1    2    1    5    0    5    1    7    0    7    0 0.0000000000 -0.0000000000 
    2    1    2    1    5    0    5    1    7    0    7    1 0.0000000000 0.0000000000 
    2    1    2    1    5    0    5    1    7    1    7    0 0.0000000000 0.0000000000 
    2    1    2    1    5    0    5    1    7    1    7    1 0.0000000000 -0.0000000000 
    2    1    2    1    5    1    5    0    7    0    7    0 0.0000000000 0.0000000000 
    2    1    2    1    5    1    5    0    7    0    7    1 0.0000000000 -0.0000000000 
    2    1    2    1    5    1    5    0    7    1    7    0 0.0000000000 -0.0000000000 
    2    1    2    1    5    1    5    0    7    1    7    1 0.0000000000 0.0000000000 
    2    1    2    1    5    1    5    1    7    0    7    0 0.1971687836 0.0000000000 
    2    1    2    1    5    1    5    1    7    0    7    1 -0.0000000000 -0.0000000000 
    2    1    2    1    5    1    5    1    7    1    7    0 -0.0000000000 0.0000000000 
    2    1    2    1    5    1    5    1    7    1    7    1 0.0528312164 0.0000000000 
    2    0    2    0    6    0    6    0    7    0    7    0 0.0528312164 0.0000000000 
    2    0    2    0    6    0    6    0    7    0    7    1 -0.0000000000 0.0000000000 
    2    0    2    0    6    0    6    0    7    1    7    0 -0.0000000000 -0.0000000000 
    2    0    2    0    6    0    6    0    7    1    7    1 0.1971687836 0.0000000000 
    2    0    2    0    6    0    6    1    7    0    7    0 0.0000000000 0.0000000000 
    2    0    2    0    6    0    6    1    7    0    7    1 -0.0721687836 0.0000000000 
    2    0    2    0    6    0    6    1    7    1    7    0 -0.0721687836 0.0000000000 
    2    0    2    0    6    0    6    1    7    1    7    1 -0.0000000000 0.0000000000 
    2    0    2    0    6    1    6    0    7    0    7    0 0.0000000000 -0.0000000000 
    2    0    2    0    6    1    6    0    7    0    7    1 -0.0721687836 -0.0000000000 
    2    0    2    0    6    1    6    0    7    1    7    0 -0.0721687836 -0.0000000000 
    2    0    2    0    6    1    6    0    7    1    7    1 -0.0000000000 -0.0000000000 
    2    0    2    0    6    1    6    1    7    0    7    0 0.0528312164 0.0000000000 
    2    0    2    0    6    1    6    1    7    0    7    1 -0.0000000000 -0.0000000000 
    2    0    2    0    6    1    6    1    7    1    7    0 -0.0000000000 0.0000000000 
    2    0    2    0    6    1    6    1    7    1    7    1 0.1971687836 0.0000000000 
    2    0    2    1    6    0    6    0    7    0    7    0 -0.0000000000 0.0000000000 
    2    0    2    1    6    0    6    0    7    0    7    1 -0.0000000000 -0.0000000000 
    2    0    2    1    6    0    6    0    7    1    7    0 -0.0000000000 0.0000000000 
    2    0    2    1    6    0    6    0    7    1    7    1 -0.0000000000 -0.0000000000 
    2    0    2    1    6    0    6    1    7    0    7    0 0.0000000000 0.0000000000 
    2    0    2    1    6    0    6    1    7    0    7    1 0.0000000000 0.0000000000 
    2    0    2    1    6    0    6    1    7    1    7    0 0.0000000000 -0.0000000000 
    2    0    2    1    6    0    6    1    7    1    7    1 0.0000000000 0.0000000000 
    2    0    2    1    6    1    6    0    7    0    7    0 0.0000000000 -0.0000000000 
    2    0    2    1    6    1    6    0    7    0    7    1 0.0000000000 -0.0000000000 
    2    0    2    1    6    1    6    0    7    1    7    0 0.0000000000 0.0000000000 
    2    0    2    1    6    1    6    0    7    1    7    1 0.0000000000 0.0000000000 
    2    0    2    1    6    1    6    1    7    0    7    0 -0.0000000000 0.0000000000 
    2    0    2    1    6    1    6    1    7    0    7    1 -0.0000000000 0.0000000000 
    2    0    2    1    6    1    6    1    7    1    7    0 -0.0000000000 -0.0000000000 
    2    0    2    1    6    1    6    1    7    1    7    1 -0.0000000000 -0.0000000000 
    2    1    2    0    6    0    6    0    7    0    7    0 -0.0000000000 -0.0000000000 
    2    1    2    0    6    0    6    0    7    0    7    1 -0.0000000000 -0.0000000000 
    2    1    2    0    6    0    6    0    7    1    7    0 -0.0000000000 0.0000000000 
    2    1    2    0    6    0    6    0    7    1    7    1 -0.0000000000 0.0000000000 
    2    1    2    0    6    0    6    1    7    0    7    0 0.0000000000 0.0000000000 
    2    1    2    0    6    0    6    1    7    0    7    1 0.0000000000 -0.0000000000 
    2    1    2    0    6    0    6    1    7    1    7    0 0.0000000000 0.0000000000 
    2    1    2    0    6    0    6    1    7    1    7    1 0.0000000000 -0.0000000000 
    2    1    2    0    6    1    6    0    7    0    7    0 0.0000000000 -0.0000000000 
    2    1    2    0    6    1    6    0    7    0    7    1 0.0000000000 0.0000000000 
    2    1    2    0    6    1    6    0    7    1    7    0 0.0000000000 -0.0000000000 
    2    1    2    0    6    1    6    0    7    1    7    1 0.0000000000 -0.0000000000 
    2    1    2    0    6    1    6    1    7    0    7    0 -0.0000000000 -0.0000000000 
    2    1    2    0    6    1    6    1    7    0    7    1 -0.0000000000 0.0000000000 
    2    1    2    0    6    1    6    1    7    1    7    0 -0.0000000000 -0.0000000000 
    2    1    2    0    6    1    6    1    7    1    7    1 -0.0000000000 0.0000000000 
    2    1    2    1    6    0    6    0    7    0    7    0 0.1971687836 0.0000000000 
    2    1    2    1    6    0    6    0    7    0    7    1 -0.0000000000 -0.0000000000 
    2    1    2    1    6    0    6    0    7    1    7    0 -0.0000000000 0.0000000000 
    2    1    2    1    6    0    6    0    7    1    7    1 0.0528312164 0.0000000000 
    2    1    2    1    6    0    6    1    7    0    7    0 0.0000000000 0.0000000000 
    2    1    2    1    6    0    6    1    7    0    7    1 -0.0721687836 -0.0000000000 
    2    1    2    1    6    0    6    1    7    1    7    0 -0.0721687836 -0.0000000000 
    2    1    2    1    6    0    6    1    7    1    7    1 0.0000000000 0.0000000000 
    2    1    2    1    6    1    6    0    7    0    7    0 0.0000000000 -0.0000000000 
    2    1    2    1    6    1    6    0    7    0    7    1 -0.0721687836 0.0000000000 
    2    1    2    1    6    1    6    0    7    1    7    0 -0.0721687836 0.0000000000 
    2    1    2    1    6    1    6    0    7    1    7    1 0.0000000000 -0.0000000000 
    2    1    2    1    6    1    6    1    7    0    7    0 0.1971687836 0.0000000000 
    2    1    2    1    6    1    6    1    7    0    7    1 -0.0000000000 -0.0000000000 
    2    1    2    1    6    1    6    1    7    1    7    0 -0.0000000000 0.0000000000 
    2    1    2    1    6    1    6    1    7    1    7    1 0.0528312164 0.0000000000 
    3    0    3    0    4    0    4    0    5    0    5    0 0.1250000000 0.0000000000 
    3    0    3    0    4    0    4    0    5    0    5    1 0.0000000000 -0.0000000000 
    3    0    3    0    4    0    4    0    5    1    5    0 0.0000000000 0.0000000000 
    3    0    3    0    4    0    4    0    5    1    5    1 0.1250000000 0.0000000000 
    3    0    3    0    4    0    4    1    5    0    5    0 -0.0000000000 0.0000000000 
    3    0    3    0    4    0    4    1    5    0    5    1 -0.0721687836 -0.0000000000 
    3    0    3    0    4    0    4    1    5    1    5    0 -0.0721687836 0.0000000000 
    3    0    3    0    4    0    4    1    5    1    5    1 -0.0000000000 -0.0000000000 
    3    0    3    0    4    1    4    0    5    0    5    0 -0.0000000000 -0.0000000000 
    3    0    3    0    4    1    4    0    5    0    5    1 -0.0721687836 -0.0000000000 
    3    0    3    0    4    1    4    0    5    1    5    0 -0.0721687836 0.0000000000 
    3    0    3    0    4    1    4    0    5    1    5    1 -0.0000000000 0.0000000000 
    3    0    3    0    4    1    4    1    5    0    5    0 0.1250000000 0.0000000000 
    3    0    3    0    4    1    4    1    5    0    5    1 0.0000000000 -0.0000000000 
    3    0    3    0    4    1    4    1    5    1    5    0 0.0000000000 0.0000000000 
    3    0    3    0    4    1    4    1    5    1    5    1 0.1250000000 0.0000000000 
    3    0    3    1    4    0    4    0    5    0    5    0 0.0000000000 -0.0000000000 
    3    0    3    1    4    0    4    0    5    0    5    1 -0.0000000000 0.0000000000 
    3    0    3    1    4    0    4    0    5    1    5    0 0.0000000000 -0.0000000000 
    3    0    3    1    4    0    4    0    5    1    5    1 0.0000000000 -0.0000000000 
    3    0    3    1    4    0    4    1    5    0    5    0 0.0000000000 0.0000000000 
    3    0    3    1    4    0    4    1    5    0    5    1 -0.0000000000 0.0000000000 
    3    0    3    1    4    0    4    1    5    1    5    0 -0.0000000000 0.0000000000 
    3    0    3    1    4    0    4    1    5    1    5    1 -0.0000000000 -0.0000000000 
    3    0    3    1    4    1    4    0    5    0    5    0 -0.0000000000 0.0000000000 
    3    0    3    1    4    1    4    0    5    0    5    1 -0.0000000000 0.0000000000 
    3    0    3    1    4    1    4    0    5    1    5    0 -0.0000000000 0.0000000000 
    3    0    3    1    4    1    4    0    5    1    5    1 0.0000000000 -0.0000000000 
    3    0    3    1    4    1    4    1    5    0    5    0 0.0000000000 -0.0000000000 
    3    0    3    1    4    1    4    1    5    0    5    1 -0.0000000000 -0.0000000000 
    3    0    3    1    4    1    4    1    5    1    5    0 0.0000000000 -0.0000000000 
    3    0    3    1    4    1    4    1    5    1    5    1 0.0000000000 -0.0000000000 
    3    1    3    0    4    0    4    0    5    0    5    0 0.0000000000 0.0000000000 
    3    1    3    0    4    0    4    0    5    0    5    1 0.0000000000 0.0000000000 
    3    1    3    0    4    0    4    0    5    1    5    0 -0.0000000000 -0.0000000000 
    3    1    3    0    4    0    4    0    5    1    5    1 0.0000000000 0.0000000000 
    3    1    3    0    4    0    4    1    5    0    5    0 -0.0000000000 -0.0000000000 
    3    1    3    0    4    0    4    1    5    0    5    1 -0.0000000000 -0.0000000000 
    3    1    3    0    4    0    4    1    5    1    5    0 -0.0000000000 -0.0000000000 
    3    1    3    0    4    0    4    1    5    1    5    1 0.0000000000 0.0000000000 
    3    1    3    0    4    1    4    0    5    0    5    0 0.0000000000 -0.0000000000 
    3    1    3    0    4    1    4    0    5    0    5    1 -0.0000000000 -0.0000000000 
    3    1    3    0    4    1    4    0    5    1    5    0 -0.0000000000 -0.0000000000 
    3    1    3    0    4    1    4    0    5    1    5    1 -0.0000000000 0.0000000000 
    3    1    3    0    4    1    4    1    5    0    5    0 0.0000000000 0.0000000000 
    3    1    3    0    4    1    4    1    5    0    5    1 0.0000000000 0.0000000000 
    3    1    3    0    4    1    4    1    5    1    5    0 -0.0000000000 0.0000000000 
    3    1    3    0    4    1    4    1    5    1    5    1 0.0000000000 0.0000000000 
    3    1    3    1    4    0    4    0    5    0    5    0 0.1250000000 0.0000000000 
    3    1    3    1    4    0    4    0    5    0    5    1 0.0000000000 -0.0000000000 
    3    1    3    1    4    0    4    0    5    1    5    0 0.0000000000 0.0000000000 
    3    1    3    1    4    0    4    0    5    1    5    1 0.1250000000 0.0000000000 
    3    1    3    1    4    0    4    1    5    0    5    0 -0.0000000000 0.0000000000 
    3    1    3    1    4    0    4    1    5    0    5    1 -0.0721687836 -0.0000000000 
    3    1    3    1    4    0    4    1    5    1    5    0 -0.0721687836 -0.0000000000 
    3    1    3    1    4    0    4    1    5    1    5    1 -0.0000000000 0.0000000000 
    3    1    3    1    4    1    4    0    5    0    5    0 -0.0000000000 -0.0000000000 
    3    1    3    1    4    1    4    0    5    0    5    1 -0.0721687836 0.0000000000 
    3    1    3    1    4    1    4    0    5    1    5    0 -0.0721687836 0.0000000000 
    3    1    3    1    4    1    4    0    5    1    5    1 -0.0000000000 -0.0000000000 
    3    1    3    1    4    1    4    1    5    0    5    0 0.1250000000 0.0000000000 
    3    1    3    1    4    1    4    1    5    0    5    1 0.0000000000 -0.0000000000 
    3    1    3    1    4    1    4    1    5    1    5    0 0.0000000000 0.0000000000 
    3    1    3    1    4    1    4    1    5    1    5    1 0.1250000000 0.0000000000 
    3    0    3    0    4    0    4    0    6    0    6    0 0.0528312164 0.0000000000 
    3    0    3    0    4    0    4    0    6    0    6    1 0.0000000000 0.0000000000 
    3    0    3    0    4    0    4    0    6    1    6    0 0.0000000000 -0.0000000000 
    3    0    3    0    4    0    4    0    6    1    6    1 0.1971687836 0.0000000000 
    3    0    3    0    4    0    4    1    6    0    6    0 -0.0000000000 0.0000000000 
    3    0    3    0    4    0    4    1    6    0    6    1 0.0000000000 -0.0000000000 
    3    0    3    0    4    0    4    1    6    1    6    0 0.0000000000 -0.0000000000 
    3    0    3    0    4    0    4    1    6    1    6    1 -0.0000000000 0.0000000000 
    3    0    3    0    4    1    4    0    6    0    6    0 -0.0000000000 -0.0000000000 
    3    0    3    0    4    1    4    0    6    0    6    1 0.0000000000 0.0000000000 
    3    0    3    0    4    1    4    0    6    1    6    0 0.0000000000 0.0000000000 
    3    0    3    0    4    1    4    0    6    1    6    1 -0.0000000000 -0.0000000000 
    3    0    3    0    4    1    4    1    6    0    6    0 0.0528312164 0.0000000000 
    3    0    3    0    4    1    4    1    6    0    6    1 -0.0000000000 0.0000000000 
    3    0    3    0    4    1    4    1    6    1    6    0 -0.0000000000 -0.0000000000 
    3    0    3    0    4    1    4    1    6    1    6    1 0.1971687836 0.0000000000 
    3    0    3    1    4    0    4    0    6    0    6    0 0.0000000000 -0.0000000000 
    3    0    3    1    4    0    4    0    6    0    6    1 -0.0000000000 -0.0000000000 
    3    0    3    1    4    0    4    0    6    1    6    0 -0.0000000000 -0.0000000000 
    3    0    3    1    4    0    4    0    6    1    6    1 0.0000000000 0.0000000000 
    3    0    3    1    4    0    4    1    6    0    6    0 -0.0000000000 -0.0000000000 
    3    0    3    1    4    0    4    1    6    0    6    1 0.0000000000 -0.0000000000 
    3    0    3    1    4    0    4    1    6    1    6    0 0.0000000000 0.0000000000 
    3    0    3    1    4    0    4    1    6    1    6    1 -0.0000000000 0.0000000000 
    3    0    3    1    4    1    4    0    6    0    6    0 0.0000000000 0.0000000000 
    3    0    3    1    4    1    4    0    6    0    6    1 0.0000000000 -0.0000000000 
    3    0    3    1    4    1    4    0    6    1    6    0 0.0000000000 -0.0000000000 
    3    0    3    1    4    1    4    0    6    1    6    1 0.0000000000 -0.0000000000 
    3    0    3    1    4    1    4    1    6    0    6    0 0.0000000000 -0.0000000000 
    3    0    3    1    4    1    4    1    6    0    6    1 0.0000000000 -0.0000000000 
    3    0    3    1    4    1    4    1    6    1    6    0 -0.0000000000 0.0000000000 
    3    0    3    1    4    1    4    1    6    1    6    1 0.0000000000 -0.0000000000 
    3    1    3    0    4    0    4    0    6    0    6    0 0.0000000000 0.0000000000 
    3    1    3    0    4    0    4    0    6    0    6    1 -0.0000000000 0.0000000000 
    3    1    3    0    4    0    4    0    6    1    6    0 -0.0000000000 0.0000000000 
    3    1    3    0    4    0    4    0    6    1    6    1 0.0000000000 -0.0000000000 
    3    1    3    0    4    0    4    1    6    0    6    0 0.0000000000 -0.0000000000 
    3    1    3    0    4    0    4    1    6    0    6    1 0.0000000000 0.0000000000 
    3    1    3    0    4    0    4    1    6    1    6    0 0.0000000000 0.0000000000 
    3    1    3    0    4    0    4    1    6    1    6    1 0.0000000000 0.0000000000 
    3    1    3    0    4    1    4    0    6    0    6    0 -0.0000000000 0.0000000000 
    3    1    3    0    4    1    4    0    6    0    6    1 0.0000000000 -0.0000000000 
    3    1    3    0    4    1    4    0    6    1    6    0 0.0000000000 0.0000000000 
    3    1    3    0    4    1    4    0    6    1    6    1 -0.0000000000 -0.0000000000 
    3    1    3    0    4    1    4    1    6    0    6    0 0.0000000000 0.0000000000 
    3    1    3    0    4    1    4    1    6    0    6    1 -0.0000000000 -0.0000000000 
    3    1    3    0    4    1    4    1    6    1    6    0 0.0000000000 0.0000000000 
    3    1    3    0    4    1    4    1    6    1    6    1 0.0000000000 0.0000000000 
    3    1    3    1    4    0    4    0    6    0    6    0 0.1971687836 0.0000000000 
    3    1    3    1    4    0    4    0    6    0    6    1 0.0000000000 0.0000000000 
    3    1    3    1    4    0    4    0    6    1    6    0 0.0000000000 -0.0000000000 
    3    1    3    1    4    0    4    0    6    1    6    1 0.0528312164 0.0000000000 
    3    1    3    1    4    0    4    1    6    0    6    0 -0.0000000000 0.0000000000 
    3    1    3    1    4    0    4    1    6    0    6    1 0.0000000000 0.0000000000 
    3    1    3    1    4    0    4    1    6    1    6    0 0.0000000000 0.0000000000 
    3    1    3    1    4    0    4    1    6    1    6    1 -0.0000000000 0.0000000000 
    3    1    3    1    4    1    4    0    6    0    6    0 -0.0000000000 -0.0000000000 
    3    1    3    1    4    1    4    0    6    0    6    1 0.0000000000 -0.0000000000 
    3    1    3    1    4    1    4    0    6    1    6    0 0.0000000000 -0.0000000000 
    3    1    3    1    4    1    4    0    6    1    6    1 -0.0000000000 -0.0000000000 
    3    1    3    1    4    1    4    1    6    0    6    0 0.1971687836 0.0000000000 
    3    1    3    1    4    1    4    1    6    0    6    1 0.0000000000 0.0000000000 
    3    1    3    1    4    1    4    1    6    1    6    0 0.0000000000 -0.0000000000 
    3    1    3    1    4    1    4    1    6    1    6    1 0.0528312164 0.0000000000 
    3    0    3    0    4    0    4    0    7    0    7    0 0.1250000000 0.0000000000 
    3    0    3    0    4    0    4    0    7    0    7    1 -0.0000000000 -0.0000000000 
    3    0    3    0    4    0    4    0    7    1    7    0 -0.0000000000 0.0000000000 
    3    0    3    0    4    0    4    0    7    1    7    1 0.1250000000 0.0000000000 
    3    0    3    0    4    0    4    1    7    0    7    0 0.0000000000 0.0000000000 
    3    0    3    0    4    0    4    1    7    0    7    1 0.0721687836 0.0000000000 
    3    0    3    0    4    0    4    1    7    1    7    0 -0.0721687836 -0.0000000000 
    3    0    3    0    4    0    4    1    7    1    7    1 -0.0000000000 0.0000000000 
    3    0    3    0    4    1    4    0    7    0    7    0 0.0000000000 -0.0000000000 
    3    0    3    0    4    1    4    0    7    0    7    1 -0.0721687836 0.0000000000 
    3    0    3    0    4    1    4    0    7    1    7    0 0.0721687836 -0.0000000000 
    3    0    3    0    4    1    4    0    7    1    7    1 -0.0000000000 -0.0000000000 
    3    0    3    0    4    1    4    1    7    0    7    0 0.1250000000 0.0000000000 
    3    0    3    0    4    1    4    1    7    0    7    1 0.0000000000 -0.0000000000 
    3    0    3    0    4    1    4    1    7    1    7    0 0.0000000000 0.0000000000 
    3    0    3    0    4    1    4    1    7    1    7    1 0.1250000000 0.0000000000 
    3    0    3    1    4    0    4    0    7    0    7    0 0.0000000000 -0.0000000000 
    3    0    3    1    4    0    4    0    7    0    7    1 0.0000000000 0.0000000000 
    3    0    3    1    4    0    4    0    7    1    7    0 0.0000000000 0.0000000000 
    3    0    3    1    4    0    4    0    7    1    7    1 0.0000000000 -0.0000000000 
    3    0    3    1    4    0    4    1    7    0    7    0 -0.0000000000 -0.0000000000 
    3    0    3    1    4    0    4    1    7    0    7    1 -0.0000000000 -0.0000000000 
    3    0    3    1    4    0    4    1    7    1    7    0 -0.0000000000 0.0000000000 
    3    0    3    1    4    0    4    1    7    1    7    1 -0.0000000000 0.0000000000 
    3    0    3    1    4    1    4    0    7    0    7    0 -0.0000000000 0.0000000000 
    3    0    3    1    4    1    4    0    7    0    7    1 -0.0000000000 0.0000000000 
    3    0    3    1    4    1    4    0    7    1    7    0 -0.0000000000 -0.0000000000 
    3    0    3    1    4    1    4    0    7    1    7    1 0.0000000000 -0.0000000000 
    3    0    3    1    4    1    4    1    7    0    7    0 0.0000000000 -0.0000000000 
    3    0    3    1    4    1    4    1    7    0    7    1 0.0000000000 -0.0000000000 
    3    0    3    1    4    1    4    1    7    1    7    0 0.0000000000 0.0000000000 
    3    0    3    1    4    1    4    1    7    1    7    1 -0.0000000000 -0.0000000000 
    3    1    3    0    4    0    4    0    7    0    7    0 0.0000000000 0.0000000000 
    3    1    3    0    4    0    4    0    7    0    7    1 0.0000000000 -0.0000000000 
    3    1    3    0    4    0    4    0    7    1    7    0 0.0000000000 -0.0000000000 
    3    1    3    0    4    0    4    0    7    1    7    1 0.0000000000 0.0000000000 
    3    1    3    0    4    0    4    1    7    0    7    0 -0.0000000000 -0.0000000000 
    3    1    3    0    4    0    4    1    7    0    7    1 -0.0000000000 0.0000000000 
    3    1    3    0    4    0    4    1    7    1    7    0 -0.0000000000 -0.0000000000 
    3    1    3    0    4    0    4    1    7    1    7    1 0.0000000000 0.0000000000 
    3    1    3    0    4    1    4    0    7    0    7    0 -0.0000000000 0.0000000000 
    3    1    3    0    4    1    4    0    7    0    7    1 -0.0000000000 -0.0000000000 
    3    1    3    0    4    1    4    0    7    1    7    0 -0.0000000000 0.0000000000 
    3    1    3    0    4    1    4    0    7    1    7    1 -0.0000000000 -0.0000000000 
    3    1    3    0    4    1    4    1    7    0    7    0 0.0000000000 0.0000000000 
    3    1    3    0    4    1    4    1    7    0    7    1 0.0000000000 -0.0000000000 
    3    1    3    0    4    1    4    1    7    1    7    0 0.0000000000 0.0000000000 
    3    1    3    0    4    1    4    1    7    1    7    1 -0.0000000000 0.0000000000 
    3    1    3    1    4    0    4    0    7    0    7    0 0.1250000000 0.0000000000 
    3    1    3    1    4    0    4    0    7    0    7    1 -0.0000000000 -0.0000000000 
    3    1    3    1    4    0    4    0    7    1    7    0 -0.0000000000 0.0000000000 
    3    1    3    1    4    0    4    0    7    1    7    1 0.1250000000 0.0000000000 
    3    1    3    1    4    0    4    1    7    0    7    0 -0.0000000000 -0.0000000000 
    3    1    3    1    4    0    4    1    7    0    7    1 0.0721687836 -0.0000000000 
    3    1    3    1    4    0    4    1    7    1    7    0 -0.0721687836 -0.0000000000 
    3    1    3    1    4    0    4    1    7    1    7    1 -0.0000000000 0.0000000000 
    3    1    3    1    4    1    4    0    7    0    7    0 -0.0000000000 0.0000000000 
    3    1    3    1    4    1    4    0    7    0    7    1 -0.0721687836 0.0000000000 
    3    1    3    1    4    1    4    0    7    1    7    0 0.0721687836 0.0000000000 
    3    1    3    1    4    1    4    0    7    1    7    1 -0.0000000000 -0.0000000000 
    3    1    3    1    4    1    4    1    7    0    7    0 0.1250000000 0.0000000000 
    3    1    3    1    4    1    4    1    7    0    7    1 -0.0000000000 -0.0000000000 
    3    1    3    1    4    1    4    1    7    1    7    0 -0.0000000000 0.0000000000 
    3    1    3    1    4    1    4    1    7    1    7    1 0.1250000000 0.0000000000 
    3    0    3    0    5    0    5    0    6    0    6    0 0.0528312164 0.0000000000 
    3    0    3    0    5    0    5    0    6    0    6    1 -0.0000000000 0.0000000000 
    3    0    3    0    5    0    5    0    6    1    6    0 -0.0000000000 -0.0000000000 
    3    0    3    0    5    0    5    0    6    1    6    1 0.1971687836 0.0000000000 
    3    0    3    0    5    0    5    1    6    0    6    0 0.0000000000 -0.0000000000 
    3    0    3    0    5    0    5    1    6    0    6    1 0.0721687836 0.0000000000 
    3    0    3    0    5    0    5    1    6    1    6    0 -0.0721687836 -0.0000000000 
    3    0    3    0    5    0    5    1    6    1    6    1 -0.0000000000 -0.0000000000 
    3    0    3    0    5    1    5    0    6    0    6    0 0.0000000000 0.0000000000 
    3    0    3    0    5    1    5    0    6    0    6    1 -0.0721687836 0.0000000000 
    3    0    3    0    5    1    5    0    6    1    6    0 0.0721687836 -0.0000000000 
    3    0    3    0    5    1    5    0    6    1    6    1 -0.0000000000 0.0000000000 
    3    0    3    0    5    1    5    1    6    0    6    0 0.0528312164 0.0000000000 
    3    0    3    0    5    1    5    1    6    0    6    1 0.0000000000 0.0000000000 
    3    0    3    0    5    1    5    1    6    1    6    0 0.0000000000 -0.0000000000 
    3    0    3    0    5    1    5    1    6    1    6    1 0.1971687836 0.0000000000 
    3    0    3    1    5    0    5    0    6    0    6    0 0.0000000000 -0.0000000000 
    3    0    3    1    5    0    5    0    6    0    6    1 0.0000000000 -0.0000000000 
    3    0    3    1    5    0    5    0    6    1    6    0 -0.0000000000 0.0000000000 
    3    0    3    1    5    0    5    0    6    1    6    1 0.0000000000 -0.0000000000 
    3    0    3    1    5    0    5    1    6    0    6    0 -0.0000000000 0.0000000000 
    3    0    3    1    5    0    5    1    6    0    6    1 -0.0000000000 -0.0000000000 
    3    0    3    1    5    0    5    1    6    1    6    0 -0.0000000000 0.0000000000 
    3    0    3    1    5    0    5    1    6    1    6    1 -0.0000000000 -0.0000000000 
    3    0    3    1    5    1    5    0    6    0    6    0 0.0000000000 -0.0000000000 
    3    0    3    1    5    1    5    0    6    0    6    1 -0.0000000000 0.0000000000 
    3    0    3    1    5    1    5    0    6    1    6    0 -0.0000000000 -0.0000000000 
    3    0    3    1    5    1    5    0    6    1    6    1 0.0000000000 -0.0000000000 
    3    0    3    1    5    1    5    1    6    0    6    0 0.0000000000 -0.0000000000 
    3    0    3    1    5    1    5    1    6    0    6    1 -0.0000000000 0.0000000000 
    3    0    3    1    5    1    5    1    6    1    6    0 -0.0000000000 0.0000000000 
    3    0    3    1    5    1    5    1    6    1    6    1 0.0000000000 -0.0000000000 
    3    1    3    0    5    0    5    0    6    0    6    0 0.0000000000 0.0000000000 
    3    1    3    0    5    0    5    0    6    0    6    1 -0.0000000000 -0.0000000000 
    3    1    3    0    5    0    5    0    6    1    6    0 0.0000000000 0.0000000000 
    3    1    3    0    5    0    5    0    6    1    6    1 0.0000000000 0.0000000000 
    3    1    3    0    5    0    5    1    6    0    6    0 0.0000000000 0.0000000000 
    3    1    3    0    5    0    5    1    6    0    6    1 -0.0000000000 0.0000000000 
    3    1    3    0    5    0    5    1    6    1    6    0 -0.0000000000 -0.0000000000 
    3    1    3    0    5    0    5    1    6    1    6    1 0.0000000000 0.0000000000 
    3    1    3    0    5    1    5    0    6    0    6    0 -0.0000000000 -0.0000000000 
    3    1    3    0    5    1    5    0    6    0    6    1 -0.0000000000 -0.0000000000 
    3    1    3    0    5    1    5    0    6    1    6    0 -0.0000000000 0.0000000000 
    3    1    3    0    5    1    5    0    6    1    6    1 -0.0000000000 0.0000000000 
    3    1    3    0    5    1    5    1    6    0    6    0 0.0000000000 0.0000000000 
    3    1    3    0    5    1    5    1    6    0    6    1 -0.0000000000 -0.0000000000 
    3    1    3    0    5    1    5    1    6    1    6    0 -0.0000000000 -0.0000000000 
    3    1    3    0    5    1    5    1    6    1    6    1 0.0000000000 0.0000000000 
    3    1    3    1    5    0    5    0    6    0    6    0 0.1971687836 0.0000000000 
    3    1    3    1    5    0    5    0    6    0    6    1 0.0000000000 0.0000000000 
    3    1    3    1    5    0    5    0    6    1    6    0 0.0000000000 -0.0000000000 
    3    1    3    1    5    0    5    0    6    1    6    1 0.0528312164 0.0000000000 
    3    1    3    1    5    0    5    1    6    0    6    0 0.0000000000 -0.0000000000 
    3    1    3    1    5    0    5    1    6    0    6    1 0.0721687836 0.0000000000 
    3    1    3    1    5    0    5    1    6    1    6    0 -0.0721687836 -0.0000000000 
    3    1    3    1    5    0    5    1    6    1    6    1 -0.0000000000 -0.0000000000 
    3    1    3    1    5    1    5    0    6    0    6    0 0.0000000000 0.0000000000 
    3    1    3    1    5    1    5    0    6    0    6    1 -0.0721687836 0.0000000000 
    3    1    3    1    5    1    5    0    6    1    6    0 0.0721687836 -0.0000000000 
    3    1    3    1    5    1    5    0    6    1    6    1 -0.0000000000 0.0000000000 
    3    1    3    1    5    1    5    1    6    0    6    0 0.1971687836 0.0000000000 
    3    1    3    1    5    1    5    1    6    0    6    1 0.0000000000 0.0000000000 
    3    1    3    1    5    1    5    1    6    1    6    0 0.0000000000 -0.0000000000 
    3    1    3    1    5    1    5    1    6    1    6    1 0.0528312164 0.0000000000 
    3    0    3    0    5    0    5    0    7    0    7    0 0.1250000000 0.0000000000 
    3    0    3    0    5    0    5    0    7    0    7    1 0.0000000000 -0.0000000000 
    3    0    3    0    5    0    5    0    7    1    7    0 0.0000000000 0.0000000000 
    3    0    3    0    5    0    5    0    7    1    7    1 0.1250000000 0.0000000000 
    3    0    3    0    5    0    5    1    7    0    7    0 -0.0000000000 -0.0000000000 
    3    0    3    0    5    0    5    1    7    0    7    1 0.0000000000 -0.0000000000 
    3    0    3    0    5    0    5    1    7    1    7    0 0.0000000000 0.0000000000 
    3    0    3    0    5    0    5    1    7    1    7    1 0.0000000000 -0.0000000000 
    3    0    3    0    5    1    5    0    7    0    7    0 -0.0000000000 0.0000000000 
    3    0    3    0    5    1    5    0    7    0    7    1 0.0000000000 -0.0000000000 
    3    0    3    0    5    1    5    0    7    1    7    0 0.0000000000 0.0000000000 
    3    0    3    0    5    1    5    0    7    1    7    1 0.0000000000 0.0000000000 
    3    0    3    0    5    1    5    1    7    0    7    0 0.1250000000 0.0000000000 
    3    0    3    0    5    1    5    1    7    0    7    1 -0.0000000000 -0.0000000000 
    3    0    3    0    5    1    5    1    7    1    7    0 -0.0000000000 0.0000000000 
    3    0    3    0    5    1    5    1    7    1    7    1 0.1250000000 0.0000000000 
    3    0    3    1    5    0    5    0    7    0    7    0 0.0000000000 -0.0000000000 
    3    0    3    1    5    0    5    0    7    0    7    1 0.0000000000 -0.0000000000 
    3    0    3    1    5    0    5    0    7    1    7    0 0.0000000000 0.0000000000 
    3    0    3    1    5    0    5    0    7    1    7    1 0.0000000000 -0.0000000000 
    3    0    3    1    5    0    5    1    7    0    7    0 -0.0000000000 0.0000000000 
    3    0    3    1    5    0    5    1    7    0    7    1 0.0000000000 -0.0000000000 
    3    0    3    1    5    0    5    1    7    1    7    0 0.0000000000 -0.0000000000 
    3    0    3    1    5    0    5    1    7    1    7    1 -0.0000000000 -0.0000000000 
    3    0    3    1    5    1    5    0    7    0    7    0 0.0000000000 -0.0000000000 
    3    0    3    1    5    1    5    0    7    0    7    1 0.0000000000 -0.0000000000 
    3    0    3    1    5    1    5    0    7    1    7    0 0.0000000000 -0.0000000000 
    3    0    3    1    5    1    5    0    7    1    7    1 0.0000000000 -0.0000000000 
    3    0    3    1    5    1    5    1    7    0    7    0 0.0000000000 -0.0000000000 
    3    0    3    1    5    1    5    1    7    0    7    1 0.0000000000 -0.0000000000 
    3    0    3    1    5    1    5    1    7    1    7    0 0.0000000000 0.0000000000 
    3    0    3    1    5    1    5    1    7    1    7    1 0.0000000000 -0.0000000000 
    3    1    3    0    5    0    5    0    7    0    7    0 0.0000000000 0.0000000000 
    3    1    3    0    5    0    5    0    7    0    7    1 0.0000000000 -0.0000000000 
    3    1    3    0    5    0    5    0    7    1    7    0 0.0000000000 0.0000000000 
    3    1    3    0    5    0    5    0    7    1    7    1 0.0000000000 0.0000000000 
    3    1    3    0    5    0    5    1    7    0    7    0 0.0000000000 0.0000000000 
    3    1    3    0    5    0    5    1    7    0    7    1 0.0000000000 0.0000000000 
    3    1    3    0    5    0    5    1    7    1    7    0 0.0000000000 0.0000000000 
    3    1    3    0    5    0    5    1    7    1    7    1 0.0000000000 0.0000000000 
    3    1    3    0    5    1    5    0    7    0    7    0 -0.0000000000 -0.0000000000 
    3    1    3    0    5    1    5    0    7    0    7    1 0.0000000000 0.0000000000 
    3    1    3    0    5    1    5    0    7    1    7    0 0.0000000000 0.0000000000 
    3    1    3    0    5    1    5    0    7    1    7    1 -0.0000000000 0.0000000000 
    3    1    3    0    5    1    5    1    7    0    7    0 0.0000000000 0.0000000000 
    3    1    3    0    5    1    5    1    7    0    7    1 0.0000000000 -0.0000000000 
    3    1    3    0    5    1    5    1    7    1    7    0 0.0000000000 0.0000000000 
    3    1    3    0    5    1    5    1    7    1    7    1 0.0000000000 0.0000000000 
    3    1    3    1    5    0    5    0    7    0    7    0 0.1250000000 0.0000000000 
    3    1    3    1    5    0    5    0    7    0    7    1 -0.0000000000 -0.0000000000 
    3    1    3    1    5    0    5    0    7    1    7    0 -0.0000000000 0.0000000000 
    3    1    3    1    5    0    5    0    7    1    7    1 0.1250000000 0.0000000000 
    3    1    3    1    5    0    5    1    7    0    7    0 0.0000000000 -0.0000000000 
    3    1    3    1    5    0    5    1    7    0    7    1 0.0000000000 0.0000000000 
    3    1    3    1    5    0    5    1    7    1    7    0 0.0000000000 -0.0000000000 
    3    1    3    1    5    0    5    1    7    1    7    1 0.0000000000 -0.0000000000 
    3    1    3    1    5    1    5    0    7    0    7    0 0.0000000000 0.0000000000 
    3    1    3    1    5    1    5    0    7    0    7    1 0.0000000000 0.0000000000 
    3    1    3    1    5    1    5    0    7    1    7    0 0.0000000000 -0.0000000000 
    3    1    3    1    5    1    5    0    7    1    7    1 0.0000000000 0.0000000000 
    3    1    3    1    5    1    5    1    7    0    7    0 0.1250000000 0.0000000000 
    3    1    3    1    5    1    5    1    7    0    7    1 -0.0000000000 -0.0000000000 
    3    1    3    1    5    1    5    1    7    1    7    0 -0.0000000000 0.0000000000 
    3    1    3    1    5    1    5    1    7    1    7    1 0.1250000000 0.0000000000 
    3    0    3    0    6    0    6    0    7    0    7    0 0.0528312164 0.0000000000 
    3    0    3    0    6    0    6    0    7    0    7    1 0.0000000000 0.0000000000 
    3    0    3    0    6    0    6    0    7    1    7    0 0.0000000000 -0.0000000000 
    3    0    3    0    6    0    6    0    7    1    7    1 0.0528312164 0.0000000000 
    3    0    3    0    6    0    6    1    7    0    7    0 0.0000000000 -0.0000000000 
    3    0    3    0    6    0    6    1    7    0    7    1 -0.0721687836 0.0000000000 
    3    0    3    0    6    0    6    1    7    1    7    0 -0.0721687836 -0.0000000000 
    3    0    3    0    6    0    6    1    7    1    7    1 -0.0000000000 0.0000000000 
    3    0    3    0    6    1    6    0    7    0    7    0 0.0000000000 0.0000000000 
    3    0    3    0    6    1    6    0    7    0    7    1 -0.0721687836 0.0000000000 
    3    0    3    0    6    1    6    0    7    1    7    0 -0.0721687836 -0.0000000000 
    3    0    3    0    6    1    6    0    7    1    7    1 -0.0000000000 -0.0000000000 
    3    0    3    0    6    1    6    1    7    0    7    0 0.1971687836 0.0000000000 
    3    0    3    0    6    1    6    1    7    0    7    1 -0.0000000000 -0.0000000000 
    3    0    3    0    6    1    6    1    7    1    7    0 -0.0000000000 0.0000000000 
    3    0    3    0    6    1    6    1    7    1    7    1 0.1971687836 0.0000000000 
    3    0    3    1    6    0    6    0    7    0    7    0 0.0000000000 -0.0000000000 
    3    0    3    1    6    0    6    0    7    0    7    1 0.0000000000 0.0000000000 
    3    0    3    1    6    0    6    0    7    1    7    0 0.0000000000 -0.0000000000 
    3    0    3    1    6    0    6    0    7    1    7    1 0.0000000000 -0.0000000000 
    3    0    3    1    6    0    6    1    7    0    7    0 0.0000000000 -0.0000000000 
    3    0    3    1    6    0    6    1    7    0    7    1 -0.0000000000 0.0000000000 
    3    0    3    1    6    0    6    1    7    1    7    0 -0.0000000000 0.0000000000 
    3    0    3    1    6    0    6    1    7    1    7    1 -0.0000000000 0.0000000000 
    3    0    3    1    6    1    6    0    7    0    7    0 -0.0000000000 0.0000000000 
    3    0    3    1    6    1    6    0    7    0    7    1 -0.0000000000 -0.0000000000 
    3    0    3    1    6    1    6    0    7    1    7    0 -0.0000000000 0.0000000000 
    3    0    3    1    6    1    6    0    7    1    7    1 -0.0000000000 -0.0000000000 
    3    0    3    1    6    1    6    1    7    0    7    0 0.0000000000 -0.0000000000 
    3    0    3    1    6    1    6    1    7    0    7    1 0.0000000000 -0.0000000000 
    3    0    3    1    6    1    6    1    7    1    7    0 0.0000000000 0.0000000000 
    3    0    3    1    6    1    6    1    7    1    7    1 0.0000000000 0.0000000000 
    3    1    3    0    6    0    6    0    7    0    7    0 0.0000000000 0.0000000000 
    3    1    3    0    6    0    6    0    7    0    7    1 0.0000000000 0.0000000000 
    3    1    3    0    6    0    6    0    7    1    7    0 0.0000000000 -0.0000000000 
    3    1    3    0    6    0    6    0    7    1    7    1 0.0000000000 0.0000000000 
    3    1    3    0    6    0    6    1    7    0    7    0 -0.0000000000 -0.0000000000 
    3    1    3    0    6    0    6    1    7    0    7    1 -0.0000000000 -0.0000000000 
    3    1    3    0    6    0    6    1    7    1    7    0 -0.0000000000 0.0000000000 
    3    1    3    0    6    0    6    1    7    1    7    1 -0.0000000000 0.0000000000 
    3    1    3    0    6    1    6    0    7    0    7    0 0.0000000000 0.0000000000 
    3    1    3    0    6    1    6    0    7    0    7    1 -0.0000000000 -0.0000000000 
    3    1    3    0    6    1    6    0    7    1    7    0 -0.0000000000 -0.0000000000 
    3    1    3    0    6    1    6    0    7    1    7    1 -0.0000000000 -0.0000000000 
    3    1    3    0    6    1    6    1    7    0    7    0 0.0000000000 0.0000000000 
    3    1    3    0    6    1    6    1    7    0    7    1 0.0000000000 -0.0000000000 
    3    1    3    0    6    1    6    1    7    1    7    0 0.0000000000 0.0000000000 
    3    1    3    0    6    1    6    1    7    1    7    1 0.0000000000 -0.0000000000 
    3    1    3    1    6    0    6    0    7    0    7    0 0.1971687836 0.0000000000 
    3    1    3    1    6    0    6    0    7    0    7    1 -0.0000000000 -0.0000000000 
    3    1    3    1    6    0    6    0    7    1    7    0 -0.0000000000 0.0000000000 
    3    1    3    1    6    0    6    0    7    1    7    1 0.1971687836 0.0000000000 
    3    1    3    1    6    0    6    1    7    0    7    0 0.0000000000 0.0000000000 
    3    1    3    1    6    0    6    1    7    0    7    1 -0.0721687836 -0.0000000000 
    3    1    3    1    6    0    6    1    7    1    7    0 -0.0721687836 0.0000000000 
    3    1    3    1    6    0    6    1    7    1    7    1 0.0000000000 0.0000000000 
    3    1    3    1    6    1    6    0    7    0    7    0 0.0000000000 -0.0000000000 
    3    1    3    1    6    1    6    0    7    0    7    1 -0.0721687836 -0.0000000000 
    3    1    3    1    6    1    6    0    7    1    7    0 -0.0721687836 0.0000000000 
    3    1    3    1    6    1    6    0    7    1    7    1 0.0000000000 -0.0000000000 
    3    1    3    1    6    1    6    1    7    0    7    0 0.0528312164 0.0000000000 
    3    1    3    1    6    1    6    1    7    0    7    1 -0.0000000000 -0.0000000000 
    3    1    3    1    6    1    6    1    7    1    7    0 -0.0000000000 0.0000000000 
    3    1    3    1    6    1    6    1    7    1    7    1 0.0528312164 0.0000000000 
    4    0    4    0    5    0    5    0    6    0    6    0 0.1250000000 0.0000000000 
    4    0    4    0    5    0    5    0    6    0    6    1 -0.0000000000 0.0000000000 
    4    0    4    0    5    0    5    0    6    1    6    0 -0.0000000000 -0.0000000000 
    4    0    4    0    5    0    5    0    6    1    6    1 0.1250000000 0.0000000000 
    4    0    4    0    5    0    5    1    6    0    6    0 0.0000000000 -0.0000000000 
    4    0    4    0    5    0    5    1    6    0    6    1 0.0721687836 -0.0000000000 
    4    0    4    0    5    0    5    1    6    1    6    0 -0.0721687836 -0.0000000000 
    4    0    4    0    5    0    5    1    6    1    6    1 -0.0000000000 -0.0000000000 
    4    0    4    0    5    1    5    0    6    0    6    0 0.0000000000 0.0000000000 
    4    0    4    0    5    1    5    0    6    0    6    1 -0.0721687836 0.0000000000 
    4    0    4    0    5    1    5    0    6    1    6    0 0.0721687836 0.0000000000 
    4    0    4    0    5    1    5    0    6    1    6    1 -0.0000000000 0.0000000000 
    4    0    4    0    5    1    5    1    6    0    6    0 0.1250000000 0.0000000000 
    4    0    4    0    5    1    5    1    6    0    6    1 0.0000000000 0.0000000000 
    4    0    4    0    5    1    5    1    6    1    6    0 0.0000000000 -0.0000000000 
    4    0    4    0    5    1    5    1    6    1    6    1 0.1250000000 0.0000000000 
    4    0    4    1    5    0    5    0    6    0    6    0 -0.0000000000 -0.0000000000 
    4    0    4    1    5    0    5    0    6    0    6    1 0.0000000000 0.0000000000 
    4    0    4    1    5    0    5    0    6    1    6    0 0.0000000000 0.0000000000 
    4    0    4    1    5    0    5    0    6    1    6    1 -0.0000000000 0.0000000000 
    4    0    4    1    5    0    5    1    6    0    6    0 -0.0721687836 -0.0000000000 
    4    0    4    1    5    0    5    1    6    0    6    1 0.0000000000 -0.0000000000 
    4    0    4    1    5    0    5    1    6    1    6    0 0.0000000000 -0.0000000000 
    4    0    4    1    5    0    5    1    6    1    6    1 -0.0721687836 0.0000000000 
    4    0    4    1    5    1    5    0    6    0    6    0 -0.0721687836 -0.0000000000 
    4    0    4    1    5    1    5    0    6    0    6    1 -0.0000000000 -0.0000000000 
    4    0    4    1    5    1    5    0    6    1    6    0 -0.0000000000 0.0000000000 
    4    0    4    1    5    1    5    0    6    1    6    1 -0.0721687836 0.0000000000 
    4    0    4    1    5    1    5    1    6    0    6    0 -0.0000000000 0.0000000000 
    4    0    4    1    5    1    5    1    6    0    6    1 0.0000000000 -0.0000000000 
    4    0    4    1    5    1    5    1    6    1    6    0 0.0000000000 -0.0000000000 
    4    0    4    1    5    1    5    1    6    1    6    1 -0.0000000000 -0.0000000000 
    4    1    4    0    5    0    5    0    6    0    6    0 -0.0000000000 0.0000000000 
    4    1    4    0    5    0    5    0    6    0    6    1 0.0000000000 -0.0000000000 
    4    1    4    0    5    0    5    0    6    1    6    0 0.0000000000 -0.0000000000 
    4    1    4    0    5    0    5    0    6    1    6    1 -0.0000000000 -0.0000000000 
    4    1    4    0    5    0    5    1    6    0    6    0 -0.0721687836 0.0000000000 
    4    1    4    0    5    0    5    1    6    0    6    1 -0.0000000000 -0.0000000000 
    4    1    4    0    5    0    5    1    6    1    6    0 -0.0000000000 0.0000000000 
    4    1    4    0    5    0    5    1    6    1    6    1 -0.0721687836 -0.0000000000 
    4    1    4    0    5    1    5    0    6    0    6    0 -0.0721687836 0.0000000000 
    4    1    4    0    5    1    5    0    6    0    6    1 0.0000000000 0.0000000000 
    4    1    4    0    5    1    5    0    6    1    6    0 0.0000000000 0.0000000000 
    4    1    4    0    5    1    5    0    6    1    6    1 -0.0721687836 -0.0000000000 
    4    1    4    0    5    1    5    1    6    0    6    0 -0.0000000000 -0.0000000000 
    4    1    4    0    5    1    5    1    6    0    6    1 0.0000000000 0.0000000000 
    4    1    4    0    5    1    5    1    6    1    6    0 0.0000000000 0.0000000000 
    4    1    4    0    5    1    5    1    6    1    6    1 -0.0000000000 0.0000000000 
    4    1    4    1    5    0    5    0    6    0    6    0 0.1250000000 0.0000000000 
    4    1    4    1    5    0    5    0    6    0    6    1 0.0000000000 0.0000000000 
    4    1    4    1    5    0    5    0    6    1    6    0 0.0000000000 -0.0000000000 
    4    1    4    1    5    0    5    0    6    1    6    1 0.1250000000 0.0000000000 
    4    1    4    1    5    0    5    1    6    0    6    0 0.0000000000 -0.0000000000 
    4    1    4    1    5    0    5    1    6    0    6    1 0.0721687836 0.0000000000 
    4    1    4    1    5    0    5    1    6    1    6    0 -0.0721687836 0.0000000000 
    4    1    4    1    5    0    5    1    6    1    6    1 0.0000000000 -0.0000000000 
    4    1    4    1    5    1    5    0    6    0    6    0 0.0000000000 0.0000000000 
    4    1    4    1    5    1    5    0    6    0    6    1 -0.0721687836 -0.0000000000 
    4    1    4    1    5    1    5    0    6    1    6    0 0.0721687836 -0.0000000000 
    4    1    4    1    5    1    5    0    6    1    6    1 0.0000000000 0.0000000000 
    4    1    4    1    5    1    5    1    6    0    6    0 0.1250000000 0.0000000000 
    4    1    4    1    5    1    5    1    6    0    6    1 -0.0000000000 0.0000000000 
    4    1    4    1    5    1    5    1    6    1    6    0 -0.0000000000 -0.0000000000 
    4    1    4    1    5    1    5    1    6    1    6    1 0.1250000000 0.0000000000 
    4    0    4    0    5    0    5    0    7    0    7    0 0.1250000000 0.0000000000 
    4    0    4    0    5    0    5    0    7    0    7    1 0.0000000000 -0.0000000000 
    4    0    4    0    5    0    5    0    7    1    7    0 0.0000000000 0.0000000000 
    4    0    4    0    5    0    5    0    7    1    7    1 0.1250000000 0.0000000000 
    4    0    4    0    5    0    5    1    7    0    7    0 0.0000000000 -0.0000000000 
    4    0    4    0    5    0    5    1    7    0    7    1 0.0000000000 0.0000000000 
    4    0    4    0    5    0    5    1    7    1    7    0 0.0000000000 0.0000000000 
    4    0    4    0    5    0    5    1    7    1    7    1 0.0000000000 -0.0000000000 
    4    0    4    0    5    1    5    0    7    0    7    0 0.0000000000 0.0000000000 
    4    0    4    0    5    1    5    0    7    0    7    1 0.0000000000 -0.0000000000 
    4    0    4    0    5    1    5    0    7    1    7    0 0.0000000000 -0.0000000000 
    4    0    4    0    5    1    5    0    7    1    7    1 0.0000000000 0.0000000000 
    4    0    4    0    5    1    5    1    7    0    7    0 0.1250000000 0.0000000000 
    4    0    4    0    5    1    5    1    7    0    7    1 -0.0000000000 -0.0000000000 
    4    0    4    0    5    1    5    1    7    1    7    0 -0.0000000000 0.0000000000 
    4    0    4    0    5    1    5    1    7    1    7    1 0.1250000000 0.0000000000 
    4    0    4    1    5    0    5    0    7    0    7    0 -0.0000000000 -0.0000000000 
    4    0    4    1    5    0    5    0    7    0    7    1 0.0721687836 -0.0000000000 
    4    0    4    1    5    0    5    0    7    1    7    0 -0.0721687836 -0.0000000000 
    4    0    4    1    5    0    5    0    7    1    7    1 -0.0000000000 0.0000000000 
    4    0    4    1    5    0    5    1    7    0    7    0 -0.0721687836 -0.0000000000 
    4    0    4    1    5    0    5    1    7    0    7    1 -0.0000000000 -0.0000000000 
    4    0    4    1    5    0    5    1    7    1    7    0 -0.0000000000 0.0000000000 
    4    0    4    1    5    0    5    1    7    1    7    1 -0.0721687836 0.0000000000 
    4    0    4    1    5    1    5    0    7    0    7    0 -0.0721687836 0.0000000000 
    4    0    4    1    5    1    5    0    7    0    7    1 0.0000000000 0.0000000000 
    4    0    4    1    5    1    5    0    7    1    7    0 0.0000000000 -0.0000000000 
    4    0    4    1    5    1    5    0    7    1    7    1 -0.0721687836 -0.0000000000 
    4    0    4    1    5    1    5    1    7    0    7    0 0.0000000000 0.0000000000 
    4    0    4    1    5    1    5    1    7    0    7    1 0.0721687836 0.0000000000 
    4    0    4    1    5    1    5    1    7    1    7    0 -0.0721687836 0.0000000000 
    4    0    4    1    5    1    5    1    7    1    7    1 -0.0000000000 0.0000000000 
    4    1    4    0    5    0    5    0    7    0    7    0 -0.0000000000 0.0000000000 
    4    1    4    0    5    0    5    0    7    0    7    1 -0.0721687836 0.0000000000 
    4    1    4    0    5    0    5    0    7    1    7    0 0.0721687836 0.0000000000 
    4    1    4    0    5    0    5    0    7    1    7    1 -0.0000000000 -0.0000000000 
    4    1    4    0    5    0    5    1    7    0    7    0 -0.0721687836 -0.0000000000 
    4    1    4    0    5    0    5    1    7    0    7    1 0.0000000000 0.0000000000 
    4    1    4    0    5    0    5    1    7    1    7    0 0.0000000000 -0.0000000000 
    4    1    4    0    5    0    5    1    7    1    7    1 -0.0721687836 0.0000000000 
    4    1    4    0    5    1    5    0    7    0    7    0 -0.0721687836 0.0000000000 
    4    1    4    0    5    1    5    0    7    0    7    1 -0.0000000000 -0.0000000000 
    4    1    4    0    5    1    5    0    7    1    7    0 -0.0000000000 0.0000000000 
    4    1    4    0    5    1    5    0    7    1    7    1 -0.0721687836 -0.0000000000 
    4    1    4    0    5    1    5    1    7    0    7    0 0.0000000000 -0.0000000000 
    4    1    4    0    5    1    5    1    7    0    7    1 -0.0721687836 -0.0000000000 
    4    1    4    0    5    1    5    1    7    1    7    0 0.0721687836 -0.0000000000 
    4    1    4    0    5    1    5    1    7    1    7    1 -0.0000000000 -0.0000000000 
    4    1    4    1    5    0    5    0    7    0    7    0 0.1250000000 0.0000000000 
    4    1    4    1    5    0    5    0    7    0    7    1 -0.0000000000 -0.0000000000 
    4    1    4    1    5    0    5    0    7    1    7    0 -0.0000000000 0.0000000000 
    4    1    4    1    5    0    5    0    7    1    7    1 0.1250000000 0.0000000000 
    4    1    4    1    5    0    5    1    7    0    7    0 0.0000000000 -0.0000000000 
    4    1    4    1    5    0    5    1    7    0    7    1 0.0000000000 -0.0000000000 
    4    1    4    1    5    0    5    1    7    1    7    0 0.0000000000 -0.0000000000 
    4    1    4    1    5    0    5    1    7    1    7    1 0.0000000000 -0.0000000000 
    4    1    4    1    5    1    5    0    7    0    7    0 0.0000000000 0.0000000000 
    4    1    4    1    5    1    5    0    7    0    7    1 0.0000000000 0.0000000000 
    4    1    4    1    5    1    5    0    7    1    7    0 0.0000000000 0.0000000000 
    4    1    4    1    5    1    5    0    7    1    7    1 0.0000000000 0.0000000000 
    4    1    4    1    5    1    5    1    7    0    7    0 0.1250000000 0.0000000000 
    4    1    4    1    5    1    5    1    7    0    7    1 0.0000000000 0.0000000000 
    4    1    4    1    5    1    5    1    7    1    7    0 0.0000000000 -0.0000000000 
    4    1    4    1    5    1    5    1    7    1    7    1 0.1250000000 0.0000000000 
    4    0    4    0    6    0    6    0    7    0    7    0 0.1250000000 0.0000000000 
    4    0    4    0    6    0    6    0    7    0    7    1 -0.0000000000 -0.0000000000 
    4    0    4    0    6    0    6    0    7    1    7    0 -0.0000000000 0.0000000000 
    4    0    4    0    6    0    6    0    7    1    7    1 0.1250000000 0.0000000000 
    4    0    4    0    6    0    6    1    7    0    7    0 0.0000000000 0.0000000000 
    4    0    4    0    6    0    6    1    7    0    7    1 -0.0721687836 -0.0000000000 
    4    0    4    0    6    0    6    1    7    1    7    0 -0.0721687836 -0.0000000000 
    4    0    4    0    6    0    6    1    7    1    7    1 0.0000000000 0.0000000000 
    4    0    4    0    6    1    6    0    7    0    7    0 0.0000000000 -0.0000000000 
    4    0    4    0    6    1    6    0    7    0    7    1 -0.0721687836 0.0000000000 
    4    0    4    0    6    1    6    0    7    1    7    0 -0.0721687836 0.0000000000 
    4    0    4    0    6    1    6    0    7    1    7    1 0.0000000000 -0.0000000000 
    4    0    4    0    6    1    6    1    7    0    7    0 0.1250000000 0.0000000000 
    4    0    4    0    6    1    6    1    7    0    7    1 -0.0000000000 -0.0000000000 
    4    0    4    0    6    1    6    1    7    1    7    0 -0.0000000000 0.0000000000 
    4    0    4    0    6    1    6    1    7    1    7    1 0.1250000000 0.0000000000 
    4    0    4    1    6    0    6    0    7    0    7    0 -0.0000000000 -0.0000000000 
    4    0    4    1    6    0    6    0    7    0    7    1 0.0721687836 -0.0000000000 
    4    0    4    1    6    0    6    0    7    1    7    0 -0.0721687836 0.0000000000 
    4    0    4    1    6    0    6    0    7    1    7    1 -0.0000000000 0.0000000000 
    4    0    4    1    6    0    6    1    7    0    7    0 0.0000000000 0.0000000000 
    4    0    4    1    6    0    6    1    7    0    7    1 0.0000000000 0.0000000000 
    4    0    4    1    6    0    6    1    7    1    7    0 0.0000000000 -0.0000000000 
    4    0    4    1    6    0    6    1    7    1    7    1 0.0000000000 -0.0000000000 
    4    0    4    1    6    1    6    0    7    0    7    0 0.0000000000 -0.0000000000 
    4    0    4    1    6    1    6    0    7    0    7    1 -0.0000000000 -0.0000000000 
    4    0    4    1    6    1    6    0    7    1    7    0 0.0000000000 0.0000000000 
    4    0    4    1    6    1    6    0    7    1    7    1 0.0000000000 0.0000000000 
    4    0    4    1    6    1    6    1    7    0    7    0 0.0000000000 0.0000000000 
    4    0    4    1    6    1    6    1    7    0    7    1 0.0721687836 0.0000000000 
    4    0    4    1    6    1    6    1    7    1    7    0 -0.0721687836 -0.0000000000 
    4    0    4    1    6    1    6    1    7    1    7    1 -0.0000000000 0.0000000000 
    4    1    4    0    6    0    6    0    7    0    7    0 -0.0000000000 0.0000000000 
    4    1    4    0    6    0    6    0    7    0    7    1 -0.0721687836 -0.0000000000 
    4    1    4    0    6    0    6    0    7    1    7    0 0.0721687836 0.0000000000 
    4    1    4    0    6    0    6    0    7    1    7    1 -0.0000000000 -0.0000000000 
    4    1    4    0    6    0    6    1    7    0    7    0 0.0000000000 0.0000000000 
    4    1    4    0    6    0    6    1    7    0    7    1 0.0000000000 -0.0000000000 
    4    1    4    0    6    0    6    1    7    1    7    0 -0.0000000000 0.0000000000 
    4    1    4    0    6    0    6    1    7    1    7    1 0.0000000000 -0.0000000000 
    4    1    4    0    6    1    6    0    7    0    7    0 0.0000000000 -0.0000000000 
    4    1    4    0    6    1    6    0    7    0    7    1 0.0000000000 0.0000000000 
    4    1    4    0    6    1    6    0    7    1    7    0 0.0000000000 -0.0000000000 
    4    1    4    0    6    1    6    0    7    1    7    1 0.0000000000 0.0000000000 
    4    1    4    0    6    1    6    1    7    0    7    0 0.0000000000 -0.0000000000 
    4    1    4    0    6    1    6    1    7    0    7    1 -0.0721687836 0.0000000000 
    4    1    4    0    6    1    6    1    7    1    7    0 0.0721687836 -0.0000000000 
    4    1    4    0    6    1    6    1    7    1    7    1 -0.0000000000 -0.0000000000 
    4    1    4    1    6    0    6    0    7    0    7    0 0.1250000000 0.0000000000 
    4    1    4    1    6    0    6    0    7    0    7    1 0.0000000000 0.0000000000 
    4    1    4    1    6    0    6    0    7    1    7    0 0.0000000000 -0.0000000000 
    4    1    4    1    6    0    6    0    7    1    7    1 0.1250000000 0.0000000000 
    4    1    4    1    6    0    6    1    7    0    7    0 0.0000000000 0.0000000000 
    4    1    4    1    6    0    6    1    7    0    7    1 -0.0721687836 0.0000000000 
    4    1    4    1    6    0    6    1    7    1    7    0 -0.0721687836 0.0000000000 
    4    1    4    1    6    0    6    1    7    1    7    1 0.0000000000 0.0000000000 
    4    1    4    1    6    1    6    0    7    0    7    0 0.0000000000 -0.0000000000 
    4    1    4    1    6    1    6    0    7    0    7    1 -0.0721687836 -0.0000000000 
    4    1    4    1    6    1    6    0    7    1    7    0 -0.0721687836 -0.0000000000 
    4    1    4    1    6    1    6    0    7    1    7    1 0.0000000000 -0.0000000000 
    4    1    4    1    6    1    6    1    7    0    7    0 0.1250000000 0.0000000000 
    4    1    4    1    6    1    6    1    7    0    7    1 0.0000000000 -0.0000000000 
    4    1    4    1    6    1    6    1    7    1    7    0 0.0000000000 0.0000000000 
    4    1    4    1    6    1    6    1    7    1    7    1 0.1250000000 0.0000000000 
    5    0    5    0    6    0    6    0    7    0    7    0 0.1250000000 0.0000000000 
    5    0    5    0    6    0    6    0    7    0    7    1 -0.0000000000 0.0000000000 
    5    0    5    0    6    0    6    0    7    1    7    0 -0.0000000000 -0.0000000000 
    5    0    5    0    6    0    6    0    7    1    7    1 0.1250000000 0.0000000000 
    5    0    5    0    6    0    6    1    7    0    7    0 -0.0000000000 0.0000000000 
    5    0    5    0    6    0    6    1    7    0    7    1 -0.0721687836 -0.0000000000 
    5    0    5    0    6    0    6    1    7    1    7    0 -0.0721687836 0.0000000000 
    5    0    5    0    6    0    6    1    7    1    7    1 0.0000000000 0.0000000000 
    5    0    5    0    6    1    6    0    7    0    7    0 -0.0000000000 -0.0000000000 
    5    0    5    0    6    1    6    0    7    0    7    1 -0.0721687836 -0.0000000000 
    5    0    5    0    6    1    6    0    7    1    7    0 -0.0721687836 0.0000000000 
    5    0    5    0    6    1    6    0    7    1    7    1 0.0000000000 -0.0000000000 
    5    0    5    0    6    1    6    1    7    0    7    0 0.1250000000 0.0000000000 
    5    0    5    0    6    1    6    1    7    0    7    1 0.0000000000 -0.0000000000 
    5    0    5    0    6    1    6    1    7    1    7    0 0.0000000000 0.0000000000 
    5    0    5    0    6    1    6    1    7    1    7    1 0.1250000000 0.0000000000 
    5    0    5    1    6    0    6    0    7    0    7    0 0.0000000000 -0.0000000000 
    5    0    5    1    6    0    6    0    7    0    7    1 0.0000000000 0.0000000000 
    5    0    5    1    6    0    6    0    7    1    7    0 0.0000000000 -0.0000000000 
    5    0    5    1    6    0    6    0    7    1    7    1 0.0000000000 -0.0000000000 
    5    0    5    1    6    0    6    1    7    0    7    0 0.0721687836 -0.0000000000 
    5    0    5    1    6    0    6    1    7    0    7    1 -0.0000000000 0.0000000000 
    5    0    5    1    6    0    6    1    7    1    7    0 -0.0000000000 0.0000000000 
    5    0    5    1    6    0    6    1    7    1    7    1 0.0721687836 0.0000000000 
    5    0    5    1    6    1    6    0    7    0    7    0 -0.0721687836 0.0000000000 
    5    0    5    1    6    1    6    0    7    0    7    1 -0.0000000000 0.0000000000 
    5    0    5    1    6    1    6    0    7    1    7    0 -0.0000000000 -0.0000000000 
    5    0    5    1    6    1    6    0    7    1    7    1 -0.0721687836 -0.0000000000 
    5    0    5    1    6    1    6    1    7    0    7    0 -0.0000000000 -0.0000000000 
    5    0    5    1    6    1    6    1    7    0    7    1 0.0000000000 -0.0000000000 
    5    0    5    1    6    1    6    1    7    1    7    0 0.0000000000 0.0000000000 
    5    0    5    1    6    1    6    1    7    1    7    1 0.0000000000 -0.0000000000 
    5    1    5    0    6    0    6    0    7    0    7    0 0.0000000000 0.0000000000 
    5    1    5    0    6    0    6    0    7    0    7    1 0.0000000000 0.0000000000 
    5    1    5    0    6    0    6    0    7    1    7    0 0.0000000000 -0.0000000000 
    5    1    5    0    6    0    6    0    7    1    7    1 0.0000000000 0.0000000000 
    5    1    5    0    6    0    6    1    7    0    7    0 -0.0721687836 -0.0000000000 
    5    1    5    0    6    0    6    1    7    0    7    1 -0.0000000000 0.0000000000 
    5    1    5    0    6    0    6    1    7    1    7    0 -0.0000000000 -0.0000000000 
    5    1    5    0    6    0    6    1    7    1    7    1 -0.0721687836 0.0000000000 
    5    1    5    0    6    1    6    0    7    0    7    0 0.0721687836 0.0000000000 
    5    1    5    0    6    1    6    0    7    0    7    1 -0.0000000000 -0.0000000000 
    5    1    5    0    6    1    6    0    7    1    7    0 -0.0000000000 -0.0000000000 
    5    1    5    0    6    1    6    0    7    1    7    1 0.0721687836 -0.0000000000 
    5    1    5    0    6    1    6    1    7    0    7    0 -0.0000000000 0.0000000000 
    5    1    5    0    6    1    6    1    7    0    7    1 0.0000000000 -0.0000000000 
    5    1    5    0    6    1    6    1    7    1    7    0 0.0000000000 0.0000000000 
    5    1    5    0    6    1    6    1    7    1    7    1 0.0000000000 0.0000000000 
    5    1    5    1    6    0    6    0    7    0    7    0 0.1250000000 0.0000000000 
    5    1    5    1    6    0    6    0    7    0    7    1 0.0000000000 -0.0000000000 
    5    1    5    1    6    0    6    0    7    1    7    0 0.0000000000 0.0000000000 
    5    1    5    1    6    0    6    0    7    1    7    1 0.1250000000 0.0000000000 
    5    1    5    1    6    0    6    1    7    0    7    0 0.0000000000 0.0000000000 
    5    1    5    1    6    0    6    1    7    0    7    1 -0.0721687836 0.0000000000 
    5    1    5    1    6    0    6    1    7    1    7    0 -0.0721687836 -0.0000000000 
    5    1    5    1    6    0    6    1    7    1    7    1 0.0000000000 0.0000000000 
    5    1    5    1    6    1    6    0    7    0    7    0 0.0000000000 -0.0000000000 
    5    1    5    1    6    1    6    0    7    0    7    1 -0.0721687836 0.0000000000 
    5    1    5    1    6    1    6    0    7    1    7    0 -0.0721687836 -0.0000000000 
    5    1    5    1    6    1    6    0    7    1    7    1 0.0000000000 -0.0000000000 
    5    1    5    1    6    1    6    1    7    0    7    0 0.1250000000 0.0000000000 
    5    1    5    1    6    1    6    1    7    0    7    1 -0.0000000000 -0.0000000000 
    5    1    5    1    6    1    6    1    7    1    7    0 -0.0000000000 0.0000000000 
    5    1    5    1    6    1    6    1    7    1    7    1 0.1250000000 0.0000000000 
