    0    0    0    0    1    0    1    0    2    0    2    0 0.1196778894 0.0000000000 
    0    0    0    0    1    0    1    0    2    0    2    1 -0.0000000000 -0.0000000000 
    0    0    0    0    1    0    1    0    2    1    2    0 -0.0000000000 0.0000000000 
    0    0    0    0    1    0    1    0    2    1    2    1 0.1303221106 0.0000000000 
    0    0    0    0    1    0    1    1    2    0    2    0 -0.0000000000 0.0000000000 
    0    0    0    0    1    0    1    1    2    0    2    1 0.0565891895 -0.0066642671 
    0    0    0    0    1    0    1    1    2    1    2    0 -0.0565891895 -0.0066642671 
    0    0    0    0    1    0    1    1    2    1    2    1 -0.0000000000 0.0000000000 
    0    0    0    0    1    1    1    0    2    0    2    0 -0.0000000000 -0.0000000000 
    0    0    0    0    1    1    1    0    2    0    2    1 -0.0565891895 0.0066642671 
    0    0    0    0    1    1    1    0    2    1    2    0 0.0565891895 0.0066642671 
    0    0    0    0    1    1    1    0    2    1    2    1 -0.0000000000 -0.0000000000 
    0    0    0    0    1    1    1    1    2    0    2    0 0.1196778894 0.0000000000 
    0    0    0    0    1    1    1    1    2    0    2    1 -0.0000000000 -0.0000000000 
    0    0    0    0    1    1    1    1    2    1    2    0 -0.0000000000 0.0000000000 
    0    0    0    0    1    1    1    1    2    1    2    1 0.1303221106 0.0000000000 
    0    0    0    1    1    0    1    0    2    0    2    0 0.0000000000 -0.0000000000 
    0    0    0    1    1    0    1    0    2    0    2    1 0.0000000000 0.0092097907 
    0    0    0    1    1    0    1    0    2    1    2    0 -0.0000000000 0.0092097907 
    0    0    0    1    1    0    1    0    2    1    2    1 0.0000000000 -0.0000000000 
    0    0    0    1    1    0    1    1    2    0    2    0 -0.0655128393 -0.0066642671 
    0    0    0    1    1    0    1    1    2    0    2    1 0.0000000000 -0.0000000000 
    0    0    0    1    1    0    1    1    2    1    2    0 0.0000000000 -0.0000000000 
    0    0    0    1    1    0    1    1    2    1    2    1 -0.0655128393 0.0066642671 
    0    0    0    1    1    1    1    0    2    0    2    0 -0.0655128393 -0.0066642671 
    0    0    0    1    1    1    1    0    2    0    2    1 0.0000000000 0.0000000000 
    0    0    0    1    1    1    1    0    2    1    2    0 0.0000000000 -0.0000000000 
    0    0    0    1    1    1    1    0    2    1    2    1 -0.0655128393 0.0066642671 
    0    0    0    1    1    1    1    1    2    0    2    0 0.0000000000 0.0000000000 
    0    0    0    1    1    1    1    1    2    0    2    1 -0.0000000000 -0.0092097907 
    0    0    0    1    1    1    1    1    2    1    2    0 -0.0000000000 -0.0092097907 
    0    0    0    1    1    1    1    1    2    1    2    1 0.0000000000 0.0000000000 
    0    1    0    0    1    0    1    0    2    0    2    0 0.0000000000 0.0000000000 
    0    1    0    0    1    0    1    0    2    0    2    1 -0.0000000000 -0.0092097907 
    0    1    0    0    1    0    1    0    2    1    2    0 0.0000000000 -0.0092097907 
    0    1    0    0    1    0    1    0    2    1    2    1 0.0000000000 0.0000000000 
    0    1    0    0    1    0    1    1    2    0    2    0 -0.0655128393 0.0066642671 
    0    1    0    0    1    0    1    1    2    0    2    1 0.0000000000 0.0000000000 
    0    1    0    0    1    0    1    1    2    1    2    0 0.0000000000 -0.0000000000 
    0    1    0    0    1    0    1    1    2    1    2    1 -0.0655128393 -0.0066642671 
    0    1    0    0    1    1    1    0    2    0    2    0 -0.0655128393 0.0066642671 
    0    1    0    0    1    1    1    0    2    0    2    1 0.0000000000 0.0000000000 
    0    1    0    0    1    1    1    0    2    1    2    0 0.0000000000 0.0000000000 
    0    1    0    0    1    1    1    0    2    1    2    1 -0.0655128393 -0.0066642671 
    0    1    0    0    1    1    1    1    2    0    2    0 0.0000000000 -0.0000000000 
    0    1    0    0    1    1    1    1    2    0    2    1 -0.0000000000 0.0092097907 
    0    1    0    0    1    1    1    1    2    1    2    0 -0.0000000000 0.0092097907 
    0    1    0    0    1    1    1    1    2    1    2    1 0.0000000000 -0.0000000000 
    0    1    0    1    1    0    1    0    2    0    2    0 0.1303221106 0.0000000000 
    0    1    0    1    1    0    1    0    2    0    2    1 -0.0000000000 -0.0000000000 
    0    1    0    1    1    0    1    0    2    1    2    0 -0.0000000000 0.0000000000 
    0    1    0    1    1    0    1    0    2    1    2    1 0.1196778894 0.0000000000 
    0    1    0    1    1    0    1    1    2    0    2    0 -0.0000000000 -0.0000000000 
    0    1    0    1    1    0    1    1    2    0    2    1 0.0565891895 0.0066642671 
    0    1    0    1    1    0    1    1    2    1    2    0 -0.0565891895 0.0066642671 
    0    1    0    1    1    0    1    1    2    1    2    1 -0.0000000000 -0.0000000000 
    0    1    0    1    1    1    1    0    2    0    2    0 -0.0000000000 0.0000000000 
    0    1    0    1    1    1    1    0    2    0    2    1 -0.0565891895 -0.0066642671 
    0    1    0    1    1    1    1    0    2    1    2    0 0.0565891895 -0.0066642671 
    0    1    0    1    1    1    1    0    2    1    2    1 -0.0000000000 0.0000000000 
    0    1    0    1    1    1    1    1    2    0    2    0 0.1303221106 0.0000000000 
    0    1    0    1    1    1    1    1    2    0    2    1 -0.0000000000 -0.0000000000 
    0    1    0    1    1    1    1    1    2    1    2    0 -0.0000000000 0.0000000000 
    0    1    0    1    1    1    1    1    2    1    2    1 0.1196778894 0.0000000000 
    0    0    0    0    1    0    1    0    3    0    3    0 0.1196778894 0.0000000000 
    0    0    0    0    1    0    1    0    3    0    3    1 0.0000000000 -0.0000000000 
    0    0    0    0    1    0    1    0    3    1    3    0 0.0000000000 0.0000000000 
    0    0    0    0    1    0    1    0    3    1    3    1 0.1303221106 0.0000000000 
    0    0    0    0    1    0    1    1    3    0    3    0 -0.0000000000 0.0000000000 
    0    0    0    0    1    0    1    1    3    0    3    1 -0.0000000000 0.0092097907 
    0    0    0    0    1    0    1    1    3    1    3    0 -0.0000000000 0.0092097907 
    0    0    0    0    1    0    1    1    3    1    3    1 -0.0000000000 0.0000000000 
    0    0    0    0    1    1    1    0    3    0    3    0 -0.0000000000 -0.0000000000 
    0    0    0    0    1    1    1    0    3    0    3    1 -0.0000000000 -0.0092097907 
    0    0    0    0    1    1    1    0    3    1    3    0 -0.0000000000 -0.0092097907 
    0    0    0    0    1    1    1    0    3    1    3    1 -0.0000000000 -0.0000000000 
    0    0    0    0    1    1    1    1    3    0    3    0 0.1303221106 0.0000000000 
    0    0    0    0    1    1    1    1    3    0    3    1 0.0000000000 -0.0000000000 
    0    0    0    0    1    1    1    1    3    1    3    0 0.0000000000 0.0000000000 
    0    0    0    0    1    1    1    1    3    1    3    1 0.1196778894 0.0000000000 
    0    0    0    1    1    0    1    0    3    0    3    0 0.0000000000 -0.0000000000 
    0    0    0    1    1    0    1    0    3    0    3    1 0.0565891895 -0.0066642671 
    0    0    0    1    1    0    1    0    3    1    3    0 -0.0565891895 -0.0066642671 
    0    0    0    1    1    0    1    0    3    1    3    1 0.0000000000 -0.0000000000 
    0    0    0    1    1    0    1    1    3    0    3    0 -0.0655128393 -0.0066642671 
    0    0    0    1    1    0    1    1    3    0    3    1 -0.0000000000 0.0000000000 
    0    0    0    1    1    0    1    1    3    1    3    0 0.0000000000 0.0000000000 
    0    0    0    1    1    0    1    1    3    1    3    1 -0.0655128393 0.0066642671 
    0    0    0    1    1    1    1    0    3    0    3    0 -0.0655128393 0.0066642671 
    0    0    0    1    1    1    1    0    3    0    3    1 -0.0000000000 -0.0000000000 
    0    0    0    1    1    1    1    0    3    1    3    0 -0.0000000000 -0.0000000000 
    0    0    0    1    1    1    1    0    3    1    3    1 -0.0655128393 -0.0066642671 
    0    0    0    1    1    1    1    1    3    0    3    0 0.0000000000 0.0000000000 
    0    0    0    1    1    1    1    1    3    0    3    1 0.0565891895 0.0066642671 
    0    0    0    1    1    1    1    1    3    1    3    0 -0.0565891895 0.0066642671 
    0    0    0    1    1    1    1    1    3    1    3    1 0.0000000000 0.0000000000 
    0    1    0    0    1    0    1    0    3    0    3    0 0.0000000000 0.0000000000 
    0    1    0    0    1    0    1    0    3    0    3    1 -0.0565891895 0.0066642671 
    0    1    0    0    1    0    1    0    3    1    3    0 0.0565891895 0.0066642671 
    0    1    0    0    1    0    1    0    3    1    3    1 0.0000000000 0.0000000000 
    0    1    0    0    1    0    1    1    3    0    3    0 -0.0655128393 -0.0066642671 
    0    1    0    0    1    0    1    1    3    0    3    1 -0.0000000000 0.0000000000 
    0    1    0    0    1    0    1    1    3    1    3    0 -0.0000000000 0.0000000000 
    0    1    0    0    1    0    1    1    3    1    3    1 -0.0655128393 0.0066642671 
    0    1    0    0    1    1    1    0    3    0    3    0 -0.0655128393 0.0066642671 
    0    1    0    0    1    1    1    0    3    0    3    1 0.0000000000 -0.0000000000 
    0    1    0    0    1    1    1    0    3    1    3    0 -0.0000000000 -0.0000000000 
    0    1    0    0    1    1    1    0    3    1    3    1 -0.0655128393 -0.0066642671 
    0    1    0    0    1    1    1    1    3    0    3    0 0.0000000000 -0.0000000000 
    0    1    0    0    1    1    1    1    3    0    3    1 -0.0565891895 -0.0066642671 
    0    1    0    0    1    1    1    1    3    1    3    0 0.0565891895 -0.0066642671 
    0    1    0    0    1    1    1    1    3    1    3    1 0.0000000000 -0.0000000000 
    0    1    0    1    1    0    1    0    3    0    3    0 0.1196778894 0.0000000000 
    0    1    0    1    1    0    1    0    3    0    3    1 0.0000000000 0.0000000000 
    0    1    0    1    1    0    1    0    3    1    3    0 0.0000000000 -0.0000000000 
    0    1    0    1    1    0    1    0    3    1    3    1 0.1303221106 0.0000000000 
    0    1    0    1    1    0    1    1    3    0    3    0 -0.0000000000 -0.0000000000 
    0    1    0    1    1    0    1    1    3    0    3    1 0.0000000000 -0.0092097907 
    0    1    0    1    1    0    1    1    3    1    3    0 -0.0000000000 -0.0092097907 
    0    1    0    1    1    0    1    1    3    1    3    1 -0.0000000000 0.0000000000 
    0    1    0    1    1    1    1    0    3    0    3    0 -0.0000000000 0.0000000000 
    0    1    0    1    1    1    1    0    3    0    3    1 -0.0000000000 0.0092097907 
    0    1    0    1    1    1    1    0    3    1    3    0 0.0000000000 0.0092097907 
    0    1    0    1    1    1    1    0    3    1    3    1 -0.0000000000 -0.0000000000 
    0    1    0    1    1    1    1    1    3    0    3    0 0.1303221106 0.0000000000 
    0    1    0    1    1    1    1    1    3    0    3    1 0.0000000000 -0.0000000000 
    0    1    0    1    1    1    1    1    3    1    3    0 0.0000000000 0.0000000000 
    0    1    0    1    1    1    1    1    3    1    3    1 0.1196778894 0.0000000000 
    0    0    0    0    1    0    1    0    4    0    4    0 0.0448477801 0.0000000000 
    0    0    0    0    1    0    1    0    4    0    4    1 -0.0000000000 -0.0000000000 
    0    0    0    0    1    0    1    0    4    1    4    0 -0.0000000000 0.0000000000 
    0    0    0    0    1    0    1    0    4    1    4    1 0.2051522199 0.0000000000 
    0    0    0    0    1    0    1    1    4    0    4    0 -0.0000000000 0.0000000000 
    0    0    0    0    1    0    1    1    4    0    4    1 -0.0000000000 -0.0225958233 
    0    0    0    0    1    0    1    1    4    1    4    0 0.0000000000 -0.1409090902 
    0    0    0    0    1    0    1    1    4    1    4    1 -0.0000000000 0.0000000000 
    0    0    0    0    1    1    1    0    4    0    4    0 -0.0000000000 -0.0000000000 
    0    0    0    0    1    1    1    0    4    0    4    1 0.0000000000 0.1409090902 
    0    0    0    0    1    1    1    0    4    1    4    0 -0.0000000000 0.0225958233 
    0    0    0    0    1    1    1    0    4    1    4    1 -0.0000000000 -0.0000000000 
    0    0    0    0    1    1    1    1    4    0    4    0 0.2051522199 0.0000000000 
    0    0    0    0    1    1    1    1    4    0    4    1 -0.0000000000 0.0000000000 
    0    0    0    0    1    1    1    1    4    1    4    0 -0.0000000000 -0.0000000000 
    0    0    0    0    1    1    1    1    4    1    4    1 0.0448477801 0.0000000000 
    0    0    0    1    1    0    1    0    4    0    4    0 0.0000000000 -0.0000000000 
    0    0    0    1    1    0    1    0    4    0    4    1 0.0161501689 0.0591566334 
    0    0    0    1    1    0    1    0    4    1    4    0 -0.0161501689 0.0591566334 
    0    0    0    1    1    0    1    0    4    1    4    1 0.0000000000 -0.0000000000 
    0    0    0    1    1    0    1    1    4    0    4    0 -0.0655128393 -0.0000000000 
    0    0    0    1    1    0    1    1    4    0    4    1 0.0000000000 -0.0000000000 
    0    0    0    1    1    0    1    1    4    1    4    0 0.0000000000 0.0000000000 
    0    0    0    1    1    0    1    1    4    1    4    1 -0.0655128393 -0.0000000000 
    0    0    0    1    1    1    1    0    4    0    4    0 -0.0655128393 0.0000000000 
    0    0    0    1    1    1    1    0    4    0    4    1 0.0000000000 -0.0000000000 
    0    0    0    1    1    1    1    0    4    1    4    0 0.0000000000 0.0000000000 
    0    0    0    1    1    1    1    0    4    1    4    1 -0.0655128393 0.0000000000 
    0    0    0    1    1    1    1    1    4    0    4    0 0.0000000000 0.0000000000 
    0    0    0    1    1    1    1    1    4    0    4    1 0.0161501689 -0.0591566334 
    0    0    0    1    1    1    1    1    4    1    4    0 -0.0161501689 -0.0591566334 
    0    0    0    1    1    1    1    1    4    1    4    1 0.0000000000 0.0000000000 
    0    1    0    0    1    0    1    0    4    0    4    0 0.0000000000 0.0000000000 
    0    1    0    0    1    0    1    0    4    0    4    1 -0.0161501689 -0.0591566334 
    0    1    0    0    1    0    1    0    4    1    4    0 0.0161501689 -0.0591566334 
    0    1    0    0    1    0    1    0    4    1    4    1 0.0000000000 0.0000000000 
    0    1    0    0    1    0    1    1    4    0    4    0 -0.0655128393 -0.0000000000 
    0    1    0    0    1    0    1    1    4    0    4    1 0.0000000000 -0.0000000000 
    0    1    0    0    1    0    1    1    4    1    4    0 0.0000000000 0.0000000000 
    0    1    0    0    1    0    1    1    4    1    4    1 -0.0655128393 -0.0000000000 
    0    1    0    0    1    1    1    0    4    0    4    0 -0.0655128393 0.0000000000 
    0    1    0    0    1    1    1    0    4    0    4    1 0.0000000000 -0.0000000000 
    0    1    0    0    1    1    1    0    4    1    4    0 0.0000000000 0.0000000000 
    0    1    0    0    1    1    1    0    4    1    4    1 -0.0655128393 0.0000000000 
    0    1    0    0    1    1    1    1    4    0    4    0 0.0000000000 -0.0000000000 
    0    1    0    0    1    1    1    1    4    0    4    1 -0.0161501689 0.0591566334 
    0    1    0    0    1    1    1    1    4    1    4    0 0.0161501689 0.0591566334 
    0    1    0    0    1    1    1    1    4    1    4    1 0.0000000000 -0.0000000000 
    0    1    0    1    1    0    1    0    4    0    4    0 0.0448477801 0.0000000000 
    0    1    0    1    1    0    1    0    4    0    4    1 -0.0000000000 0.0000000000 
    0    1    0    1    1    0    1    0    4    1    4    0 -0.0000000000 -0.0000000000 
    0    1    0    1    1    0    1    0    4    1    4    1 0.2051522199 0.0000000000 
    0    1    0    1    1    0    1    1    4    0    4    0 -0.0000000000 -0.0000000000 
    0    1    0    1    1    0    1    1    4    0    4    1 0.0000000000 0.0225958233 
    0    1    0    1    1    0    1    1    4    1    4    0 -0.0000000000 0.1409090902 
    0    1    0    1    1    0    1    1    4    1    4    1 -0.0000000000 -0.0000000000 
    0    1    0    1    1    1    1    0    4    0    4    0 -0.0000000000 0.0000000000 
    0    1    0    1    1    1    1    0    4    0    4    1 -0.0000000000 -0.1409090902 
    0    1    0    1    1    1    1    0    4    1    4    0 0.0000000000 -0.0225958233 
    0    1    0    1    1    1    1    0    4    1    4    1 -0.0000000000 0.0000000000 
    0    1    0    1    1    1    1    1    4    0    4    0 0.2051522199 0.0000000000 
    0    1    0    1    1    1    1    1    4    0    4    1 -0.0000000000 0.0000000000 
    0    1    0    1    1    1    1    1    4    1    4    0 -0.0000000000 -0.0000000000 
    0    1    0    1    1    1    1    1    4    1    4    1 0.0448477801 0.0000000000 
    0    0    0    0    1    0    1    0    5    0    5    0 0.0448477801 0.0000000000 
    0    0    0    0    1    0    1    0    5    0    5    1 0.0000000000 0.0000000000 
    0    0    0    0    1    0    1    0    5    1    5    0 0.0000000000 -0.0000000000 
    0    0    0    0    1    0    1    0    5    1    5    1 0.2051522199 0.0000000000 
    0    0    0    0    1    0    1    1    5    0    5    0 -0.0000000000 0.0000000000 
    0    0    0    0    1    0    1    1    5    0    5    1 0.0161501689 0.0591566334 
    0    0    0    0    1    0    1    1    5    1    5    0 -0.0161501689 0.0591566334 
    0    0    0    0    1    0    1    1    5    1    5    1 -0.0000000000 0.0000000000 
    0    0    0    0    1    1    1    0    5    0    5    0 -0.0000000000 -0.0000000000 
    0    0    0    0    1    1    1    0    5    0    5    1 -0.0161501689 -0.0591566334 
    0    0    0    0    1    1    1    0    5    1    5    0 0.0161501689 -0.0591566334 
    0    0    0    0    1    1    1    0    5    1    5    1 -0.0000000000 -0.0000000000 
    0    0    0    0    1    1    1    1    5    0    5    0 0.0448477801 0.0000000000 
    0    0    0    0    1    1    1    1    5    0    5    1 0.0000000000 -0.0000000000 
    0    0    0    0    1    1    1    1    5    1    5    0 0.0000000000 0.0000000000 
    0    0    0    0    1    1    1    1    5    1    5    1 0.2051522199 0.0000000000 
    0    0    0    1    1    0    1    0    5    0    5    0 0.0000000000 -0.0000000000 
    0    0    0    1    1    0    1    0    5    0    5    1 0.0000000000 -0.0225958233 
    0    0    0    1    1    0    1    0    5    1    5    0 0.0000000000 -0.1409090902 
    0    0    0    1    1    0    1    0    5    1    5    1 0.0000000000 -0.0000000000 
    0    0    0    1    1    0    1    1    5    0    5    0 -0.0655128393 -0.0000000000 
    0    0    0    1    1    0    1    1    5    0    5    1 -0.0000000000 -0.0000000000 
    0    0    0    1    1    0    1    1    5    1    5    0 -0.0000000000 0.0000000000 
    0    0    0    1    1    0    1    1    5    1    5    1 -0.0655128393 -0.0000000000 
    0    0    0    1    1    1    1    0    5    0    5    0 -0.0655128393 0.0000000000 
    0    0    0    1    1    1    1    0    5    0    5    1 -0.0000000000 0.0000000000 
    0    0    0    1    1    1    1    0    5    1    5    0 -0.0000000000 -0.0000000000 
    0    0    0    1    1    1    1    0    5    1    5    1 -0.0655128393 0.0000000000 
    0    0    0    1    1    1    1    1    5    0    5    0 0.0000000000 0.0000000000 
    0    0    0    1    1    1    1    1    5    0    5    1 0.0000000000 0.0225958233 
    0    0    0    1    1    1    1    1    5    1    5    0 0.0000000000 0.1409090902 
    0    0    0    1    1    1    1    1    5    1    5    1 0.0000000000 0.0000000000 
    0    1    0    0    1    0    1    0    5    0    5    0 0.0000000000 0.0000000000 
    0    1    0    0    1    0    1    0    5    0    5    1 0.0000000000 0.1409090902 
    0    1    0    0    1    0    1    0    5    1    5    0 0.0000000000 0.0225958233 
    0    1    0    0    1    0    1    0    5    1    5    1 0.0000000000 0.0000000000 
    0    1    0    0    1    0    1    1    5    0    5    0 -0.0655128393 -0.0000000000 
    0    1    0    0    1    0    1    1    5    0    5    1 -0.0000000000 0.0000000000 
    0    1    0    0    1    0    1    1    5    1    5    0 -0.0000000000 -0.0000000000 
    0    1    0    0    1    0    1    1    5    1    5    1 -0.0655128393 -0.0000000000 
    0    1    0    0    1    1    1    0    5    0    5    0 -0.0655128393 0.0000000000 
    0    1    0    0    1    1    1    0    5    0    5    1 -0.0000000000 -0.0000000000 
    0    1    0    0    1    1    1    0    5    1    5    0 -0.0000000000 0.0000000000 
    0    1    0    0    1    1    1    0    5    1    5    1 -0.0655128393 0.0000000000 
    0    1    0    0    1    1    1    1    5    0    5    0 0.0000000000 -0.0000000000 
    0    1    0    0    1    1    1    1    5    0    5    1 0.0000000000 -0.1409090902 
    0    1    0    0    1    1    1    1    5    1    5    0 0.0000000000 -0.0225958233 
    0    1    0    0    1    1    1    1    5    1    5    1 0.0000000000 -0.0000000000 
    0    1    0    1    1    0    1    0    5    0    5    0 0.2051522199 0.0000000000 
    0    1    0    1    1    0    1    0    5    0    5    1 0.0000000000 0.0000000000 
    0    1    0    1    1    0    1    0    5    1    5    0 0.0000000000 -0.0000000000 
    0    1    0    1    1    0    1    0    5    1    5    1 0.0448477801 0.0000000000 
    0    1    0    1    1    0    1    1    5    0    5    0 -0.0000000000 -0.0000000000 
    0    1    0    1    1    0    1    1    5    0    5    1 0.0161501689 -0.0591566334 
    0    1    0    1    1    0    1    1    5    1    5    0 -0.0161501689 -0.0591566334 
    0    1    0    1    1    0    1    1    5    1    5    1 -0.0000000000 -0.0000000000 
    0    1    0    1    1    1    1    0    5    0    5    0 -0.0000000000 0.0000000000 
    0    1    0    1    1    1    1    0    5    0    5    1 -0.0161501689 0.0591566334 
    0    1    0    1    1    1    1    0    5    1    5    0 0.0161501689 0.0591566334 
    0    1    0    1    1    1    1    0    5    1    5    1 -0.0000000000 0.0000000000 
    0    1    0    1    1    1    1    1    5    0    5    0 0.2051522199 0.0000000000 
    0    1    0    1    1    1    1    1    5    0    5    1 0.0000000000 -0.0000000000 
    0    1    0    1    1    1    1    1    5    1    5    0 0.0000000000 0.0000000000 
    0    1    0    1    1    1    1    1    5    1    5    1 0.0448477801 0.0000000000 
    0    0    0    0    1    0    1    0    6    0    6    0 0.1315784904 0.0000000000 
    0    0    0    0    1    0    1    0    6    0    6    1 -0.0000000000 -0.0000000000 
    0    0    0    0    1    0    1    0    6    1    6    0 -0.0000000000 0.0000000000 
    0    0    0    0    1    0    1    0    6    1    6    1 0.1184215096 0.0000000000 
    0    0    0    0    1    0    1    1    6    0    6    0 -0.0000000000 0.0000000000 
    0    0    0    0    1    0    1    1    6    0    6    1 -0.0315823378 -0.0000000000 
    0    0    0    0    1    0    1    1    6    1    6    0 0.0083430754 -0.0000000000 
    0    0    0    0    1    0    1    1    6    1    6    1 -0.0000000000 0.0000000000 
    0    0    0    0    1    1    1    0    6    0    6    0 -0.0000000000 -0.0000000000 
    0    0    0    0    1    1    1    0    6    0    6    1 0.0083430754 0.0000000000 
    0    0    0    0    1    1    1    0    6    1    6    0 -0.0315823378 0.0000000000 
    0    0    0    0    1    1    1    0    6    1    6    1 -0.0000000000 -0.0000000000 
    0    0    0    0    1    1    1    1    6    0    6    0 0.1184215096 0.0000000000 
    0    0    0    0    1    1    1    1    6    0    6    1 0.0000000000 0.0000000000 
    0    0    0    0    1    1    1    1    6    1    6    0 0.0000000000 -0.0000000000 
    0    0    0    0    1    1    1    1    6    1    6    1 0.1315784904 0.0000000000 
    0    0    0    1    1    0    1    0    6    0    6    0 0.0000000000 -0.0000000000 
    0    0    0    1    1    0    1    0    6    0    6    1 0.0094004791 -0.0225958233 
    0    0    0    1    1    0    1    0    6    1    6    0 0.0094004791 0.0225958233 
    0    0    0    1    1    0    1    0    6    1    6    1 0.0000000000 -0.0000000000 
    0    0    0    1    1    0    1    1    6    0    6    0 -0.0655128393 0.0025455235 
    0    0    0    1    1    0    1    1    6    0    6    1 -0.0000000000 0.0000000000 
    0    0    0    1    1    0    1    1    6    1    6    0 0.0000000000 0.0000000000 
    0    0    0    1    1    0    1    1    6    1    6    1 -0.0655128393 -0.0025455235 
    0    0    0    1    1    1    1    0    6    0    6    0 -0.0655128393 -0.0025455235 
    0    0    0    1    1    1    1    0    6    0    6    1 -0.0000000000 -0.0000000000 
    0    0    0    1    1    1    1    0    6    1    6    0 -0.0000000000 0.0000000000 
    0    0    0    1    1    1    1    0    6    1    6    1 -0.0655128393 0.0025455235 
    0    0    0    1    1    1    1    1    6    0    6    0 0.0000000000 0.0000000000 
    0    0    0    1    1    1    1    1    6    0    6    1 0.0094004791 0.0225958233 
    0    0    0    1    1    1    1    1    6    1    6    0 0.0094004791 -0.0225958233 
    0    0    0    1    1    1    1    1    6    1    6    1 0.0000000000 0.0000000000 
    0    1    0    0    1    0    1    0    6    0    6    0 0.0000000000 0.0000000000 
    0    1    0    0    1    0    1    0    6    0    6    1 0.0094004791 -0.0225958233 
    0    1    0    0    1    0    1    0    6    1    6    0 0.0094004791 0.0225958233 
    0    1    0    0    1    0    1    0    6    1    6    1 0.0000000000 0.0000000000 
    0    1    0    0    1    0    1    1    6    0    6    0 -0.0655128393 0.0025455235 
    0    1    0    0    1    0    1    1    6    0    6    1 -0.0000000000 -0.0000000000 
    0    1    0    0    1    0    1    1    6    1    6    0 -0.0000000000 0.0000000000 
    0    1    0    0    1    0    1    1    6    1    6    1 -0.0655128393 -0.0025455235 
    0    1    0    0    1    1    1    0    6    0    6    0 -0.0655128393 -0.0025455235 
    0    1    0    0    1    1    1    0    6    0    6    1 0.0000000000 -0.0000000000 
    0    1    0    0    1    1    1    0    6    1    6    0 -0.0000000000 -0.0000000000 
    0    1    0    0    1    1    1    0    6    1    6    1 -0.0655128393 0.0025455235 
    0    1    0    0    1    1    1    1    6    0    6    0 0.0000000000 -0.0000000000 
    0    1    0    0    1    1    1    1    6    0    6    1 0.0094004791 0.0225958233 
    0    1    0    0    1    1    1    1    6    1    6    0 0.0094004791 -0.0225958233 
    0    1    0    0    1    1    1    1    6    1    6    1 0.0000000000 -0.0000000000 
    0    1    0    1    1    0    1    0    6    0    6    0 0.1315784904 0.0000000000 
    0    1    0    1    1    0    1    0    6    0    6    1 0.0000000000 -0.0000000000 
    0    1    0    1    1    0    1    0    6    1    6    0 0.0000000000 0.0000000000 
    0    1    0    1    1    0    1    0    6    1    6    1 0.1184215096 0.0000000000 
    0    1    0    1    1    0    1    1    6    0    6    0 -0.0000000000 0.0000000000 
    0    1    0    1    1    0    1    1    6    0    6    1 -0.0315823378 0.0000000000 
    0    1    0    1    1    0    1    1    6    1    6    0 0.0083430754 0.0000000000 
    0    1    0    1    1    0    1    1    6    1    6    1 -0.0000000000 -0.0000000000 
    0    1    0    1    1    1    1    0    6    0    6    0 -0.0000000000 -0.0000000000 
    0    1    0    1    1    1    1    0    6    0    6    1 0.0083430754 -0.0000000000 
    0    1    0    1    1    1    1    0    6    1    6    0 -0.0315823378 -0.0000000000 
    0    1    0    1    1    1    1    0    6    1    6    1 -0.0000000000 0.0000000000 
    0    1    0    1    1    1    1    1    6    0    6    0 0.1184215096 0.0000000000 
    0    1    0    1    1    1    1    1    6    0    6    1 0.0000000000 0.0000000000 
    0    1    0    1    1    1    1    1    6    1    6    0 0.0000000000 -0.0000000000 
    0    1    0    1    1    1    1    1    6    1    6    1 0.1315784904 0.0000000000 
    0    0    0    0    1    0    1    0    7    0    7    0 0.1315784904 0.0000000000 
    0    0    0    0    1    0    1    0    7    0    7    1 0.0000000000 0.0000000000 
    0    0    0    0    1    0    1    0    7    1    7    0 0.0000000000 -0.0000000000 
    0    0    0    0    1    0    1    0    7    1    7    1 0.1184215096 0.0000000000 
    0    0    0    0    1    0    1    1    7    0    7    0 -0.0000000000 0.0000000000 
    0    0    0    0    1    0    1    1    7    0    7    1 0.0094004791 -0.0225958233 
    0    0    0    0    1    0    1    1    7    1    7    0 0.0094004791 0.0225958233 
    0    0    0    0    1    0    1    1    7    1    7    1 -0.0000000000 0.0000000000 
    0    0    0    0    1    1    1    0    7    0    7    0 -0.0000000000 -0.0000000000 
    0    0    0    0    1    1    1    0    7    0    7    1 0.0094004791 -0.0225958233 
    0    0    0    0    1    1    1    0    7    1    7    0 0.0094004791 0.0225958233 
    0    0    0    0    1    1    1    0    7    1    7    1 -0.0000000000 -0.0000000000 
    0    0    0    0    1    1    1    1    7    0    7    0 0.1315784904 0.0000000000 
    0    0    0    0    1    1    1    1    7    0    7    1 -0.0000000000 -0.0000000000 
    0    0    0    0    1    1    1    1    7    1    7    0 -0.0000000000 0.0000000000 
    0    0    0    0    1    1    1    1    7    1    7    1 0.1184215096 0.0000000000 
    0    0    0    1    1    0    1    0    7    0    7    0 0.0000000000 -0.0000000000 
    0    0    0    1    1    0    1    0    7    0    7    1 -0.0315823378 -0.0000000000 
    0    0    0    1    1    0    1    0    7    1    7    0 0.0083430754 -0.0000000000 
    0    0    0    1    1    0    1    0    7    1    7    1 0.0000000000 0.0000000000 
    0    0    0    1    1    0    1    1    7    0    7    0 -0.0655128393 0.0025455235 
    0    0    0    1    1    0    1    1    7    0    7    1 0.0000000000 -0.0000000000 
    0    0    0    1    1    0    1    1    7    1    7    0 -0.0000000000 -0.0000000000 
    0    0    0    1    1    0    1    1    7    1    7    1 -0.0655128393 -0.0025455235 
    0    0    0    1    1    1    1    0    7    0    7    0 -0.0655128393 0.0025455235 
    0    0    0    1    1    1    1    0    7    0    7    1 0.0000000000 0.0000000000 
    0    0    0    1    1    1    1    0    7    1    7    0 0.0000000000 -0.0000000000 
    0    0    0    1    1    1    1    0    7    1    7    1 -0.0655128393 -0.0025455235 
    0    0    0    1    1    1    1    1    7    0    7    0 0.0000000000 0.0000000000 
    0    0    0    1    1    1    1    1    7    0    7    1 -0.0315823378 -0.0000000000 
    0    0    0    1    1    1    1    1    7    1    7    0 0.0083430754 0.0000000000 
    0    0    0    1    1    1    1    1    7    1    7    1 0.0000000000 0.0000000000 
    0    1    0    0    1    0    1    0    7    0    7    0 0.0000000000 0.0000000000 
    0    1    0    0    1    0    1    0    7    0    7    1 0.0083430754 0.0000000000 
    0    1    0    0    1    0    1    0    7    1    7    0 -0.0315823378 0.0000000000 
    0    1    0    0    1    0    1    0    7    1    7    1 0.0000000000 -0.0000000000 
    0    1    0    0    1    0    1    1    7    0    7    0 -0.0655128393 -0.0025455235 
    0    1    0    0    1    0    1    1    7    0    7    1 0.0000000000 0.0000000000 
    0    1    0    0    1    0    1    1    7    1    7    0 0.0000000000 -0.0000000000 
    0    1    0    0    1    0    1    1    7    1    7    1 -0.0655128393 0.0025455235 
    0    1    0    0    1    1    1    0    7    0    7    0 -0.0655128393 -0.0025455235 
    0    1    0    0    1    1    1    0    7    0    7    1 -0.0000000000 0.0000000000 
    0    1    0    0    1    1    1    0    7    1    7    0 0.0000000000 0.0000000000 
    0    1    0    0    1    1    1    0    7    1    7    1 -0.0655128393 0.0025455235 
    0    1    0    0    1    1    1    1    7    0    7    0 0.0000000000 -0.0000000000 
    0    1    0    0    1    1    1    1    7    0    7    1 0.0083430754 -0.0000000000 
    0    1    0    0    1    1    1    1    7    1    7    0 -0.0315823378 0.0000000000 
    0    1    0    0    1    1    1    1    7    1    7    1 0.0000000000 -0.0000000000 
    0    1    0    1    1    0    1    0    7    0    7    0 0.1184215096 0.0000000000 
    0    1    0    1    1    0    1    0    7    0    7    1 -0.0000000000 -0.0000000000 
    0    1    0    1    1    0    1    0    7    1    7    0 -0.0000000000 0.0000000000 
    0    1    0    1    1    0    1    0    7    1    7    1 0.1315784904 0.0000000000 
    0    1    0    1    1    0    1    1    7    0    7    0 -0.0000000000 -0.0000000000 
    0    1    0    1    1    0    1    1    7    0    7    1 0.0094004791 0.0225958233 
    0    1    0    1    1    0    1    1    7    1    7    0 0.0094004791 -0.0225958233 
    0    1    0    1    1    0    1    1    7    1    7    1 -0.0000000000 -0.0000000000 
    0    1    0    1    1    1    1    0    7    0    7    0 -0.0000000000 0.0000000000 
    0    1    0    1    1    1    1    0    7    0    7    1 0.0094004791 0.0225958233 
    0    1    0    1    1    1    1    0    7    1    7    0 0.0094004791 -0.0225958233 
    0    1    0    1    1    1    1    0    7    1    7    1 -0.0000000000 0.0000000000 
    0    1    0    1    1    1    1    1    7    0    7    0 0.1184215096 0.0000000000 
    0    1    0    1    1    1    1    1    7    0    7    1 -0.0000000000 -0.0000000000 
    0    1    0    1    1    1    1    1    7    1    7    0 -0.0000000000 0.0000000000 
    0    1    0    1    1    1    1    1    7    1    7    1 0.1315784904 0.0000000000 
    0    0    0    0    2    0    2    0    3    0    3    0 0.1196778894 0.0000000000 
    0    0    0    0    2    0    2    0    3    0    3    1 0.0000000000 -0.0000000000 
    0    0    0    0    2    0    2    0    3    1    3    0 0.0000000000 0.0000000000 
    0    0    0    0    2    0    2    0    3    1    3    1 0.1196778894 0.0000000000 
    0    0    0    0    2    0    2    1    3    0    3    0 -0.0000000000 -0.0000000000 
    0    0    0    0    2    0    2    1    3    0    3    1 -0.0655128393 -0.0066642671 
    0    0    0    0    2    0    2    1    3    1    3    0 -0.0655128393 -0.0066642671 
    0    0    0    0    2    0    2    1    3    1    3    1 -0.0000000000 0.0000000000 
    0    0    0    0    2    1    2    0    3    0    3    0 -0.0000000000 0.0000000000 
    0    0    0    0    2    1    2    0    3    0    3    1 -0.0655128393 0.0066642671 
    0    0    0    0    2    1    2    0    3    1    3    0 -0.0655128393 0.0066642671 
    0    0    0    0    2    1    2    0    3    1    3    1 -0.0000000000 -0.0000000000 
    0    0    0    0    2    1    2    1    3    0    3    0 0.1303221106 0.0000000000 
    0    0    0    0    2    1    2    1    3    0    3    1 0.0000000000 -0.0000000000 
    0    0    0    0    2    1    2    1    3    1    3    0 0.0000000000 0.0000000000 
    0    0    0    0    2    1    2    1    3    1    3    1 0.1303221106 0.0000000000 
    0    0    0    1    2    0    2    0    3    0    3    0 -0.0000000000 0.0000000000 
    0    0    0    1    2    0    2    0    3    0    3    1 0.0565891895 -0.0066642671 
    0    0    0    1    2    0    2    0    3    1    3    0 -0.0565891895 0.0066642671 
    0    0    0    1    2    0    2    0    3    1    3    1 0.0000000000 0.0000000000 
    0    0    0    1    2    0    2    1    3    0    3    0 -0.0000000000 0.0092097907 
    0    0    0    1    2    0    2    1    3    0    3    1 -0.0000000000 -0.0000000000 
    0    0    0    1    2    0    2    1    3    1    3    0 -0.0000000000 -0.0000000000 
    0    0    0    1    2    0    2    1    3    1    3    1 0.0000000000 -0.0092097907 
    0    0    0    1    2    1    2    0    3    0    3    0 -0.0000000000 -0.0092097907 
    0    0    0    1    2    1    2    0    3    0    3    1 -0.0000000000 0.0000000000 
    0    0    0    1    2    1    2    0    3    1    3    0 0.0000000000 0.0000000000 
    0    0    0    1    2    1    2    0    3    1    3    1 -0.0000000000 0.0092097907 
    0    0    0    1    2    1    2    1    3    0    3    0 0.0000000000 -0.0000000000 
    0    0    0    1    2    1    2    1    3    0    3    1 0.0565891895 0.0066642671 
    0    0    0    1    2    1    2    1    3    1    3    0 -0.0565891895 -0.0066642671 
    0    0    0    1    2    1    2    1    3    1    3    1 -0.0000000000 -0.0000000000 
    0    1    0    0    2    0    2    0    3    0    3    0 -0.0000000000 -0.0000000000 
    0    1    0    0    2    0    2    0    3    0    3    1 -0.0565891895 -0.0066642671 
    0    1    0    0    2    0    2    0    3    1    3    0 0.0565891895 0.0066642671 
    0    1    0    0    2    0    2    0    3    1    3    1 0.0000000000 -0.0000000000 
    0    1    0    0    2    0    2    1    3    0    3    0 -0.0000000000 0.0092097907 
    0    1    0    0    2    0    2    1    3    0    3    1 0.0000000000 -0.0000000000 
    0    1    0    0    2    0    2    1    3    1    3    0 -0.0000000000 -0.0000000000 
    0    1    0    0    2    0    2    1    3    1    3    1 -0.0000000000 -0.0092097907 
    0    1    0    0    2    1    2    0    3    0    3    0 -0.0000000000 -0.0092097907 
    0    1    0    0    2    1    2    0    3    0    3    1 -0.0000000000 0.0000000000 
    0    1    0    0    2    1    2    0    3    1    3    0 -0.0000000000 0.0000000000 
    0    1    0    0    2    1    2    0    3    1    3    1 0.0000000000 0.0092097907 
    0    1    0    0    2    1    2    1    3    0    3    0 0.0000000000 0.0000000000 
    0    1    0    0    2    1    2    1    3    0    3    1 -0.0565891895 0.0066642671 
    0    1    0    0    2    1    2    1    3    1    3    0 0.0565891895 -0.0066642671 
    0    1    0    0    2    1    2    1    3    1    3    1 -0.0000000000 0.0000000000 
    0    1    0    1    2    0    2    0    3    0    3    0 0.1303221106 0.0000000000 
    0    1    0    1    2    0    2    0    3    0    3    1 0.0000000000 -0.0000000000 
    0    1    0    1    2    0    2    0    3    1    3    0 0.0000000000 0.0000000000 
    0    1    0    1    2    0    2    0    3    1    3    1 0.1303221106 0.0000000000 
    0    1    0    1    2    0    2    1    3    0    3    0 -0.0000000000 0.0000000000 
    0    1    0    1    2    0    2    1    3    0    3    1 -0.0655128393 0.0066642671 
    0    1    0    1    2    0    2    1    3    1    3    0 -0.0655128393 0.0066642671 
    0    1    0    1    2    0    2    1    3    1    3    1 -0.0000000000 -0.0000000000 
    0    1    0    1    2    1    2    0    3    0    3    0 -0.0000000000 -0.0000000000 
    0    1    0    1    2    1    2    0    3    0    3    1 -0.0655128393 -0.0066642671 
    0    1    0    1    2    1    2    0    3    1    3    0 -0.0655128393 -0.0066642671 
    0    1    0    1    2    1    2    0    3    1    3    1 -0.0000000000 0.0000000000 
    0    1    0    1    2    1    2    1    3    0    3    0 0.1196778894 0.0000000000 
    0    1    0    1    2    1    2    1    3    0    3    1 0.0000000000 0.0000000000 
    0    1    0    1    2    1    2    1    3    1    3    0 0.0000000000 -0.0000000000 
    0    1    0    1    2    1    2    1    3    1    3    1 0.1196778894 0.0000000000 
    0    0    0    0    2    0    2    0    4    0    4    0 0.1196778894 0.0000000000 
    0    0    0    0    2    0    2    0    4    0    4    1 -0.0000000000 0.0000000000 
    0    0    0    0    2    0    2    0    4    1    4    0 -0.0000000000 -0.0000000000 
    0    0    0    0    2    0    2    0    4    1    4    1 0.1196778894 0.0000000000 
    0    0    0    0    2    0    2    1    4    0    4    0 -0.0000000000 -0.0000000000 
    0    0    0    0    2    0    2    1    4    0    4    1 0.0094004791 0.0279299736 
    0    0    0    0    2    0    2    1    4    1    4    0 0.0094004791 0.0279299736 
    0    0    0    0    2    0    2    1    4    1    4    1 -0.0000000000 -0.0000000000 
    0    0    0    0    2    1    2    0    4    0    4    0 -0.0000000000 0.0000000000 
    0    0    0    0    2    1    2    0    4    0    4    1 0.0094004791 -0.0279299736 
    0    0    0    0    2    1    2    0    4    1    4    0 0.0094004791 -0.0279299736 
    0    0    0    0    2    1    2    0    4    1    4    1 -0.0000000000 0.0000000000 
    0    0    0    0    2    1    2    1    4    0    4    0 0.1303221106 0.0000000000 
    0    0    0    0    2    1    2    1    4    0    4    1 -0.0000000000 0.0000000000 
    0    0    0    0    2    1    2    1    4    1    4    0 -0.0000000000 -0.0000000000 
    0    0    0    0    2    1    2    1    4    1    4    1 0.1303221106 0.0000000000 
    0    0    0    1    2    0    2    0    4    0    4    0 0.0000000000 0.0000000000 
    0    0    0    1    2    0    2    0    4    0    4    1 0.0161501689 0.0038879953 
    0    0    0    1    2    0    2    0    4    1    4    0 -0.0161501689 -0.0038879953 
    0    0    0    1    2    0    2    0    4    1    4    1 0.0000000000 0.0000000000 
    0    0    0    1    2    0    2    1    4    0    4    0 -0.0000000000 -0.0031464401 
    0    0    0    1    2    0    2    1    4    0    4    1 0.0000000000 -0.0000000000 
    0    0    0    1    2    0    2    1    4    1    4    0 -0.0000000000 0.0000000000 
    0    0    0    1    2    0    2    1    4    1    4    1 0.0000000000 0.0031464401 
    0    0    0    1    2    1    2    0    4    0    4    0 -0.0000000000 -0.0031464401 
    0    0    0    1    2    1    2    0    4    0    4    1 -0.0000000000 0.0000000000 
    0    0    0    1    2    1    2    0    4    1    4    0 0.0000000000 -0.0000000000 
    0    0    0    1    2    1    2    0    4    1    4    1 -0.0000000000 0.0031464401 
    0    0    0    1    2    1    2    1    4    0    4    0 0.0000000000 0.0000000000 
    0    0    0    1    2    1    2    1    4    0    4    1 0.0161501689 -0.0038879953 
    0    0    0    1    2    1    2    1    4    1    4    0 -0.0161501689 0.0038879953 
    0    0    0    1    2    1    2    1    4    1    4    1 0.0000000000 -0.0000000000 
    0    1    0    0    2    0    2    0    4    0    4    0 0.0000000000 -0.0000000000 
    0    1    0    0    2    0    2    0    4    0    4    1 -0.0161501689 0.0038879953 
    0    1    0    0    2    0    2    0    4    1    4    0 0.0161501689 -0.0038879953 
    0    1    0    0    2    0    2    0    4    1    4    1 0.0000000000 -0.0000000000 
    0    1    0    0    2    0    2    1    4    0    4    0 -0.0000000000 0.0031464401 
    0    1    0    0    2    0    2    1    4    0    4    1 0.0000000000 0.0000000000 
    0    1    0    0    2    0    2    1    4    1    4    0 -0.0000000000 -0.0000000000 
    0    1    0    0    2    0    2    1    4    1    4    1 -0.0000000000 -0.0031464401 
    0    1    0    0    2    1    2    0    4    0    4    0 -0.0000000000 0.0031464401 
    0    1    0    0    2    1    2    0    4    0    4    1 -0.0000000000 -0.0000000000 
    0    1    0    0    2    1    2    0    4    1    4    0 0.0000000000 0.0000000000 
    0    1    0    0    2    1    2    0    4    1    4    1 0.0000000000 -0.0031464401 
    0    1    0    0    2    1    2    1    4    0    4    0 0.0000000000 -0.0000000000 
    0    1    0    0    2    1    2    1    4    0    4    1 -0.0161501689 -0.0038879953 
    0    1    0    0    2    1    2    1    4    1    4    0 0.0161501689 0.0038879953 
    0    1    0    0    2    1    2    1    4    1    4    1 0.0000000000 0.0000000000 
    0    1    0    1    2    0    2    0    4    0    4    0 0.1303221106 0.0000000000 
    0    1    0    1    2    0    2    0    4    0    4    1 -0.0000000000 0.0000000000 
    0    1    0    1    2    0    2    0    4    1    4    0 -0.0000000000 -0.0000000000 
    0    1    0    1    2    0    2    0    4    1    4    1 0.1303221106 0.0000000000 
    0    1    0    1    2    0    2    1    4    0    4    0 -0.0000000000 0.0000000000 
    0    1    0    1    2    0    2    1    4    0    4    1 0.0094004791 -0.0279299736 
    0    1    0    1    2    0    2    1    4    1    4    0 0.0094004791 -0.0279299736 
    0    1    0    1    2    0    2    1    4    1    4    1 -0.0000000000 -0.0000000000 
    0    1    0    1    2    1    2    0    4    0    4    0 -0.0000000000 -0.0000000000 
    0    1    0    1    2    1    2    0    4    0    4    1 0.0094004791 0.0279299736 
    0    1    0    1    2    1    2    0    4    1    4    0 0.0094004791 0.0279299736 
    0    1    0    1    2    1    2    0    4    1    4    1 -0.0000000000 0.0000000000 
    0    1    0    1    2    1    2    1    4    0    4    0 0.1196778894 0.0000000000 
    0    1    0    1    2    1    2    1    4    0    4    1 -0.0000000000 0.0000000000 
    0    1    0    1    2    1    2    1    4    1    4    0 -0.0000000000 -0.0000000000 
    0    1    0    1    2    1    2    1    4    1    4    1 0.1196778894 0.0000000000 
    0    0    0    0    2    0    2    0    5    0    5    0 0.0461041600 0.0000000000 
    0    0    0    0    2    0    2    0    5    0    5    1 0.0000000000 -0.0000000000 
    0    0    0    0    2    0    2    0    5    1    5    0 0.0000000000 0.0000000000 
    0    0    0    0    2    0    2    0    5    1    5    1 0.1932516188 0.0000000000 
    0    0    0    0    2    0    2    1    5    0    5    0 -0.0000000000 -0.0000000000 
    0    0    0    0    2    0    2    1    5    0    5    1 -0.0315823378 -0.0257412776 
    0    0    0    0    2    0    2    1    5    1    5    0 0.0083430754 -0.0194503690 
    0    0    0    0    2    0    2    1    5    1    5    1 -0.0000000000 -0.0000000000 
    0    0    0    0    2    1    2    0    5    0    5    0 -0.0000000000 0.0000000000 
    0    0    0    0    2    1    2    0    5    0    5    1 0.0083430754 0.0194503690 
    0    0    0    0    2    1    2    0    5    1    5    0 -0.0315823378 0.0257412776 
    0    0    0    0    2    1    2    0    5    1    5    1 -0.0000000000 0.0000000000 
    0    0    0    0    2    1    2    1    5    0    5    0 0.0435914003 0.0000000000 
    0    0    0    0    2    1    2    1    5    0    5    1 0.0000000000 -0.0000000000 
    0    0    0    0    2    1    2    1    5    1    5    0 0.0000000000 0.0000000000 
    0    0    0    0    2    1    2    1    5    1    5    1 0.2170528209 0.0000000000 
    0    0    0    1    2    0    2    0    5    0    5    0 0.0000000000 0.0000000000 
    0    0    0    1    2    0    2    0    5    0    5    1 0.0000000000 -0.0000000000 
    0    0    0    1    2    0    2    0    5    1    5    0 0.0000000000 0.0000000000 
    0    0    0    1    2    0    2    0    5    1    5    1 0.0000000000 0.0000000000 
    0    0    0    1    2    0    2    1    5    0    5    0 0.0000000000 -0.0000000000 
    0    0    0    1    2    0    2    1    5    0    5    1 -0.0000000000 0.0000000000 
    0    0    0    1    2    0    2    1    5    1    5    0 0.0000000000 -0.0000000000 
    0    0    0    1    2    0    2    1    5    1    5    1 -0.0000000000 0.0000000000 
    0    0    0    1    2    1    2    0    5    0    5    0 -0.0000000000 -0.0000000000 
    0    0    0    1    2    1    2    0    5    0    5    1 0.0000000000 -0.0000000000 
    0    0    0    1    2    1    2    0    5    1    5    0 0.0000000000 -0.0000000000 
    0    0    0    1    2    1    2    0    5    1    5    1 -0.0000000000 0.0000000000 
    0    0    0    1    2    1    2    1    5    0    5    0 0.0000000000 -0.0000000000 
    0    0    0    1    2    1    2    1    5    0    5    1 0.0000000000 0.0000000000 
    0    0    0    1    2    1    2    1    5    1    5    0 0.0000000000 -0.0000000000 
    0    0    0    1    2    1    2    1    5    1    5    1 0.0000000000 -0.0000000000 
    0    1    0    0    2    0    2    0    5    0    5    0 0.0000000000 -0.0000000000 
    0    1    0    0    2    0    2    0    5    0    5    1 0.0000000000 -0.0000000000 
    0    1    0    0    2    0    2    0    5    1    5    0 0.0000000000 0.0000000000 
    0    1    0    0    2    0    2    0    5    1    5    1 0.0000000000 -0.0000000000 
    0    1    0    0    2    0    2    1    5    0    5    0 -0.0000000000 0.0000000000 
    0    1    0    0    2    0    2    1    5    0    5    1 0.0000000000 0.0000000000 
    0    1    0    0    2    0    2    1    5    1    5    0 0.0000000000 0.0000000000 
    0    1    0    0    2    0    2    1    5    1    5    1 -0.0000000000 -0.0000000000 
    0    1    0    0    2    1    2    0    5    0    5    0 0.0000000000 0.0000000000 
    0    1    0    0    2    1    2    0    5    0    5    1 0.0000000000 0.0000000000 
    0    1    0    0    2    1    2    0    5    1    5    0 -0.0000000000 -0.0000000000 
    0    1    0    0    2    1    2    0    5    1    5    1 -0.0000000000 -0.0000000000 
    0    1    0    0    2    1    2    1    5    0    5    0 0.0000000000 0.0000000000 
    0    1    0    0    2    1    2    1    5    0    5    1 0.0000000000 0.0000000000 
    0    1    0    0    2    1    2    1    5    1    5    0 0.0000000000 -0.0000000000 
    0    1    0    0    2    1    2    1    5    1    5    1 0.0000000000 0.0000000000 
    0    1    0    1    2    0    2    0    5    0    5    0 0.2170528209 0.0000000000 
    0    1    0    1    2    0    2    0    5    0    5    1 0.0000000000 -0.0000000000 
    0    1    0    1    2    0    2    0    5    1    5    0 0.0000000000 0.0000000000 
    0    1    0    1    2    0    2    0    5    1    5    1 0.0435914003 0.0000000000 
    0    1    0    1    2    0    2    1    5    0    5    0 -0.0000000000 -0.0000000000 
    0    1    0    1    2    0    2    1    5    0    5    1 -0.0315823378 0.0257412776 
    0    1    0    1    2    0    2    1    5    1    5    0 0.0083430754 0.0194503690 
    0    1    0    1    2    0    2    1    5    1    5    1 -0.0000000000 0.0000000000 
    0    1    0    1    2    1    2    0    5    0    5    0 -0.0000000000 0.0000000000 
    0    1    0    1    2    1    2    0    5    0    5    1 0.0083430754 -0.0194503690 
    0    1    0    1    2    1    2    0    5    1    5    0 -0.0315823378 -0.0257412776 
    0    1    0    1    2    1    2    0    5    1    5    1 -0.0000000000 -0.0000000000 
    0    1    0    1    2    1    2    1    5    0    5    0 0.1932516188 0.0000000000 
    0    1    0    1    2    1    2    1    5    0    5    1 0.0000000000 0.0000000000 
    0    1    0    1    2    1    2    1    5    1    5    0 0.0000000000 -0.0000000000 
    0    1    0    1    2    1    2    1    5    1    5    1 0.0461041600 0.0000000000 
    0    0    0    0    2    0    2    0    6    0    6    0 0.1196778894 0.0000000000 
    0    0    0    0    2    0    2    0    6    0    6    1 0.0000000000 0.0000000000 
    0    0    0    0    2    0    2    0    6    1    6    0 0.0000000000 -0.0000000000 
    0    0    0    0    2    0    2    0    6    1    6    1 0.1196778894 0.0000000000 
    0    0    0    0    2    0    2    1    6    0    6    0 -0.0000000000 -0.0000000000 
    0    0    0    0    2    0    2    1    6    0    6    1 0.0161501689 0.0038879953 
    0    0    0    0    2    0    2    1    6    1    6    0 -0.0161501689 -0.0038879953 
    0    0    0    0    2    0    2    1    6    1    6    1 -0.0000000000 -0.0000000000 
    0    0    0    0    2    1    2    0    6    0    6    0 -0.0000000000 0.0000000000 
    0    0    0    0    2    1    2    0    6    0    6    1 -0.0161501689 0.0038879953 
    0    0    0    0    2    1    2    0    6    1    6    0 0.0161501689 -0.0038879953 
    0    0    0    0    2    1    2    0    6    1    6    1 -0.0000000000 0.0000000000 
    0    0    0    0    2    1    2    1    6    0    6    0 0.1303221106 0.0000000000 
    0    0    0    0    2    1    2    1    6    0    6    1 -0.0000000000 -0.0000000000 
    0    0    0    0    2    1    2    1    6    1    6    0 -0.0000000000 0.0000000000 
    0    0    0    0    2    1    2    1    6    1    6    1 0.1303221106 0.0000000000 
    0    0    0    1    2    0    2    0    6    0    6    0 0.0000000000 0.0000000000 
    0    0    0    1    2    0    2    0    6    0    6    1 0.0094004791 0.0279299736 
    0    0    0    1    2    0    2    0    6    1    6    0 0.0094004791 0.0279299736 
    0    0    0    1    2    0    2    0    6    1    6    1 0.0000000000 0.0000000000 
    0    0    0    1    2    0    2    1    6    0    6    0 0.0000000000 -0.0031464401 
    0    0    0    1    2    0    2    1    6    0    6    1 -0.0000000000 -0.0000000000 
    0    0    0    1    2    0    2    1    6    1    6    0 -0.0000000000 0.0000000000 
    0    0    0    1    2    0    2    1    6    1    6    1 -0.0000000000 0.0031464401 
    0    0    0    1    2    1    2    0    6    0    6    0 -0.0000000000 0.0031464401 
    0    0    0    1    2    1    2    0    6    0    6    1 -0.0000000000 0.0000000000 
    0    0    0    1    2    1    2    0    6    1    6    0 -0.0000000000 0.0000000000 
    0    0    0    1    2    1    2    0    6    1    6    1 -0.0000000000 -0.0031464401 
    0    0    0    1    2    1    2    1    6    0    6    0 0.0000000000 -0.0000000000 
    0    0    0    1    2    1    2    1    6    0    6    1 0.0094004791 -0.0279299736 
    0    0    0    1    2    1    2    1    6    1    6    0 0.0094004791 -0.0279299736 
    0    0    0    1    2    1    2    1    6    1    6    1 0.0000000000 -0.0000000000 
    0    1    0    0    2    0    2    0    6    0    6    0 0.0000000000 -0.0000000000 
    0    1    0    0    2    0    2    0    6    0    6    1 0.0094004791 -0.0279299736 
    0    1    0    0    2    0    2    0    6    1    6    0 0.0094004791 -0.0279299736 
    0    1    0    0    2    0    2    0    6    1    6    1 0.0000000000 -0.0000000000 
    0    1    0    0    2    0    2    1    6    0    6    0 -0.0000000000 -0.0031464401 
    0    1    0    0    2    0    2    1    6    0    6    1 -0.0000000000 -0.0000000000 
    0    1    0    0    2    0    2    1    6    1    6    0 -0.0000000000 -0.0000000000 
    0    1    0    0    2    0    2    1    6    1    6    1 -0.0000000000 0.0031464401 
    0    1    0    0    2    1    2    0    6    0    6    0 0.0000000000 0.0031464401 
    0    1    0    0    2    1    2    0    6    0    6    1 -0.0000000000 -0.0000000000 
    0    1    0    0    2    1    2    0    6    1    6    0 -0.0000000000 0.0000000000 
    0    1    0    0    2    1    2    0    6    1    6    1 -0.0000000000 -0.0031464401 
    0    1    0    0    2    1    2    1    6    0    6    0 0.0000000000 0.0000000000 
    0    1    0    0    2    1    2    1    6    0    6    1 0.0094004791 0.0279299736 
    0    1    0    0    2    1    2    1    6    1    6    0 0.0094004791 0.0279299736 
    0    1    0    0    2    1    2    1    6    1    6    1 0.0000000000 0.0000000000 
    0    1    0    1    2    0    2    0    6    0    6    0 0.1303221106 0.0000000000 
    0    1    0    1    2    0    2    0    6    0    6    1 0.0000000000 0.0000000000 
    0    1    0    1    2    0    2    0    6    1    6    0 0.0000000000 -0.0000000000 
    0    1    0    1    2    0    2    0    6    1    6    1 0.1303221106 0.0000000000 
    0    1    0    1    2    0    2    1    6    0    6    0 -0.0000000000 -0.0000000000 
    0    1    0    1    2    0    2    1    6    0    6    1 0.0161501689 -0.0038879953 
    0    1    0    1    2    0    2    1    6    1    6    0 -0.0161501689 0.0038879953 
    0    1    0    1    2    0    2    1    6    1    6    1 -0.0000000000 0.0000000000 
    0    1    0    1    2    1    2    0    6    0    6    0 -0.0000000000 0.0000000000 
    0    1    0    1    2    1    2    0    6    0    6    1 -0.0161501689 -0.0038879953 
    0    1    0    1    2    1    2    0    6    1    6    0 0.0161501689 0.0038879953 
    0    1    0    1    2    1    2    0    6    1    6    1 -0.0000000000 -0.0000000000 
    0    1    0    1    2    1    2    1    6    0    6    0 0.1196778894 0.0000000000 
    0    1    0    1    2    1    2    1    6    0    6    1 0.0000000000 -0.0000000000 
    0    1    0    1    2    1    2    1    6    1    6    0 0.0000000000 0.0000000000 
    0    1    0    1    2    1    2    1    6    1    6    1 0.1196778894 0.0000000000 
    0    0    0    0    2    0    2    0    7    0    7    0 0.0461041600 0.0000000000 
    0    0    0    0    2    0    2    0    7    0    7    1 0.0000000000 -0.0000000000 
    0    0    0    0    2    0    2    0    7    1    7    0 0.0000000000 0.0000000000 
    0    0    0    0    2    0    2    0    7    1    7    1 0.1932516188 0.0000000000 
    0    0    0    0    2    0    2    1    7    0    7    0 -0.0000000000 -0.0000000000 
    0    0    0    0    2    0    2    1    7    0    7    1 -0.0000000000 -0.0000000000 
    0    0    0    0    2    0    2    1    7    1    7    0 0.0000000000 0.0000000000 
    0    0    0    0    2    0    2    1    7    1    7    1 -0.0000000000 -0.0000000000 
    0    0    0    0    2    1    2    0    7    0    7    0 -0.0000000000 0.0000000000 
    0    0    0    0    2    1    2    0    7    0    7    1 0.0000000000 -0.0000000000 
    0    0    0    0    2    1    2    0    7    1    7    0 -0.0000000000 0.0000000000 
    0    0    0    0    2    1    2    0    7    1    7    1 -0.0000000000 0.0000000000 
    0    0    0    0    2    1    2    1    7    0    7    0 0.2170528209 0.0000000000 
    0    0    0    0    2    1    2    1    7    0    7    1 0.0000000000 0.0000000000 
    0    0    0    0    2    1    2    1    7    1    7    0 0.0000000000 -0.0000000000 
    0    0    0    0    2    1    2    1    7    1    7    1 0.0435914003 0.0000000000 
    0    0    0    1    2    0    2    0    7    0    7    0 0.0000000000 -0.0000000000 
    0    0    0    1    2    0    2    0    7    0    7    1 -0.0315823378 -0.0257412776 
    0    0    0    1    2    0    2    0    7    1    7    0 0.0083430754 -0.0194503690 
    0    0    0    1    2    0    2    0    7    1    7    1 0.0000000000 0.0000000000 
    0    0    0    1    2    0    2    1    7    0    7    0 -0.0000000000 -0.0000000000 
    0    0    0    1    2    0    2    1    7    0    7    1 0.0000000000 0.0000000000 
    0    0    0    1    2    0    2    1    7    1    7    0 0.0000000000 -0.0000000000 
    0    0    0    1    2    0    2    1    7    1    7    1 0.0000000000 0.0000000000 
    0    0    0    1    2    1    2    0    7    0    7    0 -0.0000000000 -0.0000000000 
    0    0    0    1    2    1    2    0    7    0    7    1 0.0000000000 -0.0000000000 
    0    0    0    1    2    1    2    0    7    1    7    0 -0.0000000000 -0.0000000000 
    0    0    0    1    2    1    2    0    7    1    7    1 -0.0000000000 -0.0000000000 
    0    0    0    1    2    1    2    1    7    0    7    0 0.0000000000 -0.0000000000 
    0    0    0    1    2    1    2    1    7    0    7    1 -0.0315823378 0.0257412776 
    0    0    0    1    2    1    2    1    7    1    7    0 0.0083430754 0.0194503690 
    0    0    0    1    2    1    2    1    7    1    7    1 0.0000000000 0.0000000000 
    0    1    0    0    2    0    2    0    7    0    7    0 0.0000000000 0.0000000000 
    0    1    0    0    2    0    2    0    7    0    7    1 0.0083430754 0.0194503690 
    0    1    0    0    2    0    2    0    7    1    7    0 -0.0315823378 0.0257412776 
    0    1    0    0    2    0    2    0    7    1    7    1 0.0000000000 -0.0000000000 
    0    1    0    0    2    0    2    1    7    0    7    0 -0.0000000000 0.0000000000 
    0    1    0    0    2    0    2    1    7    0    7    1 -0.0000000000 0.0000000000 
    0    1    0    0    2    0    2    1    7    1    7    0 0.0000000000 0.0000000000 
    0    1    0    0    2    0    2    1    7    1    7    1 -0.0000000000 0.0000000000 
    0    1    0    0    2    1    2    0    7    0    7    0 -0.0000000000 0.0000000000 
    0    1    0    0    2    1    2    0    7    0    7    1 0.0000000000 0.0000000000 
    0    1    0    0    2    1    2    0    7    1    7    0 0.0000000000 -0.0000000000 
    0    1    0    0    2    1    2    0    7    1    7    1 0.0000000000 -0.0000000000 
    0    1    0    0    2    1    2    1    7    0    7    0 0.0000000000 0.0000000000 
    0    1    0    0    2    1    2    1    7    0    7    1 0.0083430754 -0.0194503690 
    0    1    0    0    2    1    2    1    7    1    7    0 -0.0315823378 -0.0257412776 
    0    1    0    0    2    1    2    1    7    1    7    1 0.0000000000 -0.0000000000 
    0    1    0    1    2    0    2    0    7    0    7    0 0.0435914003 0.0000000000 
    0    1    0    1    2    0    2    0    7    0    7    1 -0.0000000000 -0.0000000000 
    0    1    0    1    2    0    2    0    7    1    7    0 -0.0000000000 0.0000000000 
    0    1    0    1    2    0    2    0    7    1    7    1 0.2170528209 0.0000000000 
    0    1    0    1    2    0    2    1    7    0    7    0 -0.0000000000 -0.0000000000 
    0    1    0    1    2    0    2    1    7    0    7    1 0.0000000000 0.0000000000 
    0    1    0    1    2    0    2    1    7    1    7    0 0.0000000000 0.0000000000 
    0    1    0    1    2    0    2    1    7    1    7    1 -0.0000000000 0.0000000000 
    0    1    0    1    2    1    2    0    7    0    7    0 -0.0000000000 0.0000000000 
    0    1    0    1    2    1    2    0    7    0    7    1 0.0000000000 -0.0000000000 
    0    1    0    1    2    1    2    0    7    1    7    0 0.0000000000 -0.0000000000 
    0    1    0    1    2    1    2    0    7    1    7    1 -0.0000000000 -0.0000000000 
    0    1    0    1    2    1    2    1    7    0    7    0 0.1932516188 0.0000000000 
    0    1    0    1    2    1    2    1    7    0    7    1 -0.0000000000 -0.0000000000 
    0    1    0    1    2    1    2    1    7    1    7    0 -0.0000000000 0.0000000000 
    0    1    0    1    2    1    2    1    7    1    7    1 0.0461041600 0.0000000000 
    0    0    0    0    3    0    3    0    4    0    4    0 0.1315784904 0.0000000000 
    0    0    0    0    3    0    3    0    4    0    4    1 -0.0000000000 0.0000000000 
    0    0    0    0    3    0    3    0    4    1    4    0 -0.0000000000 -0.0000000000 
    0    0    0    0    3    0    3    0    4    1    4    1 0.1184215096 0.0000000000 
    0    0    0    0    3    0    3    1    4    0    4    0 0.0000000000 -0.0000000000 
    0    0    0    0    3    0    3    1    4    0    4    1 -0.0315823378 -0.0000000000 
    0    0    0    0    3    0    3    1    4    1    4    0 0.0083430754 0.0000000000 
    0    0    0    0    3    0    3    1    4    1    4    1 0.0000000000 -0.0000000000 
    0    0    0    0    3    1    3    0    4    0    4    0 0.0000000000 0.0000000000 
    0    0    0    0    3    1    3    0    4    0    4    1 0.0083430754 -0.0000000000 
    0    0    0    0    3    1    3    0    4    1    4    0 -0.0315823378 0.0000000000 
    0    0    0    0    3    1    3    0    4    1    4    1 0.0000000000 0.0000000000 
    0    0    0    0    3    1    3    1    4    0    4    0 0.1184215096 0.0000000000 
    0    0    0    0    3    1    3    1    4    0    4    1 -0.0000000000 -0.0000000000 
    0    0    0    0    3    1    3    1    4    1    4    0 -0.0000000000 0.0000000000 
    0    0    0    0    3    1    3    1    4    1    4    1 0.1315784904 0.0000000000 
    0    0    0    1    3    0    3    0    4    0    4    0 0.0000000000 0.0000000000 
    0    0    0    1    3    0    3    0    4    0    4    1 0.0161501689 -0.0031454543 
    0    0    0    1    3    0    3    0    4    1    4    0 -0.0161501689 -0.0031454543 
    0    0    0    1    3    0    3    0    4    1    4    1 0.0000000000 -0.0000000000 
    0    0    0    1    3    0    3    1    4    0    4    0 0.0565891895 0.0025455235 
    0    0    0    1    3    0    3    1    4    0    4    1 -0.0000000000 0.0000000000 
    0    0    0    1    3    0    3    1    4    1    4    0 0.0000000000 -0.0000000000 
    0    0    0    1    3    0    3    1    4    1    4    1 0.0565891895 -0.0025455235 
    0    0    0    1    3    1    3    0    4    0    4    0 -0.0565891895 0.0025455235 
    0    0    0    1    3    1    3    0    4    0    4    1 0.0000000000 0.0000000000 
    0    0    0    1    3    1    3    0    4    1    4    0 0.0000000000 -0.0000000000 
    0    0    0    1    3    1    3    0    4    1    4    1 -0.0565891895 -0.0025455235 
    0    0    0    1    3    1    3    1    4    0    4    0 0.0000000000 -0.0000000000 
    0    0    0    1    3    1    3    1    4    0    4    1 0.0161501689 0.0031454543 
    0    0    0    1    3    1    3    1    4    1    4    0 -0.0161501689 0.0031454543 
    0    0    0    1    3    1    3    1    4    1    4    1 0.0000000000 -0.0000000000 
    0    1    0    0    3    0    3    0    4    0    4    0 0.0000000000 -0.0000000000 
    0    1    0    0    3    0    3    0    4    0    4    1 -0.0161501689 0.0031454543 
    0    1    0    0    3    0    3    0    4    1    4    0 0.0161501689 0.0031454543 
    0    1    0    0    3    0    3    0    4    1    4    1 0.0000000000 0.0000000000 
    0    1    0    0    3    0    3    1    4    0    4    0 -0.0565891895 -0.0025455235 
    0    1    0    0    3    0    3    1    4    0    4    1 0.0000000000 0.0000000000 
    0    1    0    0    3    0    3    1    4    1    4    0 0.0000000000 -0.0000000000 
    0    1    0    0    3    0    3    1    4    1    4    1 -0.0565891895 0.0025455235 
    0    1    0    0    3    1    3    0    4    0    4    0 0.0565891895 -0.0025455235 
    0    1    0    0    3    1    3    0    4    0    4    1 0.0000000000 0.0000000000 
    0    1    0    0    3    1    3    0    4    1    4    0 -0.0000000000 -0.0000000000 
    0    1    0    0    3    1    3    0    4    1    4    1 0.0565891895 0.0025455235 
    0    1    0    0    3    1    3    1    4    0    4    0 0.0000000000 0.0000000000 
    0    1    0    0    3    1    3    1    4    0    4    1 -0.0161501689 -0.0031454543 
    0    1    0    0    3    1    3    1    4    1    4    0 0.0161501689 -0.0031454543 
    0    1    0    0    3    1    3    1    4    1    4    1 0.0000000000 0.0000000000 
    0    1    0    1    3    0    3    0    4    0    4    0 0.1315784904 0.0000000000 
    0    1    0    1    3    0    3    0    4    0    4    1 -0.0000000000 0.0000000000 
    0    1    0    1    3    0    3    0    4    1    4    0 -0.0000000000 -0.0000000000 
    0    1    0    1    3    0    3    0    4    1    4    1 0.1184215096 0.0000000000 
    0    1    0    1    3    0    3    1    4    0    4    0 0.0000000000 -0.0000000000 
    0    1    0    1    3    0    3    1    4    0    4    1 -0.0315823378 -0.0000000000 
    0    1    0    1    3    0    3    1    4    1    4    0 0.0083430754 -0.0000000000 
    0    1    0    1    3    0    3    1    4    1    4    1 0.0000000000 0.0000000000 
    0    1    0    1    3    1    3    0    4    0    4    0 0.0000000000 0.0000000000 
    0    1    0    1    3    1    3    0    4    0    4    1 0.0083430754 0.0000000000 
    0    1    0    1    3    1    3    0    4    1    4    0 -0.0315823378 0.0000000000 
    0    1    0    1    3    1    3    0    4    1    4    1 0.0000000000 -0.0000000000 
    0    1    0    1    3    1    3    1    4    0    4    0 0.1184215096 0.0000000000 
    0    1    0    1    3    1    3    1    4    0    4    1 0.0000000000 0.0000000000 
    0    1    0    1    3    1    3    1    4    1    4    0 0.0000000000 -0.0000000000 
    0    1    0    1    3    1    3    1    4    1    4    1 0.1315784904 0.0000000000 
    0    0    0    0    3    0    3    0    5    0    5    0 0.0448477801 0.0000000000 
    0    0    0    0    3    0    3    0    5    0    5    1 0.0000000000 -0.0000000000 
    0    0    0    0    3    0    3    0    5    1    5    0 0.0000000000 0.0000000000 
    0    0    0    0    3    0    3    0    5    1    5    1 0.2051522199 0.0000000000 
    0    0    0    0    3    0    3    1    5    0    5    0 0.0000000000 -0.0000000000 
    0    0    0    0    3    0    3    1    5    0    5    1 0.0094004791 0.0082349062 
    0    0    0    0    3    0    3    1    5    1    5    0 0.0094004791 -0.0082349062 
    0    0    0    0    3    0    3    1    5    1    5    1 0.0000000000 -0.0000000000 
    0    0    0    0    3    1    3    0    5    0    5    0 0.0000000000 0.0000000000 
    0    0    0    0    3    1    3    0    5    0    5    1 0.0094004791 0.0082349062 
    0    0    0    0    3    1    3    0    5    1    5    0 0.0094004791 -0.0082349062 
    0    0    0    0    3    1    3    0    5    1    5    1 0.0000000000 0.0000000000 
    0    0    0    0    3    1    3    1    5    0    5    0 0.0448477801 0.0000000000 
    0    0    0    0    3    1    3    1    5    0    5    1 0.0000000000 0.0000000000 
    0    0    0    0    3    1    3    1    5    1    5    0 0.0000000000 -0.0000000000 
    0    0    0    0    3    1    3    1    5    1    5    1 0.2051522199 0.0000000000 
    0    0    0    1    3    0    3    0    5    0    5    0 0.0000000000 0.0000000000 
    0    0    0    1    3    0    3    0    5    0    5    1 0.0000000000 -0.0031454543 
    0    0    0    1    3    0    3    0    5    1    5    0 0.0000000000 0.0196152667 
    0    0    0    1    3    0    3    0    5    1    5    1 0.0000000000 -0.0000000000 
    0    0    0    1    3    0    3    1    5    0    5    0 0.0565891895 0.0000000000 
    0    0    0    1    3    0    3    1    5    0    5    1 0.0000000000 -0.0000000000 
    0    0    0    1    3    0    3    1    5    1    5    0 -0.0000000000 0.0000000000 
    0    0    0    1    3    0    3    1    5    1    5    1 0.0565891895 -0.0000000000 
    0    0    0    1    3    1    3    0    5    0    5    0 -0.0565891895 -0.0000000000 
    0    0    0    1    3    1    3    0    5    0    5    1 -0.0000000000 -0.0000000000 
    0    0    0    1    3    1    3    0    5    1    5    0 -0.0000000000 0.0000000000 
    0    0    0    1    3    1    3    0    5    1    5    1 -0.0565891895 -0.0000000000 
    0    0    0    1    3    1    3    1    5    0    5    0 0.0000000000 -0.0000000000 
    0    0    0    1    3    1    3    1    5    0    5    1 0.0000000000 0.0031454543 
    0    0    0    1    3    1    3    1    5    1    5    0 0.0000000000 -0.0196152667 
    0    0    0    1    3    1    3    1    5    1    5    1 0.0000000000 0.0000000000 
    0    1    0    0    3    0    3    0    5    0    5    0 0.0000000000 -0.0000000000 
    0    1    0    0    3    0    3    0    5    0    5    1 0.0000000000 -0.0196152667 
    0    1    0    0    3    0    3    0    5    1    5    0 0.0000000000 0.0031454543 
    0    1    0    0    3    0    3    0    5    1    5    1 0.0000000000 0.0000000000 
    0    1    0    0    3    0    3    1    5    0    5    0 -0.0565891895 0.0000000000 
    0    1    0    0    3    0    3    1    5    0    5    1 -0.0000000000 -0.0000000000 
    0    1    0    0    3    0    3    1    5    1    5    0 -0.0000000000 0.0000000000 
    0    1    0    0    3    0    3    1    5    1    5    1 -0.0565891895 0.0000000000 
    0    1    0    0    3    1    3    0    5    0    5    0 0.0565891895 -0.0000000000 
    0    1    0    0    3    1    3    0    5    0    5    1 -0.0000000000 -0.0000000000 
    0    1    0    0    3    1    3    0    5    1    5    0 0.0000000000 0.0000000000 
    0    1    0    0    3    1    3    0    5    1    5    1 0.0565891895 0.0000000000 
    0    1    0    0    3    1    3    1    5    0    5    0 0.0000000000 0.0000000000 
    0    1    0    0    3    1    3    1    5    0    5    1 0.0000000000 0.0196152667 
    0    1    0    0    3    1    3    1    5    1    5    0 0.0000000000 -0.0031454543 
    0    1    0    0    3    1    3    1    5    1    5    1 0.0000000000 -0.0000000000 
    0    1    0    1    3    0    3    0    5    0    5    0 0.2051522199 0.0000000000 
    0    1    0    1    3    0    3    0    5    0    5    1 0.0000000000 -0.0000000000 
    0    1    0    1    3    0    3    0    5    1    5    0 0.0000000000 0.0000000000 
    0    1    0    1    3    0    3    0    5    1    5    1 0.0448477801 0.0000000000 
    0    1    0    1    3    0    3    1    5    0    5    0 0.0000000000 -0.0000000000 
    0    1    0    1    3    0    3    1    5    0    5    1 0.0094004791 -0.0082349062 
    0    1    0    1    3    0    3    1    5    1    5    0 0.0094004791 0.0082349062 
    0    1    0    1    3    0    3    1    5    1    5    1 0.0000000000 0.0000000000 
    0    1    0    1    3    1    3    0    5    0    5    0 0.0000000000 0.0000000000 
    0    1    0    1    3    1    3    0    5    0    5    1 0.0094004791 -0.0082349062 
    0    1    0    1    3    1    3    0    5    1    5    0 0.0094004791 0.0082349062 
    0    1    0    1    3    1    3    0    5    1    5    1 0.0000000000 -0.0000000000 
    0    1    0    1    3    1    3    1    5    0    5    0 0.2051522199 0.0000000000 
    0    1    0    1    3    1    3    1    5    0    5    1 0.0000000000 0.0000000000 
    0    1    0    1    3    1    3    1    5    1    5    0 0.0000000000 -0.0000000000 
    0    1    0    1    3    1    3    1    5    1    5    1 0.0448477801 0.0000000000 
    0    0    0    0    3    0    3    0    6    0    6    0 0.0448477801 0.0000000000 
    0    0    0    0    3    0    3    0    6    0    6    1 -0.0000000000 0.0000000000 
    0    0    0    0    3    0    3    0    6    1    6    0 -0.0000000000 -0.0000000000 
    0    0    0    0    3    0    3    0    6    1    6    1 0.2051522199 0.0000000000 
    0    0    0    0    3    0    3    1    6    0    6    0 0.0000000000 -0.0000000000 
    0    0    0    0    3    0    3    1    6    0    6    1 -0.0000000000 -0.0031454543 
    0    0    0    0    3    0    3    1    6    1    6    0 0.0000000000 0.0196152667 
    0    0    0    0    3    0    3    1    6    1    6    1 0.0000000000 0.0000000000 
    0    0    0    0    3    1    3    0    6    0    6    0 0.0000000000 0.0000000000 
    0    0    0    0    3    1    3    0    6    0    6    1 0.0000000000 -0.0196152667 
    0    0    0    0    3    1    3    0    6    1    6    0 -0.0000000000 0.0031454543 
    0    0    0    0    3    1    3    0    6    1    6    1 0.0000000000 -0.0000000000 
    0    0    0    0    3    1    3    1    6    0    6    0 0.2051522199 0.0000000000 
    0    0    0    0    3    1    3    1    6    0    6    1 0.0000000000 -0.0000000000 
    0    0    0    0    3    1    3    1    6    1    6    0 0.0000000000 0.0000000000 
    0    0    0    0    3    1    3    1    6    1    6    1 0.0448477801 0.0000000000 
    0    0    0    1    3    0    3    0    6    0    6    0 0.0000000000 0.0000000000 
    0    0    0    1    3    0    3    0    6    0    6    1 0.0094004791 0.0082349062 
    0    0    0    1    3    0    3    0    6    1    6    0 0.0094004791 -0.0082349062 
    0    0    0    1    3    0    3    0    6    1    6    1 0.0000000000 0.0000000000 
    0    0    0    1    3    0    3    1    6    0    6    0 0.0565891895 0.0000000000 
    0    0    0    1    3    0    3    1    6    0    6    1 0.0000000000 0.0000000000 
    0    0    0    1    3    0    3    1    6    1    6    0 0.0000000000 -0.0000000000 
    0    0    0    1    3    0    3    1    6    1    6    1 0.0565891895 -0.0000000000 
    0    0    0    1    3    1    3    0    6    0    6    0 -0.0565891895 -0.0000000000 
    0    0    0    1    3    1    3    0    6    0    6    1 0.0000000000 0.0000000000 
    0    0    0    1    3    1    3    0    6    1    6    0 -0.0000000000 -0.0000000000 
    0    0    0    1    3    1    3    0    6    1    6    1 -0.0565891895 -0.0000000000 
    0    0    0    1    3    1    3    1    6    0    6    0 0.0000000000 -0.0000000000 
    0    0    0    1    3    1    3    1    6    0    6    1 0.0094004791 -0.0082349062 
    0    0    0    1    3    1    3    1    6    1    6    0 0.0094004791 0.0082349062 
    0    0    0    1    3    1    3    1    6    1    6    1 0.0000000000 0.0000000000 
    0    1    0    0    3    0    3    0    6    0    6    0 0.0000000000 -0.0000000000 
    0    1    0    0    3    0    3    0    6    0    6    1 0.0094004791 0.0082349062 
    0    1    0    0    3    0    3    0    6    1    6    0 0.0094004791 -0.0082349062 
    0    1    0    0    3    0    3    0    6    1    6    1 0.0000000000 -0.0000000000 
    0    1    0    0    3    0    3    1    6    0    6    0 -0.0565891895 0.0000000000 
    0    1    0    0    3    0    3    1    6    0    6    1 -0.0000000000 0.0000000000 
    0    1    0    0    3    0    3    1    6    1    6    0 0.0000000000 -0.0000000000 
    0    1    0    0    3    0    3    1    6    1    6    1 -0.0565891895 0.0000000000 
    0    1    0    0    3    1    3    0    6    0    6    0 0.0565891895 -0.0000000000 
    0    1    0    0    3    1    3    0    6    0    6    1 0.0000000000 0.0000000000 
    0    1    0    0    3    1    3    0    6    1    6    0 0.0000000000 -0.0000000000 
    0    1    0    0    3    1    3    0    6    1    6    1 0.0565891895 0.0000000000 
    0    1    0    0    3    1    3    1    6    0    6    0 0.0000000000 0.0000000000 
    0    1    0    0    3    1    3    1    6    0    6    1 0.0094004791 -0.0082349062 
    0    1    0    0    3    1    3    1    6    1    6    0 0.0094004791 0.0082349062 
    0    1    0    0    3    1    3    1    6    1    6    1 0.0000000000 -0.0000000000 
    0    1    0    1    3    0    3    0    6    0    6    0 0.0448477801 0.0000000000 
    0    1    0    1    3    0    3    0    6    0    6    1 0.0000000000 0.0000000000 
    0    1    0    1    3    0    3    0    6    1    6    0 0.0000000000 -0.0000000000 
    0    1    0    1    3    0    3    0    6    1    6    1 0.2051522199 0.0000000000 
    0    1    0    1    3    0    3    1    6    0    6    0 0.0000000000 0.0000000000 
    0    1    0    1    3    0    3    1    6    0    6    1 0.0000000000 0.0031454543 
    0    1    0    1    3    0    3    1    6    1    6    0 0.0000000000 -0.0196152667 
    0    1    0    1    3    0    3    1    6    1    6    1 0.0000000000 -0.0000000000 
    0    1    0    1    3    1    3    0    6    0    6    0 0.0000000000 -0.0000000000 
    0    1    0    1    3    1    3    0    6    0    6    1 0.0000000000 0.0196152667 
    0    1    0    1    3    1    3    0    6    1    6    0 0.0000000000 -0.0031454543 
    0    1    0    1    3    1    3    0    6    1    6    1 0.0000000000 0.0000000000 
    0    1    0    1    3    1    3    1    6    0    6    0 0.2051522199 0.0000000000 
    0    1    0    1    3    1    3    1    6    0    6    1 0.0000000000 -0.0000000000 
    0    1    0    1    3    1    3    1    6    1    6    0 0.0000000000 0.0000000000 
    0    1    0    1    3    1    3    1    6    1    6    1 0.0448477801 0.0000000000 
    0    0    0    0    3    0    3    0    7    0    7    0 0.1315784904 0.0000000000 
    0    0    0    0    3    0    3    0    7    0    7    1 0.0000000000 -0.0000000000 
    0    0    0    0    3    0    3    0    7    1    7    0 0.0000000000 0.0000000000 
    0    0    0    0    3    0    3    0    7    1    7    1 0.1184215096 0.0000000000 
    0    0    0    0    3    0    3    1    7    0    7    0 -0.0000000000 0.0000000000 
    0    0    0    0    3    0    3    1    7    0    7    1 0.0161501689 -0.0031454543 
    0    0    0    0    3    0    3    1    7    1    7    0 -0.0161501689 -0.0031454543 
    0    0    0    0    3    0    3    1    7    1    7    1 0.0000000000 -0.0000000000 
    0    0    0    0    3    1    3    0    7    0    7    0 -0.0000000000 -0.0000000000 
    0    0    0    0    3    1    3    0    7    0    7    1 -0.0161501689 0.0031454543 
    0    0    0    0    3    1    3    0    7    1    7    0 0.0161501689 0.0031454543 
    0    0    0    0    3    1    3    0    7    1    7    1 0.0000000000 0.0000000000 
    0    0    0    0    3    1    3    1    7    0    7    0 0.1315784904 0.0000000000 
    0    0    0    0    3    1    3    1    7    0    7    1 -0.0000000000 0.0000000000 
    0    0    0    0    3    1    3    1    7    1    7    0 -0.0000000000 -0.0000000000 
    0    0    0    0    3    1    3    1    7    1    7    1 0.1184215096 0.0000000000 
    0    0    0    1    3    0    3    0    7    0    7    0 0.0000000000 -0.0000000000 
    0    0    0    1    3    0    3    0    7    0    7    1 -0.0315823378 -0.0000000000 
    0    0    0    1    3    0    3    0    7    1    7    0 0.0083430754 0.0000000000 
    0    0    0    1    3    0    3    0    7    1    7    1 -0.0000000000 0.0000000000 
    0    0    0    1    3    0    3    1    7    0    7    0 0.0565891895 0.0025455235 
    0    0    0    1    3    0    3    1    7    0    7    1 -0.0000000000 -0.0000000000 
    0    0    0    1    3    0    3    1    7    1    7    0 -0.0000000000 0.0000000000 
    0    0    0    1    3    0    3    1    7    1    7    1 0.0565891895 -0.0025455235 
    0    0    0    1    3    1    3    0    7    0    7    0 -0.0565891895 -0.0025455235 
    0    0    0    1    3    1    3    0    7    0    7    1 -0.0000000000 0.0000000000 
    0    0    0    1    3    1    3    0    7    1    7    0 0.0000000000 0.0000000000 
    0    0    0    1    3    1    3    0    7    1    7    1 -0.0565891895 0.0025455235 
    0    0    0    1    3    1    3    1    7    0    7    0 0.0000000000 -0.0000000000 
    0    0    0    1    3    1    3    1    7    0    7    1 -0.0315823378 -0.0000000000 
    0    0    0    1    3    1    3    1    7    1    7    0 0.0083430754 -0.0000000000 
    0    0    0    1    3    1    3    1    7    1    7    1 0.0000000000 0.0000000000 
    0    1    0    0    3    0    3    0    7    0    7    0 0.0000000000 0.0000000000 
    0    1    0    0    3    0    3    0    7    0    7    1 0.0083430754 -0.0000000000 
    0    1    0    0    3    0    3    0    7    1    7    0 -0.0315823378 0.0000000000 
    0    1    0    0    3    0    3    0    7    1    7    1 -0.0000000000 -0.0000000000 
    0    1    0    0    3    0    3    1    7    0    7    0 -0.0565891895 0.0025455235 
    0    1    0    0    3    0    3    1    7    0    7    1 0.0000000000 -0.0000000000 
    0    1    0    0    3    0    3    1    7    1    7    0 -0.0000000000 -0.0000000000 
    0    1    0    0    3    0    3    1    7    1    7    1 -0.0565891895 -0.0025455235 
    0    1    0    0    3    1    3    0    7    0    7    0 0.0565891895 -0.0025455235 
    0    1    0    0    3    1    3    0    7    0    7    1 -0.0000000000 -0.0000000000 
    0    1    0    0    3    1    3    0    7    1    7    0 -0.0000000000 0.0000000000 
    0    1    0    0    3    1    3    0    7    1    7    1 0.0565891895 0.0025455235 
    0    1    0    0    3    1    3    1    7    0    7    0 0.0000000000 0.0000000000 
    0    1    0    0    3    1    3    1    7    0    7    1 0.0083430754 0.0000000000 
    0    1    0    0    3    1    3    1    7    1    7    0 -0.0315823378 0.0000000000 
    0    1    0    0    3    1    3    1    7    1    7    1 0.0000000000 -0.0000000000 
    0    1    0    1    3    0    3    0    7    0    7    0 0.1184215096 0.0000000000 
    0    1    0    1    3    0    3    0    7    0    7    1 -0.0000000000 -0.0000000000 
    0    1    0    1    3    0    3    0    7    1    7    0 -0.0000000000 0.0000000000 
    0    1    0    1    3    0    3    0    7    1    7    1 0.1315784904 0.0000000000 
    0    1    0    1    3    0    3    1    7    0    7    0 0.0000000000 0.0000000000 
    0    1    0    1    3    0    3    1    7    0    7    1 0.0161501689 0.0031454543 
    0    1    0    1    3    0    3    1    7    1    7    0 -0.0161501689 0.0031454543 
    0    1    0    1    3    0    3    1    7    1    7    1 0.0000000000 -0.0000000000 
    0    1    0    1    3    1    3    0    7    0    7    0 0.0000000000 -0.0000000000 
    0    1    0    1    3    1    3    0    7    0    7    1 -0.0161501689 -0.0031454543 
    0    1    0    1    3    1    3    0    7    1    7    0 0.0161501689 -0.0031454543 
    0    1    0    1    3    1    3    0    7    1    7    1 0.0000000000 0.0000000000 
    0    1    0    1    3    1    3    1    7    0    7    0 0.1184215096 0.0000000000 
    0    1    0    1    3    1    3    1    7    0    7    1 -0.0000000000 -0.0000000000 
    0    1    0    1    3    1    3    1    7    1    7    0 -0.0000000000 0.0000000000 
    0    1    0    1    3    1    3    1    7    1    7    1 0.1315784904 0.0000000000 
    0    0    0    0    4    0    4    0    5    0    5    0 0.0448477801 0.0000000000 
    0    0    0    0    4    0    4    0    5    0    5    1 0.0000000000 -0.0000000000 
    0    0    0    0    4    0    4    0    5    1    5    0 0.0000000000 0.0000000000 
    0    0    0    0    4    0    4    0    5    1    5    1 0.2051522199 0.0000000000 
    0    0    0    0    4    0    4    1    5    0    5    0 -0.0000000000 0.0000000000 
    0    0    0    0    4    0    4    1    5    0    5    1 -0.0655128393 0.0000000000 
    0    0    0    0    4    0    4    1    5    1    5    0 -0.0655128393 0.0000000000 
    0    0    0    0    4    0    4    1    5    1    5    1 -0.0000000000 -0.0000000000 
    0    0    0    0    4    1    4    0    5    0    5    0 -0.0000000000 -0.0000000000 
    0    0    0    0    4    1    4    0    5    0    5    1 -0.0655128393 -0.0000000000 
    0    0    0    0    4    1    4    0    5    1    5    0 -0.0655128393 -0.0000000000 
    0    0    0    0    4    1    4    0    5    1    5    1 -0.0000000000 0.0000000000 
    0    0    0    0    4    1    4    1    5    0    5    0 0.0448477801 0.0000000000 
    0    0    0    0    4    1    4    1    5    0    5    1 0.0000000000 0.0000000000 
    0    0    0    0    4    1    4    1    5    1    5    0 0.0000000000 -0.0000000000 
    0    0    0    0    4    1    4    1    5    1    5    1 0.2051522199 0.0000000000 
    0    0    0    1    4    0    4    0    5    0    5    0 0.0000000000 0.0000000000 
    0    0    0    1    4    0    4    0    5    0    5    1 0.0000000000 -0.0225958233 
    0    0    0    1    4    0    4    0    5    1    5    0 0.0000000000 0.1409090902 
    0    0    0    1    4    0    4    0    5    1    5    1 -0.0000000000 -0.0000000000 
    0    0    0    1    4    0    4    1    5    0    5    0 0.0161501689 0.0591566334 
    0    0    0    1    4    0    4    1    5    0    5    1 -0.0000000000 -0.0000000000 
    0    0    0    1    4    0    4    1    5    1    5    0 0.0000000000 0.0000000000 
    0    0    0    1    4    0    4    1    5    1    5    1 0.0161501689 -0.0591566334 
    0    0    0    1    4    1    4    0    5    0    5    0 -0.0161501689 -0.0591566334 
    0    0    0    1    4    1    4    0    5    0    5    1 -0.0000000000 0.0000000000 
    0    0    0    1    4    1    4    0    5    1    5    0 -0.0000000000 -0.0000000000 
    0    0    0    1    4    1    4    0    5    1    5    1 -0.0161501689 0.0591566334 
    0    0    0    1    4    1    4    1    5    0    5    0 0.0000000000 -0.0000000000 
    0    0    0    1    4    1    4    1    5    0    5    1 0.0000000000 0.0225958233 
    0    0    0    1    4    1    4    1    5    1    5    0 0.0000000000 -0.1409090902 
    0    0    0    1    4    1    4    1    5    1    5    1 0.0000000000 -0.0000000000 
    0    1    0    0    4    0    4    0    5    0    5    0 0.0000000000 -0.0000000000 
    0    1    0    0    4    0    4    0    5    0    5    1 0.0000000000 -0.1409090902 
    0    1    0    0    4    0    4    0    5    1    5    0 0.0000000000 0.0225958233 
    0    1    0    0    4    0    4    0    5    1    5    1 -0.0000000000 0.0000000000 
    0    1    0    0    4    0    4    1    5    0    5    0 -0.0161501689 0.0591566334 
    0    1    0    0    4    0    4    1    5    0    5    1 -0.0000000000 0.0000000000 
    0    1    0    0    4    0    4    1    5    1    5    0 -0.0000000000 -0.0000000000 
    0    1    0    0    4    0    4    1    5    1    5    1 -0.0161501689 -0.0591566334 
    0    1    0    0    4    1    4    0    5    0    5    0 0.0161501689 -0.0591566334 
    0    1    0    0    4    1    4    0    5    0    5    1 0.0000000000 -0.0000000000 
    0    1    0    0    4    1    4    0    5    1    5    0 -0.0000000000 0.0000000000 
    0    1    0    0    4    1    4    0    5    1    5    1 0.0161501689 0.0591566334 
    0    1    0    0    4    1    4    1    5    0    5    0 0.0000000000 0.0000000000 
    0    1    0    0    4    1    4    1    5    0    5    1 0.0000000000 0.1409090902 
    0    1    0    0    4    1    4    1    5    1    5    0 0.0000000000 -0.0225958233 
    0    1    0    0    4    1    4    1    5    1    5    1 0.0000000000 0.0000000000 
    0    1    0    1    4    0    4    0    5    0    5    0 0.2051522199 0.0000000000 
    0    1    0    1    4    0    4    0    5    0    5    1 0.0000000000 -0.0000000000 
    0    1    0    1    4    0    4    0    5    1    5    0 0.0000000000 0.0000000000 
    0    1    0    1    4    0    4    0    5    1    5    1 0.0448477801 0.0000000000 
    0    1    0    1    4    0    4    1    5    0    5    0 -0.0000000000 0.0000000000 
    0    1    0    1    4    0    4    1    5    0    5    1 -0.0655128393 0.0000000000 
    0    1    0    1    4    0    4    1    5    1    5    0 -0.0655128393 0.0000000000 
    0    1    0    1    4    0    4    1    5    1    5    1 -0.0000000000 0.0000000000 
    0    1    0    1    4    1    4    0    5    0    5    0 -0.0000000000 -0.0000000000 
    0    1    0    1    4    1    4    0    5    0    5    1 -0.0655128393 -0.0000000000 
    0    1    0    1    4    1    4    0    5    1    5    0 -0.0655128393 -0.0000000000 
    0    1    0    1    4    1    4    0    5    1    5    1 -0.0000000000 -0.0000000000 
    0    1    0    1    4    1    4    1    5    0    5    0 0.2051522199 0.0000000000 
    0    1    0    1    4    1    4    1    5    0    5    1 0.0000000000 0.0000000000 
    0    1    0    1    4    1    4    1    5    1    5    0 0.0000000000 -0.0000000000 
    0    1    0    1    4    1    4    1    5    1    5    1 0.0448477801 0.0000000000 
    0    0    0    0    4    0    4    0    6    0    6    0 0.1196778894 0.0000000000 
    0    0    0    0    4    0    4    0    6    0    6    1 0.0000000000 0.0000000000 
    0    0    0    0    4    0    4    0    6    1    6    0 0.0000000000 -0.0000000000 
    0    0    0    0    4    0    4    0    6    1    6    1 0.1303221106 0.0000000000 
    0    0    0    0    4    0    4    1    6    0    6    0 -0.0000000000 -0.0000000000 
    0    0    0    0    4    0    4    1    6    0    6    1 -0.0000000000 -0.0031464401 
    0    0    0    0    4    0    4    1    6    1    6    0 -0.0000000000 -0.0031464401 
    0    0    0    0    4    0    4    1    6    1    6    1 -0.0000000000 0.0000000000 
    0    0    0    0    4    1    4    0    6    0    6    0 -0.0000000000 0.0000000000 
    0    0    0    0    4    1    4    0    6    0    6    1 -0.0000000000 0.0031464401 
    0    0    0    0    4    1    4    0    6    1    6    0 -0.0000000000 0.0031464401 
    0    0    0    0    4    1    4    0    6    1    6    1 -0.0000000000 -0.0000000000 
    0    0    0    0    4    1    4    1    6    0    6    0 0.1303221106 0.0000000000 
    0    0    0    0    4    1    4    1    6    0    6    1 -0.0000000000 -0.0000000000 
    0    0    0    0    4    1    4    1    6    1    6    0 -0.0000000000 0.0000000000 
    0    0    0    0    4    1    4    1    6    1    6    1 0.1196778894 0.0000000000 
    0    0    0    1    4    0    4    0    6    0    6    0 0.0000000000 0.0000000000 
    0    0    0    1    4    0    4    0    6    0    6    1 0.0094004791 0.0279299736 
    0    0    0    1    4    0    4    0    6    1    6    0 0.0094004791 -0.0279299736 
    0    0    0    1    4    0    4    0    6    1    6    1 0.0000000000 0.0000000000 
    0    0    0    1    4    0    4    1    6    0    6    0 0.0161501689 0.0038879953 
    0    0    0    1    4    0    4    1    6    0    6    1 0.0000000000 0.0000000000 
    0    0    0    1    4    0    4    1    6    1    6    0 -0.0000000000 -0.0000000000 
    0    0    0    1    4    0    4    1    6    1    6    1 0.0161501689 -0.0038879953 
    0    0    0    1    4    1    4    0    6    0    6    0 -0.0161501689 0.0038879953 
    0    0    0    1    4    1    4    0    6    0    6    1 0.0000000000 -0.0000000000 
    0    0    0    1    4    1    4    0    6    1    6    0 -0.0000000000 -0.0000000000 
    0    0    0    1    4    1    4    0    6    1    6    1 -0.0161501689 -0.0038879953 
    0    0    0    1    4    1    4    1    6    0    6    0 0.0000000000 -0.0000000000 
    0    0    0    1    4    1    4    1    6    0    6    1 0.0094004791 -0.0279299736 
    0    0    0    1    4    1    4    1    6    1    6    0 0.0094004791 0.0279299736 
    0    0    0    1    4    1    4    1    6    1    6    1 0.0000000000 -0.0000000000 
    0    1    0    0    4    0    4    0    6    0    6    0 0.0000000000 -0.0000000000 
    0    1    0    0    4    0    4    0    6    0    6    1 0.0094004791 0.0279299736 
    0    1    0    0    4    0    4    0    6    1    6    0 0.0094004791 -0.0279299736 
    0    1    0    0    4    0    4    0    6    1    6    1 0.0000000000 -0.0000000000 
    0    1    0    0    4    0    4    1    6    0    6    0 -0.0161501689 -0.0038879953 
    0    1    0    0    4    0    4    1    6    0    6    1 -0.0000000000 0.0000000000 
    0    1    0    0    4    0    4    1    6    1    6    0 0.0000000000 0.0000000000 
    0    1    0    0    4    0    4    1    6    1    6    1 -0.0161501689 0.0038879953 
    0    1    0    0    4    1    4    0    6    0    6    0 0.0161501689 -0.0038879953 
    0    1    0    0    4    1    4    0    6    0    6    1 -0.0000000000 0.0000000000 
    0    1    0    0    4    1    4    0    6    1    6    0 0.0000000000 -0.0000000000 
    0    1    0    0    4    1    4    0    6    1    6    1 0.0161501689 0.0038879953 
    0    1    0    0    4    1    4    1    6    0    6    0 0.0000000000 0.0000000000 
    0    1    0    0    4    1    4    1    6    0    6    1 0.0094004791 -0.0279299736 
    0    1    0    0    4    1    4    1    6    1    6    0 0.0094004791 0.0279299736 
    0    1    0    0    4    1    4    1    6    1    6    1 0.0000000000 0.0000000000 
    0    1    0    1    4    0    4    0    6    0    6    0 0.1196778894 0.0000000000 
    0    1    0    1    4    0    4    0    6    0    6    1 0.0000000000 0.0000000000 
    0    1    0    1    4    0    4    0    6    1    6    0 0.0000000000 -0.0000000000 
    0    1    0    1    4    0    4    0    6    1    6    1 0.1303221106 0.0000000000 
    0    1    0    1    4    0    4    1    6    0    6    0 -0.0000000000 0.0000000000 
    0    1    0    1    4    0    4    1    6    0    6    1 0.0000000000 0.0031464401 
    0    1    0    1    4    0    4    1    6    1    6    0 -0.0000000000 0.0031464401 
    0    1    0    1    4    0    4    1    6    1    6    1 -0.0000000000 0.0000000000 
    0    1    0    1    4    1    4    0    6    0    6    0 -0.0000000000 -0.0000000000 
    0    1    0    1    4    1    4    0    6    0    6    1 -0.0000000000 -0.0031464401 
    0    1    0    1    4    1    4    0    6    1    6    0 0.0000000000 -0.0031464401 
    0    1    0    1    4    1    4    0    6    1    6    1 -0.0000000000 -0.0000000000 
    0    1    0    1    4    1    4    1    6    0    6    0 0.1303221106 0.0000000000 
    0    1    0    1    4    1    4    1    6    0    6    1 0.0000000000 -0.0000000000 
    0    1    0    1    4    1    4    1    6    1    6    0 0.0000000000 0.0000000000 
    0    1    0    1    4    1    4    1    6    1    6    1 0.1196778894 0.0000000000 
    0    0    0    0    4    0    4    0    7    0    7    0 0.1315784904 0.0000000000 
    0    0    0    0    4    0    4    0    7    0    7    1 -0.0000000000 -0.0000000000 
    0    0    0    0    4    0    4    0    7    1    7    0 -0.0000000000 0.0000000000 
    0    0    0    0    4    0    4    0    7    1    7    1 0.1184215096 0.0000000000 
    0    0    0    0    4    0    4    1    7    0    7    0 -0.0000000000 0.0000000000 
    0    0    0    0    4    0    4    1    7    0    7    1 0.0565891895 0.0025455235 
    0    0    0    0    4    0    4    1    7    1    7    0 -0.0565891895 0.0025455235 
    0    0    0    0    4    0    4    1    7    1    7    1 -0.0000000000 -0.0000000000 
    0    0    0    0    4    1    4    0    7    0    7    0 -0.0000000000 -0.0000000000 
    0    0    0    0    4    1    4    0    7    0    7    1 -0.0565891895 -0.0025455235 
    0    0    0    0    4    1    4    0    7    1    7    0 0.0565891895 -0.0025455235 
    0    0    0    0    4    1    4    0    7    1    7    1 -0.0000000000 0.0000000000 
    0    0    0    0    4    1    4    1    7    0    7    0 0.1315784904 0.0000000000 
    0    0    0    0    4    1    4    1    7    0    7    1 0.0000000000 0.0000000000 
    0    0    0    0    4    1    4    1    7    1    7    0 0.0000000000 -0.0000000000 
    0    0    0    0    4    1    4    1    7    1    7    1 0.1184215096 0.0000000000 
    0    0    0    1    4    0    4    0    7    0    7    0 0.0000000000 0.0000000000 
    0    0    0    1    4    0    4    0    7    0    7    1 -0.0315823378 -0.0000000000 
    0    0    0    1    4    0    4    0    7    1    7    0 0.0083430754 -0.0000000000 
    0    0    0    1    4    0    4    0    7    1    7    1 0.0000000000 -0.0000000000 
    0    0    0    1    4    0    4    1    7    0    7    0 0.0161501689 -0.0031454543 
    0    0    0    1    4    0    4    1    7    0    7    1 0.0000000000 0.0000000000 
    0    0    0    1    4    0    4    1    7    1    7    0 -0.0000000000 0.0000000000 
    0    0    0    1    4    0    4    1    7    1    7    1 0.0161501689 0.0031454543 
    0    0    0    1    4    1    4    0    7    0    7    0 -0.0161501689 0.0031454543 
    0    0    0    1    4    1    4    0    7    0    7    1 -0.0000000000 0.0000000000 
    0    0    0    1    4    1    4    0    7    1    7    0 0.0000000000 0.0000000000 
    0    0    0    1    4    1    4    0    7    1    7    1 -0.0161501689 -0.0031454543 
    0    0    0    1    4    1    4    1    7    0    7    0 0.0000000000 -0.0000000000 
    0    0    0    1    4    1    4    1    7    0    7    1 -0.0315823378 -0.0000000000 
    0    0    0    1    4    1    4    1    7    1    7    0 0.0083430754 -0.0000000000 
    0    0    0    1    4    1    4    1    7    1    7    1 0.0000000000 0.0000000000 
    0    1    0    0    4    0    4    0    7    0    7    0 0.0000000000 -0.0000000000 
    0    1    0    0    4    0    4    0    7    0    7    1 0.0083430754 0.0000000000 
    0    1    0    0    4    0    4    0    7    1    7    0 -0.0315823378 0.0000000000 
    0    1    0    0    4    0    4    0    7    1    7    1 0.0000000000 0.0000000000 
    0    1    0    0    4    0    4    1    7    0    7    0 -0.0161501689 -0.0031454543 
    0    1    0    0    4    0    4    1    7    0    7    1 0.0000000000 -0.0000000000 
    0    1    0    0    4    0    4    1    7    1    7    0 -0.0000000000 -0.0000000000 
    0    1    0    0    4    0    4    1    7    1    7    1 -0.0161501689 0.0031454543 
    0    1    0    0    4    1    4    0    7    0    7    0 0.0161501689 0.0031454543 
    0    1    0    0    4    1    4    0    7    0    7    1 -0.0000000000 -0.0000000000 
    0    1    0    0    4    1    4    0    7    1    7    0 0.0000000000 -0.0000000000 
    0    1    0    0    4    1    4    0    7    1    7    1 0.0161501689 -0.0031454543 
    0    1    0    0    4    1    4    1    7    0    7    0 0.0000000000 0.0000000000 
    0    1    0    0    4    1    4    1    7    0    7    1 0.0083430754 0.0000000000 
    0    1    0    0    4    1    4    1    7    1    7    0 -0.0315823378 0.0000000000 
    0    1    0    0    4    1    4    1    7    1    7    1 0.0000000000 -0.0000000000 
    0    1    0    1    4    0    4    0    7    0    7    0 0.1184215096 0.0000000000 
    0    1    0    1    4    0    4    0    7    0    7    1 -0.0000000000 -0.0000000000 
    0    1    0    1    4    0    4    0    7    1    7    0 -0.0000000000 0.0000000000 
    0    1    0    1    4    0    4    0    7    1    7    1 0.1315784904 0.0000000000 
    0    1    0    1    4    0    4    1    7    0    7    0 -0.0000000000 0.0000000000 
    0    1    0    1    4    0    4    1    7    0    7    1 0.0565891895 -0.0025455235 
    0    1    0    1    4    0    4    1    7    1    7    0 -0.0565891895 -0.0025455235 
    0    1    0    1    4    0    4    1    7    1    7    1 -0.0000000000 0.0000000000 
    0    1    0    1    4    1    4    0    7    0    7    0 -0.0000000000 -0.0000000000 
    0    1    0    1    4    1    4    0    7    0    7    1 -0.0565891895 0.0025455235 
    0    1    0    1    4    1    4    0    7    1    7    0 0.0565891895 0.0025455235 
    0    1    0    1    4    1    4    0    7    1    7    1 -0.0000000000 -0.0000000000 
    0    1    0    1    4    1    4    1    7    0    7    0 0.1184215096 0.0000000000 
    0    1    0    1    4    1    4    1    7    0    7    1 -0.0000000000 -0.0000000000 
    0    1    0    1    4    1    4    1    7    1    7    0 -0.0000000000 0.0000000000 
    0    1    0    1    4    1    4    1    7    1    7    1 0.1315784904 0.0000000000 
    0    0    0    0    5    0    5    0    6    0    6    0 0.0448477801 0.0000000000 
    0    0    0    0    5    0    5    0    6    0    6    1 0.0000000000 0.0000000000 
    0    0    0    0    5    0    5    0    6    1    6    0 0.0000000000 -0.0000000000 
    0    0    0    0    5    0    5    0    6    1    6    1 0.0448477801 0.0000000000 
    0    0    0    0    5    0    5    1    6    0    6    0 0.0000000000 -0.0000000000 
    0    0    0    0    5    0    5    1    6    0    6    1 0.0565891895 -0.0000000000 
    0    0    0    0    5    0    5    1    6    1    6    0 -0.0565891895 0.0000000000 
    0    0    0    0    5    0    5    1    6    1    6    1 0.0000000000 -0.0000000000 
    0    0    0    0    5    1    5    0    6    0    6    0 0.0000000000 0.0000000000 
    0    0    0    0    5    1    5    0    6    0    6    1 -0.0565891895 -0.0000000000 
    0    0    0    0    5    1    5    0    6    1    6    0 0.0565891895 0.0000000000 
    0    0    0    0    5    1    5    0    6    1    6    1 0.0000000000 0.0000000000 
    0    0    0    0    5    1    5    1    6    0    6    0 0.2051522199 0.0000000000 
    0    0    0    0    5    1    5    1    6    0    6    1 -0.0000000000 0.0000000000 
    0    0    0    0    5    1    5    1    6    1    6    0 -0.0000000000 -0.0000000000 
    0    0    0    0    5    1    5    1    6    1    6    1 0.2051522199 0.0000000000 
    0    0    0    1    5    0    5    0    6    0    6    0 0.0000000000 -0.0000000000 
    0    0    0    1    5    0    5    0    6    0    6    1 0.0094004791 0.0082349062 
    0    0    0    1    5    0    5    0    6    1    6    0 0.0094004791 0.0082349062 
    0    0    0    1    5    0    5    0    6    1    6    1 0.0000000000 0.0000000000 
    0    0    0    1    5    0    5    1    6    0    6    0 0.0000000000 -0.0031454543 
    0    0    0    1    5    0    5    1    6    0    6    1 0.0000000000 -0.0000000000 
    0    0    0    1    5    0    5    1    6    1    6    0 -0.0000000000 -0.0000000000 
    0    0    0    1    5    0    5    1    6    1    6    1 0.0000000000 0.0031454543 
    0    0    0    1    5    1    5    0    6    0    6    0 0.0000000000 -0.0196152667 
    0    0    0    1    5    1    5    0    6    0    6    1 -0.0000000000 -0.0000000000 
    0    0    0    1    5    1    5    0    6    1    6    0 0.0000000000 -0.0000000000 
    0    0    0    1    5    1    5    0    6    1    6    1 0.0000000000 0.0196152667 
    0    0    0    1    5    1    5    1    6    0    6    0 0.0000000000 0.0000000000 
    0    0    0    1    5    1    5    1    6    0    6    1 0.0094004791 -0.0082349062 
    0    0    0    1    5    1    5    1    6    1    6    0 0.0094004791 -0.0082349062 
    0    0    0    1    5    1    5    1    6    1    6    1 0.0000000000 -0.0000000000 
    0    1    0    0    5    0    5    0    6    0    6    0 0.0000000000 0.0000000000 
    0    1    0    0    5    0    5    0    6    0    6    1 0.0094004791 -0.0082349062 
    0    1    0    0    5    0    5    0    6    1    6    0 0.0094004791 -0.0082349062 
    0    1    0    0    5    0    5    0    6    1    6    1 0.0000000000 -0.0000000000 
    0    1    0    0    5    0    5    1    6    0    6    0 0.0000000000 0.0196152667 
    0    1    0    0    5    0    5    1    6    0    6    1 0.0000000000 0.0000000000 
    0    1    0    0    5    0    5    1    6    1    6    0 -0.0000000000 0.0000000000 
    0    1    0    0    5    0    5    1    6    1    6    1 0.0000000000 -0.0196152667 
    0    1    0    0    5    1    5    0    6    0    6    0 0.0000000000 0.0031454543 
    0    1    0    0    5    1    5    0    6    0    6    1 -0.0000000000 0.0000000000 
    0    1    0    0    5    1    5    0    6    1    6    0 0.0000000000 0.0000000000 
    0    1    0    0    5    1    5    0    6    1    6    1 0.0000000000 -0.0031454543 
    0    1    0    0    5    1    5    1    6    0    6    0 0.0000000000 -0.0000000000 
    0    1    0    0    5    1    5    1    6    0    6    1 0.0094004791 0.0082349062 
    0    1    0    0    5    1    5    1    6    1    6    0 0.0094004791 0.0082349062 
    0    1    0    0    5    1    5    1    6    1    6    1 0.0000000000 0.0000000000 
    0    1    0    1    5    0    5    0    6    0    6    0 0.2051522199 0.0000000000 
    0    1    0    1    5    0    5    0    6    0    6    1 0.0000000000 0.0000000000 
    0    1    0    1    5    0    5    0    6    1    6    0 0.0000000000 -0.0000000000 
    0    1    0    1    5    0    5    0    6    1    6    1 0.2051522199 0.0000000000 
    0    1    0    1    5    0    5    1    6    0    6    0 -0.0000000000 0.0000000000 
    0    1    0    1    5    0    5    1    6    0    6    1 0.0565891895 -0.0000000000 
    0    1    0    1    5    0    5    1    6    1    6    0 -0.0565891895 0.0000000000 
    0    1    0    1    5    0    5    1    6    1    6    1 0.0000000000 0.0000000000 
    0    1    0    1    5    1    5    0    6    0    6    0 -0.0000000000 -0.0000000000 
    0    1    0    1    5    1    5    0    6    0    6    1 -0.0565891895 -0.0000000000 
    0    1    0    1    5    1    5    0    6    1    6    0 0.0565891895 0.0000000000 
    0    1    0    1    5    1    5    0    6    1    6    1 0.0000000000 -0.0000000000 
    0    1    0    1    5    1    5    1    6    0    6    0 0.0448477801 0.0000000000 
    0    1    0    1    5    1    5    1    6    0    6    1 -0.0000000000 -0.0000000000 
    0    1    0    1    5    1    5    1    6    1    6    0 -0.0000000000 0.0000000000 
    0    1    0    1    5    1    5    1    6    1    6    1 0.0448477801 0.0000000000 
    0    0    0    0    5    0    5    0    7    0    7    0 0.0461041600 0.0000000000 
    0    0    0    0    5    0    5    0    7    0    7    1 -0.0000000000 -0.0000000000 
    0    0    0    0    5    0    5    0    7    1    7    0 -0.0000000000 0.0000000000 
    0    0    0    0    5    0    5    0    7    1    7    1 0.0435914003 0.0000000000 
    0    0    0    0    5    0    5    1    7    0    7    0 0.0000000000 -0.0000000000 
    0    0    0    0    5    0    5    1    7    0    7    1 -0.0000000000 0.0000000000 
    0    0    0    0    5    0    5    1    7    1    7    0 0.0000000000 0.0000000000 
    0    0    0    0    5    0    5    1    7    1    7    1 0.0000000000 -0.0000000000 
    0    0    0    0    5    1    5    0    7    0    7    0 0.0000000000 0.0000000000 
    0    0    0    0    5    1    5    0    7    0    7    1 0.0000000000 -0.0000000000 
    0    0    0    0    5    1    5    0    7    1    7    0 -0.0000000000 -0.0000000000 
    0    0    0    0    5    1    5    0    7    1    7    1 0.0000000000 0.0000000000 
    0    0    0    0    5    1    5    1    7    0    7    0 0.2170528209 0.0000000000 
    0    0    0    0    5    1    5    1    7    0    7    1 0.0000000000 0.0000000000 
    0    0    0    0    5    1    5    1    7    1    7    0 0.0000000000 -0.0000000000 
    0    0    0    0    5    1    5    1    7    1    7    1 0.1932516188 0.0000000000 
    0    0    0    1    5    0    5    0    7    0    7    0 0.0000000000 -0.0000000000 
    0    0    0    1    5    0    5    0    7    0    7    1 -0.0315823378 -0.0257412776 
    0    0    0    1    5    0    5    0    7    1    7    0 0.0083430754 0.0194503690 
    0    0    0    1    5    0    5    0    7    1    7    1 0.0000000000 0.0000000000 
    0    0    0    1    5    0    5    1    7    0    7    0 0.0000000000 0.0000000000 
    0    0    0    1    5    0    5    1    7    0    7    1 -0.0000000000 -0.0000000000 
    0    0    0    1    5    0    5    1    7    1    7    0 0.0000000000 -0.0000000000 
    0    0    0    1    5    0    5    1    7    1    7    1 0.0000000000 -0.0000000000 
    0    0    0    1    5    1    5    0    7    0    7    0 0.0000000000 -0.0000000000 
    0    0    0    1    5    1    5    0    7    0    7    1 -0.0000000000 -0.0000000000 
    0    0    0    1    5    1    5    0    7    1    7    0 0.0000000000 0.0000000000 
    0    0    0    1    5    1    5    0    7    1    7    1 0.0000000000 -0.0000000000 
    0    0    0    1    5    1    5    1    7    0    7    0 0.0000000000 -0.0000000000 
    0    0    0    1    5    1    5    1    7    0    7    1 -0.0315823378 0.0257412776 
    0    0    0    1    5    1    5    1    7    1    7    0 0.0083430754 -0.0194503690 
    0    0    0    1    5    1    5    1    7    1    7    1 0.0000000000 0.0000000000 
    0    1    0    0    5    0    5    0    7    0    7    0 0.0000000000 0.0000000000 
    0    1    0    0    5    0    5    0    7    0    7    1 0.0083430754 -0.0194503690 
    0    1    0    0    5    0    5    0    7    1    7    0 -0.0315823378 0.0257412776 
    0    1    0    0    5    0    5    0    7    1    7    1 0.0000000000 -0.0000000000 
    0    1    0    0    5    0    5    1    7    0    7    0 0.0000000000 0.0000000000 
    0    1    0    0    5    0    5    1    7    0    7    1 0.0000000000 -0.0000000000 
    0    1    0    0    5    0    5    1    7    1    7    0 -0.0000000000 0.0000000000 
    0    1    0    0    5    0    5    1    7    1    7    1 0.0000000000 0.0000000000 
    0    1    0    0    5    1    5    0    7    0    7    0 0.0000000000 -0.0000000000 
    0    1    0    0    5    1    5    0    7    0    7    1 0.0000000000 0.0000000000 
    0    1    0    0    5    1    5    0    7    1    7    0 -0.0000000000 0.0000000000 
    0    1    0    0    5    1    5    0    7    1    7    1 0.0000000000 0.0000000000 
    0    1    0    0    5    1    5    1    7    0    7    0 0.0000000000 0.0000000000 
    0    1    0    0    5    1    5    1    7    0    7    1 0.0083430754 0.0194503690 
    0    1    0    0    5    1    5    1    7    1    7    0 -0.0315823378 -0.0257412776 
    0    1    0    0    5    1    5    1    7    1    7    1 0.0000000000 -0.0000000000 
    0    1    0    1    5    0    5    0    7    0    7    0 0.1932516188 0.0000000000 
    0    1    0    1    5    0    5    0    7    0    7    1 -0.0000000000 -0.0000000000 
    0    1    0    1    5    0    5    0    7    1    7    0 -0.0000000000 0.0000000000 
    0    1    0    1    5    0    5    0    7    1    7    1 0.2170528209 0.0000000000 
    0    1    0    1    5    0    5    1    7    0    7    0 0.0000000000 0.0000000000 
    0    1    0    1    5    0    5    1    7    0    7    1 0.0000000000 -0.0000000000 
    0    1    0    1    5    0    5    1    7    1    7    0 -0.0000000000 0.0000000000 
    0    1    0    1    5    0    5    1    7    1    7    1 0.0000000000 -0.0000000000 
    0    1    0    1    5    1    5    0    7    0    7    0 0.0000000000 -0.0000000000 
    0    1    0    1    5    1    5    0    7    0    7    1 -0.0000000000 -0.0000000000 
    0    1    0    1    5    1    5    0    7    1    7    0 0.0000000000 0.0000000000 
    0    1    0    1    5    1    5    0    7    1    7    1 0.0000000000 0.0000000000 
    0    1    0    1    5    1    5    1    7    0    7    0 0.0435914003 0.0000000000 
    0    1    0    1    5    1    5    1    7    0    7    1 -0.0000000000 -0.0000000000 
    0    1    0    1    5    1    5    1    7    1    7    0 -0.0000000000 0.0000000000 
    0    1    0    1    5    1    5    1    7    1    7    1 0.0461041600 0.0000000000 
    0    0    0    0    6    0    6    0    7    0    7    0 0.1315784904 0.0000000000 
    0    0    0    0    6    0    6    0    7    0    7    1 -0.0000000000 0.0000000000 
    0    0    0    0    6    0    6    0    7    1    7    0 -0.0000000000 -0.0000000000 
    0    0    0    0    6    0    6    0    7    1    7    1 0.1184215096 0.0000000000 
    0    0    0    0    6    0    6    1    7    0    7    0 -0.0000000000 -0.0000000000 
    0    0    0    0    6    0    6    1    7    0    7    1 -0.0655128393 0.0025455235 
    0    0    0    0    6    0    6    1    7    1    7    0 -0.0655128393 -0.0025455235 
    0    0    0    0    6    0    6    1    7    1    7    1 0.0000000000 0.0000000000 
    0    0    0    0    6    1    6    0    7    0    7    0 -0.0000000000 0.0000000000 
    0    0    0    0    6    1    6    0    7    0    7    1 -0.0655128393 0.0025455235 
    0    0    0    0    6    1    6    0    7    1    7    0 -0.0655128393 -0.0025455235 
    0    0    0    0    6    1    6    0    7    1    7    1 0.0000000000 -0.0000000000 
    0    0    0    0    6    1    6    1    7    0    7    0 0.1315784904 0.0000000000 
    0    0    0    0    6    1    6    1    7    0    7    1 0.0000000000 -0.0000000000 
    0    0    0    0    6    1    6    1    7    1    7    0 0.0000000000 0.0000000000 
    0    0    0    0    6    1    6    1    7    1    7    1 0.1184215096 0.0000000000 
    0    0    0    1    6    0    6    0    7    0    7    0 -0.0000000000 -0.0000000000 
    0    0    0    1    6    0    6    0    7    0    7    1 -0.0315823378 -0.0000000000 
    0    0    0    1    6    0    6    0    7    1    7    0 0.0083430754 -0.0000000000 
    0    0    0    1    6    0    6    0    7    1    7    1 0.0000000000 0.0000000000 
    0    0    0    1    6    0    6    1    7    0    7    0 0.0094004791 -0.0225958233 
    0    0    0    1    6    0    6    1    7    0    7    1 0.0000000000 0.0000000000 
    0    0    0    1    6    0    6    1    7    1    7    0 -0.0000000000 0.0000000000 
    0    0    0    1    6    0    6    1    7    1    7    1 0.0094004791 0.0225958233 
    0    0    0    1    6    1    6    0    7    0    7    0 0.0094004791 -0.0225958233 
    0    0    0    1    6    1    6    0    7    0    7    1 -0.0000000000 -0.0000000000 
    0    0    0    1    6    1    6    0    7    1    7    0 0.0000000000 -0.0000000000 
    0    0    0    1    6    1    6    0    7    1    7    1 0.0094004791 0.0225958233 
    0    0    0    1    6    1    6    1    7    0    7    0 0.0000000000 -0.0000000000 
    0    0    0    1    6    1    6    1    7    0    7    1 -0.0315823378 -0.0000000000 
    0    0    0    1    6    1    6    1    7    1    7    0 0.0083430754 0.0000000000 
    0    0    0    1    6    1    6    1    7    1    7    1 -0.0000000000 0.0000000000 
    0    1    0    0    6    0    6    0    7    0    7    0 -0.0000000000 0.0000000000 
    0    1    0    0    6    0    6    0    7    0    7    1 0.0083430754 0.0000000000 
    0    1    0    0    6    0    6    0    7    1    7    0 -0.0315823378 0.0000000000 
    0    1    0    0    6    0    6    0    7    1    7    1 0.0000000000 -0.0000000000 
    0    1    0    0    6    0    6    1    7    0    7    0 0.0094004791 0.0225958233 
    0    1    0    0    6    0    6    1    7    0    7    1 0.0000000000 0.0000000000 
    0    1    0    0    6    0    6    1    7    1    7    0 -0.0000000000 0.0000000000 
    0    1    0    0    6    0    6    1    7    1    7    1 0.0094004791 -0.0225958233 
    0    1    0    0    6    1    6    0    7    0    7    0 0.0094004791 0.0225958233 
    0    1    0    0    6    1    6    0    7    0    7    1 -0.0000000000 -0.0000000000 
    0    1    0    0    6    1    6    0    7    1    7    0 0.0000000000 -0.0000000000 
    0    1    0    0    6    1    6    0    7    1    7    1 0.0094004791 -0.0225958233 
    0    1    0    0    6    1    6    1    7    0    7    0 0.0000000000 0.0000000000 
    0    1    0    0    6    1    6    1    7    0    7    1 0.0083430754 -0.0000000000 
    0    1    0    0    6    1    6    1    7    1    7    0 -0.0315823378 0.0000000000 
    0    1    0    0    6    1    6    1    7    1    7    1 -0.0000000000 -0.0000000000 
    0    1    0    1    6    0    6    0    7    0    7    0 0.1184215096 0.0000000000 
    0    1    0    1    6    0    6    0    7    0    7    1 -0.0000000000 -0.0000000000 
    0    1    0    1    6    0    6    0    7    1    7    0 -0.0000000000 0.0000000000 
    0    1    0    1    6    0    6    0    7    1    7    1 0.1315784904 0.0000000000 
    0    1    0    1    6    0    6    1    7    0    7    0 0.0000000000 -0.0000000000 
    0    1    0    1    6    0    6    1    7    0    7    1 -0.0655128393 -0.0025455235 
    0    1    0    1    6    0    6    1    7    1    7    0 -0.0655128393 0.0025455235 
    0    1    0    1    6    0    6    1    7    1    7    1 0.0000000000 0.0000000000 
    0    1    0    1    6    1    6    0    7    0    7    0 0.0000000000 0.0000000000 
    0    1    0    1    6    1    6    0    7    0    7    1 -0.0655128393 -0.0025455235 
    0    1    0    1    6    1    6    0    7    1    7    0 -0.0655128393 0.0025455235 
    0    1    0    1    6    1    6    0    7    1    7    1 0.0000000000 -0.0000000000 
    0    1    0    1    6    1    6    1    7    0    7    0 0.1184215096 0.0000000000 
    0    1    0    1    6    1    6    1    7    0    7    1 -0.0000000000 -0.0000000000 
    0    1    0    1    6    1    6    1    7    1    7    0 -0.0000000000 0.0000000000 
    0    1    0    1    6    1    6    1    7    1    7    1 0.1315784904 0.0000000000 
    1    0    1    0    2    0    2    0    3    0    3    0 0.1196778894 0.0000000000 
    1    0    1    0    2    0    2    0    3    0    3    1 0.0000000000 -0.0000000000 
    1    0    1    0    2    0    2    0    3    1    3    0 0.0000000000 0.0000000000 
    1    0    1    0    2    0    2    0    3    1    3    1 0.1303221106 0.0000000000 
    1    0    1    0    2    0    2    1    3    0    3    0 -0.0000000000 0.0000000000 
    1    0    1    0    2    0    2    1    3    0    3    1 -0.0655128393 -0.0066642671 
    1    0    1    0    2    0    2    1    3    1    3    0 -0.0655128393 0.0066642671 
    1    0    1    0    2    0    2    1    3    1    3    1 -0.0000000000 -0.0000000000 
    1    0    1    0    2    1    2    0    3    0    3    0 -0.0000000000 -0.0000000000 
    1    0    1    0    2    1    2    0    3    0    3    1 -0.0655128393 -0.0066642671 
    1    0    1    0    2    1    2    0    3    1    3    0 -0.0655128393 0.0066642671 
    1    0    1    0    2    1    2    0    3    1    3    1 -0.0000000000 0.0000000000 
    1    0    1    0    2    1    2    1    3    0    3    0 0.1196778894 0.0000000000 
    1    0    1    0    2    1    2    1    3    0    3    1 0.0000000000 0.0000000000 
    1    0    1    0    2    1    2    1    3    1    3    0 0.0000000000 -0.0000000000 
    1    0    1    0    2    1    2    1    3    1    3    1 0.1303221106 0.0000000000 
    1    0    1    1    2    0    2    0    3    0    3    0 0.0000000000 0.0000000000 
    1    0    1    1    2    0    2    0    3    0    3    1 0.0000000000 0.0092097907 
    1    0    1    1    2    0    2    0    3    1    3    0 -0.0000000000 -0.0092097907 
    1    0    1    1    2    0    2    0    3    1    3    1 -0.0000000000 0.0000000000 
    1    0    1    1    2    0    2    1    3    0    3    0 0.0565891895 -0.0066642671 
    1    0    1    1    2    0    2    1    3    0    3    1 0.0000000000 0.0000000000 
    1    0    1    1    2    0    2    1    3    1    3    0 0.0000000000 -0.0000000000 
    1    0    1    1    2    0    2    1    3    1    3    1 0.0565891895 0.0066642671 
    1    0    1    1    2    1    2    0    3    0    3    0 -0.0565891895 0.0066642671 
    1    0    1    1    2    1    2    0    3    0    3    1 0.0000000000 -0.0000000000 
    1    0    1    1    2    1    2    0    3    1    3    0 -0.0000000000 -0.0000000000 
    1    0    1    1    2    1    2    0    3    1    3    1 -0.0565891895 -0.0066642671 
    1    0    1    1    2    1    2    1    3    0    3    0 -0.0000000000 -0.0000000000 
    1    0    1    1    2    1    2    1    3    0    3    1 -0.0000000000 -0.0092097907 
    1    0    1    1    2    1    2    1    3    1    3    0 -0.0000000000 0.0092097907 
    1    0    1    1    2    1    2    1    3    1    3    1 -0.0000000000 0.0000000000 
    1    1    1    0    2    0    2    0    3    0    3    0 0.0000000000 -0.0000000000 
    1    1    1    0    2    0    2    0    3    0    3    1 -0.0000000000 0.0092097907 
    1    1    1    0    2    0    2    0    3    1    3    0 0.0000000000 -0.0092097907 
    1    1    1    0    2    0    2    0    3    1    3    1 -0.0000000000 -0.0000000000 
    1    1    1    0    2    0    2    1    3    0    3    0 -0.0565891895 -0.0066642671 
    1    1    1    0    2    0    2    1    3    0    3    1 -0.0000000000 0.0000000000 
    1    1    1    0    2    0    2    1    3    1    3    0 0.0000000000 0.0000000000 
    1    1    1    0    2    0    2    1    3    1    3    1 -0.0565891895 0.0066642671 
    1    1    1    0    2    1    2    0    3    0    3    0 0.0565891895 0.0066642671 
    1    1    1    0    2    1    2    0    3    0    3    1 0.0000000000 0.0000000000 
    1    1    1    0    2    1    2    0    3    1    3    0 0.0000000000 -0.0000000000 
    1    1    1    0    2    1    2    0    3    1    3    1 0.0565891895 -0.0066642671 
    1    1    1    0    2    1    2    1    3    0    3    0 -0.0000000000 0.0000000000 
    1    1    1    0    2    1    2    1    3    0    3    1 -0.0000000000 -0.0092097907 
    1    1    1    0    2    1    2    1    3    1    3    0 -0.0000000000 0.0092097907 
    1    1    1    0    2    1    2    1    3    1    3    1 -0.0000000000 -0.0000000000 
    1    1    1    1    2    0    2    0    3    0    3    0 0.1303221106 0.0000000000 
    1    1    1    1    2    0    2    0    3    0    3    1 0.0000000000 -0.0000000000 
    1    1    1    1    2    0    2    0    3    1    3    0 0.0000000000 0.0000000000 
    1    1    1    1    2    0    2    0    3    1    3    1 0.1196778894 0.0000000000 
    1    1    1    1    2    0    2    1    3    0    3    0 -0.0000000000 0.0000000000 
    1    1    1    1    2    0    2    1    3    0    3    1 -0.0655128393 0.0066642671 
    1    1    1    1    2    0    2    1    3    1    3    0 -0.0655128393 -0.0066642671 
    1    1    1    1    2    0    2    1    3    1    3    1 -0.0000000000 -0.0000000000 
    1    1    1    1    2    1    2    0    3    0    3    0 -0.0000000000 -0.0000000000 
    1    1    1    1    2    1    2    0    3    0    3    1 -0.0655128393 0.0066642671 
    1    1    1    1    2    1    2    0    3    1    3    0 -0.0655128393 -0.0066642671 
    1    1    1    1    2    1    2    0    3    1    3    1 -0.0000000000 0.0000000000 
    1    1    1    1    2    1    2    1    3    0    3    0 0.1303221106 0.0000000000 
    1    1    1    1    2    1    2    1    3    0    3    1 0.0000000000 0.0000000000 
    1    1    1    1    2    1    2    1    3    1    3    0 0.0000000000 -0.0000000000 
    1    1    1    1    2    1    2    1    3    1    3    1 0.1196778894 0.0000000000 
    1    0    1    0    2    0    2    0    4    0    4    0 0.0448477801 0.0000000000 
    1    0    1    0    2    0    2    0    4    0    4    1 -0.0000000000 0.0000000000 
    1    0    1    0    2    0    2    0    4    1    4    0 -0.0000000000 -0.0000000000 
    1    0    1    0    2    0    2    0    4    1    4    1 0.2051522199 0.0000000000 
    1    0    1    0    2    0    2    1    4    0    4    0 -0.0000000000 -0.0000000000 
    1    0    1    0    2    0    2    1    4    0    4    1 0.0094004791 0.0082349062 
    1    0    1    0    2    0    2    1    4    1    4    0 0.0094004791 -0.0082349062 
    1    0    1    0    2    0    2    1    4    1    4    1 -0.0000000000 -0.0000000000 
    1    0    1    0    2    1    2    0    4    0    4    0 -0.0000000000 0.0000000000 
    1    0    1    0    2    1    2    0    4    0    4    1 0.0094004791 0.0082349062 
    1    0    1    0    2    1    2    0    4    1    4    0 0.0094004791 -0.0082349062 
    1    0    1    0    2    1    2    0    4    1    4    1 -0.0000000000 0.0000000000 
    1    0    1    0    2    1    2    1    4    0    4    0 0.0448477801 0.0000000000 
    1    0    1    0    2    1    2    1    4    0    4    1 -0.0000000000 0.0000000000 
    1    0    1    0    2    1    2    1    4    1    4    0 -0.0000000000 -0.0000000000 
    1    0    1    0    2    1    2    1    4    1    4    1 0.2051522199 0.0000000000 
    1    0    1    1    2    0    2    0    4    0    4    0 -0.0000000000 0.0000000000 
    1    0    1    1    2    0    2    0    4    0    4    1 -0.0000000000 -0.0031454543 
    1    0    1    1    2    0    2    0    4    1    4    0 0.0000000000 0.0196152667 
    1    0    1    1    2    0    2    0    4    1    4    1 -0.0000000000 0.0000000000 
    1    0    1    1    2    0    2    1    4    0    4    0 0.0565891895 0.0000000000 
    1    0    1    1    2    0    2    1    4    0    4    1 -0.0000000000 0.0000000000 
    1    0    1    1    2    0    2    1    4    1    4    0 0.0000000000 -0.0000000000 
    1    0    1    1    2    0    2    1    4    1    4    1 0.0565891895 0.0000000000 
    1    0    1    1    2    1    2    0    4    0    4    0 -0.0565891895 -0.0000000000 
    1    0    1    1    2    1    2    0    4    0    4    1 0.0000000000 -0.0000000000 
    1    0    1    1    2    1    2    0    4    1    4    0 0.0000000000 0.0000000000 
    1    0    1    1    2    1    2    0    4    1    4    1 -0.0565891895 -0.0000000000 
    1    0    1    1    2    1    2    1    4    0    4    0 -0.0000000000 -0.0000000000 
    1    0    1    1    2    1    2    1    4    0    4    1 0.0000000000 0.0031454543 
    1    0    1    1    2    1    2    1    4    1    4    0 0.0000000000 -0.0196152667 
    1    0    1    1    2    1    2    1    4    1    4    1 -0.0000000000 0.0000000000 
    1    1    1    0    2    0    2    0    4    0    4    0 -0.0000000000 -0.0000000000 
    1    1    1    0    2    0    2    0    4    0    4    1 0.0000000000 -0.0196152667 
    1    1    1    0    2    0    2    0    4    1    4    0 -0.0000000000 0.0031454543 
    1    1    1    0    2    0    2    0    4    1    4    1 -0.0000000000 -0.0000000000 
    1    1    1    0    2    0    2    1    4    0    4    0 -0.0565891895 0.0000000000 
    1    1    1    0    2    0    2    1    4    0    4    1 0.0000000000 -0.0000000000 
    1    1    1    0    2    0    2    1    4    1    4    0 0.0000000000 0.0000000000 
    1    1    1    0    2    0    2    1    4    1    4    1 -0.0565891895 0.0000000000 
    1    1    1    0    2    1    2    0    4    0    4    0 0.0565891895 -0.0000000000 
    1    1    1    0    2    1    2    0    4    0    4    1 0.0000000000 0.0000000000 
    1    1    1    0    2    1    2    0    4    1    4    0 -0.0000000000 -0.0000000000 
    1    1    1    0    2    1    2    0    4    1    4    1 0.0565891895 -0.0000000000 
    1    1    1    0    2    1    2    1    4    0    4    0 -0.0000000000 0.0000000000 
    1    1    1    0    2    1    2    1    4    0    4    1 0.0000000000 0.0196152667 
    1    1    1    0    2    1    2    1    4    1    4    0 0.0000000000 -0.0031454543 
    1    1    1    0    2    1    2    1    4    1    4    1 -0.0000000000 -0.0000000000 
    1    1    1    1    2    0    2    0    4    0    4    0 0.2051522199 0.0000000000 
    1    1    1    1    2    0    2    0    4    0    4    1 -0.0000000000 0.0000000000 
    1    1    1    1    2    0    2    0    4    1    4    0 -0.0000000000 -0.0000000000 
    1    1    1    1    2    0    2    0    4    1    4    1 0.0448477801 0.0000000000 
    1    1    1    1    2    0    2    1    4    0    4    0 -0.0000000000 -0.0000000000 
    1    1    1    1    2    0    2    1    4    0    4    1 0.0094004791 -0.0082349062 
    1    1    1    1    2    0    2    1    4    1    4    0 0.0094004791 0.0082349062 
    1    1    1    1    2    0    2    1    4    1    4    1 -0.0000000000 -0.0000000000 
    1    1    1    1    2    1    2    0    4    0    4    0 -0.0000000000 0.0000000000 
    1    1    1    1    2    1    2    0    4    0    4    1 0.0094004791 -0.0082349062 
    1    1    1    1    2    1    2    0    4    1    4    0 0.0094004791 0.0082349062 
    1    1    1    1    2    1    2    0    4    1    4    1 -0.0000000000 0.0000000000 
    1    1    1    1    2    1    2    1    4    0    4    0 0.2051522199 0.0000000000 
    1    1    1    1    2    1    2    1    4    0    4    1 -0.0000000000 0.0000000000 
    1    1    1    1    2    1    2    1    4    1    4    0 -0.0000000000 -0.0000000000 
    1    1    1    1    2    1    2    1    4    1    4    1 0.0448477801 0.0000000000 
    1    0    1    0    2    0    2    0    5    0    5    0 0.1315784904 0.0000000000 
    1    0    1    0    2    0    2    0    5    0    5    1 0.0000000000 -0.0000000000 
    1    0    1    0    2    0    2    0    5    1    5    0 0.0000000000 0.0000000000 
    1    0    1    0    2    0    2    0    5    1    5    1 0.1184215096 0.0000000000 
    1    0    1    0    2    0    2    1    5    0    5    0 -0.0000000000 -0.0000000000 
    1    0    1    0    2    0    2    1    5    0    5    1 -0.0315823378 0.0000000000 
    1    0    1    0    2    0    2    1    5    1    5    0 0.0083430754 0.0000000000 
    1    0    1    0    2    0    2    1    5    1    5    1 -0.0000000000 -0.0000000000 
    1    0    1    0    2    1    2    0    5    0    5    0 -0.0000000000 0.0000000000 
    1    0    1    0    2    1    2    0    5    0    5    1 0.0083430754 -0.0000000000 
    1    0    1    0    2    1    2    0    5    1    5    0 -0.0315823378 -0.0000000000 
    1    0    1    0    2    1    2    0    5    1    5    1 -0.0000000000 0.0000000000 
    1    0    1    0    2    1    2    1    5    0    5    0 0.1184215096 0.0000000000 
    1    0    1    0    2    1    2    1    5    0    5    1 0.0000000000 0.0000000000 
    1    0    1    0    2    1    2    1    5    1    5    0 0.0000000000 -0.0000000000 
    1    0    1    0    2    1    2    1    5    1    5    1 0.1315784904 0.0000000000 
    1    0    1    1    2    0    2    0    5    0    5    0 -0.0000000000 0.0000000000 
    1    0    1    1    2    0    2    0    5    0    5    1 0.0161501689 -0.0031454543 
    1    0    1    1    2    0    2    0    5    1    5    0 -0.0161501689 -0.0031454543 
    1    0    1    1    2    0    2    0    5    1    5    1 -0.0000000000 0.0000000000 
    1    0    1    1    2    0    2    1    5    0    5    0 0.0565891895 0.0025455235 
    1    0    1    1    2    0    2    1    5    0    5    1 0.0000000000 -0.0000000000 
    1    0    1    1    2    0    2    1    5    1    5    0 -0.0000000000 0.0000000000 
    1    0    1    1    2    0    2    1    5    1    5    1 0.0565891895 -0.0025455235 
    1    0    1    1    2    1    2    0    5    0    5    0 -0.0565891895 0.0025455235 
    1    0    1    1    2    1    2    0    5    0    5    1 -0.0000000000 -0.0000000000 
    1    0    1    1    2    1    2    0    5    1    5    0 -0.0000000000 0.0000000000 
    1    0    1    1    2    1    2    0    5    1    5    1 -0.0565891895 -0.0025455235 
    1    0    1    1    2    1    2    1    5    0    5    0 -0.0000000000 0.0000000000 
    1    0    1    1    2    1    2    1    5    0    5    1 0.0161501689 0.0031454543 
    1    0    1    1    2    1    2    1    5    1    5    0 -0.0161501689 0.0031454543 
    1    0    1    1    2    1    2    1    5    1    5    1 -0.0000000000 0.0000000000 
    1    1    1    0    2    0    2    0    5    0    5    0 -0.0000000000 -0.0000000000 
    1    1    1    0    2    0    2    0    5    0    5    1 -0.0161501689 0.0031454543 
    1    1    1    0    2    0    2    0    5    1    5    0 0.0161501689 0.0031454543 
    1    1    1    0    2    0    2    0    5    1    5    1 -0.0000000000 -0.0000000000 
    1    1    1    0    2    0    2    1    5    0    5    0 -0.0565891895 -0.0025455235 
    1    1    1    0    2    0    2    1    5    0    5    1 -0.0000000000 -0.0000000000 
    1    1    1    0    2    0    2    1    5    1    5    0 -0.0000000000 0.0000000000 
    1    1    1    0    2    0    2    1    5    1    5    1 -0.0565891895 0.0025455235 
    1    1    1    0    2    1    2    0    5    0    5    0 0.0565891895 -0.0025455235 
    1    1    1    0    2    1    2    0    5    0    5    1 -0.0000000000 -0.0000000000 
    1    1    1    0    2    1    2    0    5    1    5    0 0.0000000000 0.0000000000 
    1    1    1    0    2    1    2    0    5    1    5    1 0.0565891895 0.0025455235 
    1    1    1    0    2    1    2    1    5    0    5    0 -0.0000000000 -0.0000000000 
    1    1    1    0    2    1    2    1    5    0    5    1 -0.0161501689 -0.0031454543 
    1    1    1    0    2    1    2    1    5    1    5    0 0.0161501689 -0.0031454543 
    1    1    1    0    2    1    2    1    5    1    5    1 -0.0000000000 -0.0000000000 
    1    1    1    1    2    0    2    0    5    0    5    0 0.1315784904 0.0000000000 
    1    1    1    1    2    0    2    0    5    0    5    1 0.0000000000 -0.0000000000 
    1    1    1    1    2    0    2    0    5    1    5    0 0.0000000000 0.0000000000 
    1    1    1    1    2    0    2    0    5    1    5    1 0.1184215096 0.0000000000 
    1    1    1    1    2    0    2    1    5    0    5    0 -0.0000000000 -0.0000000000 
    1    1    1    1    2    0    2    1    5    0    5    1 -0.0315823378 0.0000000000 
    1    1    1    1    2    0    2    1    5    1    5    0 0.0083430754 -0.0000000000 
    1    1    1    1    2    0    2    1    5    1    5    1 -0.0000000000 -0.0000000000 
    1    1    1    1    2    1    2    0    5    0    5    0 -0.0000000000 0.0000000000 
    1    1    1    1    2    1    2    0    5    0    5    1 0.0083430754 0.0000000000 
    1    1    1    1    2    1    2    0    5    1    5    0 -0.0315823378 -0.0000000000 
    1    1    1    1    2    1    2    0    5    1    5    1 -0.0000000000 0.0000000000 
    1    1    1    1    2    1    2    1    5    0    5    0 0.1184215096 0.0000000000 
    1    1    1    1    2    1    2    1    5    0    5    1 0.0000000000 -0.0000000000 
    1    1    1    1    2    1    2    1    5    1    5    0 0.0000000000 0.0000000000 
    1    1    1    1    2    1    2    1    5    1    5    1 0.1315784904 0.0000000000 
    1    0    1    0    2    0    2    0    6    0    6    0 0.1315784904 0.0000000000 
    1    0    1    0    2    0    2    0    6    0    6    1 0.0000000000 0.0000000000 
    1    0    1    0    2    0    2    0    6    1    6    0 0.0000000000 -0.0000000000 
    1    0    1    0    2    0    2    0    6    1    6    1 0.1184215096 0.0000000000 
    1    0    1    0    2    0    2    1    6    0    6    0 -0.0000000000 -0.0000000000 
    1    0    1    0    2    0    2    1    6    0    6    1 0.0161501689 -0.0031454543 
    1    0    1    0    2    0    2    1    6    1    6    0 -0.0161501689 -0.0031454543 
    1    0    1    0    2    0    2    1    6    1    6    1 -0.0000000000 -0.0000000000 
    1    0    1    0    2    1    2    0    6    0    6    0 -0.0000000000 0.0000000000 
    1    0    1    0    2    1    2    0    6    0    6    1 -0.0161501689 0.0031454543 
    1    0    1    0    2    1    2    0    6    1    6    0 0.0161501689 0.0031454543 
    1    0    1    0    2    1    2    0    6    1    6    1 -0.0000000000 0.0000000000 
    1    0    1    0    2    1    2    1    6    0    6    0 0.1315784904 0.0000000000 
    1    0    1    0    2    1    2    1    6    0    6    1 0.0000000000 -0.0000000000 
    1    0    1    0    2    1    2    1    6    1    6    0 0.0000000000 0.0000000000 
    1    0    1    0    2    1    2    1    6    1    6    1 0.1184215096 0.0000000000 
    1    0    1    1    2    0    2    0    6    0    6    0 -0.0000000000 0.0000000000 
    1    0    1    1    2    0    2    0    6    0    6    1 -0.0315823378 -0.0000000000 
    1    0    1    1    2    0    2    0    6    1    6    0 0.0083430754 0.0000000000 
    1    0    1    1    2    0    2    0    6    1    6    1 -0.0000000000 -0.0000000000 
    1    0    1    1    2    0    2    1    6    0    6    0 0.0565891895 0.0025455235 
    1    0    1    1    2    0    2    1    6    0    6    1 0.0000000000 0.0000000000 
    1    0    1    1    2    0    2    1    6    1    6    0 0.0000000000 -0.0000000000 
    1    0    1    1    2    0    2    1    6    1    6    1 0.0565891895 -0.0025455235 
    1    0    1    1    2    1    2    0    6    0    6    0 -0.0565891895 -0.0025455235 
    1    0    1    1    2    1    2    0    6    0    6    1 0.0000000000 0.0000000000 
    1    0    1    1    2    1    2    0    6    1    6    0 -0.0000000000 -0.0000000000 
    1    0    1    1    2    1    2    0    6    1    6    1 -0.0565891895 0.0025455235 
    1    0    1    1    2    1    2    1    6    0    6    0 -0.0000000000 0.0000000000 
    1    0    1    1    2    1    2    1    6    0    6    1 -0.0315823378 0.0000000000 
    1    0    1    1    2    1    2    1    6    1    6    0 0.0083430754 -0.0000000000 
    1    0    1    1    2    1    2    1    6    1    6    1 -0.0000000000 -0.0000000000 
    1    1    1    0    2    0    2    0    6    0    6    0 -0.0000000000 -0.0000000000 
    1    1    1    0    2    0    2    0    6    0    6    1 0.0083430754 -0.0000000000 
    1    1    1    0    2    0    2    0    6    1    6    0 -0.0315823378 0.0000000000 
    1    1    1    0    2    0    2    0    6    1    6    1 -0.0000000000 0.0000000000 
    1    1    1    0    2    0    2    1    6    0    6    0 -0.0565891895 0.0025455235 
    1    1    1    0    2    0    2    1    6    0    6    1 -0.0000000000 0.0000000000 
    1    1    1    0    2    0    2    1    6    1    6    0 0.0000000000 -0.0000000000 
    1    1    1    0    2    0    2    1    6    1    6    1 -0.0565891895 -0.0025455235 
    1    1    1    0    2    1    2    0    6    0    6    0 0.0565891895 -0.0025455235 
    1    1    1    0    2    1    2    0    6    0    6    1 0.0000000000 0.0000000000 
    1    1    1    0    2    1    2    0    6    1    6    0 0.0000000000 -0.0000000000 
    1    1    1    0    2    1    2    0    6    1    6    1 0.0565891895 0.0025455235 
    1    1    1    0    2    1    2    1    6    0    6    0 -0.0000000000 -0.0000000000 
    1    1    1    0    2    1    2    1    6    0    6    1 0.0083430754 0.0000000000 
    1    1    1    0    2    1    2    1    6    1    6    0 -0.0315823378 -0.0000000000 
    1    1    1    0    2    1    2    1    6    1    6    1 -0.0000000000 0.0000000000 
    1    1    1    1    2    0    2    0    6    0    6    0 0.1184215096 0.0000000000 
    1    1    1    1    2    0    2    0    6    0    6    1 0.0000000000 0.0000000000 
    1    1    1    1    2    0    2    0    6    1    6    0 0.0000000000 -0.0000000000 
    1    1    1    1    2    0    2    0    6    1    6    1 0.1315784904 0.0000000000 
    1    1    1    1    2    0    2    1    6    0    6    0 -0.0000000000 -0.0000000000 
    1    1    1    1    2    0    2    1    6    0    6    1 0.0161501689 0.0031454543 
    1    1    1    1    2    0    2    1    6    1    6    0 -0.0161501689 0.0031454543 
    1    1    1    1    2    0    2    1    6    1    6    1 -0.0000000000 0.0000000000 
    1    1    1    1    2    1    2    0    6    0    6    0 -0.0000000000 0.0000000000 
    1    1    1    1    2    1    2    0    6    0    6    1 -0.0161501689 -0.0031454543 
    1    1    1    1    2    1    2    0    6    1    6    0 0.0161501689 -0.0031454543 
    1    1    1    1    2    1    2    0    6    1    6    1 -0.0000000000 -0.0000000000 
    1    1    1    1    2    1    2    1    6    0    6    0 0.1184215096 0.0000000000 
    1    1    1    1    2    1    2    1    6    0    6    1 0.0000000000 0.0000000000 
    1    1    1    1    2    1    2    1    6    1    6    0 0.0000000000 -0.0000000000 
    1    1    1    1    2    1    2    1    6    1    6    1 0.1315784904 0.0000000000 
    1    0    1    0    2    0    2    0    7    0    7    0 0.0448477801 0.0000000000 
    1    0    1    0    2    0    2    0    7    0    7    1 0.0000000000 -0.0000000000 
    1    0    1    0    2    0    2    0    7    1    7    0 0.0000000000 0.0000000000 
    1    0    1    0    2    0    2    0    7    1    7    1 0.2051522199 0.0000000000 
    1    0    1    0    2    0    2    1    7    0    7    0 -0.0000000000 -0.0000000000 
    1    0    1    0    2    0    2    1    7    0    7    1 -0.0000000000 -0.0031454543 
    1    0    1    0    2    0    2    1    7    1    7    0 0.0000000000 0.0196152667 
    1    0    1    0    2    0    2    1    7    1    7    1 -0.0000000000 0.0000000000 
    1    0    1    0    2    1    2    0    7    0    7    0 -0.0000000000 0.0000000000 
    1    0    1    0    2    1    2    0    7    0    7    1 0.0000000000 -0.0196152667 
    1    0    1    0    2    1    2    0    7    1    7    0 -0.0000000000 0.0031454543 
    1    0    1    0    2    1    2    0    7    1    7    1 -0.0000000000 -0.0000000000 
    1    0    1    0    2    1    2    1    7    0    7    0 0.2051522199 0.0000000000 
    1    0    1    0    2    1    2    1    7    0    7    1 -0.0000000000 -0.0000000000 
    1    0    1    0    2    1    2    1    7    1    7    0 -0.0000000000 0.0000000000 
    1    0    1    0    2    1    2    1    7    1    7    1 0.0448477801 0.0000000000 
    1    0    1    1    2    0    2    0    7    0    7    0 -0.0000000000 0.0000000000 
    1    0    1    1    2    0    2    0    7    0    7    1 0.0094004791 0.0082349062 
    1    0    1    1    2    0    2    0    7    1    7    0 0.0094004791 -0.0082349062 
    1    0    1    1    2    0    2    0    7    1    7    1 -0.0000000000 0.0000000000 
    1    0    1    1    2    0    2    1    7    0    7    0 0.0565891895 0.0000000000 
    1    0    1    1    2    0    2    1    7    0    7    1 -0.0000000000 -0.0000000000 
    1    0    1    1    2    0    2    1    7    1    7    0 -0.0000000000 0.0000000000 
    1    0    1    1    2    0    2    1    7    1    7    1 0.0565891895 0.0000000000 
    1    0    1    1    2    1    2    0    7    0    7    0 -0.0565891895 -0.0000000000 
    1    0    1    1    2    1    2    0    7    0    7    1 -0.0000000000 0.0000000000 
    1    0    1    1    2    1    2    0    7    1    7    0 0.0000000000 -0.0000000000 
    1    0    1    1    2    1    2    0    7    1    7    1 -0.0565891895 -0.0000000000 
    1    0    1    1    2    1    2    1    7    0    7    0 -0.0000000000 0.0000000000 
    1    0    1    1    2    1    2    1    7    0    7    1 0.0094004791 -0.0082349062 
    1    0    1    1    2    1    2    1    7    1    7    0 0.0094004791 0.0082349062 
    1    0    1    1    2    1    2    1    7    1    7    1 -0.0000000000 0.0000000000 
    1    1    1    0    2    0    2    0    7    0    7    0 -0.0000000000 -0.0000000000 
    1    1    1    0    2    0    2    0    7    0    7    1 0.0094004791 0.0082349062 
    1    1    1    0    2    0    2    0    7    1    7    0 0.0094004791 -0.0082349062 
    1    1    1    0    2    0    2    0    7    1    7    1 -0.0000000000 -0.0000000000 
    1    1    1    0    2    0    2    1    7    0    7    0 -0.0565891895 0.0000000000 
    1    1    1    0    2    0    2    1    7    0    7    1 0.0000000000 0.0000000000 
    1    1    1    0    2    0    2    1    7    1    7    0 -0.0000000000 -0.0000000000 
    1    1    1    0    2    0    2    1    7    1    7    1 -0.0565891895 0.0000000000 
    1    1    1    0    2    1    2    0    7    0    7    0 0.0565891895 -0.0000000000 
    1    1    1    0    2    1    2    0    7    0    7    1 -0.0000000000 -0.0000000000 
    1    1    1    0    2    1    2    0    7    1    7    0 -0.0000000000 0.0000000000 
    1    1    1    0    2    1    2    0    7    1    7    1 0.0565891895 -0.0000000000 
    1    1    1    0    2    1    2    1    7    0    7    0 -0.0000000000 -0.0000000000 
    1    1    1    0    2    1    2    1    7    0    7    1 0.0094004791 -0.0082349062 
    1    1    1    0    2    1    2    1    7    1    7    0 0.0094004791 0.0082349062 
    1    1    1    0    2    1    2    1    7    1    7    1 -0.0000000000 -0.0000000000 
    1    1    1    1    2    0    2    0    7    0    7    0 0.0448477801 0.0000000000 
    1    1    1    1    2    0    2    0    7    0    7    1 -0.0000000000 -0.0000000000 
    1    1    1    1    2    0    2    0    7    1    7    0 -0.0000000000 0.0000000000 
    1    1    1    1    2    0    2    0    7    1    7    1 0.2051522199 0.0000000000 
    1    1    1    1    2    0    2    1    7    0    7    0 -0.0000000000 0.0000000000 
    1    1    1    1    2    0    2    1    7    0    7    1 0.0000000000 0.0031454543 
    1    1    1    1    2    0    2    1    7    1    7    0 0.0000000000 -0.0196152667 
    1    1    1    1    2    0    2    1    7    1    7    1 -0.0000000000 -0.0000000000 
    1    1    1    1    2    1    2    0    7    0    7    0 -0.0000000000 -0.0000000000 
    1    1    1    1    2    1    2    0    7    0    7    1 0.0000000000 0.0196152667 
    1    1    1    1    2    1    2    0    7    1    7    0 0.0000000000 -0.0031454543 
    1    1    1    1    2    1    2    0    7    1    7    1 -0.0000000000 0.0000000000 
    1    1    1    1    2    1    2    1    7    0    7    0 0.2051522199 0.0000000000 
    1    1    1    1    2    1    2    1    7    0    7    1 -0.0000000000 0.0000000000 
    1    1    1    1    2    1    2    1    7    1    7    0 -0.0000000000 -0.0000000000 
    1    1    1    1    2    1    2    1    7    1    7    1 0.0448477801 0.0000000000 
    1    0    1    0    3    0    3    0    4    0    4    0 0.0461041600 0.0000000000 
    1    0    1    0    3    0    3    0    4    0    4    1 -0.0000000000 0.0000000000 
    1    0    1    0    3    0    3    0    4    1    4    0 -0.0000000000 -0.0000000000 
    1    0    1    0    3    0    3    0    4    1    4    1 0.1932516188 0.0000000000 
    1    0    1    0    3    0    3    1    4    0    4    0 0.0000000000 0.0000000000 
    1    0    1    0    3    0    3    1    4    0    4    1 -0.0315823378 -0.0257412776 
    1    0    1    0    3    0    3    1    4    1    4    0 0.0083430754 -0.0194503690 
    1    0    1    0    3    0    3    1    4    1    4    1 0.0000000000 0.0000000000 
    1    0    1    0    3    1    3    0    4    0    4    0 0.0000000000 -0.0000000000 
    1    0    1    0    3    1    3    0    4    0    4    1 0.0083430754 0.0194503690 
    1    0    1    0    3    1    3    0    4    1    4    0 -0.0315823378 0.0257412776 
    1    0    1    0    3    1    3    0    4    1    4    1 0.0000000000 -0.0000000000 
    1    0    1    0    3    1    3    1    4    0    4    0 0.0435914003 0.0000000000 
    1    0    1    0    3    1    3    1    4    0    4    1 -0.0000000000 0.0000000000 
    1    0    1    0    3    1    3    1    4    1    4    0 -0.0000000000 -0.0000000000 
    1    0    1    0    3    1    3    1    4    1    4    1 0.2170528209 0.0000000000 
    1    0    1    1    3    0    3    0    4    0    4    0 -0.0000000000 -0.0000000000 
    1    0    1    1    3    0    3    0    4    0    4    1 0.0000000000 -0.0000000000 
    1    0    1    1    3    0    3    0    4    1    4    0 0.0000000000 0.0000000000 
    1    0    1    1    3    0    3    0    4    1    4    1 -0.0000000000 0.0000000000 
    1    0    1    1    3    0    3    1    4    0    4    0 -0.0000000000 -0.0000000000 
    1    0    1    1    3    0    3    1    4    0    4    1 0.0000000000 -0.0000000000 
    1    0    1    1    3    0    3    1    4    1    4    0 -0.0000000000 0.0000000000 
    1    0    1    1    3    0    3    1    4    1    4    1 0.0000000000 -0.0000000000 
    1    0    1    1    3    1    3    0    4    0    4    0 -0.0000000000 -0.0000000000 
    1    0    1    1    3    1    3    0    4    0    4    1 -0.0000000000 -0.0000000000 
    1    0    1    1    3    1    3    0    4    1    4    0 -0.0000000000 -0.0000000000 
    1    0    1    1    3    1    3    0    4    1    4    1 -0.0000000000 0.0000000000 
    1    0    1    1    3    1    3    1    4    0    4    0 -0.0000000000 0.0000000000 
    1    0    1    1    3    1    3    1    4    0    4    1 0.0000000000 0.0000000000 
    1    0    1    1    3    1    3    1    4    1    4    0 0.0000000000 0.0000000000 
    1    0    1    1    3    1    3    1    4    1    4    1 -0.0000000000 0.0000000000 
    1    1    1    0    3    0    3    0    4    0    4    0 -0.0000000000 0.0000000000 
    1    1    1    0    3    0    3    0    4    0    4    1 0.0000000000 -0.0000000000 
    1    1    1    0    3    0    3    0    4    1    4    0 0.0000000000 0.0000000000 
    1    1    1    0    3    0    3    0    4    1    4    1 -0.0000000000 -0.0000000000 
    1    1    1    0    3    0    3    1    4    0    4    0 -0.0000000000 0.0000000000 
    1    1    1    0    3    0    3    1    4    0    4    1 -0.0000000000 0.0000000000 
    1    1    1    0    3    0    3    1    4    1    4    0 -0.0000000000 0.0000000000 
    1    1    1    0    3    0    3    1    4    1    4    1 -0.0000000000 -0.0000000000 
    1    1    1    0    3    1    3    0    4    0    4    0 -0.0000000000 0.0000000000 
    1    1    1    0    3    1    3    0    4    0    4    1 -0.0000000000 -0.0000000000 
    1    1    1    0    3    1    3    0    4    1    4    0 0.0000000000 0.0000000000 
    1    1    1    0    3    1    3    0    4    1    4    1 0.0000000000 0.0000000000 
    1    1    1    0    3    1    3    1    4    0    4    0 -0.0000000000 -0.0000000000 
    1    1    1    0    3    1    3    1    4    0    4    1 0.0000000000 -0.0000000000 
    1    1    1    0    3    1    3    1    4    1    4    0 0.0000000000 -0.0000000000 
    1    1    1    0    3    1    3    1    4    1    4    1 -0.0000000000 -0.0000000000 
    1    1    1    1    3    0    3    0    4    0    4    0 0.2170528209 0.0000000000 
    1    1    1    1    3    0    3    0    4    0    4    1 -0.0000000000 0.0000000000 
    1    1    1    1    3    0    3    0    4    1    4    0 -0.0000000000 -0.0000000000 
    1    1    1    1    3    0    3    0    4    1    4    1 0.0435914003 0.0000000000 
    1    1    1    1    3    0    3    1    4    0    4    0 0.0000000000 -0.0000000000 
    1    1    1    1    3    0    3    1    4    0    4    1 -0.0315823378 0.0257412776 
    1    1    1    1    3    0    3    1    4    1    4    0 0.0083430754 0.0194503690 
    1    1    1    1    3    0    3    1    4    1    4    1 0.0000000000 -0.0000000000 
    1    1    1    1    3    1    3    0    4    0    4    0 0.0000000000 0.0000000000 
    1    1    1    1    3    1    3    0    4    0    4    1 0.0083430754 -0.0194503690 
    1    1    1    1    3    1    3    0    4    1    4    0 -0.0315823378 -0.0257412776 
    1    1    1    1    3    1    3    0    4    1    4    1 0.0000000000 0.0000000000 
    1    1    1    1    3    1    3    1    4    0    4    0 0.1932516188 0.0000000000 
    1    1    1    1    3    1    3    1    4    0    4    1 -0.0000000000 0.0000000000 
    1    1    1    1    3    1    3    1    4    1    4    0 -0.0000000000 -0.0000000000 
    1    1    1    1    3    1    3    1    4    1    4    1 0.0461041600 0.0000000000 
    1    0    1    0    3    0    3    0    5    0    5    0 0.1196778894 0.0000000000 
    1    0    1    0    3    0    3    0    5    0    5    1 0.0000000000 -0.0000000000 
    1    0    1    0    3    0    3    0    5    1    5    0 0.0000000000 0.0000000000 
    1    0    1    0    3    0    3    0    5    1    5    1 0.1196778894 0.0000000000 
    1    0    1    0    3    0    3    1    5    0    5    0 0.0000000000 0.0000000000 
    1    0    1    0    3    0    3    1    5    0    5    1 0.0094004791 0.0279299736 
    1    0    1    0    3    0    3    1    5    1    5    0 0.0094004791 0.0279299736 
    1    0    1    0    3    0    3    1    5    1    5    1 0.0000000000 0.0000000000 
    1    0    1    0    3    1    3    0    5    0    5    0 0.0000000000 -0.0000000000 
    1    0    1    0    3    1    3    0    5    0    5    1 0.0094004791 -0.0279299736 
    1    0    1    0    3    1    3    0    5    1    5    0 0.0094004791 -0.0279299736 
    1    0    1    0    3    1    3    0    5    1    5    1 0.0000000000 -0.0000000000 
    1    0    1    0    3    1    3    1    5    0    5    0 0.1303221106 0.0000000000 
    1    0    1    0    3    1    3    1    5    0    5    1 0.0000000000 0.0000000000 
    1    0    1    0    3    1    3    1    5    1    5    0 0.0000000000 -0.0000000000 
    1    0    1    0    3    1    3    1    5    1    5    1 0.1303221106 0.0000000000 
    1    0    1    1    3    0    3    0    5    0    5    0 -0.0000000000 -0.0000000000 
    1    0    1    1    3    0    3    0    5    0    5    1 0.0161501689 0.0038879953 
    1    0    1    1    3    0    3    0    5    1    5    0 -0.0161501689 -0.0038879953 
    1    0    1    1    3    0    3    0    5    1    5    1 -0.0000000000 0.0000000000 
    1    0    1    1    3    0    3    1    5    0    5    0 0.0000000000 -0.0031464401 
    1    0    1    1    3    0    3    1    5    0    5    1 -0.0000000000 0.0000000000 
    1    0    1    1    3    0    3    1    5    1    5    0 0.0000000000 -0.0000000000 
    1    0    1    1    3    0    3    1    5    1    5    1 -0.0000000000 0.0031464401 
    1    0    1    1    3    1    3    0    5    0    5    0 -0.0000000000 -0.0031464401 
    1    0    1    1    3    1    3    0    5    0    5    1 0.0000000000 0.0000000000 
    1    0    1    1    3    1    3    0    5    1    5    0 -0.0000000000 -0.0000000000 
    1    0    1    1    3    1    3    0    5    1    5    1 -0.0000000000 0.0031464401 
    1    0    1    1    3    1    3    1    5    0    5    0 -0.0000000000 0.0000000000 
    1    0    1    1    3    1    3    1    5    0    5    1 0.0161501689 -0.0038879953 
    1    0    1    1    3    1    3    1    5    1    5    0 -0.0161501689 0.0038879953 
    1    0    1    1    3    1    3    1    5    1    5    1 -0.0000000000 0.0000000000 
    1    1    1    0    3    0    3    0    5    0    5    0 -0.0000000000 0.0000000000 
    1    1    1    0    3    0    3    0    5    0    5    1 -0.0161501689 0.0038879953 
    1    1    1    0    3    0    3    0    5    1    5    0 0.0161501689 -0.0038879953 
    1    1    1    0    3    0    3    0    5    1    5    1 -0.0000000000 -0.0000000000 
    1    1    1    0    3    0    3    1    5    0    5    0 -0.0000000000 0.0031464401 
    1    1    1    0    3    0    3    1    5    0    5    1 -0.0000000000 0.0000000000 
    1    1    1    0    3    0    3    1    5    1    5    0 0.0000000000 -0.0000000000 
    1    1    1    0    3    0    3    1    5    1    5    1 -0.0000000000 -0.0031464401 
    1    1    1    0    3    1    3    0    5    0    5    0 0.0000000000 0.0031464401 
    1    1    1    0    3    1    3    0    5    0    5    1 0.0000000000 0.0000000000 
    1    1    1    0    3    1    3    0    5    1    5    0 -0.0000000000 -0.0000000000 
    1    1    1    0    3    1    3    0    5    1    5    1 -0.0000000000 -0.0031464401 
    1    1    1    0    3    1    3    1    5    0    5    0 -0.0000000000 -0.0000000000 
    1    1    1    0    3    1    3    1    5    0    5    1 -0.0161501689 -0.0038879953 
    1    1    1    0    3    1    3    1    5    1    5    0 0.0161501689 0.0038879953 
    1    1    1    0    3    1    3    1    5    1    5    1 -0.0000000000 -0.0000000000 
    1    1    1    1    3    0    3    0    5    0    5    0 0.1303221106 0.0000000000 
    1    1    1    1    3    0    3    0    5    0    5    1 0.0000000000 -0.0000000000 
    1    1    1    1    3    0    3    0    5    1    5    0 0.0000000000 0.0000000000 
    1    1    1    1    3    0    3    0    5    1    5    1 0.1303221106 0.0000000000 
    1    1    1    1    3    0    3    1    5    0    5    0 0.0000000000 -0.0000000000 
    1    1    1    1    3    0    3    1    5    0    5    1 0.0094004791 -0.0279299736 
    1    1    1    1    3    0    3    1    5    1    5    0 0.0094004791 -0.0279299736 
    1    1    1    1    3    0    3    1    5    1    5    1 0.0000000000 -0.0000000000 
    1    1    1    1    3    1    3    0    5    0    5    0 0.0000000000 0.0000000000 
    1    1    1    1    3    1    3    0    5    0    5    1 0.0094004791 0.0279299736 
    1    1    1    1    3    1    3    0    5    1    5    0 0.0094004791 0.0279299736 
    1    1    1    1    3    1    3    0    5    1    5    1 0.0000000000 0.0000000000 
    1    1    1    1    3    1    3    1    5    0    5    0 0.1196778894 0.0000000000 
    1    1    1    1    3    1    3    1    5    0    5    1 0.0000000000 -0.0000000000 
    1    1    1    1    3    1    3    1    5    1    5    0 0.0000000000 0.0000000000 
    1    1    1    1    3    1    3    1    5    1    5    1 0.1196778894 0.0000000000 
    1    0    1    0    3    0    3    0    6    0    6    0 0.0461041600 0.0000000000 
    1    0    1    0    3    0    3    0    6    0    6    1 -0.0000000000 -0.0000000000 
    1    0    1    0    3    0    3    0    6    1    6    0 -0.0000000000 0.0000000000 
    1    0    1    0    3    0    3    0    6    1    6    1 0.1932516188 0.0000000000 
    1    0    1    0    3    0    3    1    6    0    6    0 0.0000000000 0.0000000000 
    1    0    1    0    3    0    3    1    6    0    6    1 -0.0000000000 -0.0000000000 
    1    0    1    0    3    0    3    1    6    1    6    0 0.0000000000 -0.0000000000 
    1    0    1    0    3    0    3    1    6    1    6    1 0.0000000000 0.0000000000 
    1    0    1    0    3    1    3    0    6    0    6    0 0.0000000000 -0.0000000000 
    1    0    1    0    3    1    3    0    6    0    6    1 0.0000000000 0.0000000000 
    1    0    1    0    3    1    3    0    6    1    6    0 -0.0000000000 0.0000000000 
    1    0    1    0    3    1    3    0    6    1    6    1 0.0000000000 -0.0000000000 
    1    0    1    0    3    1    3    1    6    0    6    0 0.2170528209 0.0000000000 
    1    0    1    0    3    1    3    1    6    0    6    1 0.0000000000 -0.0000000000 
    1    0    1    0    3    1    3    1    6    1    6    0 0.0000000000 0.0000000000 
    1    0    1    0    3    1    3    1    6    1    6    1 0.0435914003 0.0000000000 
    1    0    1    1    3    0    3    0    6    0    6    0 -0.0000000000 0.0000000000 
    1    0    1    1    3    0    3    0    6    0    6    1 -0.0315823378 -0.0257412776 
    1    0    1    1    3    0    3    0    6    1    6    0 0.0083430754 -0.0194503690 
    1    0    1    1    3    0    3    0    6    1    6    1 -0.0000000000 -0.0000000000 
    1    0    1    1    3    0    3    1    6    0    6    0 0.0000000000 -0.0000000000 
    1    0    1    1    3    0    3    1    6    0    6    1 -0.0000000000 -0.0000000000 
    1    0    1    1    3    0    3    1    6    1    6    0 -0.0000000000 0.0000000000 
    1    0    1    1    3    0    3    1    6    1    6    1 -0.0000000000 0.0000000000 
    1    0    1    1    3    1    3    0    6    0    6    0 -0.0000000000 0.0000000000 
    1    0    1    1    3    1    3    0    6    0    6    1 -0.0000000000 -0.0000000000 
    1    0    1    1    3    1    3    0    6    1    6    0 0.0000000000 -0.0000000000 
    1    0    1    1    3    1    3    0    6    1    6    1 -0.0000000000 -0.0000000000 
    1    0    1    1    3    1    3    1    6    0    6    0 -0.0000000000 0.0000000000 
    1    0    1    1    3    1    3    1    6    0    6    1 -0.0315823378 0.0257412776 
    1    0    1    1    3    1    3    1    6    1    6    0 0.0083430754 0.0194503690 
    1    0    1    1    3    1    3    1    6    1    6    1 -0.0000000000 0.0000000000 
    1    1    1    0    3    0    3    0    6    0    6    0 -0.0000000000 -0.0000000000 
    1    1    1    0    3    0    3    0    6    0    6    1 0.0083430754 0.0194503690 
    1    1    1    0    3    0    3    0    6    1    6    0 -0.0315823378 0.0257412776 
    1    1    1    0    3    0    3    0    6    1    6    1 -0.0000000000 0.0000000000 
    1    1    1    0    3    0    3    1    6    0    6    0 -0.0000000000 -0.0000000000 
    1    1    1    0    3    0    3    1    6    0    6    1 0.0000000000 0.0000000000 
    1    1    1    0    3    0    3    1    6    1    6    0 -0.0000000000 0.0000000000 
    1    1    1    0    3    0    3    1    6    1    6    1 -0.0000000000 0.0000000000 
    1    1    1    0    3    1    3    0    6    0    6    0 0.0000000000 0.0000000000 
    1    1    1    0    3    1    3    0    6    0    6    1 -0.0000000000 -0.0000000000 
    1    1    1    0    3    1    3    0    6    1    6    0 -0.0000000000 0.0000000000 
    1    1    1    0    3    1    3    0    6    1    6    1 -0.0000000000 -0.0000000000 
    1    1    1    0    3    1    3    1    6    0    6    0 -0.0000000000 -0.0000000000 
    1    1    1    0    3    1    3    1    6    0    6    1 0.0083430754 -0.0194503690 
    1    1    1    0    3    1    3    1    6    1    6    0 -0.0315823378 -0.0257412776 
    1    1    1    0    3    1    3    1    6    1    6    1 -0.0000000000 -0.0000000000 
    1    1    1    1    3    0    3    0    6    0    6    0 0.0435914003 0.0000000000 
    1    1    1    1    3    0    3    0    6    0    6    1 0.0000000000 0.0000000000 
    1    1    1    1    3    0    3    0    6    1    6    0 0.0000000000 -0.0000000000 
    1    1    1    1    3    0    3    0    6    1    6    1 0.2170528209 0.0000000000 
    1    1    1    1    3    0    3    1    6    0    6    0 0.0000000000 -0.0000000000 
    1    1    1    1    3    0    3    1    6    0    6    1 0.0000000000 0.0000000000 
    1    1    1    1    3    0    3    1    6    1    6    0 0.0000000000 -0.0000000000 
    1    1    1    1    3    0    3    1    6    1    6    1 0.0000000000 -0.0000000000 
    1    1    1    1    3    1    3    0    6    0    6    0 0.0000000000 0.0000000000 
    1    1    1    1    3    1    3    0    6    0    6    1 0.0000000000 0.0000000000 
    1    1    1    1    3    1    3    0    6    1    6    0 0.0000000000 -0.0000000000 
    1    1    1    1    3    1    3    0    6    1    6    1 0.0000000000 0.0000000000 
    1    1    1    1    3    1    3    1    6    0    6    0 0.1932516188 0.0000000000 
    1    1    1    1    3    1    3    1    6    0    6    1 0.0000000000 0.0000000000 
    1    1    1    1    3    1    3    1    6    1    6    0 0.0000000000 -0.0000000000 
    1    1    1    1    3    1    3    1    6    1    6    1 0.0461041600 0.0000000000 
    1    0    1    0    3    0    3    0    7    0    7    0 0.1196778894 0.0000000000 
    1    0    1    0    3    0    3    0    7    0    7    1 0.0000000000 -0.0000000000 
    1    0    1    0    3    0    3    0    7    1    7    0 0.0000000000 0.0000000000 
    1    0    1    0    3    0    3    0    7    1    7    1 0.1196778894 0.0000000000 
    1    0    1    0    3    0    3    1    7    0    7    0 0.0000000000 0.0000000000 
    1    0    1    0    3    0    3    1    7    0    7    1 0.0161501689 0.0038879953 
    1    0    1    0    3    0    3    1    7    1    7    0 -0.0161501689 -0.0038879953 
    1    0    1    0    3    0    3    1    7    1    7    1 0.0000000000 -0.0000000000 
    1    0    1    0    3    1    3    0    7    0    7    0 0.0000000000 -0.0000000000 
    1    0    1    0    3    1    3    0    7    0    7    1 -0.0161501689 0.0038879953 
    1    0    1    0    3    1    3    0    7    1    7    0 0.0161501689 -0.0038879953 
    1    0    1    0    3    1    3    0    7    1    7    1 0.0000000000 0.0000000000 
    1    0    1    0    3    1    3    1    7    0    7    0 0.1303221106 0.0000000000 
    1    0    1    0    3    1    3    1    7    0    7    1 -0.0000000000 -0.0000000000 
    1    0    1    0    3    1    3    1    7    1    7    0 -0.0000000000 0.0000000000 
    1    0    1    0    3    1    3    1    7    1    7    1 0.1303221106 0.0000000000 
    1    0    1    1    3    0    3    0    7    0    7    0 -0.0000000000 -0.0000000000 
    1    0    1    1    3    0    3    0    7    0    7    1 0.0094004791 0.0279299736 
    1    0    1    1    3    0    3    0    7    1    7    0 0.0094004791 0.0279299736 
    1    0    1    1    3    0    3    0    7    1    7    1 -0.0000000000 -0.0000000000 
    1    0    1    1    3    0    3    1    7    0    7    0 -0.0000000000 -0.0031464401 
    1    0    1    1    3    0    3    1    7    0    7    1 0.0000000000 0.0000000000 
    1    0    1    1    3    0    3    1    7    1    7    0 0.0000000000 -0.0000000000 
    1    0    1    1    3    0    3    1    7    1    7    1 0.0000000000 0.0031464401 
    1    0    1    1    3    1    3    0    7    0    7    0 -0.0000000000 0.0031464401 
    1    0    1    1    3    1    3    0    7    0    7    1 0.0000000000 -0.0000000000 
    1    0    1    1    3    1    3    0    7    1    7    0 0.0000000000 0.0000000000 
    1    0    1    1    3    1    3    0    7    1    7    1 -0.0000000000 -0.0031464401 
    1    0    1    1    3    1    3    1    7    0    7    0 -0.0000000000 0.0000000000 
    1    0    1    1    3    1    3    1    7    0    7    1 0.0094004791 -0.0279299736 
    1    0    1    1    3    1    3    1    7    1    7    0 0.0094004791 -0.0279299736 
    1    0    1    1    3    1    3    1    7    1    7    1 -0.0000000000 0.0000000000 
    1    1    1    0    3    0    3    0    7    0    7    0 -0.0000000000 0.0000000000 
    1    1    1    0    3    0    3    0    7    0    7    1 0.0094004791 -0.0279299736 
    1    1    1    0    3    0    3    0    7    1    7    0 0.0094004791 -0.0279299736 
    1    1    1    0    3    0    3    0    7    1    7    1 -0.0000000000 0.0000000000 
    1    1    1    0    3    0    3    1    7    0    7    0 -0.0000000000 -0.0031464401 
    1    1    1    0    3    0    3    1    7    0    7    1 0.0000000000 -0.0000000000 
    1    1    1    0    3    0    3    1    7    1    7    0 0.0000000000 0.0000000000 
    1    1    1    0    3    0    3    1    7    1    7    1 -0.0000000000 0.0031464401 
    1    1    1    0    3    1    3    0    7    0    7    0 -0.0000000000 0.0031464401 
    1    1    1    0    3    1    3    0    7    0    7    1 0.0000000000 0.0000000000 
    1    1    1    0    3    1    3    0    7    1    7    0 0.0000000000 -0.0000000000 
    1    1    1    0    3    1    3    0    7    1    7    1 0.0000000000 -0.0031464401 
    1    1    1    0    3    1    3    1    7    0    7    0 -0.0000000000 -0.0000000000 
    1    1    1    0    3    1    3    1    7    0    7    1 0.0094004791 0.0279299736 
    1    1    1    0    3    1    3    1    7    1    7    0 0.0094004791 0.0279299736 
    1    1    1    0    3    1    3    1    7    1    7    1 -0.0000000000 -0.0000000000 
    1    1    1    1    3    0    3    0    7    0    7    0 0.1303221106 0.0000000000 
    1    1    1    1    3    0    3    0    7    0    7    1 -0.0000000000 -0.0000000000 
    1    1    1    1    3    0    3    0    7    1    7    0 -0.0000000000 0.0000000000 
    1    1    1    1    3    0    3    0    7    1    7    1 0.1303221106 0.0000000000 
    1    1    1    1    3    0    3    1    7    0    7    0 0.0000000000 -0.0000000000 
    1    1    1    1    3    0    3    1    7    0    7    1 0.0161501689 -0.0038879953 
    1    1    1    1    3    0    3    1    7    1    7    0 -0.0161501689 0.0038879953 
    1    1    1    1    3    0    3    1    7    1    7    1 0.0000000000 -0.0000000000 
    1    1    1    1    3    1    3    0    7    0    7    0 0.0000000000 0.0000000000 
    1    1    1    1    3    1    3    0    7    0    7    1 -0.0161501689 -0.0038879953 
    1    1    1    1    3    1    3    0    7    1    7    0 0.0161501689 0.0038879953 
    1    1    1    1    3    1    3    0    7    1    7    1 0.0000000000 0.0000000000 
    1    1    1    1    3    1    3    1    7    0    7    0 0.1196778894 0.0000000000 
    1    1    1    1    3    1    3    1    7    0    7    1 -0.0000000000 -0.0000000000 
    1    1    1    1    3    1    3    1    7    1    7    0 -0.0000000000 0.0000000000 
    1    1    1    1    3    1    3    1    7    1    7    1 0.1196778894 0.0000000000 
    1    0    1    0    4    0    4    0    5    0    5    0 0.0448477801 0.0000000000 
    1    0    1    0    4    0    4    0    5    0    5    1 0.0000000000 -0.0000000000 
    1    0    1    0    4    0    4    0    5    1    5    0 0.0000000000 0.0000000000 
    1    0    1    0    4    0    4    0    5    1    5    1 0.0448477801 0.0000000000 
    1    0    1    0    4    0    4    1    5    0    5    0 -0.0000000000 0.0000000000 
    1    0    1    0    4    0    4    1    5    0    5    1 -0.0655128393 0.0000000000 
    1    0    1    0    4    0    4    1    5    1    5    0 -0.0655128393 0.0000000000 
    1    0    1    0    4    0    4    1    5    1    5    1 -0.0000000000 -0.0000000000 
    1    0    1    0    4    1    4    0    5    0    5    0 -0.0000000000 -0.0000000000 
    1    0    1    0    4    1    4    0    5    0    5    1 -0.0655128393 -0.0000000000 
    1    0    1    0    4    1    4    0    5    1    5    0 -0.0655128393 -0.0000000000 
    1    0    1    0    4    1    4    0    5    1    5    1 -0.0000000000 0.0000000000 
    1    0    1    0    4    1    4    1    5    0    5    0 0.2051522199 0.0000000000 
    1    0    1    0    4    1    4    1    5    0    5    1 0.0000000000 0.0000000000 
    1    0    1    0    4    1    4    1    5    1    5    0 0.0000000000 -0.0000000000 
    1    0    1    0    4    1    4    1    5    1    5    1 0.2051522199 0.0000000000 
    1    0    1    1    4    0    4    0    5    0    5    0 -0.0000000000 -0.0000000000 
    1    0    1    1    4    0    4    0    5    0    5    1 0.0161501689 0.0591566334 
    1    0    1    1    4    0    4    0    5    1    5    0 -0.0161501689 -0.0591566334 
    1    0    1    1    4    0    4    0    5    1    5    1 0.0000000000 0.0000000000 
    1    0    1    1    4    0    4    1    5    0    5    0 0.0000000000 -0.0225958233 
    1    0    1    1    4    0    4    1    5    0    5    1 0.0000000000 -0.0000000000 
    1    0    1    1    4    0    4    1    5    1    5    0 0.0000000000 -0.0000000000 
    1    0    1    1    4    0    4    1    5    1    5    1 -0.0000000000 0.0225958233 
    1    0    1    1    4    1    4    0    5    0    5    0 -0.0000000000 0.1409090902 
    1    0    1    1    4    1    4    0    5    0    5    1 -0.0000000000 0.0000000000 
    1    0    1    1    4    1    4    0    5    1    5    0 0.0000000000 -0.0000000000 
    1    0    1    1    4    1    4    0    5    1    5    1 0.0000000000 -0.1409090902 
    1    0    1    1    4    1    4    1    5    0    5    0 -0.0000000000 0.0000000000 
    1    0    1    1    4    1    4    1    5    0    5    1 0.0161501689 -0.0591566334 
    1    0    1    1    4    1    4    1    5    1    5    0 -0.0161501689 0.0591566334 
    1    0    1    1    4    1    4    1    5    1    5    1 -0.0000000000 0.0000000000 
    1    1    1    0    4    0    4    0    5    0    5    0 -0.0000000000 0.0000000000 
    1    1    1    0    4    0    4    0    5    0    5    1 -0.0161501689 0.0591566334 
    1    1    1    0    4    0    4    0    5    1    5    0 0.0161501689 -0.0591566334 
    1    1    1    0    4    0    4    0    5    1    5    1 0.0000000000 -0.0000000000 
    1    1    1    0    4    0    4    1    5    0    5    0 -0.0000000000 -0.1409090902 
    1    1    1    0    4    0    4    1    5    0    5    1 0.0000000000 0.0000000000 
    1    1    1    0    4    0    4    1    5    1    5    0 -0.0000000000 -0.0000000000 
    1    1    1    0    4    0    4    1    5    1    5    1 0.0000000000 0.1409090902 
    1    1    1    0    4    1    4    0    5    0    5    0 0.0000000000 0.0225958233 
    1    1    1    0    4    1    4    0    5    0    5    1 0.0000000000 0.0000000000 
    1    1    1    0    4    1    4    0    5    1    5    0 0.0000000000 0.0000000000 
    1    1    1    0    4    1    4    0    5    1    5    1 -0.0000000000 -0.0225958233 
    1    1    1    0    4    1    4    1    5    0    5    0 -0.0000000000 -0.0000000000 
    1    1    1    0    4    1    4    1    5    0    5    1 -0.0161501689 -0.0591566334 
    1    1    1    0    4    1    4    1    5    1    5    0 0.0161501689 0.0591566334 
    1    1    1    0    4    1    4    1    5    1    5    1 -0.0000000000 -0.0000000000 
    1    1    1    1    4    0    4    0    5    0    5    0 0.2051522199 0.0000000000 
    1    1    1    1    4    0    4    0    5    0    5    1 0.0000000000 -0.0000000000 
    1    1    1    1    4    0    4    0    5    1    5    0 0.0000000000 0.0000000000 
    1    1    1    1    4    0    4    0    5    1    5    1 0.2051522199 0.0000000000 
    1    1    1    1    4    0    4    1    5    0    5    0 -0.0000000000 0.0000000000 
    1    1    1    1    4    0    4    1    5    0    5    1 -0.0655128393 0.0000000000 
    1    1    1    1    4    0    4    1    5    1    5    0 -0.0655128393 0.0000000000 
    1    1    1    1    4    0    4    1    5    1    5    1 -0.0000000000 -0.0000000000 
    1    1    1    1    4    1    4    0    5    0    5    0 -0.0000000000 -0.0000000000 
    1    1    1    1    4    1    4    0    5    0    5    1 -0.0655128393 -0.0000000000 
    1    1    1    1    4    1    4    0    5    1    5    0 -0.0655128393 -0.0000000000 
    1    1    1    1    4    1    4    0    5    1    5    1 -0.0000000000 0.0000000000 
    1    1    1    1    4    1    4    1    5    0    5    0 0.0448477801 0.0000000000 
    1    1    1    1    4    1    4    1    5    0    5    1 0.0000000000 0.0000000000 
    1    1    1    1    4    1    4    1    5    1    5    0 0.0000000000 -0.0000000000 
    1    1    1    1    4    1    4    1    5    1    5    1 0.0448477801 0.0000000000 
    1    0    1    0    4    0    4    0    6    0    6    0 0.0461041600 0.0000000000 
    1    0    1    0    4    0    4    0    6    0    6    1 0.0000000000 -0.0000000000 
    1    0    1    0    4    0    4    0    6    1    6    0 0.0000000000 0.0000000000 
    1    0    1    0    4    0    4    0    6    1    6    1 0.0435914003 0.0000000000 
    1    0    1    0    4    0    4    1    6    0    6    0 -0.0000000000 0.0000000000 
    1    0    1    0    4    0    4    1    6    0    6    1 0.0000000000 0.0000000000 
    1    0    1    0    4    0    4    1    6    1    6    0 0.0000000000 0.0000000000 
    1    0    1    0    4    0    4    1    6    1    6    1 -0.0000000000 0.0000000000 
    1    0    1    0    4    1    4    0    6    0    6    0 -0.0000000000 -0.0000000000 
    1    0    1    0    4    1    4    0    6    0    6    1 0.0000000000 -0.0000000000 
    1    0    1    0    4    1    4    0    6    1    6    0 0.0000000000 -0.0000000000 
    1    0    1    0    4    1    4    0    6    1    6    1 -0.0000000000 -0.0000000000 
    1    0    1    0    4    1    4    1    6    0    6    0 0.2170528209 0.0000000000 
    1    0    1    0    4    1    4    1    6    0    6    1 0.0000000000 -0.0000000000 
    1    0    1    0    4    1    4    1    6    1    6    0 0.0000000000 0.0000000000 
    1    0    1    0    4    1    4    1    6    1    6    1 0.1932516188 0.0000000000 
    1    0    1    1    4    0    4    0    6    0    6    0 -0.0000000000 0.0000000000 
    1    0    1    1    4    0    4    0    6    0    6    1 -0.0315823378 -0.0257412776 
    1    0    1    1    4    0    4    0    6    1    6    0 0.0083430754 0.0194503690 
    1    0    1    1    4    0    4    0    6    1    6    1 -0.0000000000 -0.0000000000 
    1    0    1    1    4    0    4    1    6    0    6    0 0.0000000000 0.0000000000 
    1    0    1    1    4    0    4    1    6    0    6    1 0.0000000000 -0.0000000000 
    1    0    1    1    4    0    4    1    6    1    6    0 -0.0000000000 0.0000000000 
    1    0    1    1    4    0    4    1    6    1    6    1 0.0000000000 -0.0000000000 
    1    0    1    1    4    1    4    0    6    0    6    0 0.0000000000 0.0000000000 
    1    0    1    1    4    1    4    0    6    0    6    1 0.0000000000 0.0000000000 
    1    0    1    1    4    1    4    0    6    1    6    0 -0.0000000000 0.0000000000 
    1    0    1    1    4    1    4    0    6    1    6    1 0.0000000000 0.0000000000 
    1    0    1    1    4    1    4    1    6    0    6    0 -0.0000000000 0.0000000000 
    1    0    1    1    4    1    4    1    6    0    6    1 -0.0315823378 0.0257412776 
    1    0    1    1    4    1    4    1    6    1    6    0 0.0083430754 -0.0194503690 
    1    0    1    1    4    1    4    1    6    1    6    1 -0.0000000000 0.0000000000 
    1    1    1    0    4    0    4    0    6    0    6    0 -0.0000000000 -0.0000000000 
    1    1    1    0    4    0    4    0    6    0    6    1 0.0083430754 -0.0194503690 
    1    1    1    0    4    0    4    0    6    1    6    0 -0.0315823378 0.0257412776 
    1    1    1    0    4    0    4    0    6    1    6    1 -0.0000000000 0.0000000000 
    1    1    1    0    4    0    4    1    6    0    6    0 0.0000000000 -0.0000000000 
    1    1    1    0    4    0    4    1    6    0    6    1 -0.0000000000 -0.0000000000 
    1    1    1    0    4    0    4    1    6    1    6    0 0.0000000000 -0.0000000000 
    1    1    1    0    4    0    4    1    6    1    6    1 0.0000000000 -0.0000000000 
    1    1    1    0    4    1    4    0    6    0    6    0 0.0000000000 -0.0000000000 
    1    1    1    0    4    1    4    0    6    0    6    1 -0.0000000000 -0.0000000000 
    1    1    1    0    4    1    4    0    6    1    6    0 0.0000000000 0.0000000000 
    1    1    1    0    4    1    4    0    6    1    6    1 0.0000000000 0.0000000000 
    1    1    1    0    4    1    4    1    6    0    6    0 -0.0000000000 -0.0000000000 
    1    1    1    0    4    1    4    1    6    0    6    1 0.0083430754 0.0194503690 
    1    1    1    0    4    1    4    1    6    1    6    0 -0.0315823378 -0.0257412776 
    1    1    1    0    4    1    4    1    6    1    6    1 -0.0000000000 -0.0000000000 
    1    1    1    1    4    0    4    0    6    0    6    0 0.1932516188 0.0000000000 
    1    1    1    1    4    0    4    0    6    0    6    1 0.0000000000 0.0000000000 
    1    1    1    1    4    0    4    0    6    1    6    0 0.0000000000 -0.0000000000 
    1    1    1    1    4    0    4    0    6    1    6    1 0.2170528209 0.0000000000 
    1    1    1    1    4    0    4    1    6    0    6    0 -0.0000000000 0.0000000000 
    1    1    1    1    4    0    4    1    6    0    6    1 0.0000000000 0.0000000000 
    1    1    1    1    4    0    4    1    6    1    6    0 -0.0000000000 -0.0000000000 
    1    1    1    1    4    0    4    1    6    1    6    1 -0.0000000000 0.0000000000 
    1    1    1    1    4    1    4    0    6    0    6    0 -0.0000000000 -0.0000000000 
    1    1    1    1    4    1    4    0    6    0    6    1 -0.0000000000 0.0000000000 
    1    1    1    1    4    1    4    0    6    1    6    0 0.0000000000 -0.0000000000 
    1    1    1    1    4    1    4    0    6    1    6    1 -0.0000000000 -0.0000000000 
    1    1    1    1    4    1    4    1    6    0    6    0 0.0435914003 0.0000000000 
    1    1    1    1    4    1    4    1    6    0    6    1 0.0000000000 0.0000000000 
    1    1    1    1    4    1    4    1    6    1    6    0 0.0000000000 -0.0000000000 
    1    1    1    1    4    1    4    1    6    1    6    1 0.0461041600 0.0000000000 
    1    0    1    0    4    0    4    0    7    0    7    0 0.0448477801 0.0000000000 
    1    0    1    0    4    0    4    0    7    0    7    1 -0.0000000000 -0.0000000000 
    1    0    1    0    4    0    4    0    7    1    7    0 -0.0000000000 0.0000000000 
    1    0    1    0    4    0    4    0    7    1    7    1 0.0448477801 0.0000000000 
    1    0    1    0    4    0    4    1    7    0    7    0 -0.0000000000 0.0000000000 
    1    0    1    0    4    0    4    1    7    0    7    1 0.0565891895 -0.0000000000 
    1    0    1    0    4    0    4    1    7    1    7    0 -0.0565891895 -0.0000000000 
    1    0    1    0    4    0    4    1    7    1    7    1 -0.0000000000 0.0000000000 
    1    0    1    0    4    1    4    0    7    0    7    0 -0.0000000000 -0.0000000000 
    1    0    1    0    4    1    4    0    7    0    7    1 -0.0565891895 0.0000000000 
    1    0    1    0    4    1    4    0    7    1    7    0 0.0565891895 0.0000000000 
    1    0    1    0    4    1    4    0    7    1    7    1 -0.0000000000 -0.0000000000 
    1    0    1    0    4    1    4    1    7    0    7    0 0.2051522199 0.0000000000 
    1    0    1    0    4    1    4    1    7    0    7    1 0.0000000000 -0.0000000000 
    1    0    1    0    4    1    4    1    7    1    7    0 0.0000000000 0.0000000000 
    1    0    1    0    4    1    4    1    7    1    7    1 0.2051522199 0.0000000000 
    1    0    1    1    4    0    4    0    7    0    7    0 -0.0000000000 -0.0000000000 
    1    0    1    1    4    0    4    0    7    0    7    1 0.0094004791 0.0082349062 
    1    0    1    1    4    0    4    0    7    1    7    0 0.0094004791 0.0082349062 
    1    0    1    1    4    0    4    0    7    1    7    1 -0.0000000000 0.0000000000 
    1    0    1    1    4    0    4    1    7    0    7    0 0.0000000000 -0.0031454543 
    1    0    1    1    4    0    4    1    7    0    7    1 -0.0000000000 -0.0000000000 
    1    0    1    1    4    0    4    1    7    1    7    0 0.0000000000 -0.0000000000 
    1    0    1    1    4    0    4    1    7    1    7    1 0.0000000000 0.0031454543 
    1    0    1    1    4    1    4    0    7    0    7    0 0.0000000000 -0.0196152667 
    1    0    1    1    4    1    4    0    7    0    7    1 0.0000000000 -0.0000000000 
    1    0    1    1    4    1    4    0    7    1    7    0 -0.0000000000 -0.0000000000 
    1    0    1    1    4    1    4    0    7    1    7    1 0.0000000000 0.0196152667 
    1    0    1    1    4    1    4    1    7    0    7    0 -0.0000000000 0.0000000000 
    1    0    1    1    4    1    4    1    7    0    7    1 0.0094004791 -0.0082349062 
    1    0    1    1    4    1    4    1    7    1    7    0 0.0094004791 -0.0082349062 
    1    0    1    1    4    1    4    1    7    1    7    1 -0.0000000000 -0.0000000000 
    1    1    1    0    4    0    4    0    7    0    7    0 -0.0000000000 0.0000000000 
    1    1    1    0    4    0    4    0    7    0    7    1 0.0094004791 -0.0082349062 
    1    1    1    0    4    0    4    0    7    1    7    0 0.0094004791 -0.0082349062 
    1    1    1    0    4    0    4    0    7    1    7    1 -0.0000000000 -0.0000000000 
    1    1    1    0    4    0    4    1    7    0    7    0 0.0000000000 0.0196152667 
    1    1    1    0    4    0    4    1    7    0    7    1 -0.0000000000 0.0000000000 
    1    1    1    0    4    0    4    1    7    1    7    0 0.0000000000 0.0000000000 
    1    1    1    0    4    0    4    1    7    1    7    1 0.0000000000 -0.0196152667 
    1    1    1    0    4    1    4    0    7    0    7    0 0.0000000000 0.0031454543 
    1    1    1    0    4    1    4    0    7    0    7    1 0.0000000000 0.0000000000 
    1    1    1    0    4    1    4    0    7    1    7    0 -0.0000000000 0.0000000000 
    1    1    1    0    4    1    4    0    7    1    7    1 0.0000000000 -0.0031454543 
    1    1    1    0    4    1    4    1    7    0    7    0 -0.0000000000 -0.0000000000 
    1    1    1    0    4    1    4    1    7    0    7    1 0.0094004791 0.0082349062 
    1    1    1    0    4    1    4    1    7    1    7    0 0.0094004791 0.0082349062 
    1    1    1    0    4    1    4    1    7    1    7    1 -0.0000000000 0.0000000000 
    1    1    1    1    4    0    4    0    7    0    7    0 0.2051522199 0.0000000000 
    1    1    1    1    4    0    4    0    7    0    7    1 -0.0000000000 -0.0000000000 
    1    1    1    1    4    0    4    0    7    1    7    0 -0.0000000000 0.0000000000 
    1    1    1    1    4    0    4    0    7    1    7    1 0.2051522199 0.0000000000 
    1    1    1    1    4    0    4    1    7    0    7    0 0.0000000000 0.0000000000 
    1    1    1    1    4    0    4    1    7    0    7    1 0.0565891895 -0.0000000000 
    1    1    1    1    4    0    4    1    7    1    7    0 -0.0565891895 0.0000000000 
    1    1    1    1    4    0    4    1    7    1    7    1 -0.0000000000 0.0000000000 
    1    1    1    1    4    1    4    0    7    0    7    0 0.0000000000 -0.0000000000 
    1    1    1    1    4    1    4    0    7    0    7    1 -0.0565891895 -0.0000000000 
    1    1    1    1    4    1    4    0    7    1    7    0 0.0565891895 0.0000000000 
    1    1    1    1    4    1    4    0    7    1    7    1 -0.0000000000 -0.0000000000 
    1    1    1    1    4    1    4    1    7    0    7    0 0.0448477801 0.0000000000 
    1    1    1    1    4    1    4    1    7    0    7    1 0.0000000000 -0.0000000000 
    1    1    1    1    4    1    4    1    7    1    7    0 0.0000000000 0.0000000000 
    1    1    1    1    4    1    4    1    7    1    7    1 0.0448477801 0.0000000000 
    1    0    1    0    5    0    5    0    6    0    6    0 0.1315784904 0.0000000000 
    1    0    1    0    5    0    5    0    6    0    6    1 0.0000000000 -0.0000000000 
    1    0    1    0    5    0    5    0    6    1    6    0 0.0000000000 0.0000000000 
    1    0    1    0    5    0    5    0    6    1    6    1 0.1184215096 0.0000000000 
    1    0    1    0    5    0    5    1    6    0    6    0 0.0000000000 0.0000000000 
    1    0    1    0    5    0    5    1    6    0    6    1 0.0565891895 0.0025455235 
    1    0    1    0    5    0    5    1    6    1    6    0 -0.0565891895 0.0025455235 
    1    0    1    0    5    0    5    1    6    1    6    1 0.0000000000 0.0000000000 
    1    0    1    0    5    1    5    0    6    0    6    0 0.0000000000 -0.0000000000 
    1    0    1    0    5    1    5    0    6    0    6    1 -0.0565891895 -0.0025455235 
    1    0    1    0    5    1    5    0    6    1    6    0 0.0565891895 -0.0025455235 
    1    0    1    0    5    1    5    0    6    1    6    1 0.0000000000 -0.0000000000 
    1    0    1    0    5    1    5    1    6    0    6    0 0.1315784904 0.0000000000 
    1    0    1    0    5    1    5    1    6    0    6    1 -0.0000000000 -0.0000000000 
    1    0    1    0    5    1    5    1    6    1    6    0 -0.0000000000 0.0000000000 
    1    0    1    0    5    1    5    1    6    1    6    1 0.1184215096 0.0000000000 
    1    0    1    1    5    0    5    0    6    0    6    0 -0.0000000000 0.0000000000 
    1    0    1    1    5    0    5    0    6    0    6    1 -0.0315823378 0.0000000000 
    1    0    1    1    5    0    5    0    6    1    6    0 0.0083430754 0.0000000000 
    1    0    1    1    5    0    5    0    6    1    6    1 -0.0000000000 -0.0000000000 
    1    0    1    1    5    0    5    1    6    0    6    0 0.0161501689 -0.0031454543 
    1    0    1    1    5    0    5    1    6    0    6    1 -0.0000000000 0.0000000000 
    1    0    1    1    5    0    5    1    6    1    6    0 0.0000000000 -0.0000000000 
    1    0    1    1    5    0    5    1    6    1    6    1 0.0161501689 0.0031454543 
    1    0    1    1    5    1    5    0    6    0    6    0 -0.0161501689 0.0031454543 
    1    0    1    1    5    1    5    0    6    0    6    1 -0.0000000000 0.0000000000 
    1    0    1    1    5    1    5    0    6    1    6    0 -0.0000000000 0.0000000000 
    1    0    1    1    5    1    5    0    6    1    6    1 -0.0161501689 -0.0031454543 
    1    0    1    1    5    1    5    1    6    0    6    0 -0.0000000000 0.0000000000 
    1    0    1    1    5    1    5    1    6    0    6    1 -0.0315823378 -0.0000000000 
    1    0    1    1    5    1    5    1    6    1    6    0 0.0083430754 -0.0000000000 
    1    0    1    1    5    1    5    1    6    1    6    1 -0.0000000000 0.0000000000 
    1    1    1    0    5    0    5    0    6    0    6    0 -0.0000000000 -0.0000000000 
    1    1    1    0    5    0    5    0    6    0    6    1 0.0083430754 -0.0000000000 
    1    1    1    0    5    0    5    0    6    1    6    0 -0.0315823378 -0.0000000000 
    1    1    1    0    5    0    5    0    6    1    6    1 -0.0000000000 0.0000000000 
    1    1    1    0    5    0    5    1    6    0    6    0 -0.0161501689 -0.0031454543 
    1    1    1    0    5    0    5    1    6    0    6    1 -0.0000000000 -0.0000000000 
    1    1    1    0    5    0    5    1    6    1    6    0 -0.0000000000 -0.0000000000 
    1    1    1    0    5    0    5    1    6    1    6    1 -0.0161501689 0.0031454543 
    1    1    1    0    5    1    5    0    6    0    6    0 0.0161501689 0.0031454543 
    1    1    1    0    5    1    5    0    6    0    6    1 0.0000000000 0.0000000000 
    1    1    1    0    5    1    5    0    6    1    6    0 -0.0000000000 -0.0000000000 
    1    1    1    0    5    1    5    0    6    1    6    1 0.0161501689 -0.0031454543 
    1    1    1    0    5    1    5    1    6    0    6    0 -0.0000000000 -0.0000000000 
    1    1    1    0    5    1    5    1    6    0    6    1 0.0083430754 0.0000000000 
    1    1    1    0    5    1    5    1    6    1    6    0 -0.0315823378 0.0000000000 
    1    1    1    0    5    1    5    1    6    1    6    1 -0.0000000000 -0.0000000000 
    1    1    1    1    5    0    5    0    6    0    6    0 0.1184215096 0.0000000000 
    1    1    1    1    5    0    5    0    6    0    6    1 0.0000000000 0.0000000000 
    1    1    1    1    5    0    5    0    6    1    6    0 0.0000000000 -0.0000000000 
    1    1    1    1    5    0    5    0    6    1    6    1 0.1315784904 0.0000000000 
    1    1    1    1    5    0    5    1    6    0    6    0 -0.0000000000 -0.0000000000 
    1    1    1    1    5    0    5    1    6    0    6    1 0.0565891895 -0.0025455235 
    1    1    1    1    5    0    5    1    6    1    6    0 -0.0565891895 -0.0025455235 
    1    1    1    1    5    0    5    1    6    1    6    1 0.0000000000 -0.0000000000 
    1    1    1    1    5    1    5    0    6    0    6    0 -0.0000000000 0.0000000000 
    1    1    1    1    5    1    5    0    6    0    6    1 -0.0565891895 0.0025455235 
    1    1    1    1    5    1    5    0    6    1    6    0 0.0565891895 0.0025455235 
    1    1    1    1    5    1    5    0    6    1    6    1 0.0000000000 0.0000000000 
    1    1    1    1    5    1    5    1    6    0    6    0 0.1184215096 0.0000000000 
    1    1    1    1    5    1    5    1    6    0    6    1 0.0000000000 0.0000000000 
    1    1    1    1    5    1    5    1    6    1    6    0 0.0000000000 -0.0000000000 
    1    1    1    1    5    1    5    1    6    1    6    1 0.1315784904 0.0000000000 
    1    0    1    0    5    0    5    0    7    0    7    0 0.1196778894 0.0000000000 
    1    0    1    0    5    0    5    0    7    0    7    1 -0.0000000000 -0.0000000000 
    1    0    1    0    5    0    5    0    7    1    7    0 -0.0000000000 0.0000000000 
    1    0    1    0    5    0    5    0    7    1    7    1 0.1303221106 0.0000000000 
    1    0    1    0    5    0    5    1    7    0    7    0 0.0000000000 0.0000000000 
    1    0    1    0    5    0    5    1    7    0    7    1 0.0000000000 -0.0031464401 
    1    0    1    0    5    0    5    1    7    1    7    0 -0.0000000000 -0.0031464401 
    1    0    1    0    5    0    5    1    7    1    7    1 0.0000000000 -0.0000000000 
    1    0    1    0    5    1    5    0    7    0    7    0 0.0000000000 -0.0000000000 
    1    0    1    0    5    1    5    0    7    0    7    1 -0.0000000000 0.0031464401 
    1    0    1    0    5    1    5    0    7    1    7    0 0.0000000000 0.0031464401 
    1    0    1    0    5    1    5    0    7    1    7    1 0.0000000000 0.0000000000 
    1    0    1    0    5    1    5    1    7    0    7    0 0.1303221106 0.0000000000 
    1    0    1    0    5    1    5    1    7    0    7    1 0.0000000000 0.0000000000 
    1    0    1    0    5    1    5    1    7    1    7    0 0.0000000000 -0.0000000000 
    1    0    1    0    5    1    5    1    7    1    7    1 0.1196778894 0.0000000000 
    1    0    1    1    5    0    5    0    7    0    7    0 -0.0000000000 0.0000000000 
    1    0    1    1    5    0    5    0    7    0    7    1 0.0094004791 0.0279299736 
    1    0    1    1    5    0    5    0    7    1    7    0 0.0094004791 -0.0279299736 
    1    0    1    1    5    0    5    0    7    1    7    1 -0.0000000000 -0.0000000000 
    1    0    1    1    5    0    5    1    7    0    7    0 0.0161501689 0.0038879953 
    1    0    1    1    5    0    5    1    7    0    7    1 -0.0000000000 0.0000000000 
    1    0    1    1    5    0    5    1    7    1    7    0 0.0000000000 0.0000000000 
    1    0    1    1    5    0    5    1    7    1    7    1 0.0161501689 -0.0038879953 
    1    0    1    1    5    1    5    0    7    0    7    0 -0.0161501689 0.0038879953 
    1    0    1    1    5    1    5    0    7    0    7    1 -0.0000000000 0.0000000000 
    1    0    1    1    5    1    5    0    7    1    7    0 0.0000000000 -0.0000000000 
    1    0    1    1    5    1    5    0    7    1    7    1 -0.0161501689 -0.0038879953 
    1    0    1    1    5    1    5    1    7    0    7    0 -0.0000000000 0.0000000000 
    1    0    1    1    5    1    5    1    7    0    7    1 0.0094004791 -0.0279299736 
    1    0    1    1    5    1    5    1    7    1    7    0 0.0094004791 0.0279299736 
    1    0    1    1    5    1    5    1    7    1    7    1 -0.0000000000 0.0000000000 
    1    1    1    0    5    0    5    0    7    0    7    0 -0.0000000000 -0.0000000000 
    1    1    1    0    5    0    5    0    7    0    7    1 0.0094004791 0.0279299736 
    1    1    1    0    5    0    5    0    7    1    7    0 0.0094004791 -0.0279299736 
    1    1    1    0    5    0    5    0    7    1    7    1 -0.0000000000 0.0000000000 
    1    1    1    0    5    0    5    1    7    0    7    0 -0.0161501689 -0.0038879953 
    1    1    1    0    5    0    5    1    7    0    7    1 0.0000000000 0.0000000000 
    1    1    1    0    5    0    5    1    7    1    7    0 -0.0000000000 -0.0000000000 
    1    1    1    0    5    0    5    1    7    1    7    1 -0.0161501689 0.0038879953 
    1    1    1    0    5    1    5    0    7    0    7    0 0.0161501689 -0.0038879953 
    1    1    1    0    5    1    5    0    7    0    7    1 0.0000000000 -0.0000000000 
    1    1    1    0    5    1    5    0    7    1    7    0 -0.0000000000 -0.0000000000 
    1    1    1    0    5    1    5    0    7    1    7    1 0.0161501689 0.0038879953 
    1    1    1    0    5    1    5    1    7    0    7    0 -0.0000000000 -0.0000000000 
    1    1    1    0    5    1    5    1    7    0    7    1 0.0094004791 -0.0279299736 
    1    1    1    0    5    1    5    1    7    1    7    0 0.0094004791 0.0279299736 
    1    1    1    0    5    1    5    1    7    1    7    1 -0.0000000000 -0.0000000000 
    1    1    1    1    5    0    5    0    7    0    7    0 0.1196778894 0.0000000000 
    1    1    1    1    5    0    5    0    7    0    7    1 -0.0000000000 -0.0000000000 
    1    1    1    1    5    0    5    0    7    1    7    0 -0.0000000000 0.0000000000 
    1    1    1    1    5    0    5    0    7    1    7    1 0.1303221106 0.0000000000 
    1    1    1    1    5    0    5    1    7    0    7    0 0.0000000000 -0.0000000000 
    1    1    1    1    5    0    5    1    7    0    7    1 0.0000000000 0.0031464401 
    1    1    1    1    5    0    5    1    7    1    7    0 -0.0000000000 0.0031464401 
    1    1    1    1    5    0    5    1    7    1    7    1 0.0000000000 -0.0000000000 
    1    1    1    1    5    1    5    0    7    0    7    0 0.0000000000 0.0000000000 
    1    1    1    1    5    1    5    0    7    0    7    1 -0.0000000000 -0.0031464401 
    1    1    1    1    5    1    5    0    7    1    7    0 0.0000000000 -0.0031464401 
    1    1    1    1    5    1    5    0    7    1    7    1 0.0000000000 0.0000000000 
    1    1    1    1    5    1    5    1    7    0    7    0 0.1303221106 0.0000000000 
    1    1    1    1    5    1    5    1    7    0    7    1 -0.0000000000 -0.0000000000 
    1    1    1    1    5    1    5    1    7    1    7    0 -0.0000000000 0.0000000000 
    1    1    1    1    5    1    5    1    7    1    7    1 0.1196778894 0.0000000000 
    1    0    1    0    6    0    6    0    7    0    7    0 0.1315784904 0.0000000000 
    1    0    1    0    6    0    6    0    7    0    7    1 -0.0000000000 -0.0000000000 
    1    0    1    0    6    0    6    0    7    1    7    0 -0.0000000000 0.0000000000 
    1    0    1    0    6    0    6    0    7    1    7    1 0.1315784904 0.0000000000 
    1    0    1    0    6    0    6    1    7    0    7    0 0.0000000000 -0.0000000000 
    1    0    1    0    6    0    6    1    7    0    7    1 -0.0655128393 0.0025455235 
    1    0    1    0    6    0    6    1    7    1    7    0 -0.0655128393 0.0025455235 
    1    0    1    0    6    0    6    1    7    1    7    1 0.0000000000 0.0000000000 
    1    0    1    0    6    1    6    0    7    0    7    0 0.0000000000 0.0000000000 
    1    0    1    0    6    1    6    0    7    0    7    1 -0.0655128393 -0.0025455235 
    1    0    1    0    6    1    6    0    7    1    7    0 -0.0655128393 -0.0025455235 
    1    0    1    0    6    1    6    0    7    1    7    1 0.0000000000 -0.0000000000 
    1    0    1    0    6    1    6    1    7    0    7    0 0.1184215096 0.0000000000 
    1    0    1    0    6    1    6    1    7    0    7    1 -0.0000000000 -0.0000000000 
    1    0    1    0    6    1    6    1    7    1    7    0 -0.0000000000 0.0000000000 
    1    0    1    0    6    1    6    1    7    1    7    1 0.1184215096 0.0000000000 
    1    0    1    1    6    0    6    0    7    0    7    0 0.0000000000 0.0000000000 
    1    0    1    1    6    0    6    0    7    0    7    1 0.0094004791 -0.0225958233 
    1    0    1    1    6    0    6    0    7    1    7    0 0.0094004791 -0.0225958233 
    1    0    1    1    6    0    6    0    7    1    7    1 -0.0000000000 0.0000000000 
    1    0    1    1    6    0    6    1    7    0    7    0 -0.0315823378 0.0000000000 
    1    0    1    1    6    0    6    1    7    0    7    1 -0.0000000000 -0.0000000000 
    1    0    1    1    6    0    6    1    7    1    7    0 0.0000000000 -0.0000000000 
    1    0    1    1    6    0    6    1    7    1    7    1 -0.0315823378 -0.0000000000 
    1    0    1    1    6    1    6    0    7    0    7    0 0.0083430754 -0.0000000000 
    1    0    1    1    6    1    6    0    7    0    7    1 0.0000000000 0.0000000000 
    1    0    1    1    6    1    6    0    7    1    7    0 -0.0000000000 0.0000000000 
    1    0    1    1    6    1    6    0    7    1    7    1 0.0083430754 0.0000000000 
    1    0    1    1    6    1    6    1    7    0    7    0 -0.0000000000 -0.0000000000 
    1    0    1    1    6    1    6    1    7    0    7    1 0.0094004791 0.0225958233 
    1    0    1    1    6    1    6    1    7    1    7    0 0.0094004791 0.0225958233 
    1    0    1    1    6    1    6    1    7    1    7    1 -0.0000000000 -0.0000000000 
    1    1    1    0    6    0    6    0    7    0    7    0 0.0000000000 -0.0000000000 
    1    1    1    0    6    0    6    0    7    0    7    1 0.0094004791 0.0225958233 
    1    1    1    0    6    0    6    0    7    1    7    0 0.0094004791 0.0225958233 
    1    1    1    0    6    0    6    0    7    1    7    1 -0.0000000000 -0.0000000000 
    1    1    1    0    6    0    6    1    7    0    7    0 0.0083430754 0.0000000000 
    1    1    1    0    6    0    6    1    7    0    7    1 -0.0000000000 -0.0000000000 
    1    1    1    0    6    0    6    1    7    1    7    0 0.0000000000 -0.0000000000 
    1    1    1    0    6    0    6    1    7    1    7    1 0.0083430754 -0.0000000000 
    1    1    1    0    6    1    6    0    7    0    7    0 -0.0315823378 -0.0000000000 
    1    1    1    0    6    1    6    0    7    0    7    1 0.0000000000 0.0000000000 
    1    1    1    0    6    1    6    0    7    1    7    0 -0.0000000000 0.0000000000 
    1    1    1    0    6    1    6    0    7    1    7    1 -0.0315823378 0.0000000000 
    1    1    1    0    6    1    6    1    7    0    7    0 -0.0000000000 0.0000000000 
    1    1    1    0    6    1    6    1    7    0    7    1 0.0094004791 -0.0225958233 
    1    1    1    0    6    1    6    1    7    1    7    0 0.0094004791 -0.0225958233 
    1    1    1    0    6    1    6    1    7    1    7    1 -0.0000000000 0.0000000000 
    1    1    1    1    6    0    6    0    7    0    7    0 0.1184215096 0.0000000000 
    1    1    1    1    6    0    6    0    7    0    7    1 -0.0000000000 0.0000000000 
    1    1    1    1    6    0    6    0    7    1    7    0 -0.0000000000 -0.0000000000 
    1    1    1    1    6    0    6    0    7    1    7    1 0.1184215096 0.0000000000 
    1    1    1    1    6    0    6    1    7    0    7    0 0.0000000000 0.0000000000 
    1    1    1    1    6    0    6    1    7    0    7    1 -0.0655128393 -0.0025455235 
    1    1    1    1    6    0    6    1    7    1    7    0 -0.0655128393 -0.0025455235 
    1    1    1    1    6    0    6    1    7    1    7    1 0.0000000000 0.0000000000 
    1    1    1    1    6    1    6    0    7    0    7    0 0.0000000000 -0.0000000000 
    1    1    1    1    6    1    6    0    7    0    7    1 -0.0655128393 0.0025455235 
    1    1    1    1    6    1    6    0    7    1    7    0 -0.0655128393 0.0025455235 
    1    1    1    1    6    1    6    0    7    1    7    1 0.0000000000 -0.0000000000 
    1    1    1    1    6    1    6    1    7    0    7    0 0.1315784904 0.0000000000 
    1    1    1    1    6    1    6    1    7    0    7    1 -0.0000000000 -0.0000000000 
    1    1    1    1    6    1    6    1    7    1    7    0 -0.0000000000 0.0000000000 
    1    1    1    1    6    1    6    1    7    1    7    1 0.1315784904 0.0000000000 
    2    0    2    0    3    0    3    0    4    0    4    0 0.1315784904 0.0000000000 
    2    0    2    0    3    0    3    0    4    0    4    1 -0.0000000000 0.0000000000 
    2    0    2    0    3    0    3    0    4    1    4    0 -0.0000000000 -0.0000000000 
    2    0    2    0    3    0    3    0    4    1    4    1 0.1184215096 0.0000000000 
    2    0    2    0    3    0    3    1    4    0    4    0 0.0000000000 -0.0000000000 
    2    0    2    0    3    0    3    1    4    0    4    1 -0.0315823378 -0.0000000000 
    2    0    2    0    3    0    3    1    4    1    4    0 0.0083430754 -0.0000000000 
    2    0    2    0    3    0    3    1    4    1    4    1 0.0000000000 -0.0000000000 
    2    0    2    0    3    1    3    0    4    0    4    0 0.0000000000 0.0000000000 
    2    0    2    0    3    1    3    0    4    0    4    1 0.0083430754 0.0000000000 
    2    0    2    0    3    1    3    0    4    1    4    0 -0.0315823378 0.0000000000 
    2    0    2    0    3    1    3    0    4    1    4    1 0.0000000000 0.0000000000 
    2    0    2    0    3    1    3    1    4    0    4    0 0.1184215096 0.0000000000 
    2    0    2    0    3    1    3    1    4    0    4    1 -0.0000000000 0.0000000000 
    2    0    2    0    3    1    3    1    4    1    4    0 -0.0000000000 -0.0000000000 
    2    0    2    0    3    1    3    1    4    1    4    1 0.1315784904 0.0000000000 
    2    0    2    1    3    0    3    0    4    0    4    0 -0.0000000000 0.0000000000 
    2    0    2    1    3    0    3    0    4    0    4    1 0.0094004791 -0.0225958233 
    2    0    2    1    3    0    3    0    4    1    4    0 0.0094004791 0.0225958233 
    2    0    2    1    3    0    3    0    4    1    4    1 -0.0000000000 0.0000000000 
    2    0    2    1    3    0    3    1    4    0    4    0 -0.0655128393 0.0025455235 
    2    0    2    1    3    0    3    1    4    0    4    1 0.0000000000 0.0000000000 
    2    0    2    1    3    0    3    1    4    1    4    0 0.0000000000 0.0000000000 
    2    0    2    1    3    0    3    1    4    1    4    1 -0.0655128393 -0.0025455235 
    2    0    2    1    3    1    3    0    4    0    4    0 -0.0655128393 -0.0025455235 
    2    0    2    1    3    1    3    0    4    0    4    1 0.0000000000 -0.0000000000 
    2    0    2    1    3    1    3    0    4    1    4    0 0.0000000000 0.0000000000 
    2    0    2    1    3    1    3    0    4    1    4    1 -0.0655128393 0.0025455235 
    2    0    2    1    3    1    3    1    4    0    4    0 -0.0000000000 -0.0000000000 
    2    0    2    1    3    1    3    1    4    0    4    1 0.0094004791 0.0225958233 
    2    0    2    1    3    1    3    1    4    1    4    0 0.0094004791 -0.0225958233 
    2    0    2    1    3    1    3    1    4    1    4    1 -0.0000000000 -0.0000000000 
    2    1    2    0    3    0    3    0    4    0    4    0 -0.0000000000 -0.0000000000 
    2    1    2    0    3    0    3    0    4    0    4    1 0.0094004791 -0.0225958233 
    2    1    2    0    3    0    3    0    4    1    4    0 0.0094004791 0.0225958233 
    2    1    2    0    3    0    3    0    4    1    4    1 -0.0000000000 -0.0000000000 
    2    1    2    0    3    0    3    1    4    0    4    0 -0.0655128393 0.0025455235 
    2    1    2    0    3    0    3    1    4    0    4    1 0.0000000000 -0.0000000000 
    2    1    2    0    3    0    3    1    4    1    4    0 0.0000000000 0.0000000000 
    2    1    2    0    3    0    3    1    4    1    4    1 -0.0655128393 -0.0025455235 
    2    1    2    0    3    1    3    0    4    0    4    0 -0.0655128393 -0.0025455235 
    2    1    2    0    3    1    3    0    4    0    4    1 0.0000000000 -0.0000000000 
    2    1    2    0    3    1    3    0    4    1    4    0 0.0000000000 -0.0000000000 
    2    1    2    0    3    1    3    0    4    1    4    1 -0.0655128393 0.0025455235 
    2    1    2    0    3    1    3    1    4    0    4    0 -0.0000000000 0.0000000000 
    2    1    2    0    3    1    3    1    4    0    4    1 0.0094004791 0.0225958233 
    2    1    2    0    3    1    3    1    4    1    4    0 0.0094004791 -0.0225958233 
    2    1    2    0    3    1    3    1    4    1    4    1 -0.0000000000 0.0000000000 
    2    1    2    1    3    0    3    0    4    0    4    0 0.1315784904 0.0000000000 
    2    1    2    1    3    0    3    0    4    0    4    1 -0.0000000000 0.0000000000 
    2    1    2    1    3    0    3    0    4    1    4    0 -0.0000000000 -0.0000000000 
    2    1    2    1    3    0    3    0    4    1    4    1 0.1184215096 0.0000000000 
    2    1    2    1    3    0    3    1    4    0    4    0 0.0000000000 0.0000000000 
    2    1    2    1    3    0    3    1    4    0    4    1 -0.0315823378 0.0000000000 
    2    1    2    1    3    0    3    1    4    1    4    0 0.0083430754 -0.0000000000 
    2    1    2    1    3    0    3    1    4    1    4    1 0.0000000000 0.0000000000 
    2    1    2    1    3    1    3    0    4    0    4    0 0.0000000000 -0.0000000000 
    2    1    2    1    3    1    3    0    4    0    4    1 0.0083430754 0.0000000000 
    2    1    2    1    3    1    3    0    4    1    4    0 -0.0315823378 -0.0000000000 
    2    1    2    1    3    1    3    0    4    1    4    1 0.0000000000 -0.0000000000 
    2    1    2    1    3    1    3    1    4    0    4    0 0.1184215096 0.0000000000 
    2    1    2    1    3    1    3    1    4    0    4    1 0.0000000000 -0.0000000000 
    2    1    2    1    3    1    3    1    4    1    4    0 0.0000000000 0.0000000000 
    2    1    2    1    3    1    3    1    4    1    4    1 0.1315784904 0.0000000000 
    2    0    2    0    3    0    3    0    5    0    5    0 0.1315784904 0.0000000000 
    2    0    2    0    3    0    3    0    5    0    5    1 0.0000000000 -0.0000000000 
    2    0    2    0    3    0    3    0    5    1    5    0 0.0000000000 0.0000000000 
    2    0    2    0    3    0    3    0    5    1    5    1 0.1184215096 0.0000000000 
    2    0    2    0    3    0    3    1    5    0    5    0 0.0000000000 -0.0000000000 
    2    0    2    0    3    0    3    1    5    0    5    1 0.0094004791 -0.0225958233 
    2    0    2    0    3    0    3    1    5    1    5    0 0.0094004791 0.0225958233 
    2    0    2    0    3    0    3    1    5    1    5    1 0.0000000000 -0.0000000000 
    2    0    2    0    3    1    3    0    5    0    5    0 0.0000000000 0.0000000000 
    2    0    2    0    3    1    3    0    5    0    5    1 0.0094004791 -0.0225958233 
    2    0    2    0    3    1    3    0    5    1    5    0 0.0094004791 0.0225958233 
    2    0    2    0    3    1    3    0    5    1    5    1 0.0000000000 0.0000000000 
    2    0    2    0    3    1    3    1    5    0    5    0 0.1315784904 0.0000000000 
    2    0    2    0    3    1    3    1    5    0    5    1 0.0000000000 -0.0000000000 
    2    0    2    0    3    1    3    1    5    1    5    0 0.0000000000 0.0000000000 
    2    0    2    0    3    1    3    1    5    1    5    1 0.1184215096 0.0000000000 
    2    0    2    1    3    0    3    0    5    0    5    0 -0.0000000000 0.0000000000 
    2    0    2    1    3    0    3    0    5    0    5    1 -0.0315823378 0.0000000000 
    2    0    2    1    3    0    3    0    5    1    5    0 0.0083430754 -0.0000000000 
    2    0    2    1    3    0    3    0    5    1    5    1 -0.0000000000 -0.0000000000 
    2    0    2    1    3    0    3    1    5    0    5    0 -0.0655128393 0.0025455235 
    2    0    2    1    3    0    3    1    5    0    5    1 -0.0000000000 -0.0000000000 
    2    0    2    1    3    0    3    1    5    1    5    0 -0.0000000000 0.0000000000 
    2    0    2    1    3    0    3    1    5    1    5    1 -0.0655128393 -0.0025455235 
    2    0    2    1    3    1    3    0    5    0    5    0 -0.0655128393 0.0025455235 
    2    0    2    1    3    1    3    0    5    0    5    1 -0.0000000000 0.0000000000 
    2    0    2    1    3    1    3    0    5    1    5    0 -0.0000000000 -0.0000000000 
    2    0    2    1    3    1    3    0    5    1    5    1 -0.0655128393 -0.0025455235 
    2    0    2    1    3    1    3    1    5    0    5    0 -0.0000000000 -0.0000000000 
    2    0    2    1    3    1    3    1    5    0    5    1 -0.0315823378 0.0000000000 
    2    0    2    1    3    1    3    1    5    1    5    0 0.0083430754 0.0000000000 
    2    0    2    1    3    1    3    1    5    1    5    1 -0.0000000000 0.0000000000 
    2    1    2    0    3    0    3    0    5    0    5    0 -0.0000000000 -0.0000000000 
    2    1    2    0    3    0    3    0    5    0    5    1 0.0083430754 0.0000000000 
    2    1    2    0    3    0    3    0    5    1    5    0 -0.0315823378 -0.0000000000 
    2    1    2    0    3    0    3    0    5    1    5    1 -0.0000000000 0.0000000000 
    2    1    2    0    3    0    3    1    5    0    5    0 -0.0655128393 -0.0025455235 
    2    1    2    0    3    0    3    1    5    0    5    1 -0.0000000000 0.0000000000 
    2    1    2    0    3    0    3    1    5    1    5    0 -0.0000000000 -0.0000000000 
    2    1    2    0    3    0    3    1    5    1    5    1 -0.0655128393 0.0025455235 
    2    1    2    0    3    1    3    0    5    0    5    0 -0.0655128393 -0.0025455235 
    2    1    2    0    3    1    3    0    5    0    5    1 -0.0000000000 -0.0000000000 
    2    1    2    0    3    1    3    0    5    1    5    0 -0.0000000000 0.0000000000 
    2    1    2    0    3    1    3    0    5    1    5    1 -0.0655128393 0.0025455235 
    2    1    2    0    3    1    3    1    5    0    5    0 -0.0000000000 0.0000000000 
    2    1    2    0    3    1    3    1    5    0    5    1 0.0083430754 -0.0000000000 
    2    1    2    0    3    1    3    1    5    1    5    0 -0.0315823378 -0.0000000000 
    2    1    2    0    3    1    3    1    5    1    5    1 -0.0000000000 -0.0000000000 
    2    1    2    1    3    0    3    0    5    0    5    0 0.1184215096 0.0000000000 
    2    1    2    1    3    0    3    0    5    0    5    1 0.0000000000 -0.0000000000 
    2    1    2    1    3    0    3    0    5    1    5    0 0.0000000000 0.0000000000 
    2    1    2    1    3    0    3    0    5    1    5    1 0.1315784904 0.0000000000 
    2    1    2    1    3    0    3    1    5    0    5    0 0.0000000000 0.0000000000 
    2    1    2    1    3    0    3    1    5    0    5    1 0.0094004791 0.0225958233 
    2    1    2    1    3    0    3    1    5    1    5    0 0.0094004791 -0.0225958233 
    2    1    2    1    3    0    3    1    5    1    5    1 0.0000000000 0.0000000000 
    2    1    2    1    3    1    3    0    5    0    5    0 0.0000000000 -0.0000000000 
    2    1    2    1    3    1    3    0    5    0    5    1 0.0094004791 0.0225958233 
    2    1    2    1    3    1    3    0    5    1    5    0 0.0094004791 -0.0225958233 
    2    1    2    1    3    1    3    0    5    1    5    1 0.0000000000 -0.0000000000 
    2    1    2    1    3    1    3    1    5    0    5    0 0.1184215096 0.0000000000 
    2    1    2    1    3    1    3    1    5    0    5    1 -0.0000000000 0.0000000000 
    2    1    2    1    3    1    3    1    5    1    5    0 -0.0000000000 -0.0000000000 
    2    1    2    1    3    1    3    1    5    1    5    1 0.1315784904 0.0000000000 
    2    0    2    0    3    0    3    0    6    0    6    0 0.0448477801 0.0000000000 
    2    0    2    0    3    0    3    0    6    0    6    1 0.0000000000 0.0000000000 
    2    0    2    0    3    0    3    0    6    1    6    0 0.0000000000 -0.0000000000 
    2    0    2    0    3    0    3    0    6    1    6    1 0.2051522199 0.0000000000 
    2    0    2    0    3    0    3    1    6    0    6    0 0.0000000000 -0.0000000000 
    2    0    2    0    3    0    3    1    6    0    6    1 -0.0000000000 -0.0225958233 
    2    0    2    0    3    0    3    1    6    1    6    0 0.0000000000 -0.1409090902 
    2    0    2    0    3    0    3    1    6    1    6    1 0.0000000000 -0.0000000000 
    2    0    2    0    3    1    3    0    6    0    6    0 0.0000000000 0.0000000000 
    2    0    2    0    3    1    3    0    6    0    6    1 0.0000000000 0.1409090902 
    2    0    2    0    3    1    3    0    6    1    6    0 -0.0000000000 0.0225958233 
    2    0    2    0    3    1    3    0    6    1    6    1 0.0000000000 0.0000000000 
    2    0    2    0    3    1    3    1    6    0    6    0 0.2051522199 0.0000000000 
    2    0    2    0    3    1    3    1    6    0    6    1 0.0000000000 0.0000000000 
    2    0    2    0    3    1    3    1    6    1    6    0 0.0000000000 -0.0000000000 
    2    0    2    0    3    1    3    1    6    1    6    1 0.0448477801 0.0000000000 
    2    0    2    1    3    0    3    0    6    0    6    0 -0.0000000000 0.0000000000 
    2    0    2    1    3    0    3    0    6    0    6    1 0.0161501689 0.0591566334 
    2    0    2    1    3    0    3    0    6    1    6    0 -0.0161501689 0.0591566334 
    2    0    2    1    3    0    3    0    6    1    6    1 -0.0000000000 0.0000000000 
    2    0    2    1    3    0    3    1    6    0    6    0 -0.0655128393 0.0000000000 
    2    0    2    1    3    0    3    1    6    0    6    1 -0.0000000000 0.0000000000 
    2    0    2    1    3    0    3    1    6    1    6    0 -0.0000000000 0.0000000000 
    2    0    2    1    3    0    3    1    6    1    6    1 -0.0655128393 0.0000000000 
    2    0    2    1    3    1    3    0    6    0    6    0 -0.0655128393 -0.0000000000 
    2    0    2    1    3    1    3    0    6    0    6    1 -0.0000000000 -0.0000000000 
    2    0    2    1    3    1    3    0    6    1    6    0 -0.0000000000 0.0000000000 
    2    0    2    1    3    1    3    0    6    1    6    1 -0.0655128393 -0.0000000000 
    2    0    2    1    3    1    3    1    6    0    6    0 -0.0000000000 -0.0000000000 
    2    0    2    1    3    1    3    1    6    0    6    1 0.0161501689 -0.0591566334 
    2    0    2    1    3    1    3    1    6    1    6    0 -0.0161501689 -0.0591566334 
    2    0    2    1    3    1    3    1    6    1    6    1 -0.0000000000 -0.0000000000 
    2    1    2    0    3    0    3    0    6    0    6    0 -0.0000000000 -0.0000000000 
    2    1    2    0    3    0    3    0    6    0    6    1 -0.0161501689 -0.0591566334 
    2    1    2    0    3    0    3    0    6    1    6    0 0.0161501689 -0.0591566334 
    2    1    2    0    3    0    3    0    6    1    6    1 -0.0000000000 -0.0000000000 
    2    1    2    0    3    0    3    1    6    0    6    0 -0.0655128393 0.0000000000 
    2    1    2    0    3    0    3    1    6    0    6    1 -0.0000000000 -0.0000000000 
    2    1    2    0    3    0    3    1    6    1    6    0 -0.0000000000 0.0000000000 
    2    1    2    0    3    0    3    1    6    1    6    1 -0.0655128393 0.0000000000 
    2    1    2    0    3    1    3    0    6    0    6    0 -0.0655128393 -0.0000000000 
    2    1    2    0    3    1    3    0    6    0    6    1 -0.0000000000 -0.0000000000 
    2    1    2    0    3    1    3    0    6    1    6    0 -0.0000000000 -0.0000000000 
    2    1    2    0    3    1    3    0    6    1    6    1 -0.0655128393 -0.0000000000 
    2    1    2    0    3    1    3    1    6    0    6    0 -0.0000000000 0.0000000000 
    2    1    2    0    3    1    3    1    6    0    6    1 -0.0161501689 0.0591566334 
    2    1    2    0    3    1    3    1    6    1    6    0 0.0161501689 0.0591566334 
    2    1    2    0    3    1    3    1    6    1    6    1 -0.0000000000 0.0000000000 
    2    1    2    1    3    0    3    0    6    0    6    0 0.0448477801 0.0000000000 
    2    1    2    1    3    0    3    0    6    0    6    1 0.0000000000 0.0000000000 
    2    1    2    1    3    0    3    0    6    1    6    0 0.0000000000 -0.0000000000 
    2    1    2    1    3    0    3    0    6    1    6    1 0.2051522199 0.0000000000 
    2    1    2    1    3    0    3    1    6    0    6    0 -0.0000000000 0.0000000000 
    2    1    2    1    3    0    3    1    6    0    6    1 0.0000000000 0.0225958233 
    2    1    2    1    3    0    3    1    6    1    6    0 0.0000000000 0.1409090902 
    2    1    2    1    3    0    3    1    6    1    6    1 0.0000000000 0.0000000000 
    2    1    2    1    3    1    3    0    6    0    6    0 -0.0000000000 -0.0000000000 
    2    1    2    1    3    1    3    0    6    0    6    1 0.0000000000 -0.1409090902 
    2    1    2    1    3    1    3    0    6    1    6    0 0.0000000000 -0.0225958233 
    2    1    2    1    3    1    3    0    6    1    6    1 0.0000000000 -0.0000000000 
    2    1    2    1    3    1    3    1    6    0    6    0 0.2051522199 0.0000000000 
    2    1    2    1    3    1    3    1    6    0    6    1 0.0000000000 -0.0000000000 
    2    1    2    1    3    1    3    1    6    1    6    0 0.0000000000 0.0000000000 
    2    1    2    1    3    1    3    1    6    1    6    1 0.0448477801 0.0000000000 
    2    0    2    0    3    0    3    0    7    0    7    0 0.0448477801 0.0000000000 
    2    0    2    0    3    0    3    0    7    0    7    1 -0.0000000000 -0.0000000000 
    2    0    2    0    3    0    3    0    7    1    7    0 -0.0000000000 0.0000000000 
    2    0    2    0    3    0    3    0    7    1    7    1 0.2051522199 0.0000000000 
    2    0    2    0    3    0    3    1    7    0    7    0 0.0000000000 -0.0000000000 
    2    0    2    0    3    0    3    1    7    0    7    1 0.0161501689 0.0591566334 
    2    0    2    0    3    0    3    1    7    1    7    0 -0.0161501689 0.0591566334 
    2    0    2    0    3    0    3    1    7    1    7    1 0.0000000000 -0.0000000000 
    2    0    2    0    3    1    3    0    7    0    7    0 0.0000000000 0.0000000000 
    2    0    2    0    3    1    3    0    7    0    7    1 -0.0161501689 -0.0591566334 
    2    0    2    0    3    1    3    0    7    1    7    0 0.0161501689 -0.0591566334 
    2    0    2    0    3    1    3    0    7    1    7    1 0.0000000000 0.0000000000 
    2    0    2    0    3    1    3    1    7    0    7    0 0.0448477801 0.0000000000 
    2    0    2    0    3    1    3    1    7    0    7    1 -0.0000000000 -0.0000000000 
    2    0    2    0    3    1    3    1    7    1    7    0 -0.0000000000 0.0000000000 
    2    0    2    0    3    1    3    1    7    1    7    1 0.2051522199 0.0000000000 
    2    0    2    1    3    0    3    0    7    0    7    0 -0.0000000000 0.0000000000 
    2    0    2    1    3    0    3    0    7    0    7    1 -0.0000000000 -0.0225958233 
    2    0    2    1    3    0    3    0    7    1    7    0 0.0000000000 -0.1409090902 
    2    0    2    1    3    0    3    0    7    1    7    1 -0.0000000000 0.0000000000 
    2    0    2    1    3    0    3    1    7    0    7    0 -0.0655128393 0.0000000000 
    2    0    2    1    3    0    3    1    7    0    7    1 0.0000000000 -0.0000000000 
    2    0    2    1    3    0    3    1    7    1    7    0 0.0000000000 -0.0000000000 
    2    0    2    1    3    0    3    1    7    1    7    1 -0.0655128393 0.0000000000 
    2    0    2    1    3    1    3    0    7    0    7    0 -0.0655128393 -0.0000000000 
    2    0    2    1    3    1    3    0    7    0    7    1 0.0000000000 0.0000000000 
    2    0    2    1    3    1    3    0    7    1    7    0 0.0000000000 -0.0000000000 
    2    0    2    1    3    1    3    0    7    1    7    1 -0.0655128393 -0.0000000000 
    2    0    2    1    3    1    3    1    7    0    7    0 -0.0000000000 -0.0000000000 
    2    0    2    1    3    1    3    1    7    0    7    1 -0.0000000000 0.0225958233 
    2    0    2    1    3    1    3    1    7    1    7    0 0.0000000000 0.1409090902 
    2    0    2    1    3    1    3    1    7    1    7    1 -0.0000000000 -0.0000000000 
    2    1    2    0    3    0    3    0    7    0    7    0 -0.0000000000 -0.0000000000 
    2    1    2    0    3    0    3    0    7    0    7    1 0.0000000000 0.1409090902 
    2    1    2    0    3    0    3    0    7    1    7    0 -0.0000000000 0.0225958233 
    2    1    2    0    3    0    3    0    7    1    7    1 -0.0000000000 -0.0000000000 
    2    1    2    0    3    0    3    1    7    0    7    0 -0.0655128393 0.0000000000 
    2    1    2    0    3    0    3    1    7    0    7    1 0.0000000000 0.0000000000 
    2    1    2    0    3    0    3    1    7    1    7    0 0.0000000000 -0.0000000000 
    2    1    2    0    3    0    3    1    7    1    7    1 -0.0655128393 0.0000000000 
    2    1    2    0    3    1    3    0    7    0    7    0 -0.0655128393 -0.0000000000 
    2    1    2    0    3    1    3    0    7    0    7    1 0.0000000000 0.0000000000 
    2    1    2    0    3    1    3    0    7    1    7    0 0.0000000000 0.0000000000 
    2    1    2    0    3    1    3    0    7    1    7    1 -0.0655128393 -0.0000000000 
    2    1    2    0    3    1    3    1    7    0    7    0 -0.0000000000 0.0000000000 
    2    1    2    0    3    1    3    1    7    0    7    1 0.0000000000 -0.1409090902 
    2    1    2    0    3    1    3    1    7    1    7    0 -0.0000000000 -0.0225958233 
    2    1    2    0    3    1    3    1    7    1    7    1 -0.0000000000 0.0000000000 
    2    1    2    1    3    0    3    0    7    0    7    0 0.2051522199 0.0000000000 
    2    1    2    1    3    0    3    0    7    0    7    1 -0.0000000000 -0.0000000000 
    2    1    2    1    3    0    3    0    7    1    7    0 -0.0000000000 0.0000000000 
    2    1    2    1    3    0    3    0    7    1    7    1 0.0448477801 0.0000000000 
    2    1    2    1    3    0    3    1    7    0    7    0 0.0000000000 0.0000000000 
    2    1    2    1    3    0    3    1    7    0    7    1 0.0161501689 -0.0591566334 
    2    1    2    1    3    0    3    1    7    1    7    0 -0.0161501689 -0.0591566334 
    2    1    2    1    3    0    3    1    7    1    7    1 0.0000000000 0.0000000000 
    2    1    2    1    3    1    3    0    7    0    7    0 0.0000000000 -0.0000000000 
    2    1    2    1    3    1    3    0    7    0    7    1 -0.0161501689 0.0591566334 
    2    1    2    1    3    1    3    0    7    1    7    0 0.0161501689 0.0591566334 
    2    1    2    1    3    1    3    0    7    1    7    1 0.0000000000 -0.0000000000 
    2    1    2    1    3    1    3    1    7    0    7    0 0.2051522199 0.0000000000 
    2    1    2    1    3    1    3    1    7    0    7    1 -0.0000000000 0.0000000000 
    2    1    2    1    3    1    3    1    7    1    7    0 -0.0000000000 -0.0000000000 
    2    1    2    1    3    1    3    1    7    1    7    1 0.0448477801 0.0000000000 
    2    0    2    0    4    0    4    0    5    0    5    0 0.1315784904 0.0000000000 
    2    0    2    0    4    0    4    0    5    0    5    1 0.0000000000 -0.0000000000 
    2    0    2    0    4    0    4    0    5    1    5    0 0.0000000000 0.0000000000 
    2    0    2    0    4    0    4    0    5    1    5    1 0.1184215096 0.0000000000 
    2    0    2    0    4    0    4    1    5    0    5    0 -0.0000000000 0.0000000000 
    2    0    2    0    4    0    4    1    5    0    5    1 -0.0655128393 0.0025455235 
    2    0    2    0    4    0    4    1    5    1    5    0 -0.0655128393 -0.0025455235 
    2    0    2    0    4    0    4    1    5    1    5    1 -0.0000000000 -0.0000000000 
    2    0    2    0    4    1    4    0    5    0    5    0 -0.0000000000 -0.0000000000 
    2    0    2    0    4    1    4    0    5    0    5    1 -0.0655128393 0.0025455235 
    2    0    2    0    4    1    4    0    5    1    5    0 -0.0655128393 -0.0025455235 
    2    0    2    0    4    1    4    0    5    1    5    1 -0.0000000000 0.0000000000 
    2    0    2    0    4    1    4    1    5    0    5    0 0.1315784904 0.0000000000 
    2    0    2    0    4    1    4    1    5    0    5    1 0.0000000000 0.0000000000 
    2    0    2    0    4    1    4    1    5    1    5    0 0.0000000000 -0.0000000000 
    2    0    2    0    4    1    4    1    5    1    5    1 0.1184215096 0.0000000000 
    2    0    2    1    4    0    4    0    5    0    5    0 -0.0000000000 -0.0000000000 
    2    0    2    1    4    0    4    0    5    0    5    1 -0.0315823378 0.0000000000 
    2    0    2    1    4    0    4    0    5    1    5    0 0.0083430754 -0.0000000000 
    2    0    2    1    4    0    4    0    5    1    5    1 -0.0000000000 -0.0000000000 
    2    0    2    1    4    0    4    1    5    0    5    0 0.0094004791 -0.0225958233 
    2    0    2    1    4    0    4    1    5    0    5    1 0.0000000000 -0.0000000000 
    2    0    2    1    4    0    4    1    5    1    5    0 0.0000000000 -0.0000000000 
    2    0    2    1    4    0    4    1    5    1    5    1 0.0094004791 0.0225958233 
    2    0    2    1    4    1    4    0    5    0    5    0 0.0094004791 -0.0225958233 
    2    0    2    1    4    1    4    0    5    0    5    1 0.0000000000 0.0000000000 
    2    0    2    1    4    1    4    0    5    1    5    0 -0.0000000000 0.0000000000 
    2    0    2    1    4    1    4    0    5    1    5    1 0.0094004791 0.0225958233 
    2    0    2    1    4    1    4    1    5    0    5    0 -0.0000000000 -0.0000000000 
    2    0    2    1    4    1    4    1    5    0    5    1 -0.0315823378 0.0000000000 
    2    0    2    1    4    1    4    1    5    1    5    0 0.0083430754 0.0000000000 
    2    0    2    1    4    1    4    1    5    1    5    1 -0.0000000000 -0.0000000000 
    2    1    2    0    4    0    4    0    5    0    5    0 -0.0000000000 0.0000000000 
    2    1    2    0    4    0    4    0    5    0    5    1 0.0083430754 0.0000000000 
    2    1    2    0    4    0    4    0    5    1    5    0 -0.0315823378 -0.0000000000 
    2    1    2    0    4    0    4    0    5    1    5    1 -0.0000000000 0.0000000000 
    2    1    2    0    4    0    4    1    5    0    5    0 0.0094004791 0.0225958233 
    2    1    2    0    4    0    4    1    5    0    5    1 -0.0000000000 -0.0000000000 
    2    1    2    0    4    0    4    1    5    1    5    0 0.0000000000 -0.0000000000 
    2    1    2    0    4    0    4    1    5    1    5    1 0.0094004791 -0.0225958233 
    2    1    2    0    4    1    4    0    5    0    5    0 0.0094004791 0.0225958233 
    2    1    2    0    4    1    4    0    5    0    5    1 0.0000000000 0.0000000000 
    2    1    2    0    4    1    4    0    5    1    5    0 0.0000000000 0.0000000000 
    2    1    2    0    4    1    4    0    5    1    5    1 0.0094004791 -0.0225958233 
    2    1    2    0    4    1    4    1    5    0    5    0 -0.0000000000 0.0000000000 
    2    1    2    0    4    1    4    1    5    0    5    1 0.0083430754 -0.0000000000 
    2    1    2    0    4    1    4    1    5    1    5    0 -0.0315823378 -0.0000000000 
    2    1    2    0    4    1    4    1    5    1    5    1 -0.0000000000 0.0000000000 
    2    1    2    1    4    0    4    0    5    0    5    0 0.1184215096 0.0000000000 
    2    1    2    1    4    0    4    0    5    0    5    1 0.0000000000 -0.0000000000 
    2    1    2    1    4    0    4    0    5    1    5    0 0.0000000000 0.0000000000 
    2    1    2    1    4    0    4    0    5    1    5    1 0.1315784904 0.0000000000 
    2    1    2    1    4    0    4    1    5    0    5    0 -0.0000000000 0.0000000000 
    2    1    2    1    4    0    4    1    5    0    5    1 -0.0655128393 -0.0025455235 
    2    1    2    1    4    0    4    1    5    1    5    0 -0.0655128393 0.0025455235 
    2    1    2    1    4    0    4    1    5    1    5    1 -0.0000000000 -0.0000000000 
    2    1    2    1    4    1    4    0    5    0    5    0 -0.0000000000 -0.0000000000 
    2    1    2    1    4    1    4    0    5    0    5    1 -0.0655128393 -0.0025455235 
    2    1    2    1    4    1    4    0    5    1    5    0 -0.0655128393 0.0025455235 
    2    1    2    1    4    1    4    0    5    1    5    1 -0.0000000000 0.0000000000 
    2    1    2    1    4    1    4    1    5    0    5    0 0.1184215096 0.0000000000 
    2    1    2    1    4    1    4    1    5    0    5    1 0.0000000000 0.0000000000 
    2    1    2    1    4    1    4    1    5    1    5    0 0.0000000000 -0.0000000000 
    2    1    2    1    4    1    4    1    5    1    5    1 0.1315784904 0.0000000000 
    2    0    2    0    4    0    4    0    6    0    6    0 0.1196778894 0.0000000000 
    2    0    2    0    4    0    4    0    6    0    6    1 0.0000000000 0.0000000000 
    2    0    2    0    4    0    4    0    6    1    6    0 0.0000000000 -0.0000000000 
    2    0    2    0    4    0    4    0    6    1    6    1 0.1303221106 0.0000000000 
    2    0    2    0    4    0    4    1    6    0    6    0 -0.0000000000 0.0000000000 
    2    0    2    0    4    0    4    1    6    0    6    1 0.0000000000 -0.0031464401 
    2    0    2    0    4    0    4    1    6    1    6    0 -0.0000000000 0.0031464401 
    2    0    2    0    4    0    4    1    6    1    6    1 -0.0000000000 0.0000000000 
    2    0    2    0    4    1    4    0    6    0    6    0 -0.0000000000 -0.0000000000 
    2    0    2    0    4    1    4    0    6    0    6    1 -0.0000000000 -0.0031464401 
    2    0    2    0    4    1    4    0    6    1    6    0 0.0000000000 0.0031464401 
    2    0    2    0    4    1    4    0    6    1    6    1 -0.0000000000 -0.0000000000 
    2    0    2    0    4    1    4    1    6    0    6    0 0.1303221106 0.0000000000 
    2    0    2    0    4    1    4    1    6    0    6    1 0.0000000000 0.0000000000 
    2    0    2    0    4    1    4    1    6    1    6    0 0.0000000000 -0.0000000000 
    2    0    2    0    4    1    4    1    6    1    6    1 0.1196778894 0.0000000000 
    2    0    2    1    4    0    4    0    6    0    6    0 -0.0000000000 -0.0000000000 
    2    0    2    1    4    0    4    0    6    0    6    1 0.0161501689 0.0038879953 
    2    0    2    1    4    0    4    0    6    1    6    0 -0.0161501689 0.0038879953 
    2    0    2    1    4    0    4    0    6    1    6    1 -0.0000000000 0.0000000000 
    2    0    2    1    4    0    4    1    6    0    6    0 0.0094004791 0.0279299736 
    2    0    2    1    4    0    4    1    6    0    6    1 -0.0000000000 -0.0000000000 
    2    0    2    1    4    0    4    1    6    1    6    0 -0.0000000000 -0.0000000000 
    2    0    2    1    4    0    4    1    6    1    6    1 0.0094004791 -0.0279299736 
    2    0    2    1    4    1    4    0    6    0    6    0 0.0094004791 -0.0279299736 
    2    0    2    1    4    1    4    0    6    0    6    1 -0.0000000000 -0.0000000000 
    2    0    2    1    4    1    4    0    6    1    6    0 0.0000000000 -0.0000000000 
    2    0    2    1    4    1    4    0    6    1    6    1 0.0094004791 0.0279299736 
    2    0    2    1    4    1    4    1    6    0    6    0 -0.0000000000 -0.0000000000 
    2    0    2    1    4    1    4    1    6    0    6    1 0.0161501689 -0.0038879953 
    2    0    2    1    4    1    4    1    6    1    6    0 -0.0161501689 -0.0038879953 
    2    0    2    1    4    1    4    1    6    1    6    1 -0.0000000000 -0.0000000000 
    2    1    2    0    4    0    4    0    6    0    6    0 -0.0000000000 0.0000000000 
    2    1    2    0    4    0    4    0    6    0    6    1 -0.0161501689 -0.0038879953 
    2    1    2    0    4    0    4    0    6    1    6    0 0.0161501689 -0.0038879953 
    2    1    2    0    4    0    4    0    6    1    6    1 -0.0000000000 -0.0000000000 
    2    1    2    0    4    0    4    1    6    0    6    0 0.0094004791 0.0279299736 
    2    1    2    0    4    0    4    1    6    0    6    1 0.0000000000 0.0000000000 
    2    1    2    0    4    0    4    1    6    1    6    0 -0.0000000000 0.0000000000 
    2    1    2    0    4    0    4    1    6    1    6    1 0.0094004791 -0.0279299736 
    2    1    2    0    4    1    4    0    6    0    6    0 0.0094004791 -0.0279299736 
    2    1    2    0    4    1    4    0    6    0    6    1 -0.0000000000 0.0000000000 
    2    1    2    0    4    1    4    0    6    1    6    0 -0.0000000000 0.0000000000 
    2    1    2    0    4    1    4    0    6    1    6    1 0.0094004791 0.0279299736 
    2    1    2    0    4    1    4    1    6    0    6    0 -0.0000000000 0.0000000000 
    2    1    2    0    4    1    4    1    6    0    6    1 -0.0161501689 0.0038879953 
    2    1    2    0    4    1    4    1    6    1    6    0 0.0161501689 0.0038879953 
    2    1    2    0    4    1    4    1    6    1    6    1 -0.0000000000 0.0000000000 
    2    1    2    1    4    0    4    0    6    0    6    0 0.1196778894 0.0000000000 
    2    1    2    1    4    0    4    0    6    0    6    1 0.0000000000 0.0000000000 
    2    1    2    1    4    0    4    0    6    1    6    0 0.0000000000 -0.0000000000 
    2    1    2    1    4    0    4    0    6    1    6    1 0.1303221106 0.0000000000 
    2    1    2    1    4    0    4    1    6    0    6    0 0.0000000000 0.0000000000 
    2    1    2    1    4    0    4    1    6    0    6    1 0.0000000000 0.0031464401 
    2    1    2    1    4    0    4    1    6    1    6    0 -0.0000000000 -0.0031464401 
    2    1    2    1    4    0    4    1    6    1    6    1 -0.0000000000 0.0000000000 
    2    1    2    1    4    1    4    0    6    0    6    0 0.0000000000 -0.0000000000 
    2    1    2    1    4    1    4    0    6    0    6    1 -0.0000000000 0.0031464401 
    2    1    2    1    4    1    4    0    6    1    6    0 0.0000000000 -0.0031464401 
    2    1    2    1    4    1    4    0    6    1    6    1 -0.0000000000 -0.0000000000 
    2    1    2    1    4    1    4    1    6    0    6    0 0.1303221106 0.0000000000 
    2    1    2    1    4    1    4    1    6    0    6    1 0.0000000000 -0.0000000000 
    2    1    2    1    4    1    4    1    6    1    6    0 0.0000000000 0.0000000000 
    2    1    2    1    4    1    4    1    6    1    6    1 0.1196778894 0.0000000000 
    2    0    2    0    4    0    4    0    7    0    7    0 0.0448477801 0.0000000000 
    2    0    2    0    4    0    4    0    7    0    7    1 -0.0000000000 -0.0000000000 
    2    0    2    0    4    0    4    0    7    1    7    0 -0.0000000000 0.0000000000 
    2    0    2    0    4    0    4    0    7    1    7    1 0.2051522199 0.0000000000 
    2    0    2    0    4    0    4    1    7    0    7    0 -0.0000000000 0.0000000000 
    2    0    2    0    4    0    4    1    7    0    7    1 0.0565891895 -0.0000000000 
    2    0    2    0    4    0    4    1    7    1    7    0 -0.0565891895 0.0000000000 
    2    0    2    0    4    0    4    1    7    1    7    1 -0.0000000000 0.0000000000 
    2    0    2    0    4    1    4    0    7    0    7    0 -0.0000000000 -0.0000000000 
    2    0    2    0    4    1    4    0    7    0    7    1 -0.0565891895 -0.0000000000 
    2    0    2    0    4    1    4    0    7    1    7    0 0.0565891895 0.0000000000 
    2    0    2    0    4    1    4    0    7    1    7    1 -0.0000000000 -0.0000000000 
    2    0    2    0    4    1    4    1    7    0    7    0 0.0448477801 0.0000000000 
    2    0    2    0    4    1    4    1    7    0    7    1 0.0000000000 -0.0000000000 
    2    0    2    0    4    1    4    1    7    1    7    0 0.0000000000 0.0000000000 
    2    0    2    0    4    1    4    1    7    1    7    1 0.2051522199 0.0000000000 
    2    0    2    1    4    0    4    0    7    0    7    0 -0.0000000000 0.0000000000 
    2    0    2    1    4    0    4    0    7    0    7    1 -0.0000000000 -0.0031454543 
    2    0    2    1    4    0    4    0    7    1    7    0 0.0000000000 -0.0196152667 
    2    0    2    1    4    0    4    0    7    1    7    1 -0.0000000000 -0.0000000000 
    2    0    2    1    4    0    4    1    7    0    7    0 0.0094004791 0.0082349062 
    2    0    2    1    4    0    4    1    7    0    7    1 -0.0000000000 0.0000000000 
    2    0    2    1    4    0    4    1    7    1    7    0 0.0000000000 0.0000000000 
    2    0    2    1    4    0    4    1    7    1    7    1 0.0094004791 -0.0082349062 
    2    0    2    1    4    1    4    0    7    0    7    0 0.0094004791 0.0082349062 
    2    0    2    1    4    1    4    0    7    0    7    1 0.0000000000 0.0000000000 
    2    0    2    1    4    1    4    0    7    1    7    0 0.0000000000 0.0000000000 
    2    0    2    1    4    1    4    0    7    1    7    1 0.0094004791 -0.0082349062 
    2    0    2    1    4    1    4    1    7    0    7    0 -0.0000000000 -0.0000000000 
    2    0    2    1    4    1    4    1    7    0    7    1 -0.0000000000 0.0031454543 
    2    0    2    1    4    1    4    1    7    1    7    0 0.0000000000 0.0196152667 
    2    0    2    1    4    1    4    1    7    1    7    1 -0.0000000000 0.0000000000 
    2    1    2    0    4    0    4    0    7    0    7    0 -0.0000000000 -0.0000000000 
    2    1    2    0    4    0    4    0    7    0    7    1 0.0000000000 0.0196152667 
    2    1    2    0    4    0    4    0    7    1    7    0 -0.0000000000 0.0031454543 
    2    1    2    0    4    0    4    0    7    1    7    1 -0.0000000000 0.0000000000 
    2    1    2    0    4    0    4    1    7    0    7    0 0.0094004791 -0.0082349062 
    2    1    2    0    4    0    4    1    7    0    7    1 0.0000000000 -0.0000000000 
    2    1    2    0    4    0    4    1    7    1    7    0 0.0000000000 -0.0000000000 
    2    1    2    0    4    0    4    1    7    1    7    1 0.0094004791 0.0082349062 
    2    1    2    0    4    1    4    0    7    0    7    0 0.0094004791 -0.0082349062 
    2    1    2    0    4    1    4    0    7    0    7    1 0.0000000000 -0.0000000000 
    2    1    2    0    4    1    4    0    7    1    7    0 -0.0000000000 -0.0000000000 
    2    1    2    0    4    1    4    0    7    1    7    1 0.0094004791 0.0082349062 
    2    1    2    0    4    1    4    1    7    0    7    0 -0.0000000000 0.0000000000 
    2    1    2    0    4    1    4    1    7    0    7    1 0.0000000000 -0.0196152667 
    2    1    2    0    4    1    4    1    7    1    7    0 -0.0000000000 -0.0031454543 
    2    1    2    0    4    1    4    1    7    1    7    1 -0.0000000000 -0.0000000000 
    2    1    2    1    4    0    4    0    7    0    7    0 0.2051522199 0.0000000000 
    2    1    2    1    4    0    4    0    7    0    7    1 -0.0000000000 -0.0000000000 
    2    1    2    1    4    0    4    0    7    1    7    0 -0.0000000000 0.0000000000 
    2    1    2    1    4    0    4    0    7    1    7    1 0.0448477801 0.0000000000 
    2    1    2    1    4    0    4    1    7    0    7    0 -0.0000000000 0.0000000000 
    2    1    2    1    4    0    4    1    7    0    7    1 0.0565891895 -0.0000000000 
    2    1    2    1    4    0    4    1    7    1    7    0 -0.0565891895 -0.0000000000 
    2    1    2    1    4    0    4    1    7    1    7    1 -0.0000000000 0.0000000000 
    2    1    2    1    4    1    4    0    7    0    7    0 -0.0000000000 -0.0000000000 
    2    1    2    1    4    1    4    0    7    0    7    1 -0.0565891895 0.0000000000 
    2    1    2    1    4    1    4    0    7    1    7    0 0.0565891895 0.0000000000 
    2    1    2    1    4    1    4    0    7    1    7    1 -0.0000000000 -0.0000000000 
    2    1    2    1    4    1    4    1    7    0    7    0 0.2051522199 0.0000000000 
    2    1    2    1    4    1    4    1    7    0    7    1 -0.0000000000 -0.0000000000 
    2    1    2    1    4    1    4    1    7    1    7    0 -0.0000000000 0.0000000000 
    2    1    2    1    4    1    4    1    7    1    7    1 0.0448477801 0.0000000000 
    2    0    2    0    5    0    5    0    6    0    6    0 0.1315784904 0.0000000000 
    2    0    2    0    5    0    5    0    6    0    6    1 0.0000000000 0.0000000000 
    2    0    2    0    5    0    5    0    6    1    6    0 0.0000000000 -0.0000000000 
    2    0    2    0    5    0    5    0    6    1    6    1 0.1315784904 0.0000000000 
    2    0    2    0    5    0    5    1    6    0    6    0 0.0000000000 -0.0000000000 
    2    0    2    0    5    0    5    1    6    0    6    1 0.0565891895 0.0025455235 
    2    0    2    0    5    0    5    1    6    1    6    0 -0.0565891895 -0.0025455235 
    2    0    2    0    5    0    5    1    6    1    6    1 0.0000000000 -0.0000000000 
    2    0    2    0    5    1    5    0    6    0    6    0 0.0000000000 0.0000000000 
    2    0    2    0    5    1    5    0    6    0    6    1 -0.0565891895 0.0025455235 
    2    0    2    0    5    1    5    0    6    1    6    0 0.0565891895 -0.0025455235 
    2    0    2    0    5    1    5    0    6    1    6    1 0.0000000000 0.0000000000 
    2    0    2    0    5    1    5    1    6    0    6    0 0.1184215096 0.0000000000 
    2    0    2    0    5    1    5    1    6    0    6    1 -0.0000000000 0.0000000000 
    2    0    2    0    5    1    5    1    6    1    6    0 -0.0000000000 -0.0000000000 
    2    0    2    0    5    1    5    1    6    1    6    1 0.1184215096 0.0000000000 
    2    0    2    1    5    0    5    0    6    0    6    0 0.0000000000 -0.0000000000 
    2    0    2    1    5    0    5    0    6    0    6    1 0.0161501689 -0.0031454543 
    2    0    2    1    5    0    5    0    6    1    6    0 -0.0161501689 0.0031454543 
    2    0    2    1    5    0    5    0    6    1    6    1 -0.0000000000 0.0000000000 
    2    0    2    1    5    0    5    1    6    0    6    0 -0.0315823378 0.0000000000 
    2    0    2    1    5    0    5    1    6    0    6    1 0.0000000000 -0.0000000000 
    2    0    2    1    5    0    5    1    6    1    6    0 0.0000000000 -0.0000000000 
    2    0    2    1    5    0    5    1    6    1    6    1 -0.0315823378 -0.0000000000 
    2    0    2    1    5    1    5    0    6    0    6    0 0.0083430754 0.0000000000 
    2    0    2    1    5    1    5    0    6    0    6    1 0.0000000000 0.0000000000 
    2    0    2    1    5    1    5    0    6    1    6    0 0.0000000000 -0.0000000000 
    2    0    2    1    5    1    5    0    6    1    6    1 0.0083430754 -0.0000000000 
    2    0    2    1    5    1    5    1    6    0    6    0 -0.0000000000 0.0000000000 
    2    0    2    1    5    1    5    1    6    0    6    1 0.0161501689 0.0031454543 
    2    0    2    1    5    1    5    1    6    1    6    0 -0.0161501689 -0.0031454543 
    2    0    2    1    5    1    5    1    6    1    6    1 -0.0000000000 -0.0000000000 
    2    1    2    0    5    0    5    0    6    0    6    0 0.0000000000 0.0000000000 
    2    1    2    0    5    0    5    0    6    0    6    1 -0.0161501689 -0.0031454543 
    2    1    2    0    5    0    5    0    6    1    6    0 0.0161501689 0.0031454543 
    2    1    2    0    5    0    5    0    6    1    6    1 -0.0000000000 -0.0000000000 
    2    1    2    0    5    0    5    1    6    0    6    0 0.0083430754 -0.0000000000 
    2    1    2    0    5    0    5    1    6    0    6    1 0.0000000000 0.0000000000 
    2    1    2    0    5    0    5    1    6    1    6    0 0.0000000000 -0.0000000000 
    2    1    2    0    5    0    5    1    6    1    6    1 0.0083430754 0.0000000000 
    2    1    2    0    5    1    5    0    6    0    6    0 -0.0315823378 -0.0000000000 
    2    1    2    0    5    1    5    0    6    0    6    1 0.0000000000 0.0000000000 
    2    1    2    0    5    1    5    0    6    1    6    0 0.0000000000 0.0000000000 
    2    1    2    0    5    1    5    0    6    1    6    1 -0.0315823378 0.0000000000 
    2    1    2    0    5    1    5    1    6    0    6    0 -0.0000000000 -0.0000000000 
    2    1    2    0    5    1    5    1    6    0    6    1 -0.0161501689 0.0031454543 
    2    1    2    0    5    1    5    1    6    1    6    0 0.0161501689 -0.0031454543 
    2    1    2    0    5    1    5    1    6    1    6    1 -0.0000000000 0.0000000000 
    2    1    2    1    5    0    5    0    6    0    6    0 0.1184215096 0.0000000000 
    2    1    2    1    5    0    5    0    6    0    6    1 0.0000000000 -0.0000000000 
    2    1    2    1    5    0    5    0    6    1    6    0 0.0000000000 0.0000000000 
    2    1    2    1    5    0    5    0    6    1    6    1 0.1184215096 0.0000000000 
    2    1    2    1    5    0    5    1    6    0    6    0 -0.0000000000 0.0000000000 
    2    1    2    1    5    0    5    1    6    0    6    1 0.0565891895 -0.0025455235 
    2    1    2    1    5    0    5    1    6    1    6    0 -0.0565891895 0.0025455235 
    2    1    2    1    5    0    5    1    6    1    6    1 0.0000000000 -0.0000000000 
    2    1    2    1    5    1    5    0    6    0    6    0 -0.0000000000 -0.0000000000 
    2    1    2    1    5    1    5    0    6    0    6    1 -0.0565891895 -0.0025455235 
    2    1    2    1    5    1    5    0    6    1    6    0 0.0565891895 0.0025455235 
    2    1    2    1    5    1    5    0    6    1    6    1 0.0000000000 0.0000000000 
    2    1    2    1    5    1    5    1    6    0    6    0 0.1315784904 0.0000000000 
    2    1    2    1    5    1    5    1    6    0    6    1 -0.0000000000 -0.0000000000 
    2    1    2    1    5    1    5    1    6    1    6    0 -0.0000000000 0.0000000000 
    2    1    2    1    5    1    5    1    6    1    6    1 0.1315784904 0.0000000000 
    2    0    2    0    5    0    5    0    7    0    7    0 0.0461041600 0.0000000000 
    2    0    2    0    5    0    5    0    7    0    7    1 -0.0000000000 -0.0000000000 
    2    0    2    0    5    0    5    0    7    1    7    0 -0.0000000000 0.0000000000 
    2    0    2    0    5    0    5    0    7    1    7    1 0.2170528209 0.0000000000 
    2    0    2    0    5    0    5    1    7    0    7    0 0.0000000000 -0.0000000000 
    2    0    2    0    5    0    5    1    7    0    7    1 0.0000000000 0.0000000000 
    2    0    2    0    5    0    5    1    7    1    7    0 -0.0000000000 -0.0000000000 
    2    0    2    0    5    0    5    1    7    1    7    1 0.0000000000 -0.0000000000 
    2    0    2    0    5    1    5    0    7    0    7    0 0.0000000000 0.0000000000 
    2    0    2    0    5    1    5    0    7    0    7    1 -0.0000000000 0.0000000000 
    2    0    2    0    5    1    5    0    7    1    7    0 0.0000000000 -0.0000000000 
    2    0    2    0    5    1    5    0    7    1    7    1 0.0000000000 0.0000000000 
    2    0    2    0    5    1    5    1    7    0    7    0 0.0435914003 0.0000000000 
    2    0    2    0    5    1    5    1    7    0    7    1 -0.0000000000 -0.0000000000 
    2    0    2    0    5    1    5    1    7    1    7    0 -0.0000000000 0.0000000000 
    2    0    2    0    5    1    5    1    7    1    7    1 0.1932516188 0.0000000000 
    2    0    2    1    5    0    5    0    7    0    7    0 -0.0000000000 -0.0000000000 
    2    0    2    1    5    0    5    0    7    0    7    1 0.0000000000 0.0000000000 
    2    0    2    1    5    0    5    0    7    1    7    0 0.0000000000 0.0000000000 
    2    0    2    1    5    0    5    0    7    1    7    1 -0.0000000000 -0.0000000000 
    2    0    2    1    5    0    5    1    7    0    7    0 -0.0315823378 -0.0257412776 
    2    0    2    1    5    0    5    1    7    0    7    1 0.0000000000 0.0000000000 
    2    0    2    1    5    0    5    1    7    1    7    0 -0.0000000000 -0.0000000000 
    2    0    2    1    5    0    5    1    7    1    7    1 -0.0315823378 0.0257412776 
    2    0    2    1    5    1    5    0    7    0    7    0 0.0083430754 0.0194503690 
    2    0    2    1    5    1    5    0    7    0    7    1 -0.0000000000 0.0000000000 
    2    0    2    1    5    1    5    0    7    1    7    0 -0.0000000000 -0.0000000000 
    2    0    2    1    5    1    5    0    7    1    7    1 0.0083430754 -0.0194503690 
    2    0    2    1    5    1    5    1    7    0    7    0 -0.0000000000 0.0000000000 
    2    0    2    1    5    1    5    1    7    0    7    1 -0.0000000000 -0.0000000000 
    2    0    2    1    5    1    5    1    7    1    7    0 0.0000000000 0.0000000000 
    2    0    2    1    5    1    5    1    7    1    7    1 -0.0000000000 -0.0000000000 
    2    1    2    0    5    0    5    0    7    0    7    0 -0.0000000000 0.0000000000 
    2    1    2    0    5    0    5    0    7    0    7    1 0.0000000000 -0.0000000000 
    2    1    2    0    5    0    5    0    7    1    7    0 0.0000000000 -0.0000000000 
    2    1    2    0    5    0    5    0    7    1    7    1 -0.0000000000 0.0000000000 
    2    1    2    0    5    0    5    1    7    0    7    0 0.0083430754 -0.0194503690 
    2    1    2    0    5    0    5    1    7    0    7    1 -0.0000000000 0.0000000000 
    2    1    2    0    5    0    5    1    7    1    7    0 -0.0000000000 -0.0000000000 
    2    1    2    0    5    0    5    1    7    1    7    1 0.0083430754 0.0194503690 
    2    1    2    0    5    1    5    0    7    0    7    0 -0.0315823378 0.0257412776 
    2    1    2    0    5    1    5    0    7    0    7    1 -0.0000000000 0.0000000000 
    2    1    2    0    5    1    5    0    7    1    7    0 0.0000000000 -0.0000000000 
    2    1    2    0    5    1    5    0    7    1    7    1 -0.0315823378 -0.0257412776 
    2    1    2    0    5    1    5    1    7    0    7    0 -0.0000000000 -0.0000000000 
    2    1    2    0    5    1    5    1    7    0    7    1 0.0000000000 -0.0000000000 
    2    1    2    0    5    1    5    1    7    1    7    0 -0.0000000000 0.0000000000 
    2    1    2    0    5    1    5    1    7    1    7    1 -0.0000000000 0.0000000000 
    2    1    2    1    5    0    5    0    7    0    7    0 0.1932516188 0.0000000000 
    2    1    2    1    5    0    5    0    7    0    7    1 -0.0000000000 -0.0000000000 
    2    1    2    1    5    0    5    0    7    1    7    0 -0.0000000000 0.0000000000 
    2    1    2    1    5    0    5    0    7    1    7    1 0.0435914003 0.0000000000 
    2    1    2    1    5    0    5    1    7    0    7    0 0.0000000000 0.0000000000 
    2    1    2    1    5    0    5    1    7    0    7    1 0.0000000000 0.0000000000 
    2    1    2    1    5    0    5    1    7    1    7    0 -0.0000000000 0.0000000000 
    2    1    2    1    5    0    5    1    7    1    7    1 0.0000000000 -0.0000000000 
    2    1    2    1    5    1    5    0    7    0    7    0 0.0000000000 -0.0000000000 
    2    1    2    1    5    1    5    0    7    0    7    1 -0.0000000000 -0.0000000000 
    2    1    2    1    5    1    5    0    7    1    7    0 0.0000000000 -0.0000000000 
    2    1    2    1    5    1    5    0    7    1    7    1 0.0000000000 0.0000000000 
    2    1    2    1    5    1    5    1    7    0    7    0 0.2170528209 0.0000000000 
    2    1    2    1    5    1    5    1    7    0    7    1 0.0000000000 0.0000000000 
    2    1    2    1    5    1    5    1    7    1    7    0 0.0000000000 -0.0000000000 
    2    1    2    1    5    1    5    1    7    1    7    1 0.0461041600 0.0000000000 
    2    0    2    0    6    0    6    0    7    0    7    0 0.0448477801 0.0000000000 
    2    0    2    0    6    0    6    0    7    0    7    1 -0.0000000000 -0.0000000000 
    2    0    2    0    6    0    6    0    7    1    7    0 -0.0000000000 0.0000000000 
    2    0    2    0    6    0    6    0    7    1    7    1 0.2051522199 0.0000000000 
    2    0    2    0    6    0    6    1    7    0    7    0 0.0000000000 -0.0000000000 
    2    0    2    0    6    0    6    1    7    0    7    1 -0.0655128393 -0.0000000000 
    2    0    2    0    6    0    6    1    7    1    7    0 -0.0655128393 -0.0000000000 
    2    0    2    0    6    0    6    1    7    1    7    1 0.0000000000 0.0000000000 
    2    0    2    0    6    1    6    0    7    0    7    0 0.0000000000 0.0000000000 
    2    0    2    0    6    1    6    0    7    0    7    1 -0.0655128393 0.0000000000 
    2    0    2    0    6    1    6    0    7    1    7    0 -0.0655128393 0.0000000000 
    2    0    2    0    6    1    6    0    7    1    7    1 0.0000000000 -0.0000000000 
    2    0    2    0    6    1    6    1    7    0    7    0 0.0448477801 0.0000000000 
    2    0    2    0    6    1    6    1    7    0    7    1 -0.0000000000 -0.0000000000 
    2    0    2    0    6    1    6    1    7    1    7    0 -0.0000000000 0.0000000000 
    2    0    2    0    6    1    6    1    7    1    7    1 0.2051522199 0.0000000000 
    2    0    2    1    6    0    6    0    7    0    7    0 0.0000000000 -0.0000000000 
    2    0    2    1    6    0    6    0    7    0    7    1 -0.0000000000 -0.0225958233 
    2    0    2    1    6    0    6    0    7    1    7    0 0.0000000000 0.1409090902 
    2    0    2    1    6    0    6    0    7    1    7    1 -0.0000000000 -0.0000000000 
    2    0    2    1    6    0    6    1    7    0    7    0 0.0161501689 0.0591566334 
    2    0    2    1    6    0    6    1    7    0    7    1 -0.0000000000 0.0000000000 
    2    0    2    1    6    0    6    1    7    1    7    0 0.0000000000 -0.0000000000 
    2    0    2    1    6    0    6    1    7    1    7    1 0.0161501689 -0.0591566334 
    2    0    2    1    6    1    6    0    7    0    7    0 -0.0161501689 -0.0591566334 
    2    0    2    1    6    1    6    0    7    0    7    1 0.0000000000 0.0000000000 
    2    0    2    1    6    1    6    0    7    1    7    0 -0.0000000000 0.0000000000 
    2    0    2    1    6    1    6    0    7    1    7    1 -0.0161501689 0.0591566334 
    2    0    2    1    6    1    6    1    7    0    7    0 -0.0000000000 0.0000000000 
    2    0    2    1    6    1    6    1    7    0    7    1 -0.0000000000 0.0225958233 
    2    0    2    1    6    1    6    1    7    1    7    0 0.0000000000 -0.1409090902 
    2    0    2    1    6    1    6    1    7    1    7    1 -0.0000000000 0.0000000000 
    2    1    2    0    6    0    6    0    7    0    7    0 0.0000000000 0.0000000000 
    2    1    2    0    6    0    6    0    7    0    7    1 0.0000000000 -0.1409090902 
    2    1    2    0    6    0    6    0    7    1    7    0 -0.0000000000 0.0225958233 
    2    1    2    0    6    0    6    0    7    1    7    1 -0.0000000000 0.0000000000 
    2    1    2    0    6    0    6    1    7    0    7    0 -0.0161501689 0.0591566334 
    2    1    2    0    6    0    6    1    7    0    7    1 -0.0000000000 -0.0000000000 
    2    1    2    0    6    0    6    1    7    1    7    0 0.0000000000 -0.0000000000 
    2    1    2    0    6    0    6    1    7    1    7    1 -0.0161501689 -0.0591566334 
    2    1    2    0    6    1    6    0    7    0    7    0 0.0161501689 -0.0591566334 
    2    1    2    0    6    1    6    0    7    0    7    1 0.0000000000 0.0000000000 
    2    1    2    0    6    1    6    0    7    1    7    0 -0.0000000000 -0.0000000000 
    2    1    2    0    6    1    6    0    7    1    7    1 0.0161501689 0.0591566334 
    2    1    2    0    6    1    6    1    7    0    7    0 -0.0000000000 -0.0000000000 
    2    1    2    0    6    1    6    1    7    0    7    1 0.0000000000 0.1409090902 
    2    1    2    0    6    1    6    1    7    1    7    0 -0.0000000000 -0.0225958233 
    2    1    2    0    6    1    6    1    7    1    7    1 -0.0000000000 -0.0000000000 
    2    1    2    1    6    0    6    0    7    0    7    0 0.2051522199 0.0000000000 
    2    1    2    1    6    0    6    0    7    0    7    1 -0.0000000000 0.0000000000 
    2    1    2    1    6    0    6    0    7    1    7    0 -0.0000000000 -0.0000000000 
    2    1    2    1    6    0    6    0    7    1    7    1 0.0448477801 0.0000000000 
    2    1    2    1    6    0    6    1    7    0    7    0 0.0000000000 -0.0000000000 
    2    1    2    1    6    0    6    1    7    0    7    1 -0.0655128393 -0.0000000000 
    2    1    2    1    6    0    6    1    7    1    7    0 -0.0655128393 -0.0000000000 
    2    1    2    1    6    0    6    1    7    1    7    1 0.0000000000 0.0000000000 
    2    1    2    1    6    1    6    0    7    0    7    0 0.0000000000 0.0000000000 
    2    1    2    1    6    1    6    0    7    0    7    1 -0.0655128393 0.0000000000 
    2    1    2    1    6    1    6    0    7    1    7    0 -0.0655128393 0.0000000000 
    2    1    2    1    6    1    6    0    7    1    7    1 0.0000000000 -0.0000000000 
    2    1    2    1    6    1    6    1    7    0    7    0 0.2051522199 0.0000000000 
    2    1    2    1    6    1    6    1    7    0    7    1 -0.0000000000 -0.0000000000 
    2    1    2    1    6    1    6    1    7    1    7    0 -0.0000000000 0.0000000000 
    2    1    2    1    6    1    6    1    7    1    7    1 0.0448477801 0.0000000000 
    3    0    3    0    4    0    4    0    5    0    5    0 0.1315784904 0.0000000000 
    3    0    3    0    4    0    4    0    5    0    5    1 0.0000000000 -0.0000000000 
    3    0    3    0    4    0    4    0    5    1    5    0 0.0000000000 0.0000000000 
    3    0    3    0    4    0    4    0    5    1    5    1 0.1315784904 0.0000000000 
    3    0    3    0    4    0    4    1    5    0    5    0 -0.0000000000 0.0000000000 
    3    0    3    0    4    0    4    1    5    0    5    1 -0.0655128393 0.0025455235 
    3    0    3    0    4    0    4    1    5    1    5    0 -0.0655128393 0.0025455235 
    3    0    3    0    4    0    4    1    5    1    5    1 -0.0000000000 0.0000000000 
    3    0    3    0    4    1    4    0    5    0    5    0 -0.0000000000 -0.0000000000 
    3    0    3    0    4    1    4    0    5    0    5    1 -0.0655128393 -0.0025455235 
    3    0    3    0    4    1    4    0    5    1    5    0 -0.0655128393 -0.0025455235 
    3    0    3    0    4    1    4    0    5    1    5    1 -0.0000000000 -0.0000000000 
    3    0    3    0    4    1    4    1    5    0    5    0 0.1184215096 0.0000000000 
    3    0    3    0    4    1    4    1    5    0    5    1 0.0000000000 0.0000000000 
    3    0    3    0    4    1    4    1    5    1    5    0 0.0000000000 -0.0000000000 
    3    0    3    0    4    1    4    1    5    1    5    1 0.1184215096 0.0000000000 
    3    0    3    1    4    0    4    0    5    0    5    0 0.0000000000 -0.0000000000 
    3    0    3    1    4    0    4    0    5    0    5    1 0.0094004791 -0.0225958233 
    3    0    3    1    4    0    4    0    5    1    5    0 0.0094004791 -0.0225958233 
    3    0    3    1    4    0    4    0    5    1    5    1 0.0000000000 0.0000000000 
    3    0    3    1    4    0    4    1    5    0    5    0 -0.0315823378 0.0000000000 
    3    0    3    1    4    0    4    1    5    0    5    1 -0.0000000000 0.0000000000 
    3    0    3    1    4    0    4    1    5    1    5    0 -0.0000000000 0.0000000000 
    3    0    3    1    4    0    4    1    5    1    5    1 -0.0315823378 -0.0000000000 
    3    0    3    1    4    1    4    0    5    0    5    0 0.0083430754 -0.0000000000 
    3    0    3    1    4    1    4    0    5    0    5    1 -0.0000000000 -0.0000000000 
    3    0    3    1    4    1    4    0    5    1    5    0 0.0000000000 0.0000000000 
    3    0    3    1    4    1    4    0    5    1    5    1 0.0083430754 0.0000000000 
    3    0    3    1    4    1    4    1    5    0    5    0 0.0000000000 0.0000000000 
    3    0    3    1    4    1    4    1    5    0    5    1 0.0094004791 0.0225958233 
    3    0    3    1    4    1    4    1    5    1    5    0 0.0094004791 0.0225958233 
    3    0    3    1    4    1    4    1    5    1    5    1 0.0000000000 -0.0000000000 
    3    1    3    0    4    0    4    0    5    0    5    0 0.0000000000 0.0000000000 
    3    1    3    0    4    0    4    0    5    0    5    1 0.0094004791 0.0225958233 
    3    1    3    0    4    0    4    0    5    1    5    0 0.0094004791 0.0225958233 
    3    1    3    0    4    0    4    0    5    1    5    1 0.0000000000 -0.0000000000 
    3    1    3    0    4    0    4    1    5    0    5    0 0.0083430754 0.0000000000 
    3    1    3    0    4    0    4    1    5    0    5    1 0.0000000000 -0.0000000000 
    3    1    3    0    4    0    4    1    5    1    5    0 -0.0000000000 0.0000000000 
    3    1    3    0    4    0    4    1    5    1    5    1 0.0083430754 -0.0000000000 
    3    1    3    0    4    1    4    0    5    0    5    0 -0.0315823378 -0.0000000000 
    3    1    3    0    4    1    4    0    5    0    5    1 -0.0000000000 -0.0000000000 
    3    1    3    0    4    1    4    0    5    1    5    0 -0.0000000000 -0.0000000000 
    3    1    3    0    4    1    4    0    5    1    5    1 -0.0315823378 0.0000000000 
    3    1    3    0    4    1    4    1    5    0    5    0 0.0000000000 -0.0000000000 
    3    1    3    0    4    1    4    1    5    0    5    1 0.0094004791 -0.0225958233 
    3    1    3    0    4    1    4    1    5    1    5    0 0.0094004791 -0.0225958233 
    3    1    3    0    4    1    4    1    5    1    5    1 0.0000000000 0.0000000000 
    3    1    3    1    4    0    4    0    5    0    5    0 0.1184215096 0.0000000000 
    3    1    3    1    4    0    4    0    5    0    5    1 0.0000000000 -0.0000000000 
    3    1    3    1    4    0    4    0    5    1    5    0 0.0000000000 0.0000000000 
    3    1    3    1    4    0    4    0    5    1    5    1 0.1184215096 0.0000000000 
    3    1    3    1    4    0    4    1    5    0    5    0 -0.0000000000 0.0000000000 
    3    1    3    1    4    0    4    1    5    0    5    1 -0.0655128393 -0.0025455235 
    3    1    3    1    4    0    4    1    5    1    5    0 -0.0655128393 -0.0025455235 
    3    1    3    1    4    0    4    1    5    1    5    1 -0.0000000000 -0.0000000000 
    3    1    3    1    4    1    4    0    5    0    5    0 -0.0000000000 -0.0000000000 
    3    1    3    1    4    1    4    0    5    0    5    1 -0.0655128393 0.0025455235 
    3    1    3    1    4    1    4    0    5    1    5    0 -0.0655128393 0.0025455235 
    3    1    3    1    4    1    4    0    5    1    5    1 -0.0000000000 0.0000000000 
    3    1    3    1    4    1    4    1    5    0    5    0 0.1315784904 0.0000000000 
    3    1    3    1    4    1    4    1    5    0    5    1 0.0000000000 0.0000000000 
    3    1    3    1    4    1    4    1    5    1    5    0 0.0000000000 -0.0000000000 
    3    1    3    1    4    1    4    1    5    1    5    1 0.1315784904 0.0000000000 
    3    0    3    0    4    0    4    0    6    0    6    0 0.0461041600 0.0000000000 
    3    0    3    0    4    0    4    0    6    0    6    1 0.0000000000 0.0000000000 
    3    0    3    0    4    0    4    0    6    1    6    0 0.0000000000 -0.0000000000 
    3    0    3    0    4    0    4    0    6    1    6    1 0.2170528209 0.0000000000 
    3    0    3    0    4    0    4    1    6    0    6    0 -0.0000000000 0.0000000000 
    3    0    3    0    4    0    4    1    6    0    6    1 -0.0000000000 0.0000000000 
    3    0    3    0    4    0    4    1    6    1    6    0 0.0000000000 -0.0000000000 
    3    0    3    0    4    0    4    1    6    1    6    1 -0.0000000000 0.0000000000 
    3    0    3    0    4    1    4    0    6    0    6    0 -0.0000000000 -0.0000000000 
    3    0    3    0    4    1    4    0    6    0    6    1 0.0000000000 0.0000000000 
    3    0    3    0    4    1    4    0    6    1    6    0 -0.0000000000 -0.0000000000 
    3    0    3    0    4    1    4    0    6    1    6    1 -0.0000000000 -0.0000000000 
    3    0    3    0    4    1    4    1    6    0    6    0 0.0435914003 0.0000000000 
    3    0    3    0    4    1    4    1    6    0    6    1 0.0000000000 0.0000000000 
    3    0    3    0    4    1    4    1    6    1    6    0 0.0000000000 -0.0000000000 
    3    0    3    0    4    1    4    1    6    1    6    1 0.1932516188 0.0000000000 
    3    0    3    1    4    0    4    0    6    0    6    0 0.0000000000 -0.0000000000 
    3    0    3    1    4    0    4    0    6    0    6    1 0.0000000000 0.0000000000 
    3    0    3    1    4    0    4    0    6    1    6    0 0.0000000000 -0.0000000000 
    3    0    3    1    4    0    4    0    6    1    6    1 0.0000000000 -0.0000000000 
    3    0    3    1    4    0    4    1    6    0    6    0 -0.0315823378 -0.0257412776 
    3    0    3    1    4    0    4    1    6    0    6    1 -0.0000000000 0.0000000000 
    3    0    3    1    4    0    4    1    6    1    6    0 0.0000000000 0.0000000000 
    3    0    3    1    4    0    4    1    6    1    6    1 -0.0315823378 0.0257412776 
    3    0    3    1    4    1    4    0    6    0    6    0 0.0083430754 0.0194503690 
    3    0    3    1    4    1    4    0    6    0    6    1 0.0000000000 0.0000000000 
    3    0    3    1    4    1    4    0    6    1    6    0 0.0000000000 -0.0000000000 
    3    0    3    1    4    1    4    0    6    1    6    1 0.0083430754 -0.0194503690 
    3    0    3    1    4    1    4    1    6    0    6    0 0.0000000000 0.0000000000 
    3    0    3    1    4    1    4    1    6    0    6    1 -0.0000000000 -0.0000000000 
    3    0    3    1    4    1    4    1    6    1    6    0 0.0000000000 -0.0000000000 
    3    0    3    1    4    1    4    1    6    1    6    1 0.0000000000 -0.0000000000 
    3    1    3    0    4    0    4    0    6    0    6    0 0.0000000000 0.0000000000 
    3    1    3    0    4    0    4    0    6    0    6    1 0.0000000000 0.0000000000 
    3    1    3    0    4    0    4    0    6    1    6    0 0.0000000000 -0.0000000000 
    3    1    3    0    4    0    4    0    6    1    6    1 0.0000000000 0.0000000000 
    3    1    3    0    4    0    4    1    6    0    6    0 0.0083430754 -0.0194503690 
    3    1    3    0    4    0    4    1    6    0    6    1 0.0000000000 0.0000000000 
    3    1    3    0    4    0    4    1    6    1    6    0 0.0000000000 -0.0000000000 
    3    1    3    0    4    0    4    1    6    1    6    1 0.0083430754 0.0194503690 
    3    1    3    0    4    1    4    0    6    0    6    0 -0.0315823378 0.0257412776 
    3    1    3    0    4    1    4    0    6    0    6    1 0.0000000000 -0.0000000000 
    3    1    3    0    4    1    4    0    6    1    6    0 -0.0000000000 -0.0000000000 
    3    1    3    0    4    1    4    0    6    1    6    1 -0.0315823378 -0.0257412776 
    3    1    3    0    4    1    4    1    6    0    6    0 0.0000000000 -0.0000000000 
    3    1    3    0    4    1    4    1    6    0    6    1 0.0000000000 0.0000000000 
    3    1    3    0    4    1    4    1    6    1    6    0 -0.0000000000 0.0000000000 
    3    1    3    0    4    1    4    1    6    1    6    1 0.0000000000 0.0000000000 
    3    1    3    1    4    0    4    0    6    0    6    0 0.1932516188 0.0000000000 
    3    1    3    1    4    0    4    0    6    0    6    1 0.0000000000 0.0000000000 
    3    1    3    1    4    0    4    0    6    1    6    0 0.0000000000 -0.0000000000 
    3    1    3    1    4    0    4    0    6    1    6    1 0.0435914003 0.0000000000 
    3    1    3    1    4    0    4    1    6    0    6    0 -0.0000000000 0.0000000000 
    3    1    3    1    4    0    4    1    6    0    6    1 0.0000000000 0.0000000000 
    3    1    3    1    4    0    4    1    6    1    6    0 -0.0000000000 0.0000000000 
    3    1    3    1    4    0    4    1    6    1    6    1 -0.0000000000 0.0000000000 
    3    1    3    1    4    1    4    0    6    0    6    0 -0.0000000000 -0.0000000000 
    3    1    3    1    4    1    4    0    6    0    6    1 -0.0000000000 -0.0000000000 
    3    1    3    1    4    1    4    0    6    1    6    0 0.0000000000 -0.0000000000 
    3    1    3    1    4    1    4    0    6    1    6    1 -0.0000000000 -0.0000000000 
    3    1    3    1    4    1    4    1    6    0    6    0 0.2170528209 0.0000000000 
    3    1    3    1    4    1    4    1    6    0    6    1 0.0000000000 -0.0000000000 
    3    1    3    1    4    1    4    1    6    1    6    0 0.0000000000 0.0000000000 
    3    1    3    1    4    1    4    1    6    1    6    1 0.0461041600 0.0000000000 
    3    0    3    0    4    0    4    0    7    0    7    0 0.1315784904 0.0000000000 
    3    0    3    0    4    0    4    0    7    0    7    1 -0.0000000000 -0.0000000000 
    3    0    3    0    4    0    4    0    7    1    7    0 -0.0000000000 0.0000000000 
    3    0    3    0    4    0    4    0    7    1    7    1 0.1315784904 0.0000000000 
    3    0    3    0    4    0    4    1    7    0    7    0 -0.0000000000 0.0000000000 
    3    0    3    0    4    0    4    1    7    0    7    1 0.0565891895 0.0025455235 
    3    0    3    0    4    0    4    1    7    1    7    0 -0.0565891895 -0.0025455235 
    3    0    3    0    4    0    4    1    7    1    7    1 -0.0000000000 0.0000000000 
    3    0    3    0    4    1    4    0    7    0    7    0 -0.0000000000 -0.0000000000 
    3    0    3    0    4    1    4    0    7    0    7    1 -0.0565891895 0.0025455235 
    3    0    3    0    4    1    4    0    7    1    7    0 0.0565891895 -0.0025455235 
    3    0    3    0    4    1    4    0    7    1    7    1 -0.0000000000 -0.0000000000 
    3    0    3    0    4    1    4    1    7    0    7    0 0.1184215096 0.0000000000 
    3    0    3    0    4    1    4    1    7    0    7    1 0.0000000000 -0.0000000000 
    3    0    3    0    4    1    4    1    7    1    7    0 0.0000000000 0.0000000000 
    3    0    3    0    4    1    4    1    7    1    7    1 0.1184215096 0.0000000000 
    3    0    3    1    4    0    4    0    7    0    7    0 0.0000000000 -0.0000000000 
    3    0    3    1    4    0    4    0    7    0    7    1 0.0161501689 -0.0031454543 
    3    0    3    1    4    0    4    0    7    1    7    0 -0.0161501689 0.0031454543 
    3    0    3    1    4    0    4    0    7    1    7    1 0.0000000000 0.0000000000 
    3    0    3    1    4    0    4    1    7    0    7    0 -0.0315823378 0.0000000000 
    3    0    3    1    4    0    4    1    7    0    7    1 -0.0000000000 -0.0000000000 
    3    0    3    1    4    0    4    1    7    1    7    0 -0.0000000000 -0.0000000000 
    3    0    3    1    4    0    4    1    7    1    7    1 -0.0315823378 -0.0000000000 
    3    0    3    1    4    1    4    0    7    0    7    0 0.0083430754 -0.0000000000 
    3    0    3    1    4    1    4    0    7    0    7    1 -0.0000000000 -0.0000000000 
    3    0    3    1    4    1    4    0    7    1    7    0 -0.0000000000 -0.0000000000 
    3    0    3    1    4    1    4    0    7    1    7    1 0.0083430754 -0.0000000000 
    3    0    3    1    4    1    4    1    7    0    7    0 0.0000000000 0.0000000000 
    3    0    3    1    4    1    4    1    7    0    7    1 0.0161501689 0.0031454543 
    3    0    3    1    4    1    4    1    7    1    7    0 -0.0161501689 -0.0031454543 
    3    0    3    1    4    1    4    1    7    1    7    1 0.0000000000 -0.0000000000 
    3    1    3    0    4    0    4    0    7    0    7    0 0.0000000000 0.0000000000 
    3    1    3    0    4    0    4    0    7    0    7    1 -0.0161501689 -0.0031454543 
    3    1    3    0    4    0    4    0    7    1    7    0 0.0161501689 0.0031454543 
    3    1    3    0    4    0    4    0    7    1    7    1 0.0000000000 -0.0000000000 
    3    1    3    0    4    0    4    1    7    0    7    0 0.0083430754 0.0000000000 
    3    1    3    0    4    0    4    1    7    0    7    1 -0.0000000000 0.0000000000 
    3    1    3    0    4    0    4    1    7    1    7    0 -0.0000000000 0.0000000000 
    3    1    3    0    4    0    4    1    7    1    7    1 0.0083430754 0.0000000000 
    3    1    3    0    4    1    4    0    7    0    7    0 -0.0315823378 -0.0000000000 
    3    1    3    0    4    1    4    0    7    0    7    1 -0.0000000000 0.0000000000 
    3    1    3    0    4    1    4    0    7    1    7    0 -0.0000000000 0.0000000000 
    3    1    3    0    4    1    4    0    7    1    7    1 -0.0315823378 0.0000000000 
    3    1    3    0    4    1    4    1    7    0    7    0 0.0000000000 -0.0000000000 
    3    1    3    0    4    1    4    1    7    0    7    1 -0.0161501689 0.0031454543 
    3    1    3    0    4    1    4    1    7    1    7    0 0.0161501689 -0.0031454543 
    3    1    3    0    4    1    4    1    7    1    7    1 0.0000000000 0.0000000000 
    3    1    3    1    4    0    4    0    7    0    7    0 0.1184215096 0.0000000000 
    3    1    3    1    4    0    4    0    7    0    7    1 -0.0000000000 -0.0000000000 
    3    1    3    1    4    0    4    0    7    1    7    0 -0.0000000000 0.0000000000 
    3    1    3    1    4    0    4    0    7    1    7    1 0.1184215096 0.0000000000 
    3    1    3    1    4    0    4    1    7    0    7    0 0.0000000000 0.0000000000 
    3    1    3    1    4    0    4    1    7    0    7    1 0.0565891895 -0.0025455235 
    3    1    3    1    4    0    4    1    7    1    7    0 -0.0565891895 0.0025455235 
    3    1    3    1    4    0    4    1    7    1    7    1 -0.0000000000 0.0000000000 
    3    1    3    1    4    1    4    0    7    0    7    0 0.0000000000 -0.0000000000 
    3    1    3    1    4    1    4    0    7    0    7    1 -0.0565891895 -0.0025455235 
    3    1    3    1    4    1    4    0    7    1    7    0 0.0565891895 0.0025455235 
    3    1    3    1    4    1    4    0    7    1    7    1 -0.0000000000 -0.0000000000 
    3    1    3    1    4    1    4    1    7    0    7    0 0.1315784904 0.0000000000 
    3    1    3    1    4    1    4    1    7    0    7    1 0.0000000000 -0.0000000000 
    3    1    3    1    4    1    4    1    7    1    7    0 0.0000000000 0.0000000000 
    3    1    3    1    4    1    4    1    7    1    7    1 0.1315784904 0.0000000000 
    3    0    3    0    5    0    5    0    6    0    6    0 0.0448477801 0.0000000000 
    3    0    3    0    5    0    5    0    6    0    6    1 0.0000000000 0.0000000000 
    3    0    3    0    5    0    5    0    6    1    6    0 0.0000000000 -0.0000000000 
    3    0    3    0    5    0    5    0    6    1    6    1 0.2051522199 0.0000000000 
    3    0    3    0    5    0    5    1    6    0    6    0 -0.0000000000 -0.0000000000 
    3    0    3    0    5    0    5    1    6    0    6    1 0.0565891895 -0.0000000000 
    3    0    3    0    5    0    5    1    6    1    6    0 -0.0565891895 0.0000000000 
    3    0    3    0    5    0    5    1    6    1    6    1 0.0000000000 -0.0000000000 
    3    0    3    0    5    1    5    0    6    0    6    0 -0.0000000000 0.0000000000 
    3    0    3    0    5    1    5    0    6    0    6    1 -0.0565891895 -0.0000000000 
    3    0    3    0    5    1    5    0    6    1    6    0 0.0565891895 0.0000000000 
    3    0    3    0    5    1    5    0    6    1    6    1 0.0000000000 0.0000000000 
    3    0    3    0    5    1    5    1    6    0    6    0 0.0448477801 0.0000000000 
    3    0    3    0    5    1    5    1    6    0    6    1 -0.0000000000 0.0000000000 
    3    0    3    0    5    1    5    1    6    1    6    0 -0.0000000000 -0.0000000000 
    3    0    3    0    5    1    5    1    6    1    6    1 0.2051522199 0.0000000000 
    3    0    3    1    5    0    5    0    6    0    6    0 0.0000000000 0.0000000000 
    3    0    3    1    5    0    5    0    6    0    6    1 0.0000000000 -0.0031454543 
    3    0    3    1    5    0    5    0    6    1    6    0 0.0000000000 -0.0196152667 
    3    0    3    1    5    0    5    0    6    1    6    1 0.0000000000 -0.0000000000 
    3    0    3    1    5    0    5    1    6    0    6    0 0.0094004791 0.0082349062 
    3    0    3    1    5    0    5    1    6    0    6    1 0.0000000000 -0.0000000000 
    3    0    3    1    5    0    5    1    6    1    6    0 -0.0000000000 0.0000000000 
    3    0    3    1    5    0    5    1    6    1    6    1 0.0094004791 -0.0082349062 
    3    0    3    1    5    1    5    0    6    0    6    0 0.0094004791 0.0082349062 
    3    0    3    1    5    1    5    0    6    0    6    1 -0.0000000000 0.0000000000 
    3    0    3    1    5    1    5    0    6    1    6    0 -0.0000000000 0.0000000000 
    3    0    3    1    5    1    5    0    6    1    6    1 0.0094004791 -0.0082349062 
    3    0    3    1    5    1    5    1    6    0    6    0 0.0000000000 -0.0000000000 
    3    0    3    1    5    1    5    1    6    0    6    1 -0.0000000000 0.0031454543 
    3    0    3    1    5    1    5    1    6    1    6    0 0.0000000000 0.0196152667 
    3    0    3    1    5    1    5    1    6    1    6    1 0.0000000000 0.0000000000 
    3    1    3    0    5    0    5    0    6    0    6    0 0.0000000000 -0.0000000000 
    3    1    3    0    5    0    5    0    6    0    6    1 0.0000000000 0.0196152667 
    3    1    3    0    5    0    5    0    6    1    6    0 0.0000000000 0.0031454543 
    3    1    3    0    5    0    5    0    6    1    6    1 0.0000000000 0.0000000000 
    3    1    3    0    5    0    5    1    6    0    6    0 0.0094004791 -0.0082349062 
    3    1    3    0    5    0    5    1    6    0    6    1 -0.0000000000 -0.0000000000 
    3    1    3    0    5    0    5    1    6    1    6    0 -0.0000000000 -0.0000000000 
    3    1    3    0    5    0    5    1    6    1    6    1 0.0094004791 0.0082349062 
    3    1    3    0    5    1    5    0    6    0    6    0 0.0094004791 -0.0082349062 
    3    1    3    0    5    1    5    0    6    0    6    1 -0.0000000000 -0.0000000000 
    3    1    3    0    5    1    5    0    6    1    6    0 0.0000000000 0.0000000000 
    3    1    3    0    5    1    5    0    6    1    6    1 0.0094004791 0.0082349062 
    3    1    3    0    5    1    5    1    6    0    6    0 0.0000000000 0.0000000000 
    3    1    3    0    5    1    5    1    6    0    6    1 0.0000000000 -0.0196152667 
    3    1    3    0    5    1    5    1    6    1    6    0 -0.0000000000 -0.0031454543 
    3    1    3    0    5    1    5    1    6    1    6    1 0.0000000000 -0.0000000000 
    3    1    3    1    5    0    5    0    6    0    6    0 0.2051522199 0.0000000000 
    3    1    3    1    5    0    5    0    6    0    6    1 0.0000000000 -0.0000000000 
    3    1    3    1    5    0    5    0    6    1    6    0 0.0000000000 0.0000000000 
    3    1    3    1    5    0    5    0    6    1    6    1 0.0448477801 0.0000000000 
    3    1    3    1    5    0    5    1    6    0    6    0 0.0000000000 0.0000000000 
    3    1    3    1    5    0    5    1    6    0    6    1 0.0565891895 -0.0000000000 
    3    1    3    1    5    0    5    1    6    1    6    0 -0.0565891895 0.0000000000 
    3    1    3    1    5    0    5    1    6    1    6    1 0.0000000000 0.0000000000 
    3    1    3    1    5    1    5    0    6    0    6    0 0.0000000000 -0.0000000000 
    3    1    3    1    5    1    5    0    6    0    6    1 -0.0565891895 -0.0000000000 
    3    1    3    1    5    1    5    0    6    1    6    0 0.0565891895 0.0000000000 
    3    1    3    1    5    1    5    0    6    1    6    1 0.0000000000 -0.0000000000 
    3    1    3    1    5    1    5    1    6    0    6    0 0.2051522199 0.0000000000 
    3    1    3    1    5    1    5    1    6    0    6    1 0.0000000000 -0.0000000000 
    3    1    3    1    5    1    5    1    6    1    6    0 0.0000000000 0.0000000000 
    3    1    3    1    5    1    5    1    6    1    6    1 0.0448477801 0.0000000000 
    3    0    3    0    5    0    5    0    7    0    7    0 0.1196778894 0.0000000000 
    3    0    3    0    5    0    5    0    7    0    7    1 -0.0000000000 -0.0000000000 
    3    0    3    0    5    0    5    0    7    1    7    0 -0.0000000000 0.0000000000 
    3    0    3    0    5    0    5    0    7    1    7    1 0.1303221106 0.0000000000 
    3    0    3    0    5    0    5    1    7    0    7    0 0.0000000000 -0.0000000000 
    3    0    3    0    5    0    5    1    7    0    7    1 -0.0000000000 -0.0031464401 
    3    0    3    0    5    0    5    1    7    1    7    0 -0.0000000000 0.0031464401 
    3    0    3    0    5    0    5    1    7    1    7    1 0.0000000000 -0.0000000000 
    3    0    3    0    5    1    5    0    7    0    7    0 0.0000000000 0.0000000000 
    3    0    3    0    5    1    5    0    7    0    7    1 -0.0000000000 -0.0031464401 
    3    0    3    0    5    1    5    0    7    1    7    0 -0.0000000000 0.0031464401 
    3    0    3    0    5    1    5    0    7    1    7    1 0.0000000000 0.0000000000 
    3    0    3    0    5    1    5    1    7    0    7    0 0.1303221106 0.0000000000 
    3    0    3    0    5    1    5    1    7    0    7    1 0.0000000000 -0.0000000000 
    3    0    3    0    5    1    5    1    7    1    7    0 0.0000000000 0.0000000000 
    3    0    3    0    5    1    5    1    7    1    7    1 0.1196778894 0.0000000000 
    3    0    3    1    5    0    5    0    7    0    7    0 0.0000000000 0.0000000000 
    3    0    3    1    5    0    5    0    7    0    7    1 0.0161501689 0.0038879953 
    3    0    3    1    5    0    5    0    7    1    7    0 -0.0161501689 0.0038879953 
    3    0    3    1    5    0    5    0    7    1    7    1 0.0000000000 -0.0000000000 
    3    0    3    1    5    0    5    1    7    0    7    0 0.0094004791 0.0279299736 
    3    0    3    1    5    0    5    1    7    0    7    1 0.0000000000 -0.0000000000 
    3    0    3    1    5    0    5    1    7    1    7    0 0.0000000000 0.0000000000 
    3    0    3    1    5    0    5    1    7    1    7    1 0.0094004791 -0.0279299736 
    3    0    3    1    5    1    5    0    7    0    7    0 0.0094004791 -0.0279299736 
    3    0    3    1    5    1    5    0    7    0    7    1 0.0000000000 0.0000000000 
    3    0    3    1    5    1    5    0    7    1    7    0 0.0000000000 0.0000000000 
    3    0    3    1    5    1    5    0    7    1    7    1 0.0094004791 0.0279299736 
    3    0    3    1    5    1    5    1    7    0    7    0 0.0000000000 0.0000000000 
    3    0    3    1    5    1    5    1    7    0    7    1 0.0161501689 -0.0038879953 
    3    0    3    1    5    1    5    1    7    1    7    0 -0.0161501689 -0.0038879953 
    3    0    3    1    5    1    5    1    7    1    7    1 0.0000000000 -0.0000000000 
    3    1    3    0    5    0    5    0    7    0    7    0 0.0000000000 -0.0000000000 
    3    1    3    0    5    0    5    0    7    0    7    1 -0.0161501689 -0.0038879953 
    3    1    3    0    5    0    5    0    7    1    7    0 0.0161501689 -0.0038879953 
    3    1    3    0    5    0    5    0    7    1    7    1 0.0000000000 0.0000000000 
    3    1    3    0    5    0    5    1    7    0    7    0 0.0094004791 0.0279299736 
    3    1    3    0    5    0    5    1    7    0    7    1 0.0000000000 -0.0000000000 
    3    1    3    0    5    0    5    1    7    1    7    0 0.0000000000 -0.0000000000 
    3    1    3    0    5    0    5    1    7    1    7    1 0.0094004791 -0.0279299736 
    3    1    3    0    5    1    5    0    7    0    7    0 0.0094004791 -0.0279299736 
    3    1    3    0    5    1    5    0    7    0    7    1 0.0000000000 -0.0000000000 
    3    1    3    0    5    1    5    0    7    1    7    0 0.0000000000 0.0000000000 
    3    1    3    0    5    1    5    0    7    1    7    1 0.0094004791 0.0279299736 
    3    1    3    0    5    1    5    1    7    0    7    0 0.0000000000 -0.0000000000 
    3    1    3    0    5    1    5    1    7    0    7    1 -0.0161501689 0.0038879953 
    3    1    3    0    5    1    5    1    7    1    7    0 0.0161501689 0.0038879953 
    3    1    3    0    5    1    5    1    7    1    7    1 0.0000000000 0.0000000000 
    3    1    3    1    5    0    5    0    7    0    7    0 0.1196778894 0.0000000000 
    3    1    3    1    5    0    5    0    7    0    7    1 -0.0000000000 -0.0000000000 
    3    1    3    1    5    0    5    0    7    1    7    0 -0.0000000000 0.0000000000 
    3    1    3    1    5    0    5    0    7    1    7    1 0.1303221106 0.0000000000 
    3    1    3    1    5    0    5    1    7    0    7    0 -0.0000000000 0.0000000000 
    3    1    3    1    5    0    5    1    7    0    7    1 0.0000000000 0.0031464401 
    3    1    3    1    5    0    5    1    7    1    7    0 -0.0000000000 -0.0031464401 
    3    1    3    1    5    0    5    1    7    1    7    1 0.0000000000 -0.0000000000 
    3    1    3    1    5    1    5    0    7    0    7    0 -0.0000000000 -0.0000000000 
    3    1    3    1    5    1    5    0    7    0    7    1 -0.0000000000 0.0031464401 
    3    1    3    1    5    1    5    0    7    1    7    0 0.0000000000 -0.0031464401 
    3    1    3    1    5    1    5    0    7    1    7    1 0.0000000000 0.0000000000 
    3    1    3    1    5    1    5    1    7    0    7    0 0.1303221106 0.0000000000 
    3    1    3    1    5    1    5    1    7    0    7    1 -0.0000000000 0.0000000000 
    3    1    3    1    5    1    5    1    7    1    7    0 -0.0000000000 -0.0000000000 
    3    1    3    1    5    1    5    1    7    1    7    1 0.1196778894 0.0000000000 
    3    0    3    0    6    0    6    0    7    0    7    0 0.0448477801 0.0000000000 
    3    0    3    0    6    0    6    0    7    0    7    1 -0.0000000000 -0.0000000000 
    3    0    3    0    6    0    6    0    7    1    7    0 -0.0000000000 0.0000000000 
    3    0    3    0    6    0    6    0    7    1    7    1 0.0448477801 0.0000000000 
    3    0    3    0    6    0    6    1    7    0    7    0 0.0000000000 0.0000000000 
    3    0    3    0    6    0    6    1    7    0    7    1 -0.0655128393 -0.0000000000 
    3    0    3    0    6    0    6    1    7    1    7    0 -0.0655128393 -0.0000000000 
    3    0    3    0    6    0    6    1    7    1    7    1 0.0000000000 0.0000000000 
    3    0    3    0    6    1    6    0    7    0    7    0 0.0000000000 -0.0000000000 
    3    0    3    0    6    1    6    0    7    0    7    1 -0.0655128393 0.0000000000 
    3    0    3    0    6    1    6    0    7    1    7    0 -0.0655128393 0.0000000000 
    3    0    3    0    6    1    6    0    7    1    7    1 0.0000000000 -0.0000000000 
    3    0    3    0    6    1    6    1    7    0    7    0 0.2051522199 0.0000000000 
    3    0    3    0    6    1    6    1    7    0    7    1 -0.0000000000 -0.0000000000 
    3    0    3    0    6    1    6    1    7    1    7    0 -0.0000000000 0.0000000000 
    3    0    3    0    6    1    6    1    7    1    7    1 0.2051522199 0.0000000000 
    3    0    3    1    6    0    6    0    7    0    7    0 -0.0000000000 0.0000000000 
    3    0    3    1    6    0    6    0    7    0    7    1 0.0161501689 0.0591566334 
    3    0    3    1    6    0    6    0    7    1    7    0 -0.0161501689 -0.0591566334 
    3    0    3    1    6    0    6    0    7    1    7    1 0.0000000000 -0.0000000000 
    3    0    3    1    6    0    6    1    7    0    7    0 0.0000000000 -0.0225958233 
    3    0    3    1    6    0    6    1    7    0    7    1 0.0000000000 0.0000000000 
    3    0    3    1    6    0    6    1    7    1    7    0 -0.0000000000 -0.0000000000 
    3    0    3    1    6    0    6    1    7    1    7    1 -0.0000000000 0.0225958233 
    3    0    3    1    6    1    6    0    7    0    7    0 0.0000000000 0.1409090902 
    3    0    3    1    6    1    6    0    7    0    7    1 -0.0000000000 -0.0000000000 
    3    0    3    1    6    1    6    0    7    1    7    0 -0.0000000000 0.0000000000 
    3    0    3    1    6    1    6    0    7    1    7    1 0.0000000000 -0.1409090902 
    3    0    3    1    6    1    6    1    7    0    7    0 0.0000000000 0.0000000000 
    3    0    3    1    6    1    6    1    7    0    7    1 0.0161501689 -0.0591566334 
    3    0    3    1    6    1    6    1    7    1    7    0 -0.0161501689 0.0591566334 
    3    0    3    1    6    1    6    1    7    1    7    1 0.0000000000 -0.0000000000 
    3    1    3    0    6    0    6    0    7    0    7    0 -0.0000000000 -0.0000000000 
    3    1    3    0    6    0    6    0    7    0    7    1 -0.0161501689 0.0591566334 
    3    1    3    0    6    0    6    0    7    1    7    0 0.0161501689 -0.0591566334 
    3    1    3    0    6    0    6    0    7    1    7    1 0.0000000000 0.0000000000 
    3    1    3    0    6    0    6    1    7    0    7    0 0.0000000000 -0.1409090902 
    3    1    3    0    6    0    6    1    7    0    7    1 -0.0000000000 -0.0000000000 
    3    1    3    0    6    0    6    1    7    1    7    0 -0.0000000000 0.0000000000 
    3    1    3    0    6    0    6    1    7    1    7    1 0.0000000000 0.1409090902 
    3    1    3    0    6    1    6    0    7    0    7    0 0.0000000000 0.0225958233 
    3    1    3    0    6    1    6    0    7    0    7    1 -0.0000000000 0.0000000000 
    3    1    3    0    6    1    6    0    7    1    7    0 0.0000000000 -0.0000000000 
    3    1    3    0    6    1    6    0    7    1    7    1 -0.0000000000 -0.0225958233 
    3    1    3    0    6    1    6    1    7    0    7    0 0.0000000000 -0.0000000000 
    3    1    3    0    6    1    6    1    7    0    7    1 -0.0161501689 -0.0591566334 
    3    1    3    0    6    1    6    1    7    1    7    0 0.0161501689 0.0591566334 
    3    1    3    0    6    1    6    1    7    1    7    1 0.0000000000 0.0000000000 
    3    1    3    1    6    0    6    0    7    0    7    0 0.2051522199 0.0000000000 
    3    1    3    1    6    0    6    0    7    0    7    1 -0.0000000000 0.0000000000 
    3    1    3    1    6    0    6    0    7    1    7    0 -0.0000000000 -0.0000000000 
    3    1    3    1    6    0    6    0    7    1    7    1 0.2051522199 0.0000000000 
    3    1    3    1    6    0    6    1    7    0    7    0 0.0000000000 -0.0000000000 
    3    1    3    1    6    0    6    1    7    0    7    1 -0.0655128393 -0.0000000000 
    3    1    3    1    6    0    6    1    7    1    7    0 -0.0655128393 -0.0000000000 
    3    1    3    1    6    0    6    1    7    1    7    1 0.0000000000 0.0000000000 
    3    1    3    1    6    1    6    0    7    0    7    0 0.0000000000 0.0000000000 
    3    1    3    1    6    1    6    0    7    0    7    1 -0.0655128393 0.0000000000 
    3    1    3    1    6    1    6    0    7    1    7    0 -0.0655128393 0.0000000000 
    3    1    3    1    6    1    6    0    7    1    7    1 0.0000000000 -0.0000000000 
    3    1    3    1    6    1    6    1    7    0    7    0 0.0448477801 0.0000000000 
    3    1    3    1    6    1    6    1    7    0    7    1 -0.0000000000 -0.0000000000 
    3    1    3    1    6    1    6    1    7    1    7    0 -0.0000000000 0.0000000000 
    3    1    3    1    6    1    6    1    7    1    7    1 0.0448477801 0.0000000000 
    4    0    4    0    5    0    5    0    6    0    6    0 0.1196778894 0.0000000000 
    4    0    4    0    5    0    5    0    6    0    6    1 0.0000000000 0.0000000000 
    4    0    4    0    5    0    5    0    6    1    6    0 0.0000000000 -0.0000000000 
    4    0    4    0    5    0    5    0    6    1    6    1 0.1303221106 0.0000000000 
    4    0    4    0    5    0    5    1    6    0    6    0 0.0000000000 -0.0000000000 
    4    0    4    0    5    0    5    1    6    0    6    1 0.0565891895 -0.0066642671 
    4    0    4    0    5    0    5    1    6    1    6    0 -0.0565891895 -0.0066642671 
    4    0    4    0    5    0    5    1    6    1    6    1 0.0000000000 -0.0000000000 
    4    0    4    0    5    1    5    0    6    0    6    0 0.0000000000 0.0000000000 
    4    0    4    0    5    1    5    0    6    0    6    1 -0.0565891895 0.0066642671 
    4    0    4    0    5    1    5    0    6    1    6    0 0.0565891895 0.0066642671 
    4    0    4    0    5    1    5    0    6    1    6    1 0.0000000000 0.0000000000 
    4    0    4    0    5    1    5    1    6    0    6    0 0.1196778894 0.0000000000 
    4    0    4    0    5    1    5    1    6    0    6    1 -0.0000000000 0.0000000000 
    4    0    4    0    5    1    5    1    6    1    6    0 -0.0000000000 -0.0000000000 
    4    0    4    0    5    1    5    1    6    1    6    1 0.1303221106 0.0000000000 
    4    0    4    1    5    0    5    0    6    0    6    0 -0.0000000000 0.0000000000 
    4    0    4    1    5    0    5    0    6    0    6    1 0.0000000000 0.0092097907 
    4    0    4    1    5    0    5    0    6    1    6    0 -0.0000000000 0.0092097907 
    4    0    4    1    5    0    5    0    6    1    6    1 -0.0000000000 0.0000000000 
    4    0    4    1    5    0    5    1    6    0    6    0 -0.0655128393 -0.0066642671 
    4    0    4    1    5    0    5    1    6    0    6    1 -0.0000000000 0.0000000000 
    4    0    4    1    5    0    5    1    6    1    6    0 0.0000000000 -0.0000000000 
    4    0    4    1    5    0    5    1    6    1    6    1 -0.0655128393 0.0066642671 
    4    0    4    1    5    1    5    0    6    0    6    0 -0.0655128393 -0.0066642671 
    4    0    4    1    5    1    5    0    6    0    6    1 -0.0000000000 -0.0000000000 
    4    0    4    1    5    1    5    0    6    1    6    0 -0.0000000000 0.0000000000 
    4    0    4    1    5    1    5    0    6    1    6    1 -0.0655128393 0.0066642671 
    4    0    4    1    5    1    5    1    6    0    6    0 -0.0000000000 -0.0000000000 
    4    0    4    1    5    1    5    1    6    0    6    1 -0.0000000000 -0.0092097907 
    4    0    4    1    5    1    5    1    6    1    6    0 0.0000000000 -0.0092097907 
    4    0    4    1    5    1    5    1    6    1    6    1 -0.0000000000 0.0000000000 
    4    1    4    0    5    0    5    0    6    0    6    0 -0.0000000000 -0.0000000000 
    4    1    4    0    5    0    5    0    6    0    6    1 -0.0000000000 -0.0092097907 
    4    1    4    0    5    0    5    0    6    1    6    0 0.0000000000 -0.0092097907 
    4    1    4    0    5    0    5    0    6    1    6    1 -0.0000000000 -0.0000000000 
    4    1    4    0    5    0    5    1    6    0    6    0 -0.0655128393 0.0066642671 
    4    1    4    0    5    0    5    1    6    0    6    1 -0.0000000000 -0.0000000000 
    4    1    4    0    5    0    5    1    6    1    6    0 -0.0000000000 0.0000000000 
    4    1    4    0    5    0    5    1    6    1    6    1 -0.0655128393 -0.0066642671 
    4    1    4    0    5    1    5    0    6    0    6    0 -0.0655128393 0.0066642671 
    4    1    4    0    5    1    5    0    6    0    6    1 0.0000000000 0.0000000000 
    4    1    4    0    5    1    5    0    6    1    6    0 -0.0000000000 -0.0000000000 
    4    1    4    0    5    1    5    0    6    1    6    1 -0.0655128393 -0.0066642671 
    4    1    4    0    5    1    5    1    6    0    6    0 -0.0000000000 0.0000000000 
    4    1    4    0    5    1    5    1    6    0    6    1 0.0000000000 0.0092097907 
    4    1    4    0    5    1    5    1    6    1    6    0 -0.0000000000 0.0092097907 
    4    1    4    0    5    1    5    1    6    1    6    1 -0.0000000000 -0.0000000000 
    4    1    4    1    5    0    5    0    6    0    6    0 0.1303221106 0.0000000000 
    4    1    4    1    5    0    5    0    6    0    6    1 0.0000000000 0.0000000000 
    4    1    4    1    5    0    5    0    6    1    6    0 0.0000000000 -0.0000000000 
    4    1    4    1    5    0    5    0    6    1    6    1 0.1196778894 0.0000000000 
    4    1    4    1    5    0    5    1    6    0    6    0 0.0000000000 0.0000000000 
    4    1    4    1    5    0    5    1    6    0    6    1 0.0565891895 0.0066642671 
    4    1    4    1    5    0    5    1    6    1    6    0 -0.0565891895 0.0066642671 
    4    1    4    1    5    0    5    1    6    1    6    1 0.0000000000 0.0000000000 
    4    1    4    1    5    1    5    0    6    0    6    0 0.0000000000 -0.0000000000 
    4    1    4    1    5    1    5    0    6    0    6    1 -0.0565891895 -0.0066642671 
    4    1    4    1    5    1    5    0    6    1    6    0 0.0565891895 -0.0066642671 
    4    1    4    1    5    1    5    0    6    1    6    1 0.0000000000 -0.0000000000 
    4    1    4    1    5    1    5    1    6    0    6    0 0.1303221106 0.0000000000 
    4    1    4    1    5    1    5    1    6    0    6    1 -0.0000000000 -0.0000000000 
    4    1    4    1    5    1    5    1    6    1    6    0 -0.0000000000 0.0000000000 
    4    1    4    1    5    1    5    1    6    1    6    1 0.1196778894 0.0000000000 
    4    0    4    0    5    0    5    0    7    0    7    0 0.1196778894 0.0000000000 
    4    0    4    0    5    0    5    0    7    0    7    1 -0.0000000000 -0.0000000000 
    4    0    4    0    5    0    5    0    7    1    7    0 -0.0000000000 0.0000000000 
    4    0    4    0    5    0    5    0    7    1    7    1 0.1303221106 0.0000000000 
    4    0    4    0    5    0    5    1    7    0    7    0 0.0000000000 -0.0000000000 
    4    0    4    0    5    0    5    1    7    0    7    1 -0.0000000000 0.0092097907 
    4    0    4    0    5    0    5    1    7    1    7    0 -0.0000000000 0.0092097907 
    4    0    4    0    5    0    5    1    7    1    7    1 0.0000000000 -0.0000000000 
    4    0    4    0    5    1    5    0    7    0    7    0 0.0000000000 0.0000000000 
    4    0    4    0    5    1    5    0    7    0    7    1 -0.0000000000 -0.0092097907 
    4    0    4    0    5    1    5    0    7    1    7    0 -0.0000000000 -0.0092097907 
    4    0    4    0    5    1    5    0    7    1    7    1 0.0000000000 0.0000000000 
    4    0    4    0    5    1    5    1    7    0    7    0 0.1303221106 0.0000000000 
    4    0    4    0    5    1    5    1    7    0    7    1 -0.0000000000 -0.0000000000 
    4    0    4    0    5    1    5    1    7    1    7    0 -0.0000000000 0.0000000000 
    4    0    4    0    5    1    5    1    7    1    7    1 0.1196778894 0.0000000000 
    4    0    4    1    5    0    5    0    7    0    7    0 0.0000000000 0.0000000000 
    4    0    4    1    5    0    5    0    7    0    7    1 0.0565891895 -0.0066642671 
    4    0    4    1    5    0    5    0    7    1    7    0 -0.0565891895 -0.0066642671 
    4    0    4    1    5    0    5    0    7    1    7    1 -0.0000000000 0.0000000000 
    4    0    4    1    5    0    5    1    7    0    7    0 -0.0655128393 -0.0066642671 
    4    0    4    1    5    0    5    1    7    0    7    1 0.0000000000 0.0000000000 
    4    0    4    1    5    0    5    1    7    1    7    0 -0.0000000000 0.0000000000 
    4    0    4    1    5    0    5    1    7    1    7    1 -0.0655128393 0.0066642671 
    4    0    4    1    5    1    5    0    7    0    7    0 -0.0655128393 0.0066642671 
    4    0    4    1    5    1    5    0    7    0    7    1 0.0000000000 0.0000000000 
    4    0    4    1    5    1    5    0    7    1    7    0 0.0000000000 -0.0000000000 
    4    0    4    1    5    1    5    0    7    1    7    1 -0.0655128393 -0.0066642671 
    4    0    4    1    5    1    5    1    7    0    7    0 -0.0000000000 0.0000000000 
    4    0    4    1    5    1    5    1    7    0    7    1 0.0565891895 0.0066642671 
    4    0    4    1    5    1    5    1    7    1    7    0 -0.0565891895 0.0066642671 
    4    0    4    1    5    1    5    1    7    1    7    1 -0.0000000000 -0.0000000000 
    4    1    4    0    5    0    5    0    7    0    7    0 0.0000000000 -0.0000000000 
    4    1    4    0    5    0    5    0    7    0    7    1 -0.0565891895 0.0066642671 
    4    1    4    0    5    0    5    0    7    1    7    0 0.0565891895 0.0066642671 
    4    1    4    0    5    0    5    0    7    1    7    1 -0.0000000000 -0.0000000000 
    4    1    4    0    5    0    5    1    7    0    7    0 -0.0655128393 -0.0066642671 
    4    1    4    0    5    0    5    1    7    0    7    1 0.0000000000 0.0000000000 
    4    1    4    0    5    0    5    1    7    1    7    0 0.0000000000 -0.0000000000 
    4    1    4    0    5    0    5    1    7    1    7    1 -0.0655128393 0.0066642671 
    4    1    4    0    5    1    5    0    7    0    7    0 -0.0655128393 0.0066642671 
    4    1    4    0    5    1    5    0    7    0    7    1 -0.0000000000 -0.0000000000 
    4    1    4    0    5    1    5    0    7    1    7    0 0.0000000000 -0.0000000000 
    4    1    4    0    5    1    5    0    7    1    7    1 -0.0655128393 -0.0066642671 
    4    1    4    0    5    1    5    1    7    0    7    0 -0.0000000000 -0.0000000000 
    4    1    4    0    5    1    5    1    7    0    7    1 -0.0565891895 -0.0066642671 
    4    1    4    0    5    1    5    1    7    1    7    0 0.0565891895 -0.0066642671 
    4    1    4    0    5    1    5    1    7    1    7    1 -0.0000000000 0.0000000000 
    4    1    4    1    5    0    5    0    7    0    7    0 0.1196778894 0.0000000000 
    4    1    4    1    5    0    5    0    7    0    7    1 -0.0000000000 -0.0000000000 
    4    1    4    1    5    0    5    0    7    1    7    0 -0.0000000000 0.0000000000 
    4    1    4    1    5    0    5    0    7    1    7    1 0.1303221106 0.0000000000 
    4    1    4    1    5    0    5    1    7    0    7    0 0.0000000000 0.0000000000 
    4    1    4    1    5    0    5    1    7    0    7    1 0.0000000000 -0.0092097907 
    4    1    4    1    5    0    5    1    7    1    7    0 -0.0000000000 -0.0092097907 
    4    1    4    1    5    0    5    1    7    1    7    1 0.0000000000 0.0000000000 
    4    1    4    1    5    1    5    0    7    0    7    0 0.0000000000 -0.0000000000 
    4    1    4    1    5    1    5    0    7    0    7    1 -0.0000000000 0.0092097907 
    4    1    4    1    5    1    5    0    7    1    7    0 0.0000000000 0.0092097907 
    4    1    4    1    5    1    5    0    7    1    7    1 0.0000000000 -0.0000000000 
    4    1    4    1    5    1    5    1    7    0    7    0 0.1303221106 0.0000000000 
    4    1    4    1    5    1    5    1    7    0    7    1 0.0000000000 0.0000000000 
    4    1    4    1    5    1    5    1    7    1    7    0 0.0000000000 -0.0000000000 
    4    1    4    1    5    1    5    1    7    1    7    1 0.1196778894 0.0000000000 
    4    0    4    0    6    0    6    0    7    0    7    0 0.1196778894 0.0000000000 
    4    0    4    0    6    0    6    0    7    0    7    1 -0.0000000000 0.0000000000 
    4    0    4    0    6    0    6    0    7    1    7    0 -0.0000000000 -0.0000000000 
    4    0    4    0    6    0    6    0    7    1    7    1 0.1196778894 0.0000000000 
    4    0    4    0    6    0    6    1    7    0    7    0 0.0000000000 -0.0000000000 
    4    0    4    0    6    0    6    1    7    0    7    1 -0.0655128393 -0.0066642671 
    4    0    4    0    6    0    6    1    7    1    7    0 -0.0655128393 -0.0066642671 
    4    0    4    0    6    0    6    1    7    1    7    1 0.0000000000 0.0000000000 
    4    0    4    0    6    1    6    0    7    0    7    0 0.0000000000 0.0000000000 
    4    0    4    0    6    1    6    0    7    0    7    1 -0.0655128393 0.0066642671 
    4    0    4    0    6    1    6    0    7    1    7    0 -0.0655128393 0.0066642671 
    4    0    4    0    6    1    6    0    7    1    7    1 0.0000000000 -0.0000000000 
    4    0    4    0    6    1    6    1    7    0    7    0 0.1303221106 0.0000000000 
    4    0    4    0    6    1    6    1    7    0    7    1 -0.0000000000 -0.0000000000 
    4    0    4    0    6    1    6    1    7    1    7    0 -0.0000000000 0.0000000000 
    4    0    4    0    6    1    6    1    7    1    7    1 0.1303221106 0.0000000000 
    4    0    4    1    6    0    6    0    7    0    7    0 0.0000000000 0.0000000000 
    4    0    4    1    6    0    6    0    7    0    7    1 0.0565891895 -0.0066642671 
    4    0    4    1    6    0    6    0    7    1    7    0 -0.0565891895 0.0066642671 
    4    0    4    1    6    0    6    0    7    1    7    1 -0.0000000000 0.0000000000 
    4    0    4    1    6    0    6    1    7    0    7    0 -0.0000000000 0.0092097907 
    4    0    4    1    6    0    6    1    7    0    7    1 0.0000000000 -0.0000000000 
    4    0    4    1    6    0    6    1    7    1    7    0 0.0000000000 -0.0000000000 
    4    0    4    1    6    0    6    1    7    1    7    1 0.0000000000 -0.0092097907 
    4    0    4    1    6    1    6    0    7    0    7    0 -0.0000000000 -0.0092097907 
    4    0    4    1    6    1    6    0    7    0    7    1 0.0000000000 -0.0000000000 
    4    0    4    1    6    1    6    0    7    1    7    0 0.0000000000 0.0000000000 
    4    0    4    1    6    1    6    0    7    1    7    1 0.0000000000 0.0092097907 
    4    0    4    1    6    1    6    1    7    0    7    0 -0.0000000000 0.0000000000 
    4    0    4    1    6    1    6    1    7    0    7    1 0.0565891895 0.0066642671 
    4    0    4    1    6    1    6    1    7    1    7    0 -0.0565891895 -0.0066642671 
    4    0    4    1    6    1    6    1    7    1    7    1 -0.0000000000 0.0000000000 
    4    1    4    0    6    0    6    0    7    0    7    0 0.0000000000 -0.0000000000 
    4    1    4    0    6    0    6    0    7    0    7    1 -0.0565891895 -0.0066642671 
    4    1    4    0    6    0    6    0    7    1    7    0 0.0565891895 0.0066642671 
    4    1    4    0    6    0    6    0    7    1    7    1 -0.0000000000 -0.0000000000 
    4    1    4    0    6    0    6    1    7    0    7    0 -0.0000000000 0.0092097907 
    4    1    4    0    6    0    6    1    7    0    7    1 0.0000000000 -0.0000000000 
    4    1    4    0    6    0    6    1    7    1    7    0 0.0000000000 0.0000000000 
    4    1    4    0    6    0    6    1    7    1    7    1 0.0000000000 -0.0092097907 
    4    1    4    0    6    1    6    0    7    0    7    0 -0.0000000000 -0.0092097907 
    4    1    4    0    6    1    6    0    7    0    7    1 0.0000000000 0.0000000000 
    4    1    4    0    6    1    6    0    7    1    7    0 0.0000000000 0.0000000000 
    4    1    4    0    6    1    6    0    7    1    7    1 0.0000000000 0.0092097907 
    4    1    4    0    6    1    6    1    7    0    7    0 -0.0000000000 -0.0000000000 
    4    1    4    0    6    1    6    1    7    0    7    1 -0.0565891895 0.0066642671 
    4    1    4    0    6    1    6    1    7    1    7    0 0.0565891895 -0.0066642671 
    4    1    4    0    6    1    6    1    7    1    7    1 -0.0000000000 -0.0000000000 
    4    1    4    1    6    0    6    0    7    0    7    0 0.1303221106 0.0000000000 
    4    1    4    1    6    0    6    0    7    0    7    1 0.0000000000 -0.0000000000 
    4    1    4    1    6    0    6    0    7    1    7    0 0.0000000000 0.0000000000 
    4    1    4    1    6    0    6    0    7    1    7    1 0.1303221106 0.0000000000 
    4    1    4    1    6    0    6    1    7    0    7    0 0.0000000000 -0.0000000000 
    4    1    4    1    6    0    6    1    7    0    7    1 -0.0655128393 0.0066642671 
    4    1    4    1    6    0    6    1    7    1    7    0 -0.0655128393 0.0066642671 
    4    1    4    1    6    0    6    1    7    1    7    1 0.0000000000 0.0000000000 
    4    1    4    1    6    1    6    0    7    0    7    0 0.0000000000 0.0000000000 
    4    1    4    1    6    1    6    0    7    0    7    1 -0.0655128393 -0.0066642671 
    4    1    4    1    6    1    6    0    7    1    7    0 -0.0655128393 -0.0066642671 
    4    1    4    1    6    1    6    0    7    1    7    1 0.0000000000 -0.0000000000 
    4    1    4    1    6    1    6    1    7    0    7    0 0.1196778894 0.0000000000 
    4    1    4    1    6    1    6    1    7    0    7    1 0.0000000000 -0.0000000000 
    4    1    4    1    6    1    6    1    7    1    7    0 0.0000000000 0.0000000000 
    4    1    4    1    6    1    6    1    7    1    7    1 0.1196778894 0.0000000000 
    5    0    5    0    6    0    6    0    7    0    7    0 0.1196778894 0.0000000000 
    5    0    5    0    6    0    6    0    7    0    7    1 -0.0000000000 -0.0000000000 
    5    0    5    0    6    0    6    0    7    1    7    0 -0.0000000000 0.0000000000 
    5    0    5    0    6    0    6    0    7    1    7    1 0.1303221106 0.0000000000 
    5    0    5    0    6    0    6    1    7    0    7    0 0.0000000000 -0.0000000000 
    5    0    5    0    6    0    6    1    7    0    7    1 -0.0655128393 -0.0066642671 
    5    0    5    0    6    0    6    1    7    1    7    0 -0.0655128393 0.0066642671 
    5    0    5    0    6    0    6    1    7    1    7    1 0.0000000000 0.0000000000 
    5    0    5    0    6    1    6    0    7    0    7    0 0.0000000000 0.0000000000 
    5    0    5    0    6    1    6    0    7    0    7    1 -0.0655128393 -0.0066642671 
    5    0    5    0    6    1    6    0    7    1    7    0 -0.0655128393 0.0066642671 
    5    0    5    0    6    1    6    0    7    1    7    1 0.0000000000 -0.0000000000 
    5    0    5    0    6    1    6    1    7    0    7    0 0.1196778894 0.0000000000 
    5    0    5    0    6    1    6    1    7    0    7    1 -0.0000000000 -0.0000000000 
    5    0    5    0    6    1    6    1    7    1    7    0 -0.0000000000 0.0000000000 
    5    0    5    0    6    1    6    1    7    1    7    1 0.1303221106 0.0000000000 
    5    0    5    1    6    0    6    0    7    0    7    0 -0.0000000000 0.0000000000 
    5    0    5    1    6    0    6    0    7    0    7    1 0.0000000000 0.0092097907 
    5    0    5    1    6    0    6    0    7    1    7    0 -0.0000000000 -0.0092097907 
    5    0    5    1    6    0    6    0    7    1    7    1 0.0000000000 -0.0000000000 
    5    0    5    1    6    0    6    1    7    0    7    0 0.0565891895 -0.0066642671 
    5    0    5    1    6    0    6    1    7    0    7    1 -0.0000000000 -0.0000000000 
    5    0    5    1    6    0    6    1    7    1    7    0 -0.0000000000 0.0000000000 
    5    0    5    1    6    0    6    1    7    1    7    1 0.0565891895 0.0066642671 
    5    0    5    1    6    1    6    0    7    0    7    0 -0.0565891895 0.0066642671 
    5    0    5    1    6    1    6    0    7    0    7    1 -0.0000000000 0.0000000000 
    5    0    5    1    6    1    6    0    7    1    7    0 -0.0000000000 -0.0000000000 
    5    0    5    1    6    1    6    0    7    1    7    1 -0.0565891895 -0.0066642671 
    5    0    5    1    6    1    6    1    7    0    7    0 0.0000000000 -0.0000000000 
    5    0    5    1    6    1    6    1    7    0    7    1 -0.0000000000 -0.0092097907 
    5    0    5    1    6    1    6    1    7    1    7    0 -0.0000000000 0.0092097907 
    5    0    5    1    6    1    6    1    7    1    7    1 0.0000000000 -0.0000000000 
    5    1    5    0    6    0    6    0    7    0    7    0 -0.0000000000 -0.0000000000 
    5    1    5    0    6    0    6    0    7    0    7    1 -0.0000000000 0.0092097907 
    5    1    5    0    6    0    6    0    7    1    7    0 0.0000000000 -0.0092097907 
    5    1    5    0    6    0    6    0    7    1    7    1 0.0000000000 0.0000000000 
    5    1    5    0    6    0    6    1    7    0    7    0 -0.0565891895 -0.0066642671 
    5    1    5    0    6    0    6    1    7    0    7    1 -0.0000000000 0.0000000000 
    5    1    5    0    6    0    6    1    7    1    7    0 -0.0000000000 -0.0000000000 
    5    1    5    0    6    0    6    1    7    1    7    1 -0.0565891895 0.0066642671 
    5    1    5    0    6    1    6    0    7    0    7    0 0.0565891895 0.0066642671 
    5    1    5    0    6    1    6    0    7    0    7    1 -0.0000000000 -0.0000000000 
    5    1    5    0    6    1    6    0    7    1    7    0 -0.0000000000 0.0000000000 
    5    1    5    0    6    1    6    0    7    1    7    1 0.0565891895 -0.0066642671 
    5    1    5    0    6    1    6    1    7    0    7    0 0.0000000000 0.0000000000 
    5    1    5    0    6    1    6    1    7    0    7    1 -0.0000000000 -0.0092097907 
    5    1    5    0    6    1    6    1    7    1    7    0 -0.0000000000 0.0092097907 
    5    1    5    0    6    1    6    1    7    1    7    1 0.0000000000 0.0000000000 
    5    1    5    1    6    0    6    0    7    0    7    0 0.1303221106 0.0000000000 
    5    1    5    1    6    0    6    0    7    0    7    1 0.0000000000 0.0000000000 
    5    1    5    1    6    0    6    0    7    1    7    0 0.0000000000 -0.0000000000 
    5    1    5    1    6    0    6    0    7    1    7    1 0.1196778894 0.0000000000 
    5    1    5    1    6    0    6    1    7    0    7    0 -0.0000000000 -0.0000000000 
    5    1    5    1    6    0    6    1    7    0    7    1 -0.0655128393 0.0066642671 
    5    1    5    1    6    0    6    1    7    1    7    0 -0.0655128393 -0.0066642671 
    5    1    5    1    6    0    6    1    7    1    7    1 -0.0000000000 0.0000000000 
    5    1    5    1    6    1    6    0    7    0    7    0 -0.0000000000 0.0000000000 
    5    1    5    1    6    1    6    0    7    0    7    1 -0.0655128393 0.0066642671 
    5    1    5    1    6    1    6    0    7    1    7    0 -0.0655128393 -0.0066642671 
    5    1    5    1    6    1    6    0    7    1    7    1 -0.0000000000 -0.0000000000 
    5    1    5    1    6    1    6    1    7    0    7    0 0.1303221106 0.0000000000 
    5    1    5    1    6    1    6    1    7    0    7    1 -0.0000000000 -0.0000000000 
    5    1    5    1    6    1    6    1    7    1    7    0 -0.0000000000 0.0000000000 
    5    1    5    1    6    1    6    1    7    1    7    1 0.1196778894 0.0000000000 
