    0    0    0    0    1    0    1    0    2    0    2    0 0.1191420938 0.0000000000 
    0    0    0    0    1    0    1    0    2    0    2    1 0.0064999441 0.0082986259 
    0    0    0    0    1    0    1    0    2    1    2    0 0.0064999441 -0.0082986259 
    0    0    0    0    1    0    1    0    2    1    2    1 0.1347623463 0.0000000000 
    0    0    0    0    1    0    1    1    2    0    2    0 0.0017015228 0.0052662451 
    0    0    0    0    1    0    1    1    2    0    2    1 0.0763967376 -0.0008283155 
    0    0    0    0    1    0    1    1    2    1    2    0 -0.0485231256 -0.0040878166 
    0    0    0    0    1    0    1    1    2    1    2    1 -0.0071524397 0.0075751003 
    0    0    0    0    1    1    1    0    2    0    2    0 0.0017015228 -0.0052662451 
    0    0    0    0    1    1    1    0    2    0    2    1 -0.0485231256 0.0040878166 
    0    0    0    0    1    1    1    0    2    1    2    0 0.0763967376 0.0008283155 
    0    0    0    0    1    1    1    0    2    1    2    1 -0.0071524397 -0.0075751003 
    0    0    0    0    1    1    1    1    2    0    2    0 0.0642788570 0.0000000000 
    0    0    0    0    1    1    1    1    2    0    2    1 -0.0118431148 -0.0070542545 
    0    0    0    0    1    1    1    1    2    1    2    0 -0.0118431148 0.0070542545 
    0    0    0    0    1    1    1    1    2    1    2    1 0.1686164155 0.0000000000 
    0    0    0    1    1    0    1    0    2    0    2    0 -0.0094261715 -0.0213168603 
    0    0    0    1    1    0    1    0    2    0    2    1 -0.0332013589 -0.0031167100 
    0    0    0    1    1    0    1    0    2    1    2    0 0.0347945125 -0.0110981593 
    0    0    0    1    1    0    1    0    2    1    2    1 0.0148299115 0.0435039992 
    0    0    0    1    1    0    1    1    2    0    2    0 -0.0166176763 0.0098247928 
    0    0    0    1    1    0    1    1    2    0    2    1 0.0006473079 0.0044431056 
    0    0    0    1    1    0    1    1    2    1    2    0 -0.0008370773 -0.0048211896 
    0    0    0    1    1    0    1    1    2    1    2    1 -0.0205281445 -0.0039917239 
    0    0    0    1    1    1    1    0    2    0    2    0 -0.0433125172 0.0080307729 
    0    0    0    1    1    1    1    0    2    0    2    1 0.0113678203 -0.0073694509 
    0    0    0    1    1    1    1    0    2    1    2    0 0.0105955720 0.0046978794 
    0    0    0    1    1    1    1    0    2    1    2    1 -0.1146026949 0.0105713706 
    0    0    0    1    1    1    1    1    2    0    2    0 0.0055518054 0.0012936512 
    0    0    0    1    1    1    1    1    2    0    2    1 -0.0083928822 -0.0019287508 
    0    0    0    1    1    1    1    1    2    1    2    0 0.0260047569 -0.0099102005 
    0    0    0    1    1    1    1    1    2    1    2    1 -0.0083702292 0.0655204798 
    0    1    0    0    1    0    1    0    2    0    2    0 -0.0094261715 0.0213168603 
    0    1    0    0    1    0    1    0    2    0    2    1 0.0347945125 0.0110981593 
    0    1    0    0    1    0    1    0    2    1    2    0 -0.0332013589 0.0031167100 
    0    1    0    0    1    0    1    0    2    1    2    1 0.0148299115 -0.0435039992 
    0    1    0    0    1    0    1    1    2    0    2    0 -0.0433125172 -0.0080307729 
    0    1    0    0    1    0    1    1    2    0    2    1 0.0105955720 -0.0046978794 
    0    1    0    0    1    0    1    1    2    1    2    0 0.0113678203 0.0073694509 
    0    1    0    0    1    0    1    1    2    1    2    1 -0.1146026949 -0.0105713706 
    0    1    0    0    1    1    1    0    2    0    2    0 -0.0166176763 -0.0098247928 
    0    1    0    0    1    1    1    0    2    0    2    1 -0.0008370773 0.0048211896 
    0    1    0    0    1    1    1    0    2    1    2    0 0.0006473079 -0.0044431056 
    0    1    0    0    1    1    1    0    2    1    2    1 -0.0205281445 0.0039917239 
    0    1    0    0    1    1    1    1    2    0    2    0 0.0055518054 -0.0012936512 
    0    1    0    0    1    1    1    1    2    0    2    1 0.0260047569 0.0099102005 
    0    1    0    0    1    1    1    1    2    1    2    0 -0.0083928822 0.0019287508 
    0    1    0    0    1    1    1    1    2    1    2    1 -0.0083702292 -0.0655204798 
    0    1    0    1    1    0    1    0    2    0    2    0 0.1236408564 0.0000000000 
    0    1    0    1    1    0    1    0    2    0    2    1 -0.0509101080 -0.0106649260 
    0    1    0    1    1    0    1    0    2    1    2    0 -0.0509101080 0.0106649260 
    0    1    0    1    1    0    1    0    2    1    2    1 0.1964976037 0.0000000000 
    0    1    0    1    1    0    1    1    2    0    2    0 0.0009589079 -0.0005768335 
    0    1    0    1    1    0    1    1    2    0    2    1 0.0422133747 -0.0062000636 
    0    1    0    1    1    0    1    1    2    1    2    0 -0.0817194746 0.0098285116 
    0    1    0    1    1    0    1    1    2    1    2    1 -0.0003123712 -0.0193645564 
    0    1    0    1    1    1    1    0    2    0    2    0 0.0009589079 0.0005768335 
    0    1    0    1    1    1    1    0    2    0    2    1 -0.0817194746 -0.0098285116 
    0    1    0    1    1    1    1    0    2    1    2    0 0.0422133747 0.0062000636 
    0    1    0    1    1    1    1    0    2    1    2    1 -0.0003123712 0.0193645564 
    0    1    0    1    1    1    1    1    2    0    2    0 0.0907531084 0.0000000000 
    0    1    0    1    1    1    1    1    2    0    2    1 -0.0298045682 0.0164577771 
    0    1    0    1    1    1    1    1    2    1    2    0 -0.0298045682 -0.0164577771 
    0    1    0    1    1    1    1    1    2    1    2    1 0.1023087187 0.0000000000 
    0    0    0    0    1    0    1    0    3    0    3    0 0.0892311516 0.0000000000 
    0    0    0    0    1    0    1    0    3    0    3    1 -0.0225706695 -0.0191177089 
    0    0    0    0    1    0    1    0    3    1    3    0 -0.0225706695 0.0191177089 
    0    0    0    0    1    0    1    0    3    1    3    1 0.1646732886 0.0000000000 
    0    0    0    0    1    0    1    1    3    0    3    0 -0.0203094833 0.0010365629 
    0    0    0    0    1    0    1    1    3    0    3    1 -0.0383843699 -0.0016139942 
    0    0    0    0    1    0    1    1    3    1    3    0 0.0218123883 0.0115650926 
    0    0    0    0    1    0    1    1    3    1    3    1 0.0148585664 0.0118047825 
    0    0    0    0    1    1    1    0    3    0    3    0 -0.0203094833 -0.0010365629 
    0    0    0    0    1    1    1    0    3    0    3    1 0.0218123883 -0.0115650926 
    0    0    0    0    1    1    1    0    3    1    3    0 -0.0383843699 0.0016139942 
    0    0    0    0    1    1    1    0    3    1    3    1 0.0148585664 -0.0118047825 
    0    0    0    0    1    1    1    1    3    0    3    0 0.1030811537 0.0000000000 
    0    0    0    0    1    1    1    1    3    0    3    1 0.0147239005 -0.0343848051 
    0    0    0    0    1    1    1    1    3    1    3    0 0.0147239005 0.0343848051 
    0    0    0    0    1    1    1    1    3    1    3    1 0.1298141189 0.0000000000 
    0    0    0    1    1    0    1    0    3    0    3    0 0.0345757186 0.0159781177 
    0    0    0    1    1    0    1    0    3    0    3    1 0.0685503427 0.0046026977 
    0    0    0    1    1    0    1    0    3    1    3    0 -0.1131124663 0.0020291300 
    0    0    0    1    1    0    1    0    3    1    3    1 -0.0291719787 0.0062090211 
    0    0    0    1    1    0    1    1    3    0    3    0 0.0027781160 0.0021334426 
    0    0    0    1    1    0    1    1    3    0    3    1 -0.0099488681 0.0068964186 
    0    0    0    1    1    0    1    1    3    1    3    0 -0.0081113028 -0.0109399349 
    0    0    0    1    1    0    1    1    3    1    3    1 -0.0399239368 0.0036996262 
    0    0    0    1    1    1    1    0    3    0    3    0 -0.0781029388 0.0141559363 
    0    0    0    1    1    1    1    0    3    0    3    1 -0.0244243249 0.0128711671 
    0    0    0    1    1    1    1    0    3    1    3    0 -0.0240210570 -0.0086785612 
    0    0    0    1    1    1    1    0    3    1    3    1 -0.0798122734 0.0044462071 
    0    0    0    1    1    1    1    1    3    0    3    0 0.0031012236 0.0327697814 
    0    0    0    1    1    1    1    1    3    0    3    1 0.0608426075 0.0185190256 
    0    0    0    1    1    1    1    1    3    1    3    0 -0.0644120228 -0.0033426183 
    0    0    0    1    1    1    1    1    3    1    3    1 -0.0059196473 0.0340443496 
    0    1    0    0    1    0    1    0    3    0    3    0 0.0345757186 -0.0159781177 
    0    1    0    0    1    0    1    0    3    0    3    1 -0.1131124663 -0.0020291300 
    0    1    0    0    1    0    1    0    3    1    3    0 0.0685503427 -0.0046026977 
    0    1    0    0    1    0    1    0    3    1    3    1 -0.0291719787 -0.0062090211 
    0    1    0    0    1    0    1    1    3    0    3    0 -0.0781029388 -0.0141559363 
    0    1    0    0    1    0    1    1    3    0    3    1 -0.0240210570 0.0086785612 
    0    1    0    0    1    0    1    1    3    1    3    0 -0.0244243249 -0.0128711671 
    0    1    0    0    1    0    1    1    3    1    3    1 -0.0798122734 -0.0044462071 
    0    1    0    0    1    1    1    0    3    0    3    0 0.0027781160 -0.0021334426 
    0    1    0    0    1    1    1    0    3    0    3    1 -0.0081113028 0.0109399349 
    0    1    0    0    1    1    1    0    3    1    3    0 -0.0099488681 -0.0068964186 
    0    1    0    0    1    1    1    0    3    1    3    1 -0.0399239368 -0.0036996262 
    0    1    0    0    1    1    1    1    3    0    3    0 0.0031012236 -0.0327697814 
    0    1    0    0    1    1    1    1    3    0    3    1 -0.0644120228 0.0033426183 
    0    1    0    0    1    1    1    1    3    1    3    0 0.0608426075 -0.0185190256 
    0    1    0    0    1    1    1    1    3    1    3    1 -0.0059196473 -0.0340443496 
    0    1    0    1    1    0    1    0    3    0    3    0 0.1858425281 0.0000000000 
    0    1    0    1    1    0    1    0    3    0    3    1 0.0664291346 -0.0144671910 
    0    1    0    1    1    0    1    0    3    1    3    0 0.0664291346 0.0144671910 
    0    1    0    1    1    0    1    0    3    1    3    1 0.1342959321 0.0000000000 
    0    1    0    1    1    0    1    1    3    0    3    0 0.0165553873 -0.0063498918 
    0    1    0    1    1    0    1    1    3    0    3    1 -0.0032098715 -0.0102346561 
    0    1    0    1    1    0    1    1    3    1    3    0 0.0389868800 0.0029444301 
    0    1    0    1    1    0    1    1    3    1    3    1 -0.0159088505 -0.0135914982 
    0    1    0    1    1    1    1    0    3    0    3    0 0.0165553873 0.0063498918 
    0    1    0    1    1    1    1    0    3    0    3    1 0.0389868800 -0.0029444301 
    0    1    0    1    1    1    1    0    3    1    3    0 -0.0032098715 0.0102346561 
    0    1    0    1    1    1    1    0    3    1    3    1 -0.0159088505 0.0135914982 
    0    1    0    1    1    1    1    1    3    0    3    0 0.0801769016 0.0000000000 
    0    1    0    1    1    1    1    1    3    0    3    1 0.0339079660 -0.0280514867 
    0    1    0    1    1    1    1    1    3    1    3    0 0.0339079660 0.0280514867 
    0    1    0    1    1    1    1    1    3    1    3    1 0.1128849255 0.0000000000 
    0    0    0    0    1    0    1    0    4    0    4    0 0.0519613403 0.0000000000 
    0    0    0    0    1    0    1    0    4    0    4    1 0.0096828808 0.0119094899 
    0    0    0    0    1    0    1    0    4    1    4    0 0.0096828808 -0.0119094899 
    0    0    0    0    1    0    1    0    4    1    4    1 0.2019430998 0.0000000000 
    0    0    0    0    1    0    1    1    4    0    4    0 -0.0003113428 0.0265009093 
    0    0    0    0    1    0    1    1    4    0    4    1 0.0101285560 0.0150040594 
    0    0    0    0    1    0    1    1    4    1    4    0 0.0312057629 -0.0146461873 
    0    0    0    0    1    0    1    1    4    1    4    1 -0.0051395741 -0.0136595639 
    0    0    0    0    1    1    1    0    4    0    4    0 -0.0003113428 -0.0265009093 
    0    0    0    0    1    1    1    0    4    0    4    1 0.0312057629 0.0146461873 
    0    0    0    0    1    1    1    0    4    1    4    0 0.0101285560 -0.0150040594 
    0    0    0    0    1    1    1    0    4    1    4    1 -0.0051395741 0.0136595639 
    0    0    0    0    1    1    1    1    4    0    4    0 0.1524999443 0.0000000000 
    0    0    0    0    1    1    1    1    4    0    4    1 0.0114061925 -0.0241358134 
    0    0    0    0    1    1    1    1    4    1    4    0 0.0114061925 0.0241358134 
    0    0    0    0    1    1    1    1    4    1    4    1 0.0803953283 0.0000000000 
    0    0    0    1    1    0    1    0    4    0    4    0 0.0001535245 -0.0039292262 
    0    0    0    1    1    0    1    0    4    0    4    1 0.0158037347 -0.0397084717 
    0    0    0    1    1    0    1    0    4    1    4    0 -0.0384490012 -0.0192287728 
    0    0    0    1    1    0    1    0    4    1    4    1 0.0052502154 0.0261163650 
    0    0    0    1    1    0    1    1    4    0    4    0 -0.0225164146 0.0050770422 
    0    0    0    1    1    0    1    1    4    0    4    1 -0.0051337372 -0.0008099121 
    0    0    0    1    1    0    1    1    4    1    4    0 0.0037591670 0.0317512759 
    0    0    0    1    1    0    1    1    4    1    4    1 -0.0146294062 0.0007560266 
    0    0    0    1    1    1    1    0    4    0    4    0 -0.0607301126 0.0114615796 
    0    0    0    1    1    1    1    0    4    0    4    1 0.0015944665 0.0301380998 
    0    0    0    1    1    1    1    0    4    1    4    0 -0.0030536329 -0.0022479268 
    0    0    0    1    1    1    1    0    4    1    4    1 -0.0971850996 0.0071405638 
    0    0    0    1    1    1    1    1    4    0    4    0 -0.0036014878 0.0628555574 
    0    0    0    1    1    1    1    1    4    0    4    1 0.0024324308 -0.0004525997 
    0    0    0    1    1    1    1    1    4    1    4    0 -0.0343502523 -0.0178747434 
    0    0    0    1    1    1    1    1    4    1    4    1 0.0007830640 0.0039585736 
    0    1    0    0    1    0    1    0    4    0    4    0 0.0001535245 0.0039292262 
    0    1    0    0    1    0    1    0    4    0    4    1 -0.0384490012 0.0192287728 
    0    1    0    0    1    0    1    0    4    1    4    0 0.0158037347 0.0397084717 
    0    1    0    0    1    0    1    0    4    1    4    1 0.0052502154 -0.0261163650 
    0    1    0    0    1    0    1    1    4    0    4    0 -0.0607301126 -0.0114615796 
    0    1    0    0    1    0    1    1    4    0    4    1 -0.0030536329 0.0022479268 
    0    1    0    0    1    0    1    1    4    1    4    0 0.0015944665 -0.0301380998 
    0    1    0    0    1    0    1    1    4    1    4    1 -0.0971850996 -0.0071405638 
    0    1    0    0    1    1    1    0    4    0    4    0 -0.0225164146 -0.0050770422 
    0    1    0    0    1    1    1    0    4    0    4    1 0.0037591670 -0.0317512759 
    0    1    0    0    1    1    1    0    4    1    4    0 -0.0051337372 0.0008099121 
    0    1    0    0    1    1    1    0    4    1    4    1 -0.0146294062 -0.0007560266 
    0    1    0    0    1    1    1    1    4    0    4    0 -0.0036014878 -0.0628555574 
    0    1    0    0    1    1    1    1    4    0    4    1 -0.0343502523 0.0178747434 
    0    1    0    0    1    1    1    1    4    1    4    0 0.0024324308 0.0004525997 
    0    1    0    0    1    1    1    1    4    1    4    1 0.0007830640 -0.0039585736 
    0    1    0    1    1    0    1    0    4    0    4    0 0.0763064923 0.0000000000 
    0    1    0    1    1    0    1    0    4    0    4    1 -0.0020949191 -0.0058172644 
    0    1    0    1    1    0    1    0    4    1    4    0 -0.0020949191 0.0058172644 
    0    1    0    1    1    0    1    0    4    1    4    1 0.2438319679 0.0000000000 
    0    1    0    1    1    0    1    1    4    0    4    0 0.0020202343 -0.0359358435 
    0    1    0    1    1    0    1    1    4    0    4    1 0.0176006076 -0.0078130165 
    0    1    0    1    1    0    1    1    4    1    4    0 0.0113037907 0.0417571980 
    0    1    0    1    1    0    1    1    4    1    4    1 -0.0013736976 0.0159944536 
    0    1    0    1    1    1    1    0    4    0    4    0 0.0020202343 0.0359358435 
    0    1    0    1    1    1    1    0    4    0    4    1 0.0113037907 -0.0417571980 
    0    1    0    1    1    1    1    0    4    1    4    0 0.0176006076 0.0078130165 
    0    1    0    1    1    1    1    0    4    1    4    1 -0.0013736976 -0.0159944536 
    0    1    0    1    1    1    1    1    4    0    4    0 0.1470635645 0.0000000000 
    0    1    0    1    1    1    1    1    4    0    4    1 0.0001324603 0.0169689591 
    0    1    0    1    1    1    1    1    4    1    4    0 0.0001324603 -0.0169689591 
    0    1    0    1    1    1    1    1    4    1    4    1 0.0459982626 0.0000000000 
    0    0    0    0    1    0    1    0    5    0    5    0 0.0548191655 0.0000000000 
    0    0    0    0    1    0    1    0    5    0    5    1 -0.0098961417 -0.0080755388 
    0    0    0    0    1    0    1    0    5    1    5    0 -0.0098961417 0.0080755388 
    0    0    0    0    1    0    1    0    5    1    5    1 0.1990852747 0.0000000000 
    0    0    0    0    1    0    1    1    5    0    5    0 -0.0003755673 0.0067024310 
    0    0    0    0    1    0    1    1    5    0    5    1 -0.0483907938 -0.0049561212 
    0    0    0    0    1    0    1    1    5    1    5    0 0.0193674269 -0.0285751586 
    0    0    0    0    1    0    1    1    5    1    5    1 -0.0050753496 0.0061389144 
    0    0    0    0    1    1    1    0    5    0    5    0 -0.0003755673 -0.0067024310 
    0    0    0    0    1    1    1    0    5    0    5    1 0.0193674269 0.0285751586 
    0    0    0    0    1    1    1    0    5    1    5    0 -0.0483907938 0.0049561212 
    0    0    0    0    1    1    1    0    5    1    5    1 -0.0050753496 -0.0061389144 
    0    0    0    0    1    1    1    1    5    0    5    0 0.0684999824 0.0000000000 
    0    0    0    0    1    1    1    1    5    0    5    1 -0.0112513687 -0.0102653438 
    0    0    0    0    1    1    1    1    5    1    5    0 -0.0112513687 0.0102653438 
    0    0    0    0    1    1    1    1    5    1    5    1 0.1643952902 0.0000000000 
    0    0    0    1    1    0    1    0    5    0    5    0 0.0006133485 0.0076940591 
    0    0    0    1    1    0    1    0    5    0    5    1 0.0330357762 0.0132160017 
    0    0    0    1    1    0    1    0    5    1    5    0 -0.0325722502 0.1022939447 
    0    0    0    1    1    0    1    0    5    1    5    1 0.0047903914 0.0144930797 
    0    0    0    1    1    0    1    1    5    0    5    0 -0.0123183123 0.0007560266 
    0    0    0    1    1    0    1    1    5    0    5    1 -0.0010998741 -0.0009931837 
    0    0    0    1    1    0    1    1    5    1    5    0 0.0122014366 -0.0256577009 
    0    0    0    1    1    0    1    1    5    1    5    1 -0.0248275085 0.0050770423 
    0    0    0    1    1    1    1    0    5    0    5    0 -0.0864404665 0.0114615797 
    0    0    0    1    1    1    1    0    5    0    5    1 -0.0004481905 -0.0017604780 
    0    0    0    1    1    1    1    0    5    1    5    0 0.0064402068 -0.0185497643 
    0    0    0    1    1    1    1    0    5    1    5    1 -0.0714747457 0.0071405637 
    0    0    0    1    1    1    1    1    5    0    5    0 -0.0023694163 0.0313146586 
    0    0    0    1    1    1    1    1    5    0    5    1 0.0132902026 0.0007075948 
    0    0    0    1    1    1    1    1    5    1    5    0 0.0204913235 0.0105650731 
    0    0    0    1    1    1    1    1    5    1    5    1 -0.0004490075 0.0354994724 
    0    1    0    0    1    0    1    0    5    0    5    0 0.0006133485 -0.0076940591 
    0    1    0    0    1    0    1    0    5    0    5    1 -0.0325722502 -0.1022939447 
    0    1    0    0    1    0    1    0    5    1    5    0 0.0330357762 -0.0132160017 
    0    1    0    0    1    0    1    0    5    1    5    1 0.0047903914 -0.0144930797 
    0    1    0    0    1    0    1    1    5    0    5    0 -0.0864404665 -0.0114615797 
    0    1    0    0    1    0    1    1    5    0    5    1 0.0064402068 0.0185497643 
    0    1    0    0    1    0    1    1    5    1    5    0 -0.0004481905 0.0017604780 
    0    1    0    0    1    0    1    1    5    1    5    1 -0.0714747457 -0.0071405637 
    0    1    0    0    1    1    1    0    5    0    5    0 -0.0123183123 -0.0007560266 
    0    1    0    0    1    1    1    0    5    0    5    1 0.0122014366 0.0256577009 
    0    1    0    0    1    1    1    0    5    1    5    0 -0.0010998741 0.0009931837 
    0    1    0    0    1    1    1    0    5    1    5    1 -0.0248275085 -0.0050770423 
    0    1    0    0    1    1    1    1    5    0    5    0 -0.0023694163 -0.0313146586 
    0    1    0    0    1    1    1    1    5    0    5    1 0.0204913235 -0.0105650731 
    0    1    0    0    1    1    1    1    5    1    5    0 0.0132902026 -0.0007075948 
    0    1    0    0    1    1    1    1    5    1    5    1 -0.0004490075 -0.0354994724 
    0    1    0    1    1    0    1    0    5    0    5    0 0.2333589340 0.0000000000 
    0    1    0    1    1    0    1    0    5    0    5    1 0.0016188325 -0.0064251318 
    0    1    0    1    1    0    1    0    5    1    5    0 0.0016188325 0.0064251318 
    0    1    0    1    1    0    1    0    5    1    5    1 0.0867795262 0.0000000000 
    0    1    0    1    1    0    1    1    5    0    5    0 0.0015527420 -0.0125266933 
    0    1    0    1    1    0    1    1    5    0    5    1 -0.0244084584 0.0017926339 
    0    1    0    1    1    0    1    1    5    1    5    0 -0.0011312630 0.0052859865 
    0    1    0    1    1    0    1    1    5    1    5    1 -0.0009062052 -0.0074146967 
    0    1    0    1    1    1    1    0    5    0    5    0 0.0015527420 0.0125266933 
    0    1    0    1    1    1    1    0    5    0    5    1 -0.0011312630 -0.0052859865 
    0    1    0    1    1    1    1    0    5    1    5    0 -0.0244084584 -0.0017926339 
    0    1    0    1    1    1    1    0    5    1    5    1 -0.0009062052 0.0074146967 
    0    1    0    1    1    1    1    1    5    0    5    0 0.1513437019 0.0000000000 
    0    1    0    1    1    1    1    1    5    0    5    1 -0.0016485112 -0.0149555917 
    0    1    0    1    1    1    1    1    5    1    5    0 -0.0016485112 0.0149555917 
    0    1    0    1    1    1    1    1    5    1    5    1 0.0417181252 0.0000000000 
    0    0    0    0    1    0    1    0    6    0    6    0 0.1561048755 0.0000000000 
    0    0    0    0    1    0    1    0    6    0    6    1 0.0109862769 0.0124380691 
    0    0    0    0    1    0    1    0    6    1    6    0 0.0109862769 -0.0124380691 
    0    0    0    0    1    0    1    0    6    1    6    1 0.0977995647 0.0000000000 
    0    0    0    0    1    0    1    1    6    0    6    0 0.0047134026 0.0315671152 
    0    0    0    0    1    0    1    1    6    0    6    1 0.0527914869 -0.0114872786 
    0    0    0    0    1    0    1    1    6    1    6    0 -0.0250286379 -0.0008451101 
    0    0    0    0    1    0    1    1    6    1    6    1 -0.0101643195 -0.0187257698 
    0    0    0    0    1    1    1    0    6    0    6    0 0.0047134026 -0.0315671152 
    0    0    0    0    1    1    1    0    6    0    6    1 -0.0250286379 0.0008451101 
    0    0    0    0    1    1    1    0    6    1    6    0 0.0527914869 0.0114872786 
    0    0    0    0    1    1    1    0    6    1    6    1 -0.0101643195 0.0187257698 
    0    0    0    0    1    1    1    1    6    0    6    0 0.1304145053 0.0000000000 
    0    0    0    0    1    1    1    1    6    0    6    1 0.0166633400 0.0072443985 
    0    0    0    0    1    1    1    1    6    1    6    0 0.0166633400 -0.0072443985 
    0    0    0    0    1    1    1    1    6    1    6    1 0.1024807672 0.0000000000 
    0    0    0    1    1    0    1    0    6    0    6    0 -0.0044442369 0.0055911569 
    0    0    0    1    1    0    1    0    6    0    6    1 -0.0419409424 0.0281259436 
    0    0    0    1    1    0    1    0    6    1    6    0 0.0228224524 -0.0073300836 
    0    0    0    1    1    0    1    0    6    1    6    1 0.0098479768 0.0165959819 
    0    0    0    1    1    0    1    1    6    0    6    0 -0.0405184110 0.0013450852 
    0    0    0    1    1    0    1    1    6    0    6    1 0.0026193593 -0.0010621561 
    0    0    0    1    1    0    1    1    6    1    6    0 -0.0109860309 0.0128663194 
    0    0    0    1    1    0    1    1    6    1    6    1 0.0033725902 0.0044879836 
    0    0    0    1    1    1    1    0    6    0    6    0 -0.0693403113 0.0044432307 
    0    0    0    1    1    1    1    0    6    0    6    1 0.0038825473 -0.0002107078 
    0    0    0    1    1    1    1    0    6    1    6    0 -0.0057383219 0.0096633841 
    0    0    0    1    1    1    1    0    6    1    6    1 -0.0885749009 0.0141589127 
    0    0    0    1    1    1    1    1    6    0    6    0 0.0043849887 0.0337827246 
    0    0    0    1    1    1    1    1    6    0    6    1 -0.0076330426 0.0027327596 
    0    0    0    1    1    1    1    1    6    1    6    0 -0.0040037803 0.0180631017 
    0    0    0    1    1    1    1    1    6    1    6    1 -0.0072034124 0.0330314064 
    0    1    0    0    1    0    1    0    6    0    6    0 -0.0044442369 -0.0055911569 
    0    1    0    0    1    0    1    0    6    0    6    1 0.0228224524 0.0073300836 
    0    1    0    0    1    0    1    0    6    1    6    0 -0.0419409424 -0.0281259436 
    0    1    0    0    1    0    1    0    6    1    6    1 0.0098479768 -0.0165959819 
    0    1    0    0    1    0    1    1    6    0    6    0 -0.0693403113 -0.0044432307 
    0    1    0    0    1    0    1    1    6    0    6    1 -0.0057383219 -0.0096633841 
    0    1    0    0    1    0    1    1    6    1    6    0 0.0038825473 0.0002107078 
    0    1    0    0    1    0    1    1    6    1    6    1 -0.0885749009 -0.0141589127 
    0    1    0    0    1    1    1    0    6    0    6    0 -0.0405184110 -0.0013450852 
    0    1    0    0    1    1    1    0    6    0    6    1 -0.0109860309 -0.0128663194 
    0    1    0    0    1    1    1    0    6    1    6    0 0.0026193593 0.0010621561 
    0    1    0    0    1    1    1    0    6    1    6    1 0.0033725902 -0.0044879836 
    0    1    0    0    1    1    1    1    6    0    6    0 0.0043849887 -0.0337827246 
    0    1    0    0    1    1    1    1    6    0    6    1 -0.0040037803 -0.0180631017 
    0    1    0    0    1    1    1    1    6    1    6    0 -0.0076330426 -0.0027327596 
    0    1    0    0    1    1    1    1    6    1    6    1 -0.0072034124 -0.0330314064 
    0    1    0    1    1    0    1    0    6    0    6    0 0.1431947252 0.0000000000 
    0    1    0    1    1    0    1    0    6    0    6    1 0.0237854262 0.0113052531 
    0    1    0    1    1    0    1    0    6    1    6    0 0.0237854262 -0.0113052531 
    0    1    0    1    1    0    1    0    6    1    6    1 0.1769437350 0.0000000000 
    0    1    0    1    1    0    1    1    6    0    6    0 -0.0296379801 0.0076172677 
    0    1    0    1    1    0    1    1    6    0    6    1 0.0171118506 0.0133646726 
    0    1    0    1    1    0    1    1    6    1    6    0 -0.0133379586 -0.0256970589 
    0    1    0    1    1    0    1    1    6    1    6    1 0.0302845168 -0.0275586576 
    0    1    0    1    1    1    1    0    6    0    6    0 -0.0296379801 -0.0076172677 
    0    1    0    1    1    1    1    0    6    0    6    1 -0.0133379586 0.0256970589 
    0    1    0    1    1    1    1    0    6    1    6    0 0.0171118506 -0.0133646726 
    0    1    0    1    1    1    1    0    6    1    6    1 0.0302845168 0.0275586576 
    0    1    0    1    1    1    1    1    6    0    6    0 0.1164560870 0.0000000000 
    0    1    0    1    1    1    1    1    6    0    6    1 0.0229122658 0.0126382535 
    0    1    0    1    1    1    1    1    6    1    6    0 0.0229122658 -0.0126382535 
    0    1    0    1    1    1    1    1    6    1    6    1 0.0766057401 0.0000000000 
    0    0    0    0    1    0    1    0    7    0    7    0 0.1434237819 0.0000000000 
    0    0    0    0    1    0    1    0    7    0    7    1 -0.0113564334 -0.0115216346 
    0    0    0    0    1    0    1    0    7    1    7    0 -0.0113564334 0.0115216346 
    0    0    0    0    1    0    1    0    7    1    7    1 0.1104806583 0.0000000000 
    0    0    0    0    1    0    1    1    7    0    7    0 -0.0100110223 0.0068982614 
    0    0    0    0    1    0    1    1    7    0    7    1 -0.0118264261 -0.0182906577 
    0    0    0    0    1    0    1    1    7    1    7    0 -0.0194717434 0.0182674742 
    0    0    0    0    1    0    1    1    7    1    7    1 0.0045601054 0.0059430840 
    0    0    0    0    1    1    1    0    7    0    7    0 -0.0100110223 -0.0068982614 
    0    0    0    0    1    1    1    0    7    0    7    1 -0.0194717434 -0.0182674742 
    0    0    0    0    1    1    1    0    7    1    7    0 -0.0118264261 0.0182906577 
    0    0    0    0    1    1    1    0    7    1    7    1 0.0045601054 -0.0059430840 
    0    0    0    0    1    1    1    1    7    0    7    0 0.1580650195 0.0000000000 
    0    0    0    0    1    1    1    1    7    0    7    1 -0.0164416453 0.0203874108 
    0    0    0    0    1    1    1    1    7    1    7    0 -0.0164416453 -0.0203874108 
    0    0    0    0    1    1    1    1    7    1    7    1 0.0748302530 0.0000000000 
    0    0    0    1    1    0    1    0    7    0    7    0 0.0214769482 0.0454397288 
    0    0    0    1    1    0    1    0    7    0    7    1 -0.0206889137 0.0100585687 
    0    0    0    1    1    0    1    0    7    1    7    0 0.0352249021 -0.0222312720 
    0    0    0    1    1    0    1    0    7    1    7    1 -0.0160732082 -0.0232525900 
    0    0    0    1    1    0    1    1    7    0    7    0 -0.0221127556 -0.0059357803 
    0    0    0    1    1    0    1    1    7    0    7    1 0.0061144463 -0.0010470912 
    0    0    0    1    1    0    1    1    7    1    7    0 -0.0058270216 -0.0125914533 
    0    0    0    1    1    0    1    1    7    1    7    1 -0.0150330652 0.0117688491 
    0    0    0    1    1    1    1    0    7    0    7    0 -0.1113420915 0.0128394808 
    0    0    0    1    1    1    1    0    7    0    7    1 -0.0072724976 -0.0107845187 
    0    0    0    1    1    1    1    0    7    1    7    0 0.0010097014 0.0018416001 
    0    0    0    1    1    1    1    0    7    1    7    1 -0.0465731206 0.0057626627 
    0    0    0    1    1    1    1    1    7    0    7    0 -0.0133834030 0.0662003018 
    0    0    0    1    1    1    1    1    7    0    7    1 -0.0101985122 -0.0122770033 
    0    0    0    1    1    1    1    1    7    1    7    0 0.0271992615 0.0001043027 
    0    0    0    1    1    1    1    1    7    1    7    1 0.0105649792 0.0006138292 
    0    1    0    0    1    0    1    0    7    0    7    0 0.0214769482 -0.0454397288 
    0    1    0    0    1    0    1    0    7    0    7    1 0.0352249021 0.0222312720 
    0    1    0    0    1    0    1    0    7    1    7    0 -0.0206889137 -0.0100585687 
    0    1    0    0    1    0    1    0    7    1    7    1 -0.0160732082 0.0232525900 
    0    1    0    0    1    0    1    1    7    0    7    0 -0.1113420915 -0.0128394808 
    0    1    0    0    1    0    1    1    7    0    7    1 0.0010097014 -0.0018416001 
    0    1    0    0    1    0    1    1    7    1    7    0 -0.0072724976 0.0107845187 
    0    1    0    0    1    0    1    1    7    1    7    1 -0.0465731206 -0.0057626627 
    0    1    0    0    1    1    1    0    7    0    7    0 -0.0221127556 0.0059357803 
    0    1    0    0    1    1    1    0    7    0    7    1 -0.0058270216 0.0125914533 
    0    1    0    0    1    1    1    0    7    1    7    0 0.0061144463 0.0010470912 
    0    1    0    0    1    1    1    0    7    1    7    1 -0.0150330652 -0.0117688491 
    0    1    0    0    1    1    1    1    7    0    7    0 -0.0133834030 -0.0662003018 
    0    1    0    0    1    1    1    1    7    0    7    1 0.0271992615 -0.0001043027 
    0    1    0    0    1    1    1    1    7    1    7    0 -0.0101985122 0.0122770033 
    0    1    0    0    1    1    1    1    7    1    7    1 0.0105649792 -0.0006138292 
    0    1    0    1    1    0    1    0    7    0    7    0 0.1820292591 0.0000000000 
    0    1    0    1    1    0    1    0    7    0    7    1 -0.0216253249 0.0047365876 
    0    1    0    1    1    0    1    0    7    1    7    0 -0.0216253249 -0.0047365876 
    0    1    0    1    1    0    1    0    7    1    7    1 0.1381092010 0.0000000000 
    0    1    0    1    1    0    1    1    7    0    7    0 0.0024418088 -0.0194505103 
    0    1    0    1    1    0    1    1    7    0    7    1 -0.0073528491 0.0167386935 
    0    1    0    1    1    0    1    1    7    1    7    0 0.0078957064 -0.0167618803 
    0    1    0    1    1    0    1    1    7    1    7    1 -0.0017952721 -0.0004908797 
    0    1    0    1    1    1    1    0    7    0    7    0 0.0024418088 0.0194505103 
    0    1    0    1    1    1    1    0    7    0    7    1 0.0078957064 0.0167618803 
    0    1    0    1    1    1    1    0    7    1    7    0 -0.0073528491 -0.0167386935 
    0    1    0    1    1    1    1    0    7    1    7    1 -0.0017952721 0.0004908797 
    0    1    0    1    1    1    1    1    7    0    7    0 0.1149192315 0.0000000000 
    0    1    0    1    1    1    1    1    7    0    7    1 -0.0201996341 -0.0129909001 
    0    1    0    1    1    1    1    1    7    1    7    0 -0.0201996341 0.0129909001 
    0    1    0    1    1    1    1    1    7    1    7    1 0.0781425956 0.0000000000 
    0    0    0    0    2    0    2    0    3    0    3    0 0.0597933815 0.0000000000 
    0    0    0    0    2    0    2    0    3    0    3    1 -0.0014824487 0.0170009708 
    0    0    0    0    2    0    2    0    3    1    3    0 -0.0014824487 -0.0170009708 
    0    0    0    0    2    0    2    0    3    1    3    1 0.1236275694 0.0000000000 
    0    0    0    0    2    0    2    1    3    0    3    0 -0.0005921385 -0.0241733427 
    0    0    0    0    2    0    2    1    3    0    3    1 -0.0334831165 0.0002752726 
    0    0    0    0    2    0    2    1    3    1    3    0 -0.0864528670 -0.0065570719 
    0    0    0    0    2    0    2    1    3    1    3    1 -0.0047510322 0.0254177142 
    0    0    0    0    2    1    2    0    3    0    3    0 -0.0005921385 0.0241733427 
    0    0    0    0    2    1    2    0    3    0    3    1 -0.0864528670 0.0065570719 
    0    0    0    0    2    1    2    0    3    1    3    0 -0.0334831165 -0.0002752726 
    0    0    0    0    2    1    2    0    3    1    3    1 -0.0047510322 -0.0254177142 
    0    0    0    0    2    1    2    1    3    0    3    0 0.1325189238 0.0000000000 
    0    0    0    0    2    1    2    1    3    0    3    1 -0.0063643203 -0.0705034848 
    0    0    0    0    2    1    2    1    3    1    3    0 -0.0063643203 0.0705034848 
    0    0    0    0    2    1    2    1    3    1    3    1 0.1708598380 0.0000000000 
    0    0    0    1    2    0    2    0    3    0    3    0 0.0134892763 -0.0080503094 
    0    0    0    1    2    0    2    0    3    0    3    1 0.0503886199 0.0096565292 
    0    0    0    1    2    0    2    0    3    1    3    0 -0.0654697716 -0.0068333686 
    0    0    0    1    2    0    2    0    3    1    3    1 -0.0173636424 -0.0119728997 
    0    0    0    1    2    0    2    1    3    0    3    0 -0.0083928798 -0.0019287526 
    0    0    0    1    2    0    2    1    3    0    3    1 -0.0075990341 -0.0068770420 
    0    0    0    1    2    0    2    1    3    1    3    0 0.0061184843 -0.0068275048 
    0    0    0    1    2    0    2    1    3    1    3    1 -0.0332013612 -0.0031167083 
    0    0    0    1    2    1    2    0    3    0    3    0 0.0347945145 -0.0110981580 
    0    0    0    1    2    1    2    0    3    0    3    1 -0.0061859432 -0.0120857909 
    0    0    0    1    2    1    2    0    3    1    3    0 0.0135554106 -0.0087597749 
    0    0    0    1    2    1    2    0    3    1    3    1 0.0260047549 -0.0099102018 
    0    0    0    1    2    1    2    1    3    0    3    0 0.0241876659 0.0567982085 
    0    0    0    1    2    1    2    1    3    0    3    1 0.0790043303 0.0134651940 
    0    0    0    1    2    1    2    1    3    1    3    0 -0.1120547174 0.0055198803 
    0    0    0    1    2    1    2    1    3    1    3    1 -0.0177279836 0.0522262704 
    0    1    0    0    2    0    2    0    3    0    3    0 0.0134892763 0.0080503094 
    0    1    0    0    2    0    2    0    3    0    3    1 -0.0654697716 0.0068333686 
    0    1    0    0    2    0    2    0    3    1    3    0 0.0503886199 -0.0096565292 
    0    1    0    0    2    0    2    0    3    1    3    1 -0.0173636424 0.0119728997 
    0    1    0    0    2    0    2    1    3    0    3    0 0.0347945145 0.0110981580 
    0    1    0    0    2    0    2    1    3    0    3    1 0.0135554106 0.0087597749 
    0    1    0    0    2    0    2    1    3    1    3    0 -0.0061859432 0.0120857909 
    0    1    0    0    2    0    2    1    3    1    3    1 0.0260047549 0.0099102018 
    0    1    0    0    2    1    2    0    3    0    3    0 -0.0083928798 0.0019287526 
    0    1    0    0    2    1    2    0    3    0    3    1 0.0061184843 0.0068275048 
    0    1    0    0    2    1    2    0    3    1    3    0 -0.0075990341 0.0068770420 
    0    1    0    0    2    1    2    0    3    1    3    1 -0.0332013612 0.0031167083 
    0    1    0    0    2    1    2    1    3    0    3    0 0.0241876659 -0.0567982085 
    0    1    0    0    2    1    2    1    3    0    3    1 -0.1120547174 -0.0055198803 
    0    1    0    0    2    1    2    1    3    1    3    0 0.0790043303 -0.0134651940 
    0    1    0    0    2    1    2    1    3    1    3    1 -0.0177279836 -0.0522262704 
    0    1    0    1    2    0    2    0    3    0    3    0 0.0885714124 0.0000000000 
    0    1    0    1    2    0    2    0    3    0    3    1 0.0529439877 0.0238702257 
    0    1    0    1    2    0    2    0    3    1    3    0 0.0529439877 -0.0238702257 
    0    1    0    1    2    0    2    0    3    1    3    1 0.1258225525 0.0000000000 
    0    1    0    1    2    0    2    1    3    0    3    0 -0.0470986817 -0.0288841554 
    0    1    0    1    2    0    2    1    3    0    3    1 -0.0240049934 0.0099850029 
    0    1    0    1    2    0    2    1    3    1    3    0 -0.0949439710 -0.0049908887 
    0    1    0    1    2    0    2    1    3    1    3    1 -0.0336159945 0.0346770065 
    0    1    0    1    2    1    2    0    3    0    3    0 -0.0470986817 0.0288841554 
    0    1    0    1    2    1    2    0    3    0    3    1 -0.0949439710 0.0049908887 
    0    1    0    1    2    1    2    0    3    1    3    0 -0.0240049934 -0.0099850029 
    0    1    0    1    2    1    2    0    3    1    3    1 -0.0336159945 -0.0346770065 
    0    1    0    1    2    1    2    1    3    0    3    0 0.1774480173 0.0000000000 
    0    1    0    1    2    1    2    1    3    0    3    1 0.0473931129 -0.0663889035 
    0    1    0    1    2    1    2    1    3    1    3    0 0.0473931129 0.0663889035 
    0    1    0    1    2    1    2    1    3    1    3    1 0.1213583051 0.0000000000 
    0    0    0    0    2    0    2    0    4    0    4    0 0.0673954591 0.0000000000 
    0    0    0    0    2    0    2    0    4    0    4    1 0.0106884939 0.0254775848 
    0    0    0    0    2    0    2    0    4    1    4    0 0.0106884939 -0.0254775848 
    0    0    0    0    2    0    2    0    4    1    4    1 0.1160254918 0.0000000000 
    0    0    0    0    2    0    2    1    4    0    4    0 -0.0120803725 -0.0101150324 
    0    0    0    0    2    0    2    1    4    0    4    1 0.0175024309 0.0081979118 
    0    0    0    0    2    0    2    1    4    1    4    0 0.0137957362 -0.0112807131 
    0    0    0    0    2    0    2    1    4    1    4    1 0.0067372018 0.0113594038 
    0    0    0    0    2    1    2    0    4    0    4    0 -0.0120803725 0.0101150324 
    0    0    0    0    2    1    2    0    4    0    4    1 0.0137957362 0.0112807131 
    0    0    0    0    2    1    2    0    4    1    4    0 0.0175024309 -0.0081979118 
    0    0    0    0    2    1    2    0    4    1    4    1 0.0067372018 -0.0113594038 
    0    0    0    0    2    1    2    1    4    0    4    0 0.1370658255 0.0000000000 
    0    0    0    0    2    1    2    1    4    0    4    1 0.0104005794 -0.0377039083 
    0    0    0    0    2    1    2    1    4    1    4    0 0.0104005794 0.0377039083 
    0    0    0    0    2    1    2    1    4    1    4    1 0.1663129363 0.0000000000 
    0    0    0    1    2    0    2    0    4    0    4    0 0.0086008075 -0.0008781899 
    0    0    0    1    2    0    2    0    4    0    4    1 0.0157609954 -0.0217276763 
    0    0    0    1    2    0    2    0    4    1    4    0 -0.0213106527 -0.0169046208 
    0    0    0    1    2    0    2    0    4    1    4    1 -0.0124751736 -0.0191450192 
    0    0    0    1    2    0    2    1    4    0    4    0 -0.0174109807 -0.0021639506 
    0    0    0    1    2    0    2    1    4    0    4    1 0.0054029384 0.0055890109 
    0    0    0    1    2    0    2    1    4    1    4    0 -0.0022490234 0.0039500675 
    0    0    0    1    2    0    2    1    4    1    4    1 -0.0241832603 -0.0028815102 
    0    0    0    1    2    1    2    0    4    0    4    0 0.0142186005 -0.0101454003 
    0    0    0    1    2    1    2    0    4    0    4    1 -0.0033990324 0.0084720892 
    0    0    0    1    2    1    2    0    4    1    4    0 0.0051638098 0.0045702959 
    0    0    0    1    2    1    2    0    4    1    4    1 0.0465806689 -0.0108629594 
    0    0    0    1    2    1    2    1    4    0    4    0 -0.0120487708 0.0598045211 
    0    0    0    1    2    1    2    1    4    0    4    1 0.0024751702 -0.0184333951 
    0    0    0    1    2    1    2    1    4    1    4    0 -0.0514886007 -0.0201988954 
    0    0    0    1    2    1    2    1    4    1    4    1 0.0185084531 0.0492199578 
    0    1    0    0    2    0    2    0    4    0    4    0 0.0086008075 0.0008781899 
    0    1    0    0    2    0    2    0    4    0    4    1 -0.0213106527 0.0169046208 
    0    1    0    0    2    0    2    0    4    1    4    0 0.0157609954 0.0217276763 
    0    1    0    0    2    0    2    0    4    1    4    1 -0.0124751736 0.0191450192 
    0    1    0    0    2    0    2    1    4    0    4    0 0.0142186005 0.0101454003 
    0    1    0    0    2    0    2    1    4    0    4    1 0.0051638098 -0.0045702959 
    0    1    0    0    2    0    2    1    4    1    4    0 -0.0033990324 -0.0084720892 
    0    1    0    0    2    0    2    1    4    1    4    1 0.0465806689 0.0108629594 
    0    1    0    0    2    1    2    0    4    0    4    0 -0.0174109807 0.0021639506 
    0    1    0    0    2    1    2    0    4    0    4    1 -0.0022490234 -0.0039500675 
    0    1    0    0    2    1    2    0    4    1    4    0 0.0054029384 -0.0055890109 
    0    1    0    0    2    1    2    0    4    1    4    1 -0.0241832603 0.0028815102 
    0    1    0    0    2    1    2    1    4    0    4    0 -0.0120487708 -0.0598045211 
    0    1    0    0    2    1    2    1    4    0    4    1 -0.0514886007 0.0201988954 
    0    1    0    0    2    1    2    1    4    1    4    0 0.0024751702 0.0184333951 
    0    1    0    0    2    1    2    1    4    1    4    1 0.0185084531 -0.0492199578 
    0    1    0    1    2    0    2    0    4    0    4    0 0.0846406154 0.0000000000 
    0    1    0    1    2    0    2    0    4    0    4    1 -0.0002900902 0.0293903712 
    0    1    0    1    2    0    2    0    4    1    4    0 -0.0002900902 -0.0293903712 
    0    1    0    1    2    0    2    0    4    1    4    1 0.1297533495 0.0000000000 
    0    1    0    1    2    0    2    1    4    0    4    0 -0.0333352526 0.0202609658 
    0    1    0    1    2    0    2    1    4    0    4    1 -0.0059263948 -0.0019456171 
    0    1    0    1    2    0    2    1    4    1    4    0 0.0053835383 -0.0214242385 
    0    1    0    1    2    0    2    1    4    1    4    1 -0.0473794236 -0.0144681147 
    0    1    0    1    2    1    2    0    4    0    4    0 -0.0333352526 -0.0202609658 
    0    1    0    1    2    1    2    0    4    0    4    1 0.0053835383 0.0214242385 
    0    1    0    1    2    1    2    0    4    1    4    0 -0.0059263948 0.0019456171 
    0    1    0    1    2    1    2    0    4    1    4    1 -0.0473794236 0.0144681147 
    0    1    0    1    2    1    2    1    4    0    4    0 0.1387294414 0.0000000000 
    0    1    0    1    2    1    2    1    4    0    4    1 -0.0016723686 -0.0182386766 
    0    1    0    1    2    1    2    1    4    1    4    0 -0.0016723686 0.0182386766 
    0    1    0    1    2    1    2    1    4    1    4    1 0.1600768810 0.0000000000 
    0    0    0    0    2    0    2    0    5    0    5    0 0.0384512891 0.0000000000 
    0    0    0    0    2    0    2    0    5    0    5    1 -0.0118090559 0.0065671410 
    0    0    0    0    2    0    2    0    5    1    5    0 -0.0118090559 -0.0065671410 
    0    0    0    0    2    0    2    0    5    1    5    1 0.1449696617 0.0000000000 
    0    0    0    0    2    0    2    1    5    0    5    0 -0.0046797980 -0.0039997582 
    0    0    0    0    2    0    2    1    5    0    5    1 0.0132146249 0.0077010224 
    0    0    0    0    2    0    2    1    5    1    5    0 -0.0489489609 0.0128898387 
    0    0    0    0    2    0    2    1    5    1    5    1 -0.0006633727 0.0052441296 
    0    0    0    0    2    1    2    0    5    0    5    0 -0.0046797980 0.0039997582 
    0    0    0    0    2    1    2    0    5    0    5    1 -0.0489489609 -0.0128898387 
    0    0    0    0    2    1    2    0    5    1    5    0 0.0132146249 -0.0077010224 
    0    0    0    0    2    1    2    0    5    1    5    1 -0.0006633727 -0.0052441296 
    0    0    0    0    2    1    2    1    5    0    5    0 0.0848678587 0.0000000000 
    0    0    0    0    2    1    2    1    5    0    5    1 -0.0093384545 -0.0249080236 
    0    0    0    0    2    1    2    1    5    1    5    0 -0.0093384545 0.0249080236 
    0    0    0    0    2    1    2    1    5    1    5    1 0.2185109032 0.0000000000 
    0    0    0    1    2    0    2    0    5    0    5    0 0.0017599108 -0.0122343485 
    0    0    0    1    2    0    2    0    5    0    5    1 0.0063379659 0.0069617992 
    0    0    0    1    2    0    2    0    5    1    5    0 -0.0057923398 0.0564295138 
    0    0    0    1    2    0    2    0    5    1    5    1 -0.0056342769 -0.0077888606 
    0    0    0    1    2    0    2    1    5    0    5    0 -0.0160168902 0.0005216592 
    0    0    0    1    2    0    2    1    5    0    5    1 0.0054386105 0.0000635773 
    0    0    0    1    2    0    2    1    5    1    5    0 -0.0345626568 -0.0234244240 
    0    0    0    1    2    0    2    1    5    1    5    1 -0.0255773509 -0.0055671200 
    0    0    0    1    2    1    2    0    5    0    5    0 0.0478313953 -0.0206057261 
    0    0    0    1    2    1    2    0    5    0    5    1 0.0041647744 -0.0011725631 
    0    0    0    1    2    1    2    0    5    1    5    0 -0.0293984533 -0.0287149328 
    0    0    0    1    2    1    2    0    5    1    5    1 0.0129678742 -0.0004026336 
    0    0    0    1    2    1    2    1    5    0    5    0 -0.0035159785 0.0512430662 
    0    0    0    1    2    1    2    1    5    0    5    1 0.0399880128 0.0069617973 
    0    0    0    1    2    1    2    1    5    1    5    0 -0.0062885869 0.0564295040 
    0    0    0    1    2    1    2    1    5    1    5    1 0.0099756608 0.0577814127 
    0    1    0    0    2    0    2    0    5    0    5    0 0.0017599108 0.0122343485 
    0    1    0    0    2    0    2    0    5    0    5    1 -0.0057923398 -0.0564295138 
    0    1    0    0    2    0    2    0    5    1    5    0 0.0063379659 -0.0069617992 
    0    1    0    0    2    0    2    0    5    1    5    1 -0.0056342769 0.0077888606 
    0    1    0    0    2    0    2    1    5    0    5    0 0.0478313953 0.0206057261 
    0    1    0    0    2    0    2    1    5    0    5    1 -0.0293984533 0.0287149328 
    0    1    0    0    2    0    2    1    5    1    5    0 0.0041647744 0.0011725631 
    0    1    0    0    2    0    2    1    5    1    5    1 0.0129678742 0.0004026336 
    0    1    0    0    2    1    2    0    5    0    5    0 -0.0160168902 -0.0005216592 
    0    1    0    0    2    1    2    0    5    0    5    1 -0.0345626568 0.0234244240 
    0    1    0    0    2    1    2    0    5    1    5    0 0.0054386105 -0.0000635773 
    0    1    0    0    2    1    2    0    5    1    5    1 -0.0255773509 0.0055671200 
    0    1    0    0    2    1    2    1    5    0    5    0 -0.0035159785 -0.0512430662 
    0    1    0    0    2    1    2    1    5    0    5    1 -0.0062885869 -0.0564295040 
    0    1    0    0    2    1    2    1    5    1    5    0 0.0399880128 -0.0069617973 
    0    1    0    0    2    1    2    1    5    1    5    1 0.0099756608 -0.0577814127 
    0    1    0    1    2    0    2    0    5    0    5    0 0.1733373633 0.0000000000 
    0    1    0    1    2    0    2    0    5    0    5    1 -0.0007947036 0.0031927393 
    0    1    0    1    2    0    2    0    5    1    5    0 -0.0007947036 -0.0031927393 
    0    1    0    1    2    0    2    0    5    1    5    1 0.0410566016 0.0000000000 
    0    1    0    1    2    0    2    1    5    0    5    0 -0.0760516511 0.0006945446 
    0    1    0    1    2    0    2    1    5    0    5    1 0.0226376650 0.0082977532 
    0    1    0    1    2    0    2    1    5    1    5    0 -0.0234686837 0.0001173043 
    0    1    0    1    2    0    2    1    5    1    5    1 -0.0046630251 0.0050983065 
    0    1    0    1    2    1    2    0    5    0    5    0 -0.0760516511 -0.0006945446 
    0    1    0    1    2    1    2    0    5    0    5    1 -0.0234686837 -0.0001173043 
    0    1    0    1    2    1    2    0    5    1    5    0 0.0226376650 -0.0082977532 
    0    1    0    1    2    1    2    0    5    1    5    1 -0.0046630251 -0.0050983065 
    0    1    0    1    2    1    2    1    5    0    5    0 0.2113652726 0.0000000000 
    0    1    0    1    2    1    2    1    5    0    5    1 0.0007650248 -0.0245734627 
    0    1    0    1    2    1    2    1    5    1    5    0 0.0007650248 0.0245734627 
    0    1    0    1    2    1    2    1    5    1    5    1 0.0874410498 0.0000000000 
    0    0    0    0    2    0    2    0    6    0    6    0 0.1110857921 0.0000000000 
    0    0    0    0    2    0    2    0    6    0    6    1 0.0162150962 -0.0059384356 
    0    0    0    0    2    0    2    0    6    1    6    0 0.0162150962 0.0059384356 
    0    0    0    0    2    0    2    0    6    1    6    1 0.0723351588 0.0000000000 
    0    0    0    0    2    0    2    1    6    0    6    0 -0.0043520879 -0.0027029789 
    0    0    0    0    2    0    2    1    6    0    6    1 -0.0313776991 -0.0028110831 
    0    0    0    0    2    0    2    1    6    1    6    0 0.0216294270 0.0027878976 
    0    0    0    0    2    0    2    1    6    1    6    1 -0.0009910828 0.0039473503 
    0    0    0    0    2    1    2    0    6    0    6    0 -0.0043520879 0.0027029789 
    0    0    0    0    2    1    2    0    6    0    6    1 0.0216294270 -0.0027878976 
    0    0    0    0    2    1    2    0    6    1    6    0 -0.0313776991 0.0028110831 
    0    0    0    0    2    1    2    0    6    1    6    1 -0.0009910828 -0.0039473503 
    0    0    0    0    2    1    2    1    6    0    6    0 0.1754335888 0.0000000000 
    0    0    0    0    2    1    2    1    6    0    6    1 0.0114345207 0.0256209032 
    0    0    0    0    2    1    2    1    6    1    6    0 0.0114345207 -0.0256209032 
    0    0    0    0    2    1    2    1    6    1    6    1 0.1279451731 0.0000000000 
    0    0    0    1    2    0    2    0    6    0    6    0 -0.0004340572 -0.0127467579 
    0    0    0    1    2    0    2    0    6    0    6    1 -0.0126250346 -0.0003111910 
    0    0    0    1    2    0    2    0    6    1    6    0 -0.0000428348 -0.0103740355 
    0    0    0    1    2    0    2    0    6    1    6    1 -0.0034403089 -0.0072764512 
    0    0    0    1    2    0    2    1    6    0    6    0 -0.0241832615 -0.0028815094 
    0    0    0    1    2    0    2    1    6    0    6    1 -0.0064634165 -0.0009653009 
    0    0    0    1    2    0    2    1    6    1    6    0 0.0122036535 0.0133669482 
    0    0    0    1    2    0    2    1    6    1    6    1 -0.0174109795 -0.0021639514 
    0    0    0    1    2    1    2    0    6    0    6    0 0.0142185966 -0.0101454005 
    0    0    0    1    2    1    2    0    6    0    6    1 -0.0089366898 0.0009623428 
    0    0    0    1    2    1    2    0    6    1    6    0 0.0062599776 0.0151482698 
    0    0    0    1    2    1    2    0    6    1    6    1 0.0465806728 -0.0108629592 
    0    0    0    1    2    1    2    1    6    0    6    0 0.0003748090 0.0521206394 
    0    0    0    1    2    1    2    1    6    0    6    1 -0.0369489503 0.0311698942 
    0    0    0    1    2    1    2    1    6    1    6    0 0.0188615069 0.0211070536 
    0    0    0    1    2    1    2    1    6    1    6    1 0.0060848733 0.0569038395 
    0    1    0    0    2    0    2    0    6    0    6    0 -0.0004340572 0.0127467579 
    0    1    0    0    2    0    2    0    6    0    6    1 -0.0000428348 0.0103740355 
    0    1    0    0    2    0    2    0    6    1    6    0 -0.0126250346 0.0003111910 
    0    1    0    0    2    0    2    0    6    1    6    1 -0.0034403089 0.0072764512 
    0    1    0    0    2    0    2    1    6    0    6    0 0.0142185966 0.0101454005 
    0    1    0    0    2    0    2    1    6    0    6    1 0.0062599776 -0.0151482698 
    0    1    0    0    2    0    2    1    6    1    6    0 -0.0089366898 -0.0009623428 
    0    1    0    0    2    0    2    1    6    1    6    1 0.0465806728 0.0108629592 
    0    1    0    0    2    1    2    0    6    0    6    0 -0.0241832615 0.0028815094 
    0    1    0    0    2    1    2    0    6    0    6    1 0.0122036535 -0.0133669482 
    0    1    0    0    2    1    2    0    6    1    6    0 -0.0064634165 0.0009653009 
    0    1    0    0    2    1    2    0    6    1    6    1 -0.0174109795 0.0021639514 
    0    1    0    0    2    1    2    1    6    0    6    0 0.0003748090 -0.0521206394 
    0    1    0    0    2    1    2    1    6    0    6    1 0.0188615069 -0.0211070536 
    0    1    0    0    2    1    2    1    6    1    6    0 -0.0369489503 -0.0311698942 
    0    1    0    0    2    1    2    1    6    1    6    1 0.0060848733 -0.0569038395 
    0    1    0    1    2    0    2    0    6    0    6    0 0.1107035186 0.0000000000 
    0    1    0    1    2    0    2    0    6    0    6    1 0.0241894093 -0.0026321742 
    0    1    0    1    2    0    2    0    6    1    6    0 0.0241894093 0.0026321742 
    0    1    0    1    2    0    2    0    6    1    6    1 0.1036904462 0.0000000000 
    0    1    0    1    2    0    2    1    6    0    6    0 -0.0335314556 0.0044582827 
    0    1    0    1    2    0    2    1    6    0    6    1 -0.0311719490 -0.0115665682 
    0    1    0    1    2    0    2    1    6    1    6    0 0.0068563433 0.0115433825 
    0    1    0    1    2    0    2    1    6    1    6    1 -0.0471832206 0.0013345684 
    0    1    0    1    2    1    2    0    6    0    6    0 -0.0335314556 -0.0044582827 
    0    1    0    1    2    1    2    0    6    0    6    1 0.0068563433 -0.0115433825 
    0    1    0    1    2    1    2    0    6    1    6    0 -0.0311719490 0.0115665682 
    0    1    0    1    2    1    2    0    6    1    6    1 -0.0471832206 -0.0013345684 
    0    1    0    1    2    1    2    1    6    0    6    0 0.1489472935 0.0000000000 
    0    1    0    1    2    1    2    1    6    0    6    1 0.0225082826 0.0265756808 
    0    1    0    1    2    1    2    1    6    1    6    0 0.0225082826 -0.0265756808 
    0    1    0    1    2    1    2    1    6    1    6    1 0.1498590289 0.0000000000 
    0    0    0    0    2    0    2    0    7    0    7    0 0.0642672182 0.0000000000 
    0    0    0    0    2    0    2    0    7    0    7    1 -0.0162279399 -0.0266250497 
    0    0    0    0    2    0    2    0    7    1    7    0 -0.0162279399 0.0266250497 
    0    0    0    0    2    0    2    0    7    1    7    1 0.1191537327 0.0000000000 
    0    0    0    0    2    0    2    1    7    0    7    0 -0.0011724510 -0.0004507673 
    0    0    0    0    2    0    2    1    7    0    7    1 0.0049874047 -0.0047408987 
    0    0    0    0    2    0    2    1    7    1    7    0 0.0115770063 0.0225993340 
    0    0    0    0    2    0    2    1    7    1    7    1 -0.0041707197 0.0016951387 
    0    0    0    0    2    1    2    0    7    0    7    0 -0.0011724510 0.0004507673 
    0    0    0    0    2    1    2    0    7    0    7    1 0.0115770063 -0.0225993340 
    0    0    0    0    2    1    2    0    7    1    7    0 0.0049874047 0.0047408987 
    0    0    0    0    2    1    2    0    7    1    7    1 -0.0041707197 -0.0016951387 
    0    0    0    0    2    1    2    1    7    0    7    0 0.2372215832 0.0000000000 
    0    0    0    0    2    1    2    1    7    0    7    1 -0.0115701388 0.0354908260 
    0    0    0    0    2    1    2    1    7    1    7    0 -0.0115701388 -0.0354908260 
    0    0    0    0    2    1    2    1    7    1    7    1 0.0661571787 0.0000000000 
    0    0    0    1    2    0    2    0    7    0    7    0 0.0002256398 0.0060062672 
    0    0    0    1    2    0    2    0    7    0    7    1 -0.0119136152 0.0107122511 
    0    0    0    1    2    0    2    0    7    1    7    0 0.0238441912 0.0020008725 
    0    0    0    1    2    0    2    0    7    1    7    1 -0.0041000059 -0.0260294763 
    0    0    0    1    2    0    2    1    7    0    7    0 -0.0255773489 -0.0027321876 
    0    0    0    1    2    0    2    1    7    0    7    1 -0.0046193708 -0.0044575394 
    0    0    0    1    2    0    2    1    7    1    7    0 0.0053186732 -0.0203355194 
    0    0    0    1    2    0    2    1    7    1    7    1 -0.0160168922 -0.0023132732 
    0    0    0    1    2    1    2    0    7    0    7    0 0.0478313970 -0.0218775783 
    0    0    0    1    2    1    2    0    7    0    7    1 0.0143367831 -0.0297145367 
    0    0    0    1    2    1    2    0    7    1    7    0 -0.0019857637 -0.0043239318 
    0    0    0    1    2    1    2    0    7    1    7    1 0.0129678724 0.0008692185 
    0    0    0    1    2    1    2    1    7    0    7    0 0.0078679053 0.1056337634 
    0    0    0    1    2    1    2    1    7    0    7    1 -0.0189738108 -0.0129306856 
    0    0    0    1    2    1    2    1    7    1    7    0 0.0385799723 -0.0241278418 
    0    0    0    1    2    1    2    1    7    1    7    1 -0.0014082231 0.0033907155 
    0    1    0    0    2    0    2    0    7    0    7    0 0.0002256398 -0.0060062672 
    0    1    0    0    2    0    2    0    7    0    7    1 0.0238441912 -0.0020008725 
    0    1    0    0    2    0    2    0    7    1    7    0 -0.0119136152 -0.0107122511 
    0    1    0    0    2    0    2    0    7    1    7    1 -0.0041000059 0.0260294763 
    0    1    0    0    2    0    2    1    7    0    7    0 0.0478313970 0.0218775783 
    0    1    0    0    2    0    2    1    7    0    7    1 -0.0019857637 0.0043239318 
    0    1    0    0    2    0    2    1    7    1    7    0 0.0143367831 0.0297145367 
    0    1    0    0    2    0    2    1    7    1    7    1 0.0129678724 -0.0008692185 
    0    1    0    0    2    1    2    0    7    0    7    0 -0.0255773489 0.0027321876 
    0    1    0    0    2    1    2    0    7    0    7    1 0.0053186732 0.0203355194 
    0    1    0    0    2    1    2    0    7    1    7    0 -0.0046193708 0.0044575394 
    0    1    0    0    2    1    2    0    7    1    7    1 -0.0160168922 0.0023132732 
    0    1    0    0    2    1    2    1    7    0    7    0 0.0078679053 -0.1056337634 
    0    1    0    0    2    1    2    1    7    0    7    1 0.0385799723 0.0241278418 
    0    1    0    0    2    1    2    1    7    1    7    0 -0.0189738108 0.0129306856 
    0    1    0    0    2    1    2    1    7    1    7    1 -0.0014082231 -0.0033907155 
    0    1    0    1    2    0    2    0    7    0    7    0 0.0662881147 0.0000000000 
    0    1    0    1    2    0    2    0    7    0    7    1 -0.0215061805 -0.0238943631 
    0    1    0    1    2    0    2    0    7    1    7    0 -0.0215061805 0.0238943631 
    0    1    0    1    2    0    2    0    7    1    7    1 0.1481058501 0.0000000000 
    0    1    0    1    2    0    2    1    7    0    7    0 -0.0366401005 0.0122088127 
    0    1    0    1    2    0    2    1    7    0    7    1 0.0164706009 -0.0047408964 
    0    1    0    1    2    0    2    1    7    1    7    0 0.0125237230 0.0225993276 
    0    1    0    1    2    0    2    1    7    1    7    1 -0.0440745757 -0.0064159616 
    0    1    0    1    2    1    2    0    7    0    7    0 -0.0366401005 -0.0122088127 
    0    1    0    1    2    1    2    0    7    0    7    1 0.0125237230 -0.0225993276 
    0    1    0    1    2    1    2    0    7    1    7    0 0.0164706009 0.0047408964 
    0    1    0    1    2    1    2    0    7    1    7    1 -0.0440745757 0.0064159616 
    0    1    0    1    2    1    2    1    7    0    7    0 0.2306603759 0.0000000000 
    0    1    0    1    2    1    2    1    7    0    7    1 -0.0203187786 0.0156400506 
    0    1    0    1    2    1    2    1    7    1    7    0 -0.0203187786 -0.0156400506 
    0    1    0    1    2    1    2    1    7    1    7    1 0.0681459465 0.0000000000 
    0    0    0    0    3    0    3    0    4    0    4    0 0.0842797568 0.0000000000 
    0    0    0    0    3    0    3    0    4    0    4    1 -0.0070288593 0.0032826957 
    0    0    0    0    3    0    3    0    4    1    4    0 -0.0070288593 -0.0032826957 
    0    0    0    0    3    0    3    0    4    1    4    1 0.1080325485 0.0000000000 
    0    0    0    0    3    0    3    1    4    0    4    0 0.0132249339 -0.0337081824 
    0    0    0    0    3    0    3    1    4    0    4    1 -0.0564097962 -0.0038833480 
    0    0    0    0    3    0    3    1    4    1    4    0 -0.0056123737 0.0160324901 
    0    0    0    0    3    0    3    1    4    1    4    1 -0.0210717029 -0.0197943316 
    0    0    0    0    3    1    3    0    4    0    4    0 0.0132249339 0.0337081824 
    0    0    0    0    3    1    3    0    4    0    4    1 -0.0056123737 -0.0160324901 
    0    0    0    0    3    1    3    0    4    1    4    0 -0.0564097962 0.0038833480 
    0    0    0    0    3    1    3    0    4    1    4    1 -0.0210717029 0.0197943316 
    0    0    0    0    3    1    3    1    4    0    4    0 0.1201815278 0.0000000000 
    0    0    0    0    3    1    3    1    4    0    4    1 0.0281179326 -0.0155090192 
    0    0    0    0    3    1    3    1    4    1    4    0 0.0281179326 0.0155090192 
    0    0    0    0    3    1    3    1    4    1    4    1 0.1743058796 0.0000000000 
    0    0    0    1    3    0    3    0    4    0    4    0 0.0022567493 0.0305849349 
    0    0    0    1    3    0    3    0    4    0    4    1 0.0334116349 -0.0150910808 
    0    0    0    1    3    0    3    0    4    1    4    0 -0.0106807146 -0.0135622997 
    0    0    0    1    3    0    3    0    4    1    4    1 0.0354201928 0.0181629642 
    0    0    0    1    3    0    3    1    4    0    4    0 0.0676244629 0.0198659406 
    0    0    0    1    3    0    3    1    4    0    4    1 -0.0109227039 0.0017764526 
    0    0    0    1    3    0    3    1    4    1    4    0 -0.0083208181 0.0047211019 
    0    0    0    1    3    0    3    1    4    1    4    1 0.0617684873 0.0032557826 
    0    0    0    1    3    1    3    0    4    0    4    0 -0.0601274452 -0.0070410978 
    0    0    0    1    3    1    3    0    4    0    4    1 -0.0168033382 -0.0169442984 
    0    0    0    1    3    1    3    0    4    1    4    0 -0.0183108668 -0.0148185387 
    0    0    0    1    3    1    3    0    4    1    4    1 -0.1173970439 0.0057276095 
    0    0    0    1    3    1    3    1    4    0    4    0 -0.0057047126 0.0283413963 
    0    0    0    1    3    1    3    1    4    0    4    1 -0.0151754694 -0.0250699906 
    0    0    0    1    3    1    3    1    4    1    4    0 -0.0621185388 -0.0235412165 
    0    0    0    1    3    1    3    1    4    1    4    1 -0.0293869134 0.0119119744 
    0    1    0    0    3    0    3    0    4    0    4    0 0.0022567493 -0.0305849349 
    0    1    0    0    3    0    3    0    4    0    4    1 -0.0106807146 0.0135622997 
    0    1    0    0    3    0    3    0    4    1    4    0 0.0334116349 0.0150910808 
    0    1    0    0    3    0    3    0    4    1    4    1 0.0354201928 -0.0181629642 
    0    1    0    0    3    0    3    1    4    0    4    0 -0.0601274452 0.0070410978 
    0    1    0    0    3    0    3    1    4    0    4    1 -0.0183108668 0.0148185387 
    0    1    0    0    3    0    3    1    4    1    4    0 -0.0168033382 0.0169442984 
    0    1    0    0    3    0    3    1    4    1    4    1 -0.1173970439 -0.0057276095 
    0    1    0    0    3    1    3    0    4    0    4    0 0.0676244629 -0.0198659406 
    0    1    0    0    3    1    3    0    4    0    4    1 -0.0083208181 -0.0047211019 
    0    1    0    0    3    1    3    0    4    1    4    0 -0.0109227039 -0.0017764526 
    0    1    0    0    3    1    3    0    4    1    4    1 0.0617684873 -0.0032557826 
    0    1    0    0    3    1    3    1    4    0    4    0 -0.0057047126 -0.0283413963 
    0    1    0    0    3    1    3    1    4    0    4    1 -0.0621185388 0.0235412165 
    0    1    0    0    3    1    3    1    4    1    4    0 -0.0151754694 0.0250699906 
    0    1    0    0    3    1    3    1    4    1    4    1 -0.0293869134 -0.0119119744 
    0    1    0    1    3    0    3    0    4    0    4    0 0.0979948328 0.0000000000 
    0    1    0    1    3    0    3    0    4    0    4    1 0.0182276209 0.0130859395 
    0    1    0    1    3    0    3    0    4    1    4    0 0.0182276209 -0.0130859395 
    0    1    0    1    3    0    3    0    4    1    4    1 0.1680245969 0.0000000000 
    0    1    0    1    3    0    3    1    4    0    4    0 0.0387399696 -0.0276201520 
    0    1    0    1    3    0    3    1    4    0    4    1 -0.0085286744 0.0171128254 
    0    1    0    1    3    0    3    1    4    1    4    0 0.0339854905 0.0370286633 
    0    1    0    1    3    0    3    1    4    1    4    1 0.0615971310 -0.0148985258 
    0    1    0    1    3    1    3    0    4    0    4    0 0.0387399696 0.0276201520 
    0    1    0    1    3    1    3    0    4    0    4    1 0.0339854905 -0.0370286633 
    0    1    0    1    3    1    3    0    4    1    4    0 -0.0085286744 -0.0171128254 
    0    1    0    1    3    1    3    0    4    1    4    1 0.0615971310 0.0148985258 
    0    1    0    1    3    1    3    1    4    0    4    0 0.1253752240 0.0000000000 
    0    1    0    1    3    1    3    1    4    0    4    1 -0.0201900797 -0.0019342449 
    0    1    0    1    3    1    3    1    4    1    4    0 -0.0201900797 0.0019342449 
    0    1    0    1    3    1    3    1    4    1    4    1 0.1218056336 0.0000000000 
    0    0    0    0    3    0    3    0    5    0    5    0 0.0476483982 0.0000000000 
    0    0    0    0    3    0    3    0    5    0    5    1 0.0059996968 -0.0009212771 
    0    0    0    0    3    0    3    0    5    1    5    0 0.0059996968 0.0009212771 
    0    0    0    0    3    0    3    0    5    1    5    1 0.1446639070 0.0000000000 
    0    0    0    0    3    0    3    1    5    0    5    0 -0.0003643407 -0.0137818277 
    0    0    0    0    3    0    3    1    5    0    5    1 0.0107370552 -0.0176839861 
    0    0    0    0    3    0    3    1    5    1    5    0 0.0462476623 -0.0085264349 
    0    0    0    0    3    0    3    1    5    1    5    1 -0.0074824283 -0.0397206863 
    0    0    0    0    3    1    3    0    5    0    5    0 -0.0003643407 0.0137818277 
    0    0    0    0    3    1    3    0    5    0    5    1 0.0462476623 0.0085264349 
    0    0    0    0    3    1    3    0    5    1    5    0 0.0107370552 0.0176839861 
    0    0    0    0    3    1    3    0    5    1    5    1 -0.0074824283 0.0397206863 
    0    0    0    0    3    1    3    1    5    0    5    0 0.0756707496 0.0000000000 
    0    0    0    0    3    1    3    1    5    0    5    1 -0.0271472072 -0.0174196055 
    0    0    0    0    3    1    3    1    5    1    5    0 -0.0271472072 0.0174196055 
    0    0    0    0    3    1    3    1    5    1    5    1 0.2188166579 0.0000000000 
    0    0    0    1    3    0    3    0    5    0    5    0 0.0151639010 0.0207841027 
    0    0    0    1    3    0    3    0    5    0    5    1 0.0065111521 0.0039554131 
    0    0    0    1    3    0    3    0    5    1    5    0 -0.0496458531 0.0479692628 
    0    0    0    1    3    0    3    0    5    1    5    1 0.0225130411 0.0279637964 
    0    0    0    1    3    0    3    1    5    0    5    0 0.0578651537 0.0128200398 
    0    0    0    1    3    0    3    1    5    0    5    1 0.0013688812 -0.0108692349 
    0    0    0    1    3    0    3    1    5    1    5    0 0.0333891697 0.0239865564 
    0    0    0    1    3    0    3    1    5    1    5    1 0.0715277965 0.0103016834 
    0    0    0    1    3    1    3    0    5    0    5    0 -0.0968218269 0.0006024340 
    0    0    0    1    3    1    3    0    5    0    5    1 0.0108888401 0.0052640452 
    0    0    0    1    3    1    3    0    5    1    5    0 0.0365500866 0.0330907645 
    0    0    0    1    3    1    3    0    5    1    5    1 -0.0807026621 -0.0019159224 
    0    0    0    1    3    1    3    1    5    0    5    0 -0.0169199688 0.0182246150 
    0    0    0    1    3    1    3    1    5    0    5    1 0.0398148267 0.0099681834 
    0    0    0    1    3    1    3    1    5    1    5    0 0.0375649265 0.0648897550 
    0    0    0    1    3    1    3    1    5    1    5    1 -0.0181716572 0.0220287557 
    0    1    0    0    3    0    3    0    5    0    5    0 0.0151639010 -0.0207841027 
    0    1    0    0    3    0    3    0    5    0    5    1 -0.0496458531 -0.0479692628 
    0    1    0    0    3    0    3    0    5    1    5    0 0.0065111521 -0.0039554131 
    0    1    0    0    3    0    3    0    5    1    5    1 0.0225130411 -0.0279637964 
    0    1    0    0    3    0    3    1    5    0    5    0 -0.0968218269 -0.0006024340 
    0    1    0    0    3    0    3    1    5    0    5    1 0.0365500866 -0.0330907645 
    0    1    0    0    3    0    3    1    5    1    5    0 0.0108888401 -0.0052640452 
    0    1    0    0    3    0    3    1    5    1    5    1 -0.0807026621 0.0019159224 
    0    1    0    0    3    1    3    0    5    0    5    0 0.0578651537 -0.0128200398 
    0    1    0    0    3    1    3    0    5    0    5    1 0.0333891697 -0.0239865564 
    0    1    0    0    3    1    3    0    5    1    5    0 0.0013688812 0.0108692349 
    0    1    0    0    3    1    3    0    5    1    5    1 0.0715277965 -0.0103016834 
    0    1    0    0    3    1    3    1    5    0    5    0 -0.0169199688 -0.0182246150 
    0    1    0    0    3    1    3    1    5    0    5    1 0.0375649265 -0.0648897550 
    0    1    0    0    3    1    3    1    5    1    5    0 0.0398148267 -0.0099681834 
    0    1    0    0    3    1    3    1    5    1    5    1 -0.0181716572 -0.0220287557 
    0    1    0    1    3    0    3    0    5    0    5    0 0.2055627892 0.0000000000 
    0    1    0    1    3    0    3    0    5    0    5    1 -0.0122821542 0.0110478964 
    0    1    0    1    3    0    3    0    5    1    5    0 -0.0122821542 -0.0110478964 
    0    1    0    1    3    0    3    0    5    1    5    1 0.0604566405 0.0000000000 
    0    1    0    1    3    0    3    1    5    0    5    0 0.0842952595 -0.0279829515 
    0    1    0    1    3    0    3    1    5    0    5    1 -0.0295557282 -0.0353027742 
    0    1    0    1    3    0    3    1    5    1    5    0 0.0033263210 -0.0157513935 
    0    1    0    1    3    0    3    1    5    1    5    1 0.0160418411 -0.0145357263 
    0    1    0    1    3    1    3    0    5    0    5    0 0.0842952595 0.0279829515 
    0    1    0    1    3    1    3    0    5    0    5    1 0.0033263210 0.0157513935 
    0    1    0    1    3    1    3    0    5    1    5    0 -0.0295557282 0.0353027742 
    0    1    0    1    3    1    3    0    5    1    5    1 0.0160418411 0.0145357263 
    0    1    0    1    3    1    3    1    5    0    5    0 0.1791398467 0.0000000000 
    0    1    0    1    3    1    3    1    5    0    5    1 0.0122524755 -0.0324286199 
    0    1    0    1    3    1    3    1    5    1    5    0 0.0122524755 0.0324286199 
    0    1    0    1    3    1    3    1    5    1    5    1 0.0680410109 0.0000000000 
    0    0    0    0    3    0    3    0    6    0    6    0 0.0720134667 0.0000000000 
    0    0    0    0    3    0    3    0    6    0    6    1 0.0046046198 0.0022216046 
    0    0    0    0    3    0    3    0    6    1    6    0 0.0046046198 -0.0022216046 
    0    0    0    0    3    0    3    0    6    1    6    1 0.1202988386 0.0000000000 
    0    0    0    0    3    0    3    1    6    0    6    0 -0.0017578174 -0.0245903525 
    0    0    0    0    3    0    3    1    6    0    6    1 0.0175642017 -0.0030839131 
    0    0    0    0    3    0    3    1    6    1    6    0 -0.0229763224 -0.0277524368 
    0    0    0    0    3    0    3    1    6    1    6    1 -0.0060889516 -0.0289121615 
    0    0    0    0    3    1    3    0    6    0    6    0 -0.0017578174 0.0245903525 
    0    0    0    0    3    1    3    0    6    0    6    1 -0.0229763224 0.0277524368 
    0    0    0    0    3    1    3    0    6    1    6    0 0.0175642017 0.0030839131 
    0    0    0    0    3    1    3    0    6    1    6    1 -0.0060889516 0.0289121615 
    0    0    0    0    3    1    3    1    6    0    6    0 0.2145059141 0.0000000000 
    0    0    0    0    3    1    3    1    6    0    6    1 0.0230449971 0.0174608630 
    0    0    0    0    3    1    3    1    6    1    6    0 0.0230449971 -0.0174608630 
    0    0    0    0    3    1    3    1    6    1    6    1 0.0799814933 0.0000000000 
    0    0    0    1    3    0    3    0    6    0    6    0 0.0163681620 0.0131730443 
    0    0    0    1    3    0    3    0    6    0    6    1 -0.0278312163 0.0243791261 
    0    0    0    1    3    0    3    0    6    1    6    0 0.0140227249 0.0091193690 
    0    0    0    1    3    0    3    0    6    1    6    1 0.0213087802 0.0355748548 
    0    0    0    1    3    0    3    1    6    0    6    0 0.0805572485 0.0103016831 
    0    0    0    1    3    0    3    1    6    0    6    1 0.0111481450 0.0095291063 
    0    0    0    1    3    0    3    1    6    1    6    0 -0.0037430836 -0.0238279127 
    0    0    0    1    3    0    3    1    6    1    6    1 0.0488357017 0.0128200402 
    0    0    0    1    3    1    3    0    6    0    6    0 -0.0824520143 0.0006024338 
    0    0    0    1    3    1    3    0    6    0    6    1 -0.0270624524 -0.0127556853 
    0    0    0    1    3    1    3    0    6    1    6    0 -0.0156930893 -0.0119324150 
    0    0    0    1    3    1    3    0    6    1    6    1 -0.0950724748 -0.0019159221 
    0    0    0    1    3    1    3    1    6    0    6    0 -0.0164274102 0.0262008373 
    0    0    0    1    3    1    3    1    6    0    6    1 -0.0217427686 0.0064795771 
    0    0    0    1    3    1    3    1    6    1    6    0 0.0047959471 0.0016136491 
    0    0    0    1    3    1    3    1    6    1    6    1 -0.0186642158 0.0140525334 
    0    1    0    0    3    0    3    0    6    0    6    0 0.0163681620 -0.0131730443 
    0    1    0    0    3    0    3    0    6    0    6    1 0.0140227249 -0.0091193690 
    0    1    0    0    3    0    3    0    6    1    6    0 -0.0278312163 -0.0243791261 
    0    1    0    0    3    0    3    0    6    1    6    1 0.0213087802 -0.0355748548 
    0    1    0    0    3    0    3    1    6    0    6    0 -0.0824520143 -0.0006024338 
    0    1    0    0    3    0    3    1    6    0    6    1 -0.0156930893 0.0119324150 
    0    1    0    0    3    0    3    1    6    1    6    0 -0.0270624524 0.0127556853 
    0    1    0    0    3    0    3    1    6    1    6    1 -0.0950724748 0.0019159221 
    0    1    0    0    3    1    3    0    6    0    6    0 0.0805572485 -0.0103016831 
    0    1    0    0    3    1    3    0    6    0    6    1 -0.0037430836 0.0238279127 
    0    1    0    0    3    1    3    0    6    1    6    0 0.0111481450 -0.0095291063 
    0    1    0    0    3    1    3    0    6    1    6    1 0.0488357017 -0.0128200402 
    0    1    0    0    3    1    3    1    6    0    6    0 -0.0164274102 -0.0262008373 
    0    1    0    0    3    1    3    1    6    0    6    1 0.0047959471 -0.0016136491 
    0    1    0    0    3    1    3    1    6    1    6    0 -0.0217427686 -0.0064795771 
    0    1    0    0    3    1    3    1    6    1    6    1 -0.0186642158 -0.0140525334 
    0    1    0    1    3    0    3    0    6    0    6    0 0.0772064956 0.0000000000 
    0    1    0    1    3    0    3    0    6    0    6    1 0.0272589544 -0.0050505449 
    0    1    0    1    3    0    3    0    6    1    6    0 0.0272589544 0.0050505449 
    0    1    0    1    3    0    3    0    6    1    6    1 0.1888129341 0.0000000000 
    0    1    0    1    3    0    3    1    6    0    6    0 0.0433410862 -0.0191729795 
    0    1    0    1    3    0    3    1    6    0    6    1 0.0224906193 -0.0000553638 
    0    1    0    1    3    0    3    1    6    1    6    0 -0.0075134280 -0.0537142409 
    0    1    0    1    3    0    3    1    6    1    6    1 0.0569960144 -0.0233456982 
    0    1    0    1    3    1    3    0    6    0    6    0 0.0433410862 0.0191729795 
    0    1    0    1    3    1    3    0    6    0    6    1 -0.0075134280 0.0537142409 
    0    1    0    1    3    1    3    0    6    1    6    0 0.0224906193 0.0000553638 
    0    1    0    1    3    1    3    0    6    1    6    1 0.0569960144 0.0233456982 
    0    1    0    1    3    1    3    1    6    0    6    0 0.1824443166 0.0000000000 
    0    1    0    1    3    1    3    1    6    0    6    1 0.0194387376 0.0289940514 
    0    1    0    1    3    1    3    1    6    1    6    0 0.0194387376 -0.0289940514 
    0    1    0    1    3    1    3    1    6    1    6    1 0.0647365410 0.0000000000 
    0    0    0    0    3    0    3    0    7    0    7    0 0.1174230857 0.0000000000 
    0    0    0    0    3    0    3    0    7    0    7    1 -0.0030071211 0.0043222662 
    0    0    0    0    3    0    3    0    7    1    7    0 -0.0030071211 -0.0043222662 
    0    0    0    0    3    0    3    0    7    1    7    1 0.0748892196 0.0000000000 
    0    0    0    0    3    0    3    1    7    0    7    0 -0.0068729041 -0.0594975465 
    0    0    0    0    3    0    3    1    7    0    7    1 0.0225505657 0.0163809433 
    0    0    0    0    3    0    3    1    7    1    7    0 -0.0304565582 -0.0030976826 
    0    0    0    0    3    0    3    1    7    1    7    1 -0.0009738649 0.0059950324 
    0    0    0    0    3    1    3    0    7    0    7    0 -0.0068729041 0.0594975465 
    0    0    0    0    3    1    3    0    7    0    7    1 -0.0304565582 0.0030976826 
    0    0    0    0    3    1    3    0    7    1    7    0 0.0225505657 -0.0163809433 
    0    0    0    0    3    1    3    0    7    1    7    1 -0.0009738649 -0.0059950324 
    0    0    0    0    3    1    3    1    7    0    7    0 0.1840657157 0.0000000000 
    0    0    0    0    3    1    3    1    7    0    7    1 -0.0247909577 0.0045435101 
    0    0    0    0    3    1    3    1    7    1    7    0 -0.0247909577 -0.0045435101 
    0    0    0    0    3    1    3    1    7    1    7    1 0.1104216917 0.0000000000 
    0    0    0    1    3    0    3    0    7    0    7    0 0.0247867062 0.0579088948 
    0    0    0    1    3    0    3    0    7    0    7    1 -0.0186904074 -0.0118110810 
    0    0    0    1    3    0    3    0    7    1    7    0 0.0322336027 -0.0217653490 
    0    0    0    1    3    0    3    0    7    1    7    1 0.0128902360 -0.0091609957 
    0    0    0    1    3    0    3    1    7    0    7    0 0.0741337807 0.0154729170 
    0    0    0    1    3    0    3    1    7    0    7    1 -0.0074928159 0.0070924832 
    0    0    0    1    3    0    3    1    7    1    7    0 -0.0087543995 0.0055912831 
    0    0    0    1    3    0    3    1    7    1    7    1 0.0552591695 0.0076488062 
    0    0    0    1    3    1    3    0    7    0    7    0 -0.1152492763 0.0078516568 
    0    0    0    1    3    1    3    0    7    0    7    1 0.0176783699 0.0170281388 
    0    0    0    1    3    1    3    0    7    1    7    0 0.0198871893 0.0147578008 
    0    0    0    1    3    1    3    0    7    1    7    1 -0.0622752128 -0.0091651452 
    0    0    0    1    3    1    3    1    7    0    7    0 -0.0166931611 0.0537311358 
    0    0    0    1    3    1    3    1    7    0    7    1 -0.0121970186 0.0095926465 
    0    0    0    1    3    1    3    1    7    1    7    0 0.0301905608 -0.0003616204 
    0    0    0    1    3    1    3    1    7    1    7    1 -0.0183984650 -0.0134777651 
    0    1    0    0    3    0    3    0    7    0    7    0 0.0247867062 -0.0579088948 
    0    1    0    0    3    0    3    0    7    0    7    1 0.0322336027 0.0217653490 
    0    1    0    0    3    0    3    0    7    1    7    0 -0.0186904074 0.0118110810 
    0    1    0    0    3    0    3    0    7    1    7    1 0.0128902360 0.0091609957 
    0    1    0    0    3    0    3    1    7    0    7    0 -0.1152492763 -0.0078516568 
    0    1    0    0    3    0    3    1    7    0    7    1 0.0198871893 -0.0147578008 
    0    1    0    0    3    0    3    1    7    1    7    0 0.0176783699 -0.0170281388 
    0    1    0    0    3    0    3    1    7    1    7    1 -0.0622752128 0.0091651452 
    0    1    0    0    3    1    3    0    7    0    7    0 0.0741337807 -0.0154729170 
    0    1    0    0    3    1    3    0    7    0    7    1 -0.0087543995 -0.0055912831 
    0    1    0    0    3    1    3    0    7    1    7    0 -0.0074928159 -0.0070924832 
    0    1    0    0    3    1    3    0    7    1    7    1 0.0552591695 -0.0076488062 
    0    1    0    0    3    1    3    1    7    0    7    0 -0.0166931611 -0.0537311358 
    0    1    0    0    3    1    3    1    7    0    7    1 0.0301905608 0.0003616204 
    0    1    0    0    3    1    3    1    7    1    7    0 -0.0121970186 -0.0095926465 
    0    1    0    0    3    1    3    1    7    1    7    1 -0.0183984650 0.0134777651 
    0    1    0    1    3    0    3    0    7    0    7    0 0.1607581844 0.0000000000 
    0    1    0    1    3    0    3    0    7    0    7    1 -0.0253740377 -0.0017025764 
    0    1    0    1    3    0    3    0    7    1    7    0 -0.0253740377 0.0017025764 
    0    1    0    1    3    0    3    0    7    1    7    1 0.1052612453 0.0000000000 
    0    1    0    1    3    0    3    1    7    0    7    0 0.0473044668 -0.0530368931 
    0    1    0    1    3    0    3    1    7    0    7    1 0.0059352037 0.0238935400 
    0    1    0    1    3    0    3    1    7    1    7    0 -0.0320930892 0.0044149188 
    0    1    0    1    3    0    3    1    7    1    7    1 0.0530326338 0.0105182153 
    0    1    0    1    3    1    3    0    7    0    7    0 0.0473044668 0.0530368931 
    0    1    0    1    3    1    3    0    7    0    7    1 -0.0320930892 -0.0044149188 
    0    1    0    1    3    1    3    0    7    1    7    0 0.0059352037 -0.0238935400 
    0    1    0    1    3    1    3    0    7    1    7    1 0.0530326338 -0.0105182153 
    0    1    0    1    3    1    3    1    7    0    7    0 0.1361903062 0.0000000000 
    0    1    0    1    3    1    3    1    7    0    7    1 -0.0164509213 -0.0065517361 
    0    1    0    1    3    1    3    1    7    1    7    0 -0.0164509213 0.0065517361 
    0    1    0    1    3    1    3    1    7    1    7    1 0.1109905514 0.0000000000 
    0    0    0    0    4    0    4    0    5    0    5    0 0.0653283287 0.0000000000 
    0    0    0    0    4    0    4    0    5    0    5    1 -0.0114015632 -0.0175150825 
    0    0    0    0    4    0    4    0    5    1    5    0 -0.0114015632 0.0175150825 
    0    0    0    0    4    0    4    0    5    1    5    1 0.1391329559 0.0000000000 
    0    0    0    0    4    0    4    1    5    0    5    0 0.0034284479 0.0044927098 
    0    0    0    0    4    0    4    1    5    0    5    1 -0.0784901437 -0.0029688719 
    0    0    0    0    4    0    4    1    5    1    5    0 -0.0226623473 -0.0071566877 
    0    0    0    0    4    0    4    1    5    1    5    1 0.0176606254 -0.0167190333 
    0    0    0    0    4    1    4    0    5    0    5    0 0.0034284479 -0.0044927098 
    0    0    0    0    4    1    4    0    5    0    5    1 -0.0226623473 0.0071566877 
    0    0    0    0    4    1    4    0    5    1    5    0 -0.0784901437 0.0029688719 
    0    0    0    0    4    1    4    0    5    1    5    1 0.0176606254 0.0167190333 
    0    0    0    0    4    1    4    1    5    0    5    0 0.0579908192 0.0000000000 
    0    0    0    0    4    1    4    1    5    0    5    1 -0.0097459472 -0.0008258001 
    0    0    0    0    4    1    4    1    5    1    5    0 -0.0097459472 0.0008258001 
    0    0    0    0    4    1    4    1    5    1    5    1 0.2243476089 0.0000000000 
    0    0    0    1    4    0    4    0    5    0    5    0 -0.0012871601 0.0266939870 
    0    0    0    1    4    0    4    0    5    0    5    1 0.0162290155 -0.0044467394 
    0    0    0    1    4    0    4    0    5    1    5    0 0.0153666200 0.0282278143 
    0    0    0    1    4    0    4    0    5    1    5    1 -0.0021608032 0.0322323442 
    0    0    0    1    4    0    4    1    5    0    5    0 0.0126228233 -0.0167061591 
    0    0    0    1    4    0    4    1    5    0    5    1 -0.0041047070 0.0010821766 
    0    0    0    1    4    0    4    1    5    1    5    0 0.0136060038 -0.0455999012 
    0    0    0    1    4    0    4    1    5    1    5    1 0.0056133422 -0.0234549122 
    0    0    0    1    4    1    4    0    5    0    5    0 -0.0385900892 -0.0354823299 
    0    0    0    1    4    1    4    0    5    0    5    1 -0.0017716242 0.0004919231 
    0    0    0    1    4    1    4    0    5    1    5    0 -0.0018407506 -0.0449167694 
    0    0    0    1    4    1    4    0    5    1    5    1 -0.0342091642 -0.0016211863 
    0    0    0    1    4    1    4    1    5    0    5    0 -0.0004689077 0.0123147307 
    0    0    0    1    4    1    4    1    5    0    5    1 0.0300969633 0.0183703360 
    0    0    0    1    4    1    4    1    5    1    5    0 -0.0274475467 0.0846312035 
    0    0    0    1    4    1    4    1    5    1    5    1 0.0065021871 0.0177602079 
    0    1    0    0    4    0    4    0    5    0    5    0 -0.0012871601 -0.0266939870 
    0    1    0    0    4    0    4    0    5    0    5    1 0.0153666200 -0.0282278143 
    0    1    0    0    4    0    4    0    5    1    5    0 0.0162290155 0.0044467394 
    0    1    0    0    4    0    4    0    5    1    5    1 -0.0021608032 -0.0322323442 
    0    1    0    0    4    0    4    1    5    0    5    0 -0.0385900892 0.0354823299 
    0    1    0    0    4    0    4    1    5    0    5    1 -0.0018407506 0.0449167694 
    0    1    0    0    4    0    4    1    5    1    5    0 -0.0017716242 -0.0004919231 
    0    1    0    0    4    0    4    1    5    1    5    1 -0.0342091642 0.0016211863 
    0    1    0    0    4    1    4    0    5    0    5    0 0.0126228233 0.0167061591 
    0    1    0    0    4    1    4    0    5    0    5    1 0.0136060038 0.0455999012 
    0    1    0    0    4    1    4    0    5    1    5    0 -0.0041047070 -0.0010821766 
    0    1    0    0    4    1    4    0    5    1    5    1 0.0056133422 0.0234549122 
    0    1    0    0    4    1    4    1    5    0    5    0 -0.0004689077 -0.0123147307 
    0    1    0    0    4    1    4    1    5    0    5    1 -0.0274475467 -0.0846312035 
    0    1    0    0    4    1    4    1    5    1    5    0 0.0300969633 -0.0183703360 
    0    1    0    0    4    1    4    1    5    1    5    1 0.0065021871 -0.0177602079 
    0    1    0    1    4    0    4    0    5    0    5    0 0.1840599498 0.0000000000 
    0    1    0    1    4    0    4    0    5    0    5    1 -0.0011623766 -0.0205606015 
    0    1    0    1    4    0    4    0    5    1    5    0 -0.0011623766 0.0205606015 
    0    1    0    1    4    0    4    0    5    1    5    1 0.0393101070 0.0000000000 
    0    1    0    1    4    0    4    1    5    0    5    0 -0.0044240575 0.0162692979 
    0    1    0    1    4    0    4    1    5    0    5    1 -0.0831797017 -0.0086484903 
    0    1    0    1    4    0    4    1    5    1    5    0 -0.0239967458 -0.0128363054 
    0    1    0    1    4    0    4    1    5    1    5    1 0.0024615987 -0.0051176032 
    0    1    0    1    4    1    4    0    5    0    5    0 -0.0044240575 -0.0162692979 
    0    1    0    1    4    1    4    0    5    0    5    1 -0.0239967458 0.0128363054 
    0    1    0    1    4    1    4    0    5    1    5    0 -0.0831797017 0.0086484903 
    0    1    0    1    4    1    4    0    5    1    5    1 0.0024615987 0.0051176032 
    0    1    0    1    4    1    4    1    5    0    5    0 0.2006426861 0.0000000000 
    0    1    0    1    4    1    4    1    5    0    5    1 0.0011326979 -0.0008201220 
    0    1    0    1    4    1    4    1    5    1    5    0 0.0011326979 0.0008201220 
    0    1    0    1    4    1    4    1    5    1    5    1 0.0891875444 0.0000000000 
    0    0    0    0    4    0    4    0    6    0    6    0 0.1261656074 0.0000000000 
    0    0    0    0    4    0    4    0    6    0    6    1 0.0168415944 0.0116454716 
    0    0    0    0    4    0    4    0    6    1    6    0 0.0168415944 -0.0116454716 
    0    0    0    0    4    0    4    0    6    1    6    1 0.0782956772 0.0000000000 
    0    0    0    0    4    0    4    1    6    0    6    0 0.0211635395 -0.0064184157 
    0    0    0    0    4    0    4    1    6    0    6    1 0.0282464418 -0.0009954817 
    0    0    0    0    4    0    4    1    6    1    6    0 -0.0102595454 0.0043885359 
    0    0    0    0    4    0    4    1    6    1    6    1 -0.0000744662 -0.0058079078 
    0    0    0    0    4    1    4    0    6    0    6    0 0.0211635395 0.0064184157 
    0    0    0    0    4    1    4    0    6    0    6    1 -0.0102595454 -0.0043885359 
    0    0    0    0    4    1    4    0    6    1    6    0 0.0282464418 0.0009954817 
    0    0    0    0    4    1    4    0    6    1    6    1 -0.0000744662 0.0058079078 
    0    0    0    0    4    1    4    1    6    0    6    0 0.1603537735 0.0000000000 
    0    0    0    0    4    1    4    1    6    0    6    1 0.0108080225 0.0080369960 
    0    0    0    0    4    1    4    1    6    1    6    0 0.0108080225 -0.0080369960 
    0    0    0    0    4    1    4    1    6    1    6    1 0.1219846547 0.0000000000 
    0    0    0    1    4    0    4    0    6    0    6    0 0.0034095894 0.0278335997 
    0    0    0    1    4    0    4    0    6    0    6    1 -0.0156037031 0.0103575885 
    0    0    0    1    4    0    4    0    6    1    6    0 -0.0011993165 0.0104382733 
    0    0    0    1    4    0    4    0    6    1    6    1 -0.0068575527 0.0310927315 
    0    0    0    1    4    0    4    1    6    0    6    0 -0.0081207898 -0.0244582785 
    0    0    0    1    4    0    4    1    6    0    6    1 -0.0003141533 -0.0162382457 
    0    0    0    1    4    0    4    1    6    1    6    0 -0.0133947311 0.0122366897 
    0    0    0    1    4    0    4    1    6    1    6    1 0.0263569554 -0.0157027929 
    0    0    0    1    4    1    4    0    6    0    6    0 -0.0498976632 -0.0229295028 
    0    0    0    1    4    1    4    0    6    0    6    1 0.0026976720 -0.0165522830 
    0    0    0    1    4    1    4    0    6    1    6    0 -0.0012345235 0.0111763005 
    0    0    0    1    4    1    4    0    6    1    6    1 -0.0229015902 -0.0141740135 
    0    0    0    1    4    1    4    1    6    0    6    0 -0.0034688376 0.0115402819 
    0    0    0    1    4    1    4    1    6    0    6    1 -0.0339702818 0.0205011147 
    0    0    0    1    4    1    4    1    6    1    6    0 0.0200179885 0.0002947448 
    0    0    0    1    4    1    4    1    6    1    6    1 0.0095021171 0.0185346567 
    0    1    0    0    4    0    4    0    6    0    6    0 0.0034095894 -0.0278335997 
    0    1    0    0    4    0    4    0    6    0    6    1 -0.0011993165 -0.0104382733 
    0    1    0    0    4    0    4    0    6    1    6    0 -0.0156037031 -0.0103575885 
    0    1    0    0    4    0    4    0    6    1    6    1 -0.0068575527 -0.0310927315 
    0    1    0    0    4    0    4    1    6    0    6    0 -0.0498976632 0.0229295028 
    0    1    0    0    4    0    4    1    6    0    6    1 -0.0012345235 -0.0111763005 
    0    1    0    0    4    0    4    1    6    1    6    0 0.0026976720 0.0165522830 
    0    1    0    0    4    0    4    1    6    1    6    1 -0.0229015902 0.0141740135 
    0    1    0    0    4    1    4    0    6    0    6    0 -0.0081207898 0.0244582785 
    0    1    0    0    4    1    4    0    6    0    6    1 -0.0133947311 -0.0122366897 
    0    1    0    0    4    1    4    0    6    1    6    0 -0.0003141533 0.0162382457 
    0    1    0    0    4    1    4    0    6    1    6    1 0.0263569554 0.0157027929 
    0    1    0    0    4    1    4    1    6    0    6    0 -0.0034688376 -0.0115402819 
    0    1    0    0    4    1    4    1    6    0    6    1 0.0200179885 -0.0002947448 
    0    1    0    0    4    1    4    1    6    1    6    0 -0.0339702818 -0.0205011147 
    0    1    0    0    4    1    4    1    6    1    6    1 0.0095021171 -0.0185346567 
    0    1    0    1    4    0    4    0    6    0    6    0 0.1197215223 0.0000000000 
    0    1    0    1    4    0    4    0    6    0    6    1 0.0221618208 0.0155276497 
    0    1    0    1    4    0    4    0    6    1    6    0 0.0221618208 -0.0155276497 
    0    1    0    1    4    0    4    0    6    1    6    1 0.1036485345 0.0000000000 
    0    1    0    1    4    0    4    1    6    0    6    0 -0.0072940952 0.0081950595 
    0    1    0    1    4    0    4    1    6    0    6    1 0.0199643026 0.0042116365 
    0    1    0    1    4    0    4    1    6    1    6    0 -0.0349753518 0.0095956530 
    0    1    0    1    4    0    4    1    6    1    6    1 0.0053316364 0.0029566351 
    0    1    0    1    4    1    4    0    6    0    6    0 -0.0072940952 -0.0081950595 
    0    1    0    1    4    1    4    0    6    0    6    1 -0.0349753518 -0.0095956530 
    0    1    0    1    4    1    4    0    6    1    6    0 0.0199643026 -0.0042116365 
    0    1    0    1    4    1    4    0    6    1    6    1 0.0053316364 -0.0029566351 
    0    1    0    1    4    1    4    1    6    0    6    0 0.1399292898 0.0000000000 
    0    1    0    1    4    1    4    1    6    0    6    1 0.0245358712 0.0084158569 
    0    1    0    1    4    1    4    1    6    1    6    0 0.0245358712 -0.0084158569 
    0    1    0    1    4    1    4    1    6    1    6    1 0.1499009406 0.0000000000 
    0    0    0    0    4    0    4    0    7    0    7    0 0.1254202475 0.0000000000 
    0    0    0    0    4    0    4    0    7    0    7    1 -0.0177370815 0.0173127537 
    0    0    0    0    4    0    4    0    7    1    7    0 -0.0177370815 -0.0173127537 
    0    0    0    0    4    0    4    0    7    1    7    1 0.0790410371 0.0000000000 
    0    0    0    0    4    0    4    1    7    0    7    0 0.0124653320 -0.0363012772 
    0    0    0    0    4    0    4    1    7    0    7    1 0.0467002532 -0.0120150568 
    0    0    0    0    4    0    4    1    7    1    7    0 -0.0764368109 0.0084789218 
    0    0    0    0    4    0    4    1    7    1    7    1 0.0086237413 0.0240749537 
    0    0    0    0    4    1    4    0    7    0    7    0 0.0124653320 0.0363012772 
    0    0    0    0    4    1    4    0    7    0    7    1 -0.0764368109 -0.0084789218 
    0    0    0    0    4    1    4    0    7    1    7    0 0.0467002532 0.0120150568 
    0    0    0    0    4    1    4    0    7    1    7    1 0.0086237413 -0.0240749537 
    0    0    0    0    4    1    4    1    7    0    7    0 0.1760685539 0.0000000000 
    0    0    0    0    4    1    4    1    7    0    7    1 -0.0100609972 -0.0084469774 
    0    0    0    0    4    1    4    1    7    1    7    0 -0.0100609972 0.0084469774 
    0    0    0    0    4    1    4    1    7    1    7    1 0.1062698742 0.0000000000 
    0    0    0    1    4    0    4    0    7    0    7    0 -0.0181991307 0.0604843433 
    0    0    0    1    4    0    4    0    7    0    7    1 -0.0060356466 -0.0068646884 
    0    0    0    1    4    0    4    0    7    1    7    0 0.0367858039 -0.0053080139 
    0    0    0    1    4    0    4    0    7    1    7    1 0.0147511674 -0.0015580121 
    0    0    0    1    4    0    4    1    7    0    7    0 0.0023109357 -0.0163242345 
    0    0    0    1    4    0    4    1    7    0    7    1 -0.0001750254 -0.0023463403 
    0    0    0    1    4    0    4    1    7    1    7    0 -0.0060018830 0.0029024359 
    0    0    0    1    4    0    4    1    7    1    7    1 0.0159252298 -0.0238368368 
    0    0    0    1    4    1    4    0    7    0    7    0 -0.0591272860 -0.0223080558 
    0    0    0    1    4    1    4    0    7    0    7    1 -0.0142693162 0.0032750567 
    0    0    0    1    4    1    4    0    7    1    7    0 -0.0151456932 -0.0007814955 
    0    0    0    1    4    1    4    0    7    1    7    1 -0.0136719675 -0.0147954604 
    0    0    0    1    4    1    4    1    7    0    7    0 0.0262926759 0.0511556873 
    0    0    0    1    4    1    4    1    7    0    7    1 -0.0248517794 0.0046462539 
    0    0    0    1    4    1    4    1    7    1    7    0 0.0256383597 -0.0168189554 
    0    0    0    1    4    1    4    1    7    1    7    1 -0.0202593964 -0.0210807487 
    0    1    0    0    4    0    4    0    7    0    7    0 -0.0181991307 -0.0604843433 
    0    1    0    0    4    0    4    0    7    0    7    1 0.0367858039 0.0053080139 
    0    1    0    0    4    0    4    0    7    1    7    0 -0.0060356466 0.0068646884 
    0    1    0    0    4    0    4    0    7    1    7    1 0.0147511674 0.0015580121 
    0    1    0    0    4    0    4    1    7    0    7    0 -0.0591272860 0.0223080558 
    0    1    0    0    4    0    4    1    7    0    7    1 -0.0151456932 0.0007814955 
    0    1    0    0    4    0    4    1    7    1    7    0 -0.0142693162 -0.0032750567 
    0    1    0    0    4    0    4    1    7    1    7    1 -0.0136719675 0.0147954604 
    0    1    0    0    4    1    4    0    7    0    7    0 0.0023109357 0.0163242345 
    0    1    0    0    4    1    4    0    7    0    7    1 -0.0060018830 -0.0029024359 
    0    1    0    0    4    1    4    0    7    1    7    0 -0.0001750254 0.0023463403 
    0    1    0    0    4    1    4    0    7    1    7    1 0.0159252298 0.0238368368 
    0    1    0    0    4    1    4    1    7    0    7    0 0.0262926759 -0.0511556873 
    0    1    0    0    4    1    4    1    7    0    7    1 0.0256383597 0.0168189554 
    0    1    0    0    4    1    4    1    7    1    7    0 -0.0248517794 -0.0046462539 
    0    1    0    0    4    1    4    1    7    1    7    1 -0.0202593964 0.0210807487 
    0    1    0    1    4    0    4    0    7    0    7    0 0.1493727926 0.0000000000 
    0    1    0    1    4    0    4    0    7    0    7    1 -0.0188764568 -0.0103774819 
    0    1    0    1    4    0    4    0    7    1    7    0 -0.0188764568 0.0103774819 
    0    1    0    1    4    0    4    0    7    1    7    1 0.0739972642 0.0000000000 
    0    1    0    1    4    0    4    1    7    0    7    0 -0.0023987485 -0.0150611829 
    0    1    0    1    4    0    4    1    7    0    7    1 0.0811040527 -0.0119226022 
    0    1    0    1    4    0    4    1    7    1    7    0 -0.0434608959 -0.0008062233 
    0    1    0    1    4    0    4    1    7    1    7    1 0.0004362898 0.0262128775 
    0    1    0    1    4    1    4    0    7    0    7    0 -0.0023987485 0.0150611829 
    0    1    0    1    4    1    4    0    7    0    7    1 -0.0434608959 0.0008062233 
    0    1    0    1    4    1    4    0    7    1    7    0 0.0811040527 0.0119226022 
    0    1    0    1    4    1    4    0    7    1    7    1 0.0004362898 -0.0262128775 
    0    1    0    1    4    1    4    1    7    0    7    0 0.1475756980 0.0000000000 
    0    1    0    1    4    1    4    1    7    0    7    1 -0.0229485022 0.0021231694 
    0    1    0    1    4    1    4    1    7    1    7    0 -0.0229485022 -0.0021231694 
    0    1    0    1    4    1    4    1    7    1    7    1 0.1422545324 0.0000000000 
    0    0    0    0    5    0    5    0    6    0    6    0 0.0611529124 0.0000000000 
    0    0    0    0    5    0    5    0    6    0    6    1 0.0099338354 0.0061017019 
    0    0    0    0    5    0    5    0    6    1    6    0 0.0099338354 -0.0061017019 
    0    0    0    0    5    0    5    0    6    1    6    1 0.0621662355 0.0000000000 
    0    0    0    0    5    0    5    1    6    0    6    0 -0.0188319018 -0.0195069567 
    0    0    0    0    5    0    5    1    6    0    6    1 0.0472114556 0.0086241263 
    0    0    0    0    5    0    5    1    6    1    6    0 -0.0836437099 0.0044363110 
    0    0    0    0    5    0    5    1    6    1    6    1 -0.0023156086 0.0011660741 
    0    0    0    0    5    1    5    0    6    0    6    0 -0.0188319018 0.0195069567 
    0    0    0    0    5    1    5    0    6    0    6    1 -0.0836437099 -0.0044363110 
    0    0    0    0    5    1    5    0    6    1    6    0 0.0472114556 -0.0086241263 
    0    0    0    0    5    1    5    0    6    1    6    1 -0.0023156086 -0.0011660741 
    0    0    0    0    5    1    5    1    6    0    6    0 0.2253664685 0.0000000000 
    0    0    0    0    5    1    5    1    6    0    6    1 0.0177157815 0.0135807657 
    0    0    0    0    5    1    5    1    6    1    6    0 0.0177157815 -0.0135807657 
    0    0    0    0    5    1    5    1    6    1    6    1 0.1381140964 0.0000000000 
    0    0    0    1    5    0    5    0    6    0    6    0 0.0183216061 0.0194895018 
    0    0    0    1    5    0    5    0    6    0    6    1 -0.0249556918 0.0066199553 
    0    0    0    1    5    0    5    0    6    1    6    0 0.0074988138 0.0089789861 
    0    0    0    1    5    0    5    0    6    1    6    1 -0.0200776739 0.0195192160 
    0    0    0    1    5    0    5    1    6    0    6    0 0.0327938089 0.0084760737 
    0    0    0    1    5    0    5    1    6    0    6    1 0.0053372965 0.0144439249 
    0    0    0    1    5    0    5    1    6    1    6    0 0.0107416165 -0.0174596814 
    0    0    0    1    5    0    5    1    6    1    6    1 0.0135321698 0.0054475228 
    0    0    0    1    5    1    5    0    6    0    6    0 0.0253216692 0.0694104168 
    0    0    0    1    5    1    5    0    6    0    6    1 0.0414997686 0.0202683882 
    0    0    0    1    5    1    5    0    6    1    6    0 0.0540815132 0.0096964088 
    0    0    0    1    5    1    5    0    6    1    6    1 -0.0374025959 0.0434486009 
    0    0    0    1    5    1    5    1    6    0    6    0 -0.0183808543 0.0198843798 
    0    0    0    1    5    1    5    1    6    0    6    1 -0.0246182932 0.0242387479 
    0    0    0    1    5    1    5    1    6    1    6    0 0.0113198582 0.0017540319 
    0    0    0    1    5    1    5    1    6    1    6    1 0.0227222382 0.0301081723 
    0    1    0    0    5    0    5    0    6    0    6    0 0.0183216061 -0.0194895018 
    0    1    0    0    5    0    5    0    6    0    6    1 0.0074988138 -0.0089789861 
    0    1    0    0    5    0    5    0    6    1    6    0 -0.0249556918 -0.0066199553 
    0    1    0    0    5    0    5    0    6    1    6    1 -0.0200776739 -0.0195192160 
    0    1    0    0    5    0    5    1    6    0    6    0 0.0253216692 -0.0694104168 
    0    1    0    0    5    0    5    1    6    0    6    1 0.0540815132 -0.0096964088 
    0    1    0    0    5    0    5    1    6    1    6    0 0.0414997686 -0.0202683882 
    0    1    0    0    5    0    5    1    6    1    6    1 -0.0374025959 -0.0434486009 
    0    1    0    0    5    1    5    0    6    0    6    0 0.0327938089 -0.0084760737 
    0    1    0    0    5    1    5    0    6    0    6    1 0.0107416165 0.0174596814 
    0    1    0    0    5    1    5    0    6    1    6    0 0.0053372965 -0.0144439249 
    0    1    0    0    5    1    5    0    6    1    6    1 0.0135321698 -0.0054475228 
    0    1    0    0    5    1    5    1    6    0    6    0 -0.0183808543 -0.0198843798 
    0    1    0    0    5    1    5    1    6    0    6    1 0.0113198582 -0.0017540319 
    0    1    0    0    5    1    5    1    6    1    6    0 -0.0246182932 -0.0242387479 
    0    1    0    0    5    1    5    1    6    1    6    1 0.0227222382 -0.0301081723 
    0    1    0    1    5    0    5    0    6    0    6    0 0.1904943408 0.0000000000 
    0    1    0    1    5    0    5    0    6    0    6    1 0.0445381721 0.0172312053 
    0    1    0    1    5    0    5    0    6    1    6    0 0.0445381721 -0.0172312053 
    0    1    0    1    5    0    5    0    6    1    6    1 0.1942082951 0.0000000000 
    0    1    0    1    5    0    5    1    6    0    6    0 -0.0065120518 -0.0249957730 
    0    1    0    1    5    0    5    1    6    0    6    1 0.0723594633 0.0150356223 
    0    1    0    1    5    0    5    1    6    1    6    0 -0.0645196562 0.0108478078 
    0    1    0    1    5    0    5    1    6    1    6    1 0.0064823731 0.0036150496 
    0    1    0    1    5    1    5    0    6    0    6    0 -0.0065120518 0.0249957730 
    0    1    0    1    5    1    5    0    6    0    6    1 -0.0645196562 -0.0108478078 
    0    1    0    1    5    1    5    0    6    1    6    0 0.0723594633 -0.0150356223 
    0    1    0    1    5    1    5    0    6    1    6    1 0.0064823731 -0.0036150496 
    0    1    0    1    5    1    5    1    6    0    6    0 0.0691564713 0.0000000000 
    0    1    0    1    5    1    5    1    6    0    6    1 0.0021595198 0.0067123013 
    0    1    0    1    5    1    5    1    6    1    6    0 0.0021595198 -0.0067123013 
    0    1    0    1    5    1    5    1    6    1    6    1 0.0593411800 0.0000000000 
    0    0    0    0    5    0    5    0    7    0    7    0 0.0871273060 0.0000000000 
    0    0    0    0    5    0    5    0    7    0    7    1 -0.0052078654 -0.0016820580 
    0    0    0    0    5    0    5    0    7    1    7    0 -0.0052078654 0.0016820580 
    0    0    0    0    5    0    5    0    7    1    7    1 0.0361918419 0.0000000000 
    0    0    0    0    5    0    5    1    7    0    7    0 -0.0104531577 -0.0251748094 
    0    0    0    0    5    0    5    1    7    0    7    1 0.0332447296 0.0001584320 
    0    0    0    0    5    0    5    1    7    1    7    0 -0.0062728729 -0.0155972373 
    0    0    0    0    5    0    5    1    7    1    7    1 -0.0106943527 0.0068339269 
    0    0    0    0    5    1    5    0    7    0    7    0 -0.0104531577 0.0251748094 
    0    0    0    0    5    1    5    0    7    0    7    1 -0.0062728729 0.0155972373 
    0    0    0    0    5    1    5    0    7    1    7    0 0.0332447296 -0.0001584320 
    0    0    0    0    5    1    5    0    7    1    7    1 -0.0106943527 -0.0068339269 
    0    0    0    0    5    1    5    1    7    0    7    0 0.2143614954 0.0000000000 
    0    0    0    0    5    1    5    1    7    0    7    1 -0.0225902134 0.0105478343 
    0    0    0    0    5    1    5    1    7    1    7    0 -0.0225902134 -0.0105478343 
    0    0    0    0    5    1    5    1    7    1    7    1 0.1491190695 0.0000000000 
    0    0    0    1    5    0    5    0    7    0    7    0 -0.0032871146 0.0521402458 
    0    0    0    1    5    0    5    0    7    0    7    1 -0.0189738100 -0.0129306858 
    0    0    0    1    5    0    5    0    7    1    7    0 0.0238441900 0.0020008718 
    0    0    0    1    5    0    5    0    7    1    7    1 0.0015310468 -0.0131315281 
    0    0    0    1    5    0    5    1    7    0    7    0 0.0399880131 0.0069617974 
    0    0    0    1    5    0    5    1    7    0    7    1 0.0069844730 0.0030533334 
    0    0    0    1    5    0    5    1    7    1    7    0 0.0065056821 0.0032153598 
    0    0    0    1    5    0    5    1    7    1    7    1 0.0063379657 0.0069617992 
    0    0    0    1    5    1    5    0    7    0    7    0 -0.0057923356 0.0564295035 
    0    0    0    1    5    1    5    0    7    0    7    1 -0.0499431684 -0.0125376581 
    0    0    0    1    5    1    5    0    7    1    7    0 -0.0357666660 -0.0143521943 
    0    0    0    1    5    1    5    0    7    1    7    1 -0.0062885911 0.0564295143 
    0    0    0    1    5    1    5    1    7    0    7    0 0.0113806597 0.0594997848 
    0    0    0    1    5    1    5    1    7    0    7    1 -0.0119136160 0.0107122513 
    0    0    0    1    5    1    5    1    7    1    7    0 0.0385799736 -0.0241278411 
    0    0    0    1    5    1    5    1    7    1    7    1 -0.0070392758 -0.0095072327 
    0    1    0    0    5    0    5    0    7    0    7    0 -0.0032871146 -0.0521402458 
    0    1    0    0    5    0    5    0    7    0    7    1 0.0238441900 -0.0020008718 
    0    1    0    0    5    0    5    0    7    1    7    0 -0.0189738100 0.0129306858 
    0    1    0    0    5    0    5    0    7    1    7    1 0.0015310468 0.0131315281 
    0    1    0    0    5    0    5    1    7    0    7    0 -0.0057923356 -0.0564295035 
    0    1    0    0    5    0    5    1    7    0    7    1 -0.0357666660 0.0143521943 
    0    1    0    0    5    0    5    1    7    1    7    0 -0.0499431684 0.0125376581 
    0    1    0    0    5    0    5    1    7    1    7    1 -0.0062885911 -0.0564295143 
    0    1    0    0    5    1    5    0    7    0    7    0 0.0399880131 -0.0069617974 
    0    1    0    0    5    1    5    0    7    0    7    1 0.0065056821 -0.0032153598 
    0    1    0    0    5    1    5    0    7    1    7    0 0.0069844730 -0.0030533334 
    0    1    0    0    5    1    5    0    7    1    7    1 0.0063379657 -0.0069617992 
    0    1    0    0    5    1    5    1    7    0    7    0 0.0113806597 -0.0594997848 
    0    1    0    0    5    1    5    1    7    0    7    1 0.0385799736 0.0241278411 
    0    1    0    0    5    1    5    1    7    1    7    0 -0.0119136160 -0.0107122513 
    0    1    0    0    5    1    5    1    7    1    7    1 -0.0070392758 0.0095072327 
    0    1    0    1    5    0    5    0    7    0    7    0 0.2072158692 0.0000000000 
    0    1    0    1    5    0    5    0    7    0    7    1 -0.0391276909 -0.0097012199 
    0    1    0    1    5    0    5    0    7    1    7    0 -0.0391276909 0.0097012199 
    0    1    0    1    5    0    5    0    7    1    7    1 0.1774867667 0.0000000000 
    0    1    0    1    5    0    5    1    7    0    7    0 0.0006996595 -0.0250695913 
    0    1    0    1    5    0    5    1    7    0    7    1 0.0149660135 -0.0043759955 
    0    1    0    1    5    0    5    1    7    1    7    0 -0.0389620243 -0.0228737530 
    0    1    0    1    5    0    5    1    7    1    7    1 -0.0007293382 0.0036888679 
    0    1    0    1    5    1    5    0    7    0    7    0 0.0006996595 0.0250695913 
    0    1    0    1    5    1    5    0    7    0    7    1 -0.0389620243 0.0228737530 
    0    1    0    1    5    1    5    0    7    1    7    0 0.0149660135 0.0043759955 
    0    1    0    1    5    1    5    0    7    1    7    1 -0.0007293382 -0.0036888679 
    0    1    0    1    5    1    5    1    7    0    7    0 0.0897326215 0.0000000000 
    0    1    0    1    5    1    5    1    7    0    7    1 -0.0026972681 0.0014469074 
    0    1    0    1    5    1    5    1    7    1    7    0 -0.0026972681 -0.0014469074 
    0    1    0    1    5    1    5    1    7    1    7    1 0.0387650299 0.0000000000 
    0    0    0    0    6    0    6    0    7    0    7    0 0.1862618132 0.0000000000 
    0    0    0    0    6    0    6    0    7    0    7    1 -0.0223606445 -0.0095105333 
    0    0    0    0    6    0    6    0    7    1    7    0 -0.0223606445 0.0095105333 
    0    0    0    0    6    0    6    0    7    1    7    1 0.1002575676 0.0000000000 
    0    0    0    0    6    0    6    1    7    0    7    0 0.0114486915 0.0323075968 
    0    0    0    0    6    0    6    1    7    0    7    1 -0.0868698835 0.0070763979 
    0    0    0    0    6    0    6    1    7    1    7    0 -0.0399187921 0.0098949738 
    0    0    0    0    6    0    6    1    7    1    7    1 0.0162009254 -0.0126251291 
    0    0    0    0    6    1    6    0    7    0    7    0 0.0114486915 -0.0323075968 
    0    0    0    0    6    1    6    0    7    0    7    1 -0.0399187921 -0.0098949738 
    0    0    0    0    6    1    6    0    7    1    7    0 -0.0868698835 -0.0070763979 
    0    0    0    0    6    1    6    0    7    1    7    1 0.0162009254 0.0126251291 
    0    0    0    0    6    1    6    1    7    0    7    0 0.1152269882 0.0000000000 
    0    0    0    0    6    1    6    1    7    0    7    1 -0.0054374343 0.0183763096 
    0    0    0    0    6    1    6    1    7    1    7    0 -0.0054374343 -0.0183763096 
    0    0    0    0    6    1    6    1    7    1    7    1 0.0850533437 0.0000000000 
    0    0    0    1    6    0    6    0    7    0    7    0 0.0014096314 0.0532798598 
    0    0    0    1    6    0    6    0    7    0    7    1 -0.0070882075 0.0114571384 
    0    0    0    1    6    0    6    0    7    1    7    0 0.0208993271 0.0015028711 
    0    0    0    1    6    0    6    0    7    1    7    1 -0.0014688796 -0.0139059783 
    0    0    0    1    6    0    6    1    7    0    7    0 -0.0439074064 0.0329440274 
    0    0    0    1    6    0    6    1    7    0    7    1 -0.0145801624 -0.0239886355 
    0    0    0    1    6    0    6    1    7    1    7    0 -0.0209723516 -0.0225827960 
    0    0    0    1    6    0    6    1    7    1    7    1 -0.0056665785 -0.0020853242 
    0    0    0    1    6    1    6    0    7    0    7    0 0.0210403368 0.0228811866 
    0    0    0    1    6    1    6    0    7    0    7    1 0.0258318625 -0.0129826337 
    0    0    0    1    6    1    6    0    7    1    7    0 0.0134158389 -0.0106532346 
    0    0    0    1    6    1    6    0    7    1    7    1 -0.0022216647 -0.0121481686 
    0    0    0    1    6    1    6    1    7    0    7    0 0.0066839138 0.0583601708 
    0    0    0    1    6    1    6    1    7    0    7    1 -0.0237992184 -0.0136755729 
    0    0    0    1    6    1    6    1    7    1    7    0 0.0415248364 -0.0236298404 
    0    0    0    1    6    1    6    1    7    1    7    1 -0.0040393494 -0.0087327825 
    0    1    0    0    6    0    6    0    7    0    7    0 0.0014096314 -0.0532798598 
    0    1    0    0    6    0    6    0    7    0    7    1 0.0208993271 -0.0015028711 
    0    1    0    0    6    0    6    0    7    1    7    0 -0.0070882075 -0.0114571384 
    0    1    0    0    6    0    6    0    7    1    7    1 -0.0014688796 0.0139059783 
    0    1    0    0    6    0    6    1    7    0    7    0 0.0210403368 -0.0228811866 
    0    1    0    0    6    0    6    1    7    0    7    1 0.0134158389 0.0106532346 
    0    1    0    0    6    0    6    1    7    1    7    0 0.0258318625 0.0129826337 
    0    1    0    0    6    0    6    1    7    1    7    1 -0.0022216647 0.0121481686 
    0    1    0    0    6    1    6    0    7    0    7    0 -0.0439074064 -0.0329440274 
    0    1    0    0    6    1    6    0    7    0    7    1 -0.0209723516 0.0225827960 
    0    1    0    0    6    1    6    0    7    1    7    0 -0.0145801624 0.0239886355 
    0    1    0    0    6    1    6    0    7    1    7    1 -0.0056665785 0.0020853242 
    0    1    0    0    6    1    6    1    7    0    7    0 0.0066839138 -0.0583601708 
    0    1    0    0    6    1    6    1    7    0    7    1 0.0415248364 0.0236298404 
    0    1    0    0    6    1    6    1    7    1    7    0 -0.0237992184 0.0136755729 
    0    1    0    0    6    1    6    1    7    1    7    1 -0.0040393494 0.0087327825 
    0    1    0    1    6    0    6    0    7    0    7    0 0.1643119792 0.0000000000 
    0    1    0    1    6    0    6    0    7    0    7    1 -0.0177609536 -0.0212347206 
    0    1    0    1    6    0    6    0    7    1    7    0 -0.0177609536 0.0212347206 
    0    1    0    1    6    0    6    0    7    1    7    1 0.0953388329 0.0000000000 
    0    1    0    1    6    0    6    1    7    0    7    0 0.0228023620 0.0342363857 
    0    1    0    1    6    0    6    1    7    0    7    1 -0.0965684403 0.0042630556 
    0    1    0    1    6    0    6    1    7    1    7    0 -0.0316481184 0.0177094400 
    0    1    0    1    6    0    6    1    7    1    7    1 0.0238953300 -0.0102928791 
    0    1    0    1    6    1    6    0    7    0    7    0 0.0228023620 -0.0342363857 
    0    1    0    1    6    1    6    0    7    0    7    1 -0.0316481184 -0.0177094400 
    0    1    0    1    6    1    6    0    7    1    7    0 -0.0965684403 -0.0042630556 
    0    1    0    1    6    1    6    0    7    1    7    1 0.0238953300 0.0102928791 
    0    1    0    1    6    1    6    1    7    0    7    0 0.1326365114 0.0000000000 
    0    1    0    1    6    1    6    1    7    0    7    1 -0.0240640054 0.0129804081 
    0    1    0    1    6    1    6    1    7    1    7    0 -0.0240640054 -0.0129804081 
    0    1    0    1    6    1    6    1    7    1    7    1 0.1209129637 0.0000000000 
    1    0    1    0    2    0    2    0    3    0    3    0 0.0785419817 0.0000000000 
    1    0    1    0    2    0    2    0    3    0    3    1 0.0292525748 0.0343857070 
    1    0    1    0    2    0    2    0    3    1    3    0 0.0292525748 -0.0343857070 
    1    0    1    0    2    0    2    0    3    1    3    1 0.1642409685 0.0000000000 
    1    0    1    0    2    0    2    1    3    0    3    0 -0.0278144521 -0.0377163436 
    1    0    1    0    2    0    2    1    3    0    3    1 -0.0251556214 0.0038598388 
    1    0    1    0    2    0    2    1    3    1    3    0 -0.1224909405 -0.0126822378 
    1    0    1    0    2    0    2    1    3    1    3    1 -0.0165957118 0.0353500435 
    1    0    1    0    2    1    2    0    3    0    3    0 -0.0278144521 0.0377163436 
    1    0    1    0    2    1    2    0    3    0    3    1 -0.1224909405 0.0126822378 
    1    0    1    0    2    1    2    0    3    1    3    0 -0.0251556214 -0.0038598388 
    1    0    1    0    2    1    2    0    3    1    3    1 -0.0165957118 -0.0353500435 
    1    0    1    0    2    1    2    1    3    0    3    0 0.1965316980 0.0000000000 
    1    0    1    0    2    1    2    1    3    0    3    1 0.0146058902 -0.0679706070 
    1    0    1    0    2    1    2    1    3    1    3    0 0.0146058902 0.0679706070 
    1    0    1    0    2    1    2    1    3    1    3    1 0.1347282521 0.0000000000 
    1    0    1    1    2    0    2    0    3    0    3    0 0.0050992271 0.0197125019 
    1    0    1    1    2    0    2    0    3    0    3    1 -0.0032098744 -0.0102346578 
    1    0    1    1    2    0    2    0    3    1    3    0 0.0218123872 0.0115650943 
    1    0    1    1    2    0    2    0    3    1    3    1 -0.0024387963 -0.0150230903 
    1    0    1    1    2    0    2    1    3    0    3    0 0.0305117306 0.0026624351 
    1    0    1    1    2    0    2    1    3    0    3    1 0.0111800949 -0.0147267943 
    1    0    1    1    2    0    2    1    3    1    3    0 0.0125362803 0.0152504821 
    1    0    1    1    2    0    2    1    3    1    3    1 0.0880983818 -0.0096908141 
    1    0    1    1    2    1    2    0    3    0    3    0 -0.0717089332 0.0047746798 
    1    0    1    1    2    1    2    0    3    0    3    1 -0.0038426130 0.0212469893 
    1    0    1    1    2    1    2    0    3    1    3    0 -0.0103311718 -0.0189243663 
    1    0    1    1    2    1    2    0    3    1    3    1 -0.0585336670 0.0009660152 
    1    0    1    1    2    1    2    1    3    0    3    0 -0.0088533231 -0.0250258308 
    1    0    1    1    2    1    2    1    3    0    3    1 -0.0383843670 -0.0016139924 
    1    0    1    1    2    1    2    1    3    1    3    0 0.0389868811 0.0029444283 
    1    0    1    1    2    1    2    1    3    1    3    1 0.0013885122 0.0132363746 
    1    1    1    0    2    0    2    0    3    0    3    0 0.0050992271 -0.0197125019 
    1    1    1    0    2    0    2    0    3    0    3    1 0.0218123872 -0.0115650943 
    1    1    1    0    2    0    2    0    3    1    3    0 -0.0032098744 0.0102346578 
    1    1    1    0    2    0    2    0    3    1    3    1 -0.0024387963 0.0150230903 
    1    1    1    0    2    0    2    1    3    0    3    0 -0.0717089332 -0.0047746798 
    1    1    1    0    2    0    2    1    3    0    3    1 -0.0103311718 0.0189243663 
    1    1    1    0    2    0    2    1    3    1    3    0 -0.0038426130 -0.0212469893 
    1    1    1    0    2    0    2    1    3    1    3    1 -0.0585336670 -0.0009660152 
    1    1    1    0    2    1    2    0    3    0    3    0 0.0305117306 -0.0026624351 
    1    1    1    0    2    1    2    0    3    0    3    1 0.0125362803 -0.0152504821 
    1    1    1    0    2    1    2    0    3    1    3    0 0.0111800949 0.0147267943 
    1    1    1    0    2    1    2    0    3    1    3    1 0.0880983818 0.0096908141 
    1    1    1    0    2    1    2    1    3    0    3    0 -0.0088533231 0.0250258308 
    1    1    1    0    2    1    2    1    3    0    3    1 0.0389868811 -0.0029444283 
    1    1    1    0    2    1    2    1    3    1    3    0 -0.0383843670 0.0016139924 
    1    1    1    0    2    1    2    1    3    1    3    1 0.0013885122 -0.0132363746 
    1    1    1    1    2    0    2    0    3    0    3    0 0.0698228121 0.0000000000 
    1    1    1    1    2    0    2    0    3    0    3    1 0.0222089643 0.0064854895 
    1    1    1    1    2    0    2    0    3    1    3    0 0.0222089643 -0.0064854895 
    1    1    1    1    2    0    2    0    3    1    3    1 0.0852091533 0.0000000000 
    1    1    1    1    2    0    2    1    3    0    3    0 -0.0198763681 -0.0153411545 
    1    1    1    1    2    0    2    1    3    0    3    1 -0.0323324885 0.0064004367 
    1    1    1    1    2    0    2    1    3    1    3    0 -0.0589058976 0.0011342772 
    1    1    1    1    2    0    2    1    3    1    3    1 -0.0217713149 0.0247446772 
    1    1    1    1    2    1    2    0    3    0    3    0 -0.0198763681 0.0153411545 
    1    1    1    1    2    1    2    0    3    0    3    1 -0.0589058976 -0.0011342772 
    1    1    1    1    2    1    2    0    3    1    3    0 -0.0323324885 -0.0064004367 
    1    1    1    1    2    1    2    0    3    1    3    1 -0.0217713149 -0.0247446772 
    1    1    1    1    2    1    2    1    3    0    3    0 0.1134352431 0.0000000000 
    1    1    1    1    2    1    2    1    3    0    3    1 0.0264229023 -0.0689217813 
    1    1    1    1    2    1    2    1    3    1    3    0 0.0264229023 0.0689217813 
    1    1    1    1    2    1    2    1    3    1    3    1 0.1574898911 0.0000000000 
    1    0    1    0    2    0    2    0    4    0    4    0 0.0522781010 0.0000000000 
    1    0    1    0    2    0    2    0    4    0    4    1 0.0226026553 0.0298058644 
    1    0    1    0    2    0    2    0    4    1    4    0 0.0226026553 -0.0298058644 
    1    0    1    0    2    0    2    0    4    1    4    1 0.1905048493 0.0000000000 
    1    0    1    0    2    0    2    1    4    0    4    0 -0.0021006330 0.0014297528 
    1    0    1    0    2    0    2    1    4    0    4    1 0.0161004094 0.0045953403 
    1    0    1    0    2    0    2    1    4    1    4    0 0.0162529111 -0.0200802030 
    1    0    1    0    2    0    2    1    4    1    4    1 -0.0423095309 -0.0037960529 
    1    0    1    0    2    1    2    0    4    0    4    0 -0.0021006330 -0.0014297528 
    1    0    1    0    2    1    2    0    4    0    4    1 0.0162529111 0.0200802030 
    1    0    1    0    2    1    2    0    4    1    4    0 0.0161004094 -0.0045953403 
    1    0    1    0    2    1    2    0    4    1    4    1 -0.0423095309 0.0037960529 
    1    0    1    0    2    1    2    1    4    0    4    0 0.0759897317 0.0000000000 
    1    0    1    0    2    1    2    1    4    0    4    1 -0.0150146936 -0.0237136389 
    1    0    1    0    2    1    2    1    4    1    4    0 -0.0150146936 0.0237136389 
    1    0    1    0    2    1    2    1    4    1    4    1 0.2552702184 0.0000000000 
    1    0    1    1    2    0    2    0    4    0    4    0 -0.0182006946 -0.0010474833 
    1    0    1    1    2    0    2    0    4    0    4    1 0.0044479515 0.0005891342 
    1    0    1    1    2    0    2    0    4    1    4    0 -0.0052349993 0.0050952654 
    1    0    1    1    2    0    2    0    4    1    4    1 0.0208611253 0.0057368949 
    1    0    1    1    2    0    2    1    4    0    4    0 0.0640061276 -0.0013276873 
    1    0    1    1    2    0    2    1    4    0    4    1 0.0002066180 -0.0014565091 
    1    0    1    1    2    0    2    1    4    1    4    0 0.0489431011 0.0029564385 
    1    0    1    1    2    0    2    1    4    1    4    1 0.0546039848 -0.0057006918 
    1    0    1    1    2    1    2    0    4    0    4    0 -0.0461362404 0.0050568498 
    1    0    1    1    2    1    2    0    4    0    4    1 0.0019860969 -0.0024171068 
    1    0    1    1    2    1    2    0    4    1    4    0 0.0268141088 -0.0000314331 
    1    0    1    1    2    1    2    0    4    1    4    1 -0.0841063598 0.0006838451 
    1    0    1    1    2    1    2    1    4    0    4    0 0.0199095860 -0.0083874510 
    1    0    1    1    2    1    2    1    4    0    4    1 0.0232812121 0.0066019086 
    1    0    1    1    2    1    2    1    4    1    4    0 0.0477445529 0.0220157453 
    1    0    1    1    2    1    2    1    4    1    4    1 -0.0273743970 -0.0034020052 
    1    1    1    0    2    0    2    0    4    0    4    0 -0.0182006946 0.0010474833 
    1    1    1    0    2    0    2    0    4    0    4    1 -0.0052349993 -0.0050952654 
    1    1    1    0    2    0    2    0    4    1    4    0 0.0044479515 -0.0005891342 
    1    1    1    0    2    0    2    0    4    1    4    1 0.0208611253 -0.0057368949 
    1    1    1    0    2    0    2    1    4    0    4    0 -0.0461362404 -0.0050568498 
    1    1    1    0    2    0    2    1    4    0    4    1 0.0268141088 0.0000314331 
    1    1    1    0    2    0    2    1    4    1    4    0 0.0019860969 0.0024171068 
    1    1    1    0    2    0    2    1    4    1    4    1 -0.0841063598 -0.0006838451 
    1    1    1    0    2    1    2    0    4    0    4    0 0.0640061276 0.0013276873 
    1    1    1    0    2    1    2    0    4    0    4    1 0.0489431011 -0.0029564385 
    1    1    1    0    2    1    2    0    4    1    4    0 0.0002066180 0.0014565091 
    1    1    1    0    2    1    2    0    4    1    4    1 0.0546039848 0.0057006918 
    1    1    1    0    2    1    2    1    4    0    4    0 0.0199095860 0.0083874510 
    1    1    1    0    2    1    2    1    4    0    4    1 0.0477445529 -0.0220157453 
    1    1    1    0    2    1    2    1    4    1    4    0 0.0232812121 -0.0066019086 
    1    1    1    0    2    1    2    1    4    1    4    1 -0.0273743970 0.0034020052 
    1    1    1    1    2    0    2    0    4    0    4    0 0.0997579735 0.0000000000 
    1    1    1    1    2    0    2    0    4    0    4    1 -0.0122042516 0.0250620917 
    1    1    1    1    2    0    2    0    4    1    4    0 -0.0122042516 -0.0250620917 
    1    1    1    1    2    0    2    0    4    1    4    1 0.0552739919 0.0000000000 
    1    1    1    1    2    0    2    1    4    0    4    0 -0.0433149920 0.0087161806 
    1    1    1    1    2    0    2    1    4    0    4    1 -0.0045243733 0.0016569544 
    1    1    1    1    2    0    2    1    4    1    4    0 0.0029263635 -0.0126247486 
    1    1    1    1    2    0    2    1    4    1    4    1 0.0016673090 0.0006873420 
    1    1    1    1    2    1    2    0    4    0    4    0 -0.0433149920 -0.0087161806 
    1    1    1    1    2    1    2    0    4    0    4    1 0.0029263635 0.0126247486 
    1    1    1    1    2    1    2    0    4    1    4    0 -0.0045243733 -0.0016569544 
    1    1    1    1    2    1    2    0    4    1    4    1 0.0016673090 -0.0006873420 
    1    1    1    1    2    1    2    1    4    0    4    0 0.1998055353 0.0000000000 
    1    1    1    1    2    1    2    1    4    0    4    1 0.0237429044 -0.0322289460 
    1    1    1    1    2    1    2    1    4    1    4    0 0.0237429044 0.0322289460 
    1    1    1    1    2    1    2    1    4    1    4    1 0.0711195989 0.0000000000 
    1    0    1    0    2    0    2    0    5    0    5    0 0.1192255673 0.0000000000 
    1    0    1    0    2    0    2    0    5    0    5    1 -0.0195666245 0.0143045548 
    1    0    1    0    2    0    2    0    5    1    5    0 -0.0195666245 -0.0143045548 
    1    0    1    0    2    0    2    0    5    1    5    1 0.1235573830 0.0000000000 
    1    0    1    0    2    0    2    1    5    0    5    0 -0.0502993602 -0.0214653152 
    1    0    1    0    2    0    2    1    5    0    5    1 0.0095706362 0.0137548592 
    1    0    1    0    2    0    2    1    5    1    5    0 -0.0465215777 0.0122590434 
    1    0    1    0    2    0    2    1    5    1    5    1 0.0058891963 0.0190990151 
    1    0    1    0    2    1    2    0    5    0    5    0 -0.0502993602 0.0214653152 
    1    0    1    0    2    1    2    0    5    0    5    1 -0.0465215777 -0.0122590434 
    1    0    1    0    2    1    2    0    5    1    5    0 0.0095706362 -0.0137548592 
    1    0    1    0    2    1    2    0    5    1    5    1 0.0058891963 -0.0190990151 
    1    0    1    0    2    1    2    1    5    0    5    0 0.1689525322 0.0000000000 
    1    0    1    0    2    1    2    1    5    0    5    1 0.0112893153 -0.0288052254 
    1    0    1    0    2    1    2    1    5    1    5    0 0.0112893153 0.0288052254 
    1    0    1    0    2    1    2    1    5    1    5    1 0.1623074179 0.0000000000 
    1    0    1    1    2    0    2    0    5    0    5    0 0.0020430784 0.0058327996 
    1    0    1    1    2    0    2    0    5    0    5    1 -0.0168008853 0.0034077131 
    1    0    1    1    2    0    2    0    5    1    5    0 0.0202707611 -0.0066551302 
    1    0    1    1    2    0    2    0    5    1    5    1 0.0006173523 -0.0011433880 
    1    0    1    1    2    0    2    1    5    0    5    0 0.0481064183 -0.0085607340 
    1    0    1    1    2    0    2    1    5    0    5    1 -0.0099367244 -0.0038451950 
    1    0    1    1    2    0    2    1    5    1    5    0 -0.0081399775 0.0028254895 
    1    0    1    1    2    0    2    1    5    1    5    1 0.0705036941 0.0015323549 
    1    0    1    1    2    1    2    0    5    0    5    0 -0.0827673045 0.0125132369 
    1    0    1    1    2    1    2    0    5    0    5    1 -0.0020195113 -0.0040922592 
    1    0    1    1    2    1    2    0    5    1    5    0 -0.0047271394 0.0080423947 
    1    0    1    1    2    1    2    0    5    1    5    1 -0.0474752957 -0.0067725420 
    1    0    1    1    2    1    2    1    5    0    5    0 -0.0008659038 -0.0116570618 
    1    0    1    1    2    1    2    1    5    0    5    1 -0.0559983669 -0.0065712004 
    1    0    1    1    2    1    2    1    5    1    5    0 -0.0020345972 -0.0166340419 
    1    0    1    1    2    1    2    1    5    1    5    1 -0.0065989072 -0.0001323943 
    1    1    1    0    2    0    2    0    5    0    5    0 0.0020430784 -0.0058327996 
    1    1    1    0    2    0    2    0    5    0    5    1 0.0202707611 0.0066551302 
    1    1    1    0    2    0    2    0    5    1    5    0 -0.0168008853 -0.0034077131 
    1    1    1    0    2    0    2    0    5    1    5    1 0.0006173523 0.0011433880 
    1    1    1    0    2    0    2    1    5    0    5    0 -0.0827673045 -0.0125132369 
    1    1    1    0    2    0    2    1    5    0    5    1 -0.0047271394 -0.0080423947 
    1    1    1    0    2    0    2    1    5    1    5    0 -0.0020195113 0.0040922592 
    1    1    1    0    2    0    2    1    5    1    5    1 -0.0474752957 0.0067725420 
    1    1    1    0    2    1    2    0    5    0    5    0 0.0481064183 0.0085607340 
    1    1    1    0    2    1    2    0    5    0    5    1 -0.0081399775 -0.0028254895 
    1    1    1    0    2    1    2    0    5    1    5    0 -0.0099367244 0.0038451950 
    1    1    1    0    2    1    2    0    5    1    5    1 0.0705036941 -0.0015323549 
    1    1    1    0    2    1    2    1    5    0    5    0 -0.0008659038 0.0116570618 
    1    1    1    0    2    1    2    1    5    0    5    1 -0.0020345972 0.0166340419 
    1    1    1    0    2    1    2    1    5    1    5    0 -0.0559983669 0.0065712004 
    1    1    1    0    2    1    2    1    5    1    5    1 -0.0065989072 0.0001323943 
    1    1    1    1    2    0    2    0    5    0    5    0 0.0925630852 0.0000000000 
    1    1    1    1    2    0    2    0    5    0    5    1 0.0069628650 -0.0045446746 
    1    1    1    1    2    0    2    0    5    1    5    0 0.0069628650 0.0045446746 
    1    1    1    1    2    0    2    0    5    1    5    1 0.0624688803 0.0000000000 
    1    1    1    1    2    0    2    1    5    0    5    0 -0.0304320889 0.0181601017 
    1    1    1    1    2    0    2    1    5    0    5    1 0.0262816537 0.0022439164 
    1    1    1    1    2    0    2    1    5    1    5    0 -0.0258960670 0.0007480996 
    1    1    1    1    2    0    2    1    5    1    5    1 -0.0112155941 -0.0087565791 
    1    1    1    1    2    1    2    0    5    0    5    0 -0.0304320889 -0.0181601017 
    1    1    1    1    2    1    2    0    5    0    5    1 -0.0258960670 -0.0007480996 
    1    1    1    1    2    1    2    0    5    1    5    0 0.0262816537 -0.0022439164 
    1    1    1    1    2    1    2    0    5    1    5    1 -0.0112155941 0.0087565791 
    1    1    1    1    2    1    2    1    5    0    5    0 0.1272805991 0.0000000000 
    1    1    1    1    2    1    2    1    5    0    5    1 -0.0198627450 -0.0206762609 
    1    1    1    1    2    1    2    1    5    1    5    0 -0.0198627450 0.0206762609 
    1    1    1    1    2    1    2    1    5    1    5    1 0.1436445351 0.0000000000 
    1    0    1    0    2    0    2    0    6    0    6    0 0.1388223947 0.0000000000 
    1    0    1    0    2    0    2    0    6    0    6    1 0.0255664259 -0.0080214733 
    1    0    1    0    2    0    2    0    6    1    6    0 0.0255664259 0.0080214733 
    1    0    1    0    2    0    2    0    6    1    6    1 0.1039605555 0.0000000000 
    1    0    1    0    2    0    2    1    6    0    6    0 -0.0162079602 0.0030061089 
    1    0    1    0    2    0    2    1    6    0    6    1 -0.0454239625 -0.0109451237 
    1    0    1    0    2    0    2    1    6    1    6    0 0.0031839007 0.0034093383 
    1    0    1    0    2    0    2    1    6    1    6    1 -0.0282022037 -0.0053724090 
    1    0    1    0    2    1    2    0    6    0    6    0 -0.0162079602 -0.0030061089 
    1    0    1    0    2    1    2    0    6    0    6    1 0.0031839007 -0.0034093383 
    1    0    1    0    2    1    2    0    6    1    6    0 -0.0454239625 0.0109451237 
    1    0    1    0    2    1    2    0    6    1    6    1 -0.0282022037 0.0053724090 
    1    0    1    0    2    1    2    1    6    0    6    0 0.1604772059 0.0000000000 
    1    0    1    0    2    1    2    1    6    0    6    1 0.0092052772 0.0317647955 
    1    0    1    0    2    1    2    1    6    1    6    0 0.0092052772 -0.0317647955 
    1    0    1    0    2    1    2    1    6    1    6    1 0.1707827442 0.0000000000 
    1    0    1    1    2    0    2    0    6    0    6    0 -0.0135948057 0.0033956520 
    1    0    1    1    2    0    2    0    6    0    6    1 0.0286987861 0.0064903900 
    1    0    1    1    2    0    2    0    6    1    6    0 -0.0054834524 -0.0077193888 
    1    0    1    1    2    0    2    0    6    1    6    1 0.0162552364 0.0012937596 
    1    0    1    1    2    0    2    1    6    0    6    0 0.0837449506 -0.0106847800 
    1    0    1    1    2    0    2    1    6    0    6    1 0.0151723265 0.0085443339 
    1    0    1    1    2    0    2    1    6    1    6    0 0.0130287034 -0.0089061056 
    1    0    1    1    2    0    2    1    6    1    6    1 0.0348651618 0.0036564009 
    1    0    1    1    2    1    2    0    6    0    6    0 -0.0530096112 -0.0023795169 
    1    0    1    1    2    1    2    0    6    0    6    1 -0.0080532656 0.0025226471 
    1    0    1    1    2    1    2    0    6    1    6    0 -0.0070974363 -0.0070051018 
    1    0    1    1    2    1    2    0    6    1    6    1 -0.0772329890 0.0081202118 
    1    0    1    1    2    1    2    1    6    0    6    0 -0.0113297718 0.0357887309 
    1    0    1    1    2    1    2    1    6    0    6    1 0.0412045514 -0.0046129959 
    1    0    1    1    2    1    2    1    6    1    6    0 -0.0328831442 -0.0188227803 
    1    0    1    1    2    1    2    1    6    1    6    1 0.0038649609 -0.0475781870 
    1    1    1    0    2    0    2    0    6    0    6    0 -0.0135948057 -0.0033956520 
    1    1    1    0    2    0    2    0    6    0    6    1 -0.0054834524 0.0077193888 
    1    1    1    0    2    0    2    0    6    1    6    0 0.0286987861 -0.0064903900 
    1    1    1    0    2    0    2    0    6    1    6    1 0.0162552364 -0.0012937596 
    1    1    1    0    2    0    2    1    6    0    6    0 -0.0530096112 0.0023795169 
    1    1    1    0    2    0    2    1    6    0    6    1 -0.0070974363 0.0070051018 
    1    1    1    0    2    0    2    1    6    1    6    0 -0.0080532656 -0.0025226471 
    1    1    1    0    2    0    2    1    6    1    6    1 -0.0772329890 -0.0081202118 
    1    1    1    0    2    1    2    0    6    0    6    0 0.0837449506 0.0106847800 
    1    1    1    0    2    1    2    0    6    0    6    1 0.0130287034 0.0089061056 
    1    1    1    0    2    1    2    0    6    1    6    0 0.0151723265 -0.0085443339 
    1    1    1    0    2    1    2    0    6    1    6    1 0.0348651618 -0.0036564009 
    1    1    1    0    2    1    2    1    6    0    6    0 -0.0113297718 -0.0357887309 
    1    1    1    0    2    1    2    1    6    0    6    1 -0.0328831442 0.0188227803 
    1    1    1    0    2    1    2    1    6    1    6    0 0.0412045514 0.0046129959 
    1    1    1    0    2    1    2    1    6    1    6    1 0.0038649609 0.0475781870 
    1    1    1    1    2    0    2    0    6    0    6    0 0.0829669160 0.0000000000 
    1    1    1    1    2    0    2    0    6    0    6    1 0.0148380796 -0.0005491366 
    1    1    1    1    2    0    2    0    6    1    6    0 0.0148380796 0.0005491366 
    1    1    1    1    2    0    2    0    6    1    6    1 0.0720650495 0.0000000000 
    1    1    1    1    2    0    2    1    6    0    6    0 -0.0216755834 -0.0012508051 
    1    1    1    1    2    0    2    1    6    0    6    1 -0.0171256856 -0.0034325276 
    1    1    1    1    2    0    2    1    6    1    6    0 0.0253018696 0.0109219417 
    1    1    1    1    2    0    2    1    6    1    6    1 -0.0199720996 0.0106543277 
    1    1    1    1    2    1    2    0    6    0    6    0 -0.0216755834 0.0012508051 
    1    1    1    1    2    1    2    0    6    0    6    1 0.0253018696 -0.0109219417 
    1    1    1    1    2    1    2    0    6    1    6    0 -0.0171256856 0.0034325276 
    1    1    1    1    2    1    2    0    6    1    6    1 -0.0199720996 -0.0106543277 
    1    1    1    1    2    1    2    1    6    0    6    0 0.1639036764 0.0000000000 
    1    1    1    1    2    1    2    1    6    0    6    1 0.0247375262 0.0204317885 
    1    1    1    1    2    1    2    1    6    1    6    0 0.0247375262 -0.0204317885 
    1    1    1    1    2    1    2    1    6    1    6    1 0.1070214578 0.0000000000 
    1    0    1    0    2    0    2    0    7    0    7    0 0.0711563047 0.0000000000 
    1    0    1    0    2    0    2    0    7    0    7    1 -0.0256289179 -0.0275374939 
    1    0    1    0    2    0    2    0    7    1    7    0 -0.0256289179 0.0275374939 
    1    0    1    0    2    0    2    0    7    1    7    1 0.1716266456 0.0000000000 
    1    0    1    0    2    0    2    1    7    0    7    0 -0.0159048013 0.0035099382 
    1    0    1    0    2    0    2    1    7    0    7    1 0.0176629779 -0.0062551742 
    1    0    1    0    2    0    2    1    7    1    7    0 0.0334574507 0.0355802373 
    1    0    1    0    2    0    2    1    7    1    7    1 -0.0285053626 -0.0058762383 
    1    0    1    0    2    1    2    0    7    0    7    0 -0.0159048013 -0.0035099382 
    1    0    1    0    2    1    2    0    7    0    7    1 0.0334574507 -0.0355802373 
    1    0    1    0    2    1    2    0    7    1    7    0 0.0176629779 0.0062551742 
    1    0    1    0    2    1    2    0    7    1    7    1 -0.0285053626 0.0058762383 
    1    0    1    0    2    1    2    1    7    0    7    0 0.2542967363 0.0000000000 
    1    0    1    0    2    1    2    1    7    0    7    1 -0.0073528404 0.0207524469 
    1    0    1    0    2    1    2    1    7    1    7    0 -0.0073528404 -0.0207524469 
    1    0    1    0    2    1    2    1    7    1    7    1 0.0769632137 0.0000000000 
    1    0    1    1    2    0    2    0    7    0    7    0 -0.0015336226 -0.0014448300 
    1    0    1    1    2    0    2    0    7    0    7    1 -0.0147321454 0.0008335915 
    1    0    1    1    2    0    2    0    7    1    7    0 -0.0063407180 -0.0028345502 
    1    0    1    1    2    0    2    0    7    1    7    1 0.0041940533 0.0061342416 
    1    0    1    1    2    0    2    1    7    0    7    0 0.0621348503 -0.0057006918 
    1    0    1    1    2    0    2    1    7    0    7    1 -0.0012680222 0.0012959975 
    1    0    1    1    2    0    2    1    7    1    7    0 -0.0497268288 -0.0039022120 
    1    0    1    1    2    0    2    1    7    1    7    1 0.0564752621 -0.0013276872 
    1    0    1    1    2    1    2    0    7    0    7    0 -0.0816885568 0.0050568501 
    1    0    1    1    2    1    2    0    7    0    7    1 0.0172925896 0.0063341712 
    1    0    1    1    2    1    2    0    7    1    7    0 -0.0004592673 -0.0000576453 
    1    0    1    1    2    1    2    0    7    1    7    1 -0.0485540434 0.0006838448 
    1    0    1    1    2    1    2    1    7    0    7    0 -0.0060355909 -0.0111074188 
    1    0    1    1    2    1    2    1    7    0    7    1 -0.0044471298 -0.0023855557 
    1    0    1    1    2    1    2    1    7    1    7    0 -0.0052353189 0.0043401442 
    1    0    1    1    2    1    2    1    7    1    7    1 -0.0014292200 -0.0006820373 
    1    1    1    0    2    0    2    0    7    0    7    0 -0.0015336226 0.0014448300 
    1    1    1    0    2    0    2    0    7    0    7    1 -0.0063407180 0.0028345502 
    1    1    1    0    2    0    2    0    7    1    7    0 -0.0147321454 -0.0008335915 
    1    1    1    0    2    0    2    0    7    1    7    1 0.0041940533 -0.0061342416 
    1    1    1    0    2    0    2    1    7    0    7    0 -0.0816885568 -0.0050568501 
    1    1    1    0    2    0    2    1    7    0    7    1 -0.0004592673 0.0000576453 
    1    1    1    0    2    0    2    1    7    1    7    0 0.0172925896 -0.0063341712 
    1    1    1    0    2    0    2    1    7    1    7    1 -0.0485540434 -0.0006838448 
    1    1    1    0    2    1    2    0    7    0    7    0 0.0621348503 0.0057006918 
    1    1    1    0    2    1    2    0    7    0    7    1 -0.0497268288 0.0039022120 
    1    1    1    0    2    1    2    0    7    1    7    0 -0.0012680222 -0.0012959975 
    1    1    1    0    2    1    2    0    7    1    7    1 0.0564752621 0.0013276872 
    1    1    1    0    2    1    2    1    7    0    7    0 -0.0060355909 0.0111074188 
    1    1    1    0    2    1    2    1    7    0    7    1 -0.0052353189 -0.0043401442 
    1    1    1    0    2    1    2    1    7    1    7    0 -0.0044471298 0.0023855557 
    1    1    1    0    2    1    2    1    7    1    7    1 -0.0014292200 0.0006820373 
    1    1    1    1    2    0    2    0    7    0    7    0 0.0593990283 0.0000000000 
    1    1    1    1    2    0    2    0    7    0    7    1 -0.0121052025 -0.0229819189 
    1    1    1    1    2    0    2    0    7    1    7    0 -0.0121052025 0.0229819189 
    1    1    1    1    2    0    2    0    7    1    7    1 0.0956329372 0.0000000000 
    1    1    1    1    2    0    2    1    7    0    7    0 -0.0219077502 0.0082481072 
    1    1    1    1    2    0    2    1    7    0    7    1 0.0037950278 -0.0032266209 
    1    1    1    1    2    0    2    1    7    1    7    0 -0.0093567214 0.0096184243 
    1    1    1    1    2    0    2    1    7    1    7    1 -0.0197399328 0.0011554155 
    1    1    1    1    2    1    2    0    7    0    7    0 -0.0219077502 -0.0082481072 
    1    1    1    1    2    1    2    0    7    0    7    1 -0.0093567214 -0.0096184243 
    1    1    1    1    2    1    2    0    7    1    7    0 0.0037950278 0.0032266209 
    1    1    1    1    2    1    2    0    7    1    7    1 -0.0197399328 -0.0011554155 
    1    1    1    1    2    1    2    1    7    0    7    0 0.2135852228 0.0000000000 
    1    1    1    1    2    1    2    1    7    0    7    1 -0.0245360770 0.0303784297 
    1    1    1    1    2    1    2    1    7    1    7    0 -0.0245360770 -0.0303784297 
    1    1    1    1    2    1    2    1    7    1    7    1 0.0573399114 0.0000000000 
    1    0    1    0    3    0    3    0    4    0    4    0 0.0511510214 0.0000000000 
    1    0    1    0    3    0    3    0    4    0    4    1 0.0048852983 0.0076109753 
    1    0    1    0    3    0    3    0    4    1    4    0 0.0048852983 -0.0076109753 
    1    0    1    0    3    0    3    0    4    1    4    1 0.2239226583 0.0000000000 
    1    0    1    0    3    0    3    1    4    0    4    0 0.0115069454 -0.0097855808 
    1    0    1    0    3    0    3    1    4    0    4    1 -0.0359464734 0.0157153347 
    1    0    1    0    3    0    3    1    4    1    4    0 0.0140519227 0.0423158067 
    1    0    1    0    3    0    3    1    4    1    4    1 0.0323515196 -0.0237993192 
    1    0    1    0    3    1    3    0    4    0    4    0 0.0115069454 0.0097855808 
    1    0    1    0    3    1    3    0    4    0    4    1 0.0140519227 -0.0423158067 
    1    0    1    0    3    1    3    0    4    1    4    0 -0.0359464734 -0.0157153347 
    1    0    1    0    3    1    3    0    4    1    4    1 0.0323515196 0.0237993192 
    1    0    1    0    3    1    3    1    4    0    4    0 0.0771168112 0.0000000000 
    1    0    1    0    3    1    3    1    4    0    4    1 0.0027026634 -0.0015187498 
    1    0    1    0    3    1    3    1    4    1    4    0 0.0027026634 0.0015187498 
    1    0    1    0    3    1    3    1    4    1    4    1 0.2218524094 0.0000000000 
    1    0    1    1    3    0    3    0    4    0    4    0 0.0075469905 -0.0113330116 
    1    0    1    1    3    0    3    0    4    0    4    1 -0.0104778498 0.0035955221 
    1    0    1    1    3    0    3    0    4    1    4    0 0.0238658972 0.0135555006 
    1    0    1    1    3    0    3    0    4    1    4    1 -0.0113010866 0.0060196828 
    1    0    1    1    3    0    3    1    4    0    4    0 -0.0186783399 -0.0180792624 
    1    0    1    1    3    0    3    1    4    0    4    1 0.0093296063 -0.0046835775 
    1    0    1    1    3    0    3    1    4    1    4    0 -0.0215220894 -0.0199329664 
    1    0    1    1    3    0    3    1    4    1    4    1 -0.0229159015 0.0062306121 
    1    0    1    1    3    1    3    0    4    0    4    0 0.0046911909 0.0082457592 
    1    0    1    1    3    1    3    0    4    0    4    1 0.0070994886 0.0080494527 
    1    0    1    1    3    1    3    0    4    1    4    0 -0.0197303498 0.0169705498 
    1    0    1    1    3    1    3    0    4    1    4    1 0.0561080774 0.0062637634 
    1    0    1    1    3    1    3    1    4    0    4    0 -0.0058380991 0.0018980774 
    1    0    1    1    3    1    3    1    4    0    4    1 0.0382070134 0.0035955207 
    1    0    1    1    3    1    3    1    4    1    4    0 0.0186436563 0.0135555100 
    1    0    1    1    3    1    3    1    4    1    4    1 0.0047878150 -0.0036847931 
    1    1    1    0    3    0    3    0    4    0    4    0 0.0075469905 0.0113330116 
    1    1    1    0    3    0    3    0    4    0    4    1 0.0238658972 -0.0135555006 
    1    1    1    0    3    0    3    0    4    1    4    0 -0.0104778498 -0.0035955221 
    1    1    1    0    3    0    3    0    4    1    4    1 -0.0113010866 -0.0060196828 
    1    1    1    0    3    0    3    1    4    0    4    0 0.0046911909 -0.0082457592 
    1    1    1    0    3    0    3    1    4    0    4    1 -0.0197303498 -0.0169705498 
    1    1    1    0    3    0    3    1    4    1    4    0 0.0070994886 -0.0080494527 
    1    1    1    0    3    0    3    1    4    1    4    1 0.0561080774 -0.0062637634 
    1    1    1    0    3    1    3    0    4    0    4    0 -0.0186783399 0.0180792624 
    1    1    1    0    3    1    3    0    4    0    4    1 -0.0215220894 0.0199329664 
    1    1    1    0    3    1    3    0    4    1    4    0 0.0093296063 0.0046835775 
    1    1    1    0    3    1    3    0    4    1    4    1 -0.0229159015 -0.0062306121 
    1    1    1    0    3    1    3    1    4    0    4    0 -0.0058380991 -0.0018980774 
    1    1    1    0    3    1    3    1    4    0    4    1 0.0186436563 -0.0135555100 
    1    1    1    0    3    1    3    1    4    1    4    0 0.0382070134 -0.0035955207 
    1    1    1    0    3    1    3    1    4    1    4    1 0.0047878150 0.0036847931 
    1    1    1    1    3    0    3    0    4    0    4    0 0.1311235682 0.0000000000 
    1    1    1    1    3    0    3    0    4    0    4    1 0.0063134633 0.0087576600 
    1    1    1    1    3    0    3    0    4    1    4    0 0.0063134633 -0.0087576600 
    1    1    1    1    3    0    3    0    4    1    4    1 0.0521344870 0.0000000000 
    1    1    1    1    3    0    3    1    4    0    4    0 0.0404579581 -0.0515427536 
    1    1    1    1    3    0    3    1    4    0    4    1 -0.0289919972 -0.0024858573 
    1    1    1    1    3    0    3    1    4    1    4    0 0.0143211941 0.0107453467 
    1    1    1    1    3    0    3    1    4    1    4    1 0.0081739085 -0.0108935382 
    1    1    1    1    3    1    3    0    4    0    4    0 0.0404579581 0.0515427536 
    1    1    1    1    3    1    3    0    4    0    4    1 0.0143211941 -0.0107453467 
    1    1    1    1    3    1    3    0    4    1    4    0 -0.0289919972 0.0024858573 
    1    1    1    1    3    1    3    0    4    1    4    1 0.0081739085 0.0108935382 
    1    1    1    1    3    1    3    1    4    0    4    0 0.1684399406 0.0000000000 
    1    1    1    1    3    1    3    1    4    0    4    1 0.0052251895 -0.0159245143 
    1    1    1    1    3    1    3    1    4    1    4    0 0.0052251895 0.0159245143 
    1    1    1    1    3    1    3    1    4    1    4    1 0.0742591038 0.0000000000 
    1    0    1    0    3    0    3    0    5    0    5    0 0.1511373049 0.0000000000 
    1    0    1    0    3    0    3    0    5    0    5    1 -0.0017578669 0.0068161361 
    1    0    1    0    3    0    3    0    5    1    5    0 -0.0017578669 -0.0068161361 
    1    0    1    0    3    0    3    0    5    1    5    1 0.1239363748 0.0000000000 
    1    0    1    0    3    0    3    1    5    0    5    0 0.0494758833 -0.0137370567 
    1    0    1    0    3    0    3    1    5    0    5    1 -0.0176942293 -0.0422339225 
    1    0    1    0    3    0    3    1    5    1    5    0 0.0368127218 -0.0278794589 
    1    0    1    0    3    0    3    1    5    1    5    1 -0.0056174183 -0.0198478432 
    1    0    1    0    3    1    3    0    5    0    5    0 0.0494758833 0.0137370567 
    1    0    1    0    3    1    3    0    5    0    5    1 0.0368127218 0.0278794589 
    1    0    1    0    3    1    3    0    5    1    5    0 -0.0176942293 0.0422339225 
    1    0    1    0    3    1    3    0    5    1    5    1 -0.0056174183 0.0198478432 
    1    0    1    0    3    1    3    1    5    0    5    0 0.1370407946 0.0000000000 
    1    0    1    0    3    1    3    1    5    0    5    1 -0.0065194423 -0.0213168067 
    1    0    1    0    3    1    3    1    5    1    5    0 -0.0065194423 0.0213168067 
    1    0    1    0    3    1    3    1    5    1    5    1 0.1619284260 0.0000000000 
    1    0    1    1    3    0    3    0    5    0    5    0 0.0115041613 -0.0012853107 
    1    0    1    1    3    0    3    0    5    0    5    1 -0.0196989086 -0.0032288834 
    1    0    1    1    3    0    3    0    5    1    5    0 0.0243934386 -0.0099974445 
    1    0    1    1    3    0    3    0    5    1    5    1 -0.0152582573 -0.0040280181 
    1    0    1    1    3    0    3    1    5    0    5    0 -0.0149299535 -0.0085278838 
    1    0    1    1    3    0    3    1    5    0    5    1 0.0011885006 0.0146900342 
    1    0    1    1    3    0    3    1    5    1    5    0 -0.0068716046 -0.0003802838 
    1    0    1    1    3    0    3    1    5    1    5    1 -0.0266642880 -0.0033207664 
    1    0    1    1    3    1    3    0    5    0    5    0 0.0423270410 0.0046512024 
    1    0    1    1    3    1    3    0    5    0    5    1 -0.0054628030 -0.0006370355 
    1    0    1    1    3    1    3    0    5    1    5    0 0.0015029460 -0.0160241981 
    1    0    1    1    3    1    3    0    5    1    5    1 0.0184722273 0.0098583202 
    1    0    1    1    3    1    3    1    5    0    5    0 -0.0103269866 -0.0045389515 
    1    0    1    1    3    1    3    1    5    0    5    1 -0.0531003435 0.0000653960 
    1    0    1    1    3    1    3    1    5    1    5    0 -0.0061572747 -0.0132917276 
    1    0    1    1    3    1    3    1    5    1    5    1 0.0092767025 0.0027522358 
    1    1    1    0    3    0    3    0    5    0    5    0 0.0115041613 0.0012853107 
    1    1    1    0    3    0    3    0    5    0    5    1 0.0243934386 0.0099974445 
    1    1    1    0    3    0    3    0    5    1    5    0 -0.0196989086 0.0032288834 
    1    1    1    0    3    0    3    0    5    1    5    1 -0.0152582573 0.0040280181 
    1    1    1    0    3    0    3    1    5    0    5    0 0.0423270410 -0.0046512024 
    1    1    1    0    3    0    3    1    5    0    5    1 0.0015029460 0.0160241981 
    1    1    1    0    3    0    3    1    5    1    5    0 -0.0054628030 0.0006370355 
    1    1    1    0    3    0    3    1    5    1    5    1 0.0184722273 -0.0098583202 
    1    1    1    0    3    1    3    0    5    0    5    0 -0.0149299535 0.0085278838 
    1    1    1    0    3    1    3    0    5    0    5    1 -0.0068716046 0.0003802838 
    1    1    1    0    3    1    3    0    5    1    5    0 0.0011885006 -0.0146900342 
    1    1    1    0    3    1    3    0    5    1    5    1 -0.0266642880 0.0033207664 
    1    1    1    0    3    1    3    1    5    0    5    0 -0.0103269866 0.0045389515 
    1    1    1    0    3    1    3    1    5    0    5    1 -0.0061572747 0.0132917276 
    1    1    1    0    3    1    3    1    5    1    5    0 -0.0531003435 -0.0000653960 
    1    1    1    0    3    1    3    1    5    1    5    1 0.0092767025 -0.0027522358 
    1    1    1    1    3    0    3    0    5    0    5    0 0.1020738826 0.0000000000 
    1    1    1    1    3    0    3    0    5    0    5    1 -0.0045245905 0.0033104832 
    1    1    1    1    3    0    3    0    5    1    5    0 -0.0045245905 -0.0033104832 
    1    1    1    1    3    0    3    0    5    1    5    1 0.0811841727 0.0000000000 
    1    1    1    1    3    0    3    1    5    0    5    0 0.0344550355 -0.0280277225 
    1    1    1    1    3    0    3    1    5    0    5    1 -0.0011244437 -0.0107528377 
    1    1    1    1    3    0    3    1    5    1    5    0 0.0127612615 0.0036016304 
    1    1    1    1    3    0    3    1    5    1    5    1 0.0141768311 -0.0344085693 
    1    1    1    1    3    1    3    0    5    0    5    0 0.0344550355 0.0280277225 
    1    1    1    1    3    1    3    0    5    0    5    1 0.0127612615 -0.0036016304 
    1    1    1    1    3    1    3    0    5    1    5    0 -0.0011244437 0.0107528377 
    1    1    1    1    3    1    3    0    5    1    5    1 0.0141768311 0.0344085693 
    1    1    1    1    3    1    3    1    5    0    5    0 0.1177698017 0.0000000000 
    1    1    1    1    3    1    3    1    5    0    5    1 -0.0083752894 -0.0285314187 
    1    1    1    1    3    1    3    1    5    1    5    0 -0.0083752894 0.0285314187 
    1    1    1    1    3    1    3    1    5    1    5    1 0.1249292427 0.0000000000 
    1    0    1    0    3    0    3    0    6    0    6    0 0.0908180056 0.0000000000 
    1    0    1    0    3    0    3    0    6    0    6    1 0.0139559492 0.0001385681 
    1    0    1    0    3    0    3    0    6    1    6    0 0.0139559492 -0.0001385681 
    1    0    1    0    3    0    3    0    6    1    6    1 0.1842556741 0.0000000000 
    1    0    1    0    3    0    3    1    6    0    6    0 0.0179224739 -0.0135171983 
    1    0    1    0    3    0    3    1    6    0    6    1 0.0355934690 -0.0015696390 
    1    0    1    0    3    0    3    1    6    1    6    0 -0.0141519302 -0.0407333335 
    1    0    1    0    3    0    3    1    6    1    6    1 0.0259359911 -0.0200677017 
    1    0    1    0    3    1    3    0    6    0    6    0 0.0179224739 0.0135171983 
    1    0    1    0    3    1    3    0    6    0    6    1 -0.0141519302 0.0407333335 
    1    0    1    0    3    1    3    0    6    1    6    0 0.0355934690 0.0015696390 
    1    0    1    0    3    1    3    0    6    1    6    1 0.0259359911 0.0200677017 
    1    0    1    0    3    1    3    1    6    0    6    0 0.2084815950 0.0000000000 
    1    0    1    0    3    1    3    1    6    0    6    1 0.0208157539 0.0236047541 
    1    0    1    0    3    1    3    1    6    1    6    0 0.0208157539 -0.0236047541 
    1    0    1    0    3    1    3    1    6    1    6    1 0.0904876256 0.0000000000 
    1    0    1    1    3    0    3    0    6    0    6    0 -0.0131290491 0.0198857902 
    1    0    1    1    3    0    3    0    6    0    6    1 0.0353911206 0.0033612056 
    1    0    1    1    3    0    3    0    6    1    6    0 -0.0178259471 -0.0096056899 
    1    0    1    1    3    0    3    0    6    1    6    1 0.0093749531 -0.0251991190 
    1    0    1    1    3    0    3    1    6    0    6    0 -0.0229159016 0.0033956794 
    1    0    1    1    3    0    3    1    6    0    6    1 -0.0010792768 -0.0089566072 
    1    0    1    1    3    0    3    1    6    1    6    0 0.0176125040 0.0083945246 
    1    0    1    1    3    0    3    1    6    1    6    1 -0.0186783398 -0.0152443297 
    1    0    1    1    3    1    3    0    6    0    6    0 0.0046911866 0.0095176101 
    1    0    1    1    3    1    3    0    6    0    6    1 0.0084001377 -0.0033699506 
    1    0    1    1    3    1    3    0    6    1    6    0 -0.0036150274 0.0102726808 
    1    0    1    1    3    1    3    0    6    1    6    1 0.0561080818 0.0049919125 
    1    0    1    1    3    1    3    1    6    0    6    0 -0.0117955283 0.0192985927 
    1    0    1    1    3    1    3    1    6    0    6    1 0.0345122169 -0.0014838115 
    1    0    1    1    3    1    3    1    6    1    6    0 -0.0205406495 -0.0169364791 
    1    0    1    1    3    1    3    1    6    1    6    1 0.0107452442 -0.0210853084 
    1    1    1    0    3    0    3    0    6    0    6    0 -0.0131290491 -0.0198857902 
    1    1    1    0    3    0    3    0    6    0    6    1 -0.0178259471 0.0096056899 
    1    1    1    0    3    0    3    0    6    1    6    0 0.0353911206 -0.0033612056 
    1    1    1    0    3    0    3    0    6    1    6    1 0.0093749531 0.0251991190 
    1    1    1    0    3    0    3    1    6    0    6    0 0.0046911866 -0.0095176101 
    1    1    1    0    3    0    3    1    6    0    6    1 -0.0036150274 -0.0102726808 
    1    1    1    0    3    0    3    1    6    1    6    0 0.0084001377 0.0033699506 
    1    1    1    0    3    0    3    1    6    1    6    1 0.0561080818 -0.0049919125 
    1    1    1    0    3    1    3    0    6    0    6    0 -0.0229159016 -0.0033956794 
    1    1    1    0    3    1    3    0    6    0    6    1 0.0176125040 -0.0083945246 
    1    1    1    0    3    1    3    0    6    1    6    0 -0.0010792768 0.0089566072 
    1    1    1    0    3    1    3    0    6    1    6    1 -0.0186783398 0.0152443297 
    1    1    1    0    3    1    3    1    6    0    6    0 -0.0117955283 -0.0192985927 
    1    1    1    0    3    1    3    1    6    0    6    1 -0.0205406495 0.0169364791 
    1    1    1    0    3    1    3    1    6    1    6    0 0.0345122169 0.0014838115 
    1    1    1    0    3    1    3    1    6    1    6    1 0.0107452442 0.0210853084 
    1    1    1    1    3    0    3    0    6    0    6    0 0.0584019567 0.0000000000 
    1    1    1    1    3    0    3    0    6    0    6    1 0.0179076250 -0.0029675084 
    1    1    1    1    3    0    3    0    6    1    6    0 0.0179076250 0.0029675084 
    1    1    1    1    3    0    3    0    6    1    6    1 0.1248560986 0.0000000000 
    1    1    1    1    3    0    3    1    6    0    6    0 0.0236607948 -0.0302461338 
    1    1    1    1    3    0    3    1    6    0    6    1 0.0044613520 -0.0015696379 
    1    1    1    1    3    0    3    1    6    1    6    0 -0.0163378202 -0.0407333441 
    1    1    1    1    3    0    3    1    6    1    6    1 0.0249710717 -0.0321901580 
    1    1    1    1    3    1    3    0    6    0    6    0 0.0236607948 0.0302461338 
    1    1    1    1    3    1    3    0    6    0    6    1 -0.0163378202 0.0407333441 
    1    1    1    1    3    1    3    0    6    1    6    0 0.0044613520 0.0015696379 
    1    1    1    1    3    1    3    0    6    1    6    1 0.0249710717 0.0321901580 
    1    1    1    1    3    1    3    1    6    0    6    0 0.1884686357 0.0000000000 
    1    1    1    1    3    1    3    1    6    0    6    1 0.0216679808 0.0228501603 
    1    1    1    1    3    1    3    1    6    1    6    0 0.0216679808 -0.0228501603 
    1    1    1    1    3    1    3    1    6    1    6    1 0.0542304087 0.0000000000 
    1    0    1    0    3    0    3    0    7    0    7    0 0.1575666355 0.0000000000 
    1    0    1    0    3    0    3    0    7    0    7    1 -0.0124080997 0.0034098218 
    1    0    1    0    3    0    3    0    7    1    7    0 -0.0124080997 -0.0034098218 
    1    0    1    0    3    0    3    0    7    1    7    1 0.1175070442 0.0000000000 
    1    0    1    0    3    0    3    1    7    0    7    0 0.0148237361 -0.0513987567 
    1    0    1    0    3    0    3    1    7    0    7    1 0.0058919911 0.0245149848 
    1    0    1    0    3    0    3    1    7    1    7    0 -0.0427158723 -0.0037191265 
    1    0    1    0    3    0    3    1    7    1    7    1 0.0290347289 0.0178138567 
    1    0    1    0    3    1    3    0    7    0    7    0 0.0148237361 0.0513987567 
    1    0    1    0    3    1    3    0    7    0    7    1 -0.0427158723 0.0037191265 
    1    0    1    0    3    1    3    0    7    1    7    0 0.0058919911 -0.0245149848 
    1    0    1    0    3    1    3    0    7    1    7    1 0.0290347289 -0.0178138567 
    1    0    1    0    3    1    3    1    7    0    7    0 0.1678864055 0.0000000000 
    1    0    1    0    3    1    3    1    7    0    7    1 -0.0205736586 -0.0101948688 
    1    0    1    0    3    1    3    1    7    1    7    0 -0.0205736586 0.0101948688 
    1    0    1    0    3    1    3    1    7    1    7    1 0.1310828152 0.0000000000 
    1    0    1    1    3    0    3    0    7    0    7    0 -0.0067476577 -0.0198441366 
    1    0    1    1    3    0    3    0    7    0    7    1 0.0051152310 0.0042957800 
    1    0    1    1    3    0    3    0    7    1    7    0 -0.0218200607 0.0058245608 
    1    0    1    1    3    0    3    0    7    1    7    1 0.0029935617 0.0145308078 
    1    0    1    1    3    0    3    1    7    0    7    0 -0.0266642849 -0.0033207658 
    1    0    1    1    3    0    3    1    7    0    7    1 -0.0126577046 0.0030794196 
    1    0    1    1    3    0    3    1    7    1    7    0 0.0079474224 0.0029202826 
    1    0    1    1    3    0    3    1    7    1    7    1 -0.0149299566 -0.0085278844 
    1    0    1    1    3    1    3    0    7    0    7    0 0.0423270425 0.0046512016 
    1    0    1    1    3    1    3    0    7    0    7    1 -0.0069041695 -0.0077804109 
    1    0    1    1    3    1    3    0    7    1    7    0 0.0106015045 -0.0017723339 
    1    0    1    1    3    1    3    0    7    1    7    1 0.0184722258 0.0098583210 
    1    0    1    1    3    1    3    1    7    0    7    0 -0.0008215558 0.0072918878 
    1    0    1    1    3    1    3    1    7    0    7    1 -0.0242945062 -0.0058477442 
    1    0    1    1    3    1    3    1    7    1    7    0 0.0102440237 -0.0043189668 
    1    0    1    1    3    1    3    1    7    1    7    1 -0.0002287284 -0.0090786035 
    1    1    1    0    3    0    3    0    7    0    7    0 -0.0067476577 0.0198441366 
    1    1    1    0    3    0    3    0    7    0    7    1 -0.0218200607 -0.0058245608 
    1    1    1    0    3    0    3    0    7    1    7    0 0.0051152310 -0.0042957800 
    1    1    1    0    3    0    3    0    7    1    7    1 0.0029935617 -0.0145308078 
    1    1    1    0    3    0    3    1    7    0    7    0 0.0423270425 -0.0046512016 
    1    1    1    0    3    0    3    1    7    0    7    1 0.0106015045 0.0017723339 
    1    1    1    0    3    0    3    1    7    1    7    0 -0.0069041695 0.0077804109 
    1    1    1    0    3    0    3    1    7    1    7    1 0.0184722258 -0.0098583210 
    1    1    1    0    3    1    3    0    7    0    7    0 -0.0266642849 0.0033207658 
    1    1    1    0    3    1    3    0    7    0    7    1 0.0079474224 -0.0029202826 
    1    1    1    0    3    1    3    0    7    1    7    0 -0.0126577046 -0.0030794196 
    1    1    1    0    3    1    3    0    7    1    7    1 -0.0149299566 0.0085278844 
    1    1    1    0    3    1    3    1    7    0    7    0 -0.0008215558 -0.0072918878 
    1    1    1    0    3    1    3    1    7    0    7    1 0.0102440237 0.0043189668 
    1    1    1    0    3    1    3    1    7    1    7    0 -0.0242945062 0.0058477442 
    1    1    1    0    3    1    3    1    7    1    7    1 -0.0002287284 0.0090786035 
    1    1    1    1    3    0    3    0    7    0    7    0 0.1206146346 0.0000000000 
    1    1    1    1    3    0    3    0    7    0    7    1 -0.0159730590 -0.0007901320 
    1    1    1    1    3    0    3    0    7    1    7    0 -0.0159730590 0.0007901320 
    1    1    1    1    3    0    3    0    7    1    7    1 0.0626434207 0.0000000000 
    1    1    1    1    3    0    3    1    7    0    7    0 0.0256078265 -0.0611356828 
    1    1    1    1    3    0    3    1    7    0    7    1 0.0225937783 0.0157594985 
    1    1    1    1    3    0    3    1    7    1    7    0 -0.0198337751 0.0050363626 
    1    1    1    1    3    0    3    1    7    1    7    1 0.0230240400 -0.0013006090 
    1    1    1    1    3    1    3    0    7    0    7    0 0.0256078265 0.0611356828 
    1    1    1    1    3    1    3    0    7    0    7    1 -0.0198337751 -0.0050363626 
    1    1    1    1    3    1    3    0    7    1    7    0 0.0225937783 -0.0157594985 
    1    1    1    1    3    1    3    0    7    1    7    1 0.0230240400 0.0013006090 
    1    1    1    1    3    1    3    1    7    0    7    0 0.1523696165 0.0000000000 
    1    1    1    1    3    1    3    1    7    0    7    1 -0.0206682204 0.0081866428 
    1    1    1    1    3    1    3    1    7    1    7    0 -0.0206682204 -0.0081866428 
    1    1    1    1    3    1    3    1    7    1    7    1 0.0903294279 0.0000000000 
    1    0    1    0    4    0    4    0    5    0    5    0 0.0836329552 0.0000000000 
    1    0    1    0    4    0    4    0    5    0    5    1 -0.0029365406 -0.0059943230 
    1    0    1    0    4    0    4    0    5    1    5    0 -0.0029365406 0.0059943230 
    1    0    1    0    4    0    4    0    5    1    5    1 0.0446348775 0.0000000000 
    1    0    1    0    4    0    4    1    5    0    5    0 -0.0014863717 0.0019554925 
    1    0    1    0    4    0    4    1    5    0    5    1 -0.0985099815 -0.0086484899 
    1    0    1    0    4    0    4    1    5    1    5    0 -0.0205840528 -0.0071566881 
    1    0    1    0    4    0    4    1    5    1    5    1 0.0090743334 0.0041367330 
    1    0    1    0    4    1    4    0    5    0    5    0 -0.0014863717 -0.0019554925 
    1    0    1    0    4    1    4    0    5    0    5    1 -0.0205840528 0.0071566881 
    1    0    1    0    4    1    4    0    5    1    5    0 -0.0985099815 0.0086484899 
    1    0    1    0    4    1    4    0    5    1    5    1 0.0090743334 -0.0041367330 
    1    0    1    0    4    1    4    1    5    0    5    0 0.2045451443 0.0000000000 
    1    0    1    0    4    1    4    1    5    0    5    1 -0.0053407685 -0.0085063475 
    1    0    1    0    4    1    4    1    5    1    5    0 -0.0053407685 0.0085063475 
    1    0    1    0    4    1    4    1    5    1    5    1 0.2412299234 0.0000000000 
    1    0    1    1    4    0    4    0    5    0    5    0 0.0011381705 -0.0327838342 
    1    0    1    1    4    0    4    0    5    0    5    1 -0.0390087703 0.0180461920 
    1    0    1    1    4    0    4    0    5    1    5    0 0.0080781086 -0.0123215997 
    1    0    1    1    4    0    4    0    5    1    5    1 0.0005707209 0.0233488999 
    1    0    1    1    4    0    4    1    5    0    5    0 0.0163277933 -0.0026586816 
    1    0    1    1    4    0    4    1    5    0    5    1 0.0006034244 0.0028996594 
    1    0    1    1    4    0    4    1    5    1    5    0 -0.0052624401 -0.0013690075 
    1    0    1    1    4    0    4    1    5    1    5    1 0.0114013703 0.0098497244 
    1    0    1    1    4    1    4    0    5    0    5    0 0.0135233251 0.0594199395 
    1    0    1    1    4    1    4    0    5    0    5    1 0.0045023767 -0.0539204013 
    1    0    1    1    4    1    4    0    5    1    5    0 0.0096992226 0.0580652576 
    1    0    1    1    4    1    4    0    5    1    5    1 0.0289862285 -0.0323089288 
    1    0    1    1    4    1    4    1    5    0    5    0 0.0000390041 0.0269595719 
    1    0    1    1    4    1    4    1    5    0    5    1 -0.0337904819 -0.0212096793 
    1    0    1    1    4    1    4    1    5    1    5    0 0.0101580553 -0.0109675724 
    1    0    1    1    4    1    4    1    5    1    5    1 -0.0065522757 -0.0246246822 
    1    1    1    0    4    0    4    0    5    0    5    0 0.0011381705 0.0327838342 
    1    1    1    0    4    0    4    0    5    0    5    1 0.0080781086 0.0123215997 
    1    1    1    0    4    0    4    0    5    1    5    0 -0.0390087703 -0.0180461920 
    1    1    1    0    4    0    4    0    5    1    5    1 0.0005707209 -0.0233488999 
    1    1    1    0    4    0    4    1    5    0    5    0 0.0135233251 -0.0594199395 
    1    1    1    0    4    0    4    1    5    0    5    1 0.0096992226 -0.0580652576 
    1    1    1    0    4    0    4    1    5    1    5    0 0.0045023767 0.0539204013 
    1    1    1    0    4    0    4    1    5    1    5    1 0.0289862285 0.0323089288 
    1    1    1    0    4    1    4    0    5    0    5    0 0.0163277933 0.0026586816 
    1    1    1    0    4    1    4    0    5    0    5    1 -0.0052624401 0.0013690075 
    1    1    1    0    4    1    4    0    5    1    5    0 0.0006034244 -0.0028996594 
    1    1    1    0    4    1    4    0    5    1    5    1 0.0114013703 -0.0098497244 
    1    1    1    0    4    1    4    1    5    0    5    0 0.0000390041 -0.0269595719 
    1    1    1    0    4    1    4    1    5    0    5    1 0.0101580553 0.0109675724 
    1    1    1    0    4    1    4    1    5    1    5    0 -0.0337904819 0.0212096793 
    1    1    1    0    4    1    4    1    5    1    5    1 -0.0065522757 0.0246246822 
    1    1    1    1    4    0    4    0    5    0    5    0 0.1657553233 0.0000000000 
    1    1    1    1    4    0    4    0    5    0    5    1 -0.0096273992 -0.0320813610 
    1    1    1    1    4    0    4    0    5    1    5    0 -0.0096273992 0.0320813610 
    1    1    1    1    4    0    4    0    5    1    5    1 0.1338081855 0.0000000000 
    1    1    1    1    4    0    4    1    5    0    5    0 0.0004907621 0.0188065152 
    1    1    1    1    4    0    4    1    5    0    5    1 -0.0631598639 -0.0029688723 
    1    1    1    1    4    0    4    1    5    1    5    0 -0.0260750403 -0.0128363051 
    1    1    1    1    4    0    4    1    5    1    5    1 0.0110478907 -0.0259733695 
    1    1    1    1    4    1    4    0    5    0    5    0 0.0004907621 -0.0188065152 
    1    1    1    1    4    1    4    0    5    0    5    1 -0.0260750403 0.0128363051 
    1    1    1    1    4    1    4    0    5    1    5    0 -0.0631598639 0.0029688723 
    1    1    1    1    4    1    4    0    5    1    5    1 0.0110478907 0.0259733695 
    1    1    1    1    4    1    4    1    5    0    5    0 0.0540883609 0.0000000000 
    1    1    1    1    4    1    4    1    5    0    5    1 -0.0032724807 0.0068604255 
    1    1    1    1    4    1    4    1    5    1    5    0 -0.0032724807 -0.0068604255 
    1    1    1    1    4    1    4    1    5    1    5    1 0.0723052299 0.0000000000 
    1    0    1    0    4    0    4    0    6    0    6    0 0.0724628393 0.0000000000 
    1    0    1    0    4    0    4    0    6    0    6    1 0.0074628001 0.0086010840 
    1    0    1    0    4    0    4    0    6    1    6    0 0.0074628001 -0.0086010840 
    1    0    1    0    4    0    4    0    6    1    6    1 0.0558049933 0.0000000000 
    1    0    1    0    4    0    4    1    6    0    6    0 0.0061838575 0.0113882993 
    1    0    1    0    4    0    4    1    6    0    6    1 0.0295654426 0.0031929417 
    1    0    1    0    4    0    4    1    6    1    6    0 -0.0441940906 0.0072059165 
    1    0    1    0    4    0    4    1    6    1    6    1 0.0014041042 -0.0052960738 
    1    0    1    0    4    1    4    0    6    0    6    0 0.0061838575 -0.0113882993 
    1    0    1    0    4    1    4    0    6    0    6    1 -0.0441940906 -0.0072059165 
    1    0    1    0    4    1    4    0    6    1    6    0 0.0295654426 -0.0031929417 
    1    0    1    0    4    1    4    0    6    1    6    1 0.0014041042 0.0052960738 
    1    0    1    0    4    1    4    1    6    0    6    0 0.2268367613 0.0000000000 
    1    0    1    0    4    1    4    1    6    0    6    1 0.0273089031 0.0151422382 
    1    0    1    0    4    1    4    1    6    1    6    0 0.0273089031 -0.0151422382 
    1    0    1    0    4    1    4    1    6    1    6    1 0.2189383064 0.0000000000 
    1    0    1    1    4    0    4    0    6    0    6    0 -0.0141997551 0.0205624958 
    1    0    1    1    4    0    4    0    6    0    6    1 0.0345122193 -0.0014838102 
    1    0    1    1    4    0    4    0    6    1    6    0 -0.0178259470 -0.0096056897 
    1    0    1    1    4    0    4    0    6    1    6    1 0.0159086465 -0.0299974301 
    1    0    1    1    4    0    4    1    6    0    6    0 0.0382070132 0.0035955215 
    1    0    1    1    4    0    4    1    6    0    6    1 0.0084725411 0.0096607994 
    1    0    1    1    4    0    4    1    6    1    6    0 0.0134826865 -0.0140663928 
    1    0    1    1    4    0    4    1    6    1    6    1 -0.0104778497 0.0035955214 
    1    0    1    1    4    1    4    0    6    0    6    0 0.0238658954 0.0135555097 
    1    0    1    1    4    1    4    0    6    0    6    1 -0.0261830655 0.0277756586 
    1    0    1    1    4    1    4    0    6    1    6    0 -0.0313640754 -0.0358022729 
    1    0    1    1    4    1    4    0    6    1    6    1 0.0186436582 0.0135555009 
    1    0    1    1    4    1    4    1    6    0    6    0 -0.0107248224 0.0186218870 
    1    0    1    1    4    1    4    1    6    0    6    1 0.0353911182 0.0033612043 
    1    0    1    1    4    1    4    1    6    1    6    0 -0.0205406495 -0.0169364793 
    1    0    1    1    4    1    4    1    6    1    6    1 0.0042115508 -0.0162869973 
    1    1    1    0    4    0    4    0    6    0    6    0 -0.0141997551 -0.0205624958 
    1    1    1    0    4    0    4    0    6    0    6    1 -0.0178259470 0.0096056897 
    1    1    1    0    4    0    4    0    6    1    6    0 0.0345122193 0.0014838102 
    1    1    1    0    4    0    4    0    6    1    6    1 0.0159086465 0.0299974301 
    1    1    1    0    4    0    4    1    6    0    6    0 0.0238658954 -0.0135555097 
    1    1    1    0    4    0    4    1    6    0    6    1 -0.0313640754 0.0358022729 
    1    1    1    0    4    0    4    1    6    1    6    0 -0.0261830655 -0.0277756586 
    1    1    1    0    4    0    4    1    6    1    6    1 0.0186436582 -0.0135555009 
    1    1    1    0    4    1    4    0    6    0    6    0 0.0382070132 -0.0035955215 
    1    1    1    0    4    1    4    0    6    0    6    1 0.0134826865 0.0140663928 
    1    1    1    0    4    1    4    0    6    1    6    0 0.0084725411 -0.0096607994 
    1    1    1    0    4    1    4    0    6    1    6    1 -0.0104778497 -0.0035955214 
    1    1    1    0    4    1    4    1    6    0    6    0 -0.0107248224 -0.0186218870 
    1    1    1    0    4    1    4    1    6    0    6    1 -0.0205406495 0.0169364793 
    1    1    1    0    4    1    4    1    6    1    6    0 0.0353911182 -0.0033612043 
    1    1    1    0    4    1    4    1    6    1    6    1 0.0042115508 0.0162869973 
    1    1    1    1    4    0    4    0    6    0    6    0 0.1734242904 0.0000000000 
    1    1    1    1    4    0    4    0    6    0    6    1 0.0315406152 0.0185720372 
    1    1    1    1    4    0    4    0    6    1    6    0 0.0315406152 -0.0185720372 
    1    1    1    1    4    0    4    0    6    1    6    1 0.1261392184 0.0000000000 
    1    1    1    1    4    0    4    1    6    0    6    0 0.0076855869 -0.0096116555 
    1    1    1    1    4    0    4    1    6    0    6    1 0.0186453018 0.0000232131 
    1    1    1    1    4    0    4    1    6    1    6    0 -0.0010408066 0.0067782723 
    1    1    1    1    4    0    4    1    6    1    6    1 0.0038530659 0.0024448011 
    1    1    1    1    4    1    4    0    6    0    6    0 0.0076855869 0.0096116555 
    1    1    1    1    4    1    4    0    6    0    6    1 -0.0010408066 -0.0067782723 
    1    1    1    1    4    1    4    0    6    1    6    0 0.0186453018 -0.0000232131 
    1    1    1    1    4    1    4    0    6    1    6    1 0.0038530659 -0.0024448011 
    1    1    1    1    4    1    4    1    6    0    6    0 0.0734463020 0.0000000000 
    1    1    1    1    4    1    4    1    6    0    6    1 0.0080349906 0.0013106148 
    1    1    1    1    4    1    4    1    6    1    6    0 0.0080349906 -0.0013106148 
    1    1    1    1    4    1    4    1    6    1    6    1 0.0529472889 0.0000000000 
    1    0    1    0    4    0    4    0    7    0    7    0 0.0800377121 0.0000000000 
    1    0    1    0    4    0    4    0    7    0    7    1 -0.0004348459 -0.0001220913 
    1    0    1    0    4    0    4    0    7    1    7    0 -0.0004348459 0.0001220913 
    1    0    1    0    4    0    4    0    7    1    7    1 0.0482301205 0.0000000000 
    1    0    1    0    4    0    4    1    7    0    7    0 -0.0125070484 -0.0221456371 
    1    0    1    0    4    0    4    1    7    0    7    1 0.0749360885 -0.0142472536 
    1    0    1    0    4    0    4    1    7    1    7    0 -0.0638444814 0.0015579255 
    1    0    1    0    4    0    4    1    7    1    7    1 0.0200950101 0.0282378626 
    1    0    1    0    4    1    4    0    7    0    7    0 -0.0125070484 0.0221456371 
    1    0    1    0    4    1    4    0    7    0    7    1 -0.0638444814 -0.0015579255 
    1    0    1    0    4    1    4    0    7    1    7    0 0.0749360885 0.0142472536 
    1    0    1    0    4    1    4    0    7    1    7    1 0.0200950101 -0.0282378626 
    1    0    1    0    4    1    4    1    7    0    7    0 0.2454153289 0.0000000000 
    1    0    1    0    4    1    4    1    7    0    7    1 -0.0325469124 -0.0066629557 
    1    0    1    0    4    1    4    1    7    1    7    0 -0.0325469124 0.0066629557 
    1    0    1    0    4    1    4    1    7    1    7    1 0.2003597388 0.0000000000 
    1    0    1    1    4    0    4    0    7    0    7    0 0.0230709315 -0.0074333244 
    1    0    1    1    4    0    4    0    7    0    7    1 -0.0185175101 -0.0022451744 
    1    0    1    1    4    0    4    0    7    1    7    0 -0.0100796134 -0.0029749286 
    1    0    1    1    4    0    4    0    7    1    7    1 -0.0213620401 -0.0020016098 
    1    0    1    1    4    0    4    1    7    0    7    0 0.0226140284 0.0051097975 
    1    0    1    1    4    0    4    1    7    0    7    1 -0.0016134921 0.0022962149 
    1    0    1    1    4    0    4    1    7    1    7    0 0.0052100434 0.0033115035 
    1    0    1    1    4    0    4    1    7    1    7    1 0.0051151352 0.0020812454 
    1    0    1    1    4    1    4    0    7    0    7    0 0.0465811180 0.0265364090 
    1    0    1    1    4    1    4    0    7    0    7    1 0.0474258503 0.0055302520 
    1    0    1    1    4    1    4    0    7    1    7    0 0.0553706903 0.0028321558 
    1    0    1    1    4    1    4    0    7    1    7    1 -0.0040715644 0.0005746016 
    1    0    1    1    4    1    4    1    7    0    7    0 -0.0306401450 -0.0051189244 
    1    0    1    1    4    1    4    1    7    0    7    1 -0.0006617651 0.0006932102 
    1    0    1    1    4    1    4    1    7    1    7    0 -0.0014964236 0.0044805226 
    1    0    1    1    4    1    4    1    7    1    7    1 0.0241268734 0.0074538141 
    1    1    1    0    4    0    4    0    7    0    7    0 0.0230709315 0.0074333244 
    1    1    1    0    4    0    4    0    7    0    7    1 -0.0100796134 0.0029749286 
    1    1    1    0    4    0    4    0    7    1    7    0 -0.0185175101 0.0022451744 
    1    1    1    0    4    0    4    0    7    1    7    1 -0.0213620401 0.0020016098 
    1    1    1    0    4    0    4    1    7    0    7    0 0.0465811180 -0.0265364090 
    1    1    1    0    4    0    4    1    7    0    7    1 0.0553706903 -0.0028321558 
    1    1    1    0    4    0    4    1    7    1    7    0 0.0474258503 -0.0055302520 
    1    1    1    0    4    0    4    1    7    1    7    1 -0.0040715644 -0.0005746016 
    1    1    1    0    4    1    4    0    7    0    7    0 0.0226140284 -0.0051097975 
    1    1    1    0    4    1    4    0    7    0    7    1 0.0052100434 -0.0033115035 
    1    1    1    0    4    1    4    0    7    1    7    0 -0.0016134921 -0.0022962149 
    1    1    1    0    4    1    4    0    7    1    7    1 0.0051151352 -0.0020812454 
    1    1    1    0    4    1    4    1    7    0    7    0 -0.0306401450 0.0051189244 
    1    1    1    0    4    1    4    1    7    0    7    1 -0.0014964236 -0.0044805226 
    1    1    1    0    4    1    4    1    7    1    7    0 -0.0006617651 -0.0006932102 
    1    1    1    0    4    1    4    1    7    1    7    1 0.0241268734 -0.0074538141 
    1    1    1    1    4    0    4    0    7    0    7    0 0.1947553280 0.0000000000 
    1    1    1    1    4    0    4    0    7    0    7    1 -0.0361786924 0.0070573630 
    1    1    1    1    4    0    4    0    7    1    7    0 -0.0361786924 -0.0070573630 
    1    1    1    1    4    0    4    0    7    1    7    1 0.1048081808 0.0000000000 
    1    1    1    1    4    0    4    1    7    0    7    0 0.0225736319 -0.0292168230 
    1    1    1    1    4    0    4    1    7    0    7    1 0.0528682174 -0.0096904054 
    1    1    1    1    4    0    4    1    7    1    7    0 -0.0560532255 0.0061147729 
    1    1    1    1    4    0    4    1    7    1    7    1 -0.0110349791 0.0220499686 
    1    1    1    1    4    1    4    0    7    0    7    0 0.0225736319 0.0292168230 
    1    1    1    1    4    1    4    0    7    0    7    1 -0.0560532255 -0.0061147729 
    1    1    1    1    4    1    4    0    7    1    7    0 0.0528682174 0.0096904054 
    1    1    1    1    4    1    4    0    7    1    7    1 -0.0110349791 -0.0220499686 
    1    1    1    1    4    1    4    1    7    0    7    0 0.0782289230 0.0000000000 
    1    1    1    1    4    1    4    1    7    0    7    1 -0.0004625870 0.0003391478 
    1    1    1    1    4    1    4    1    7    1    7    0 -0.0004625870 -0.0003391478 
    1    1    1    1    4    1    4    1    7    1    7    1 0.0481646678 0.0000000000 
    1    0    1    0    5    0    5    0    6    0    6    0 0.1402111041 0.0000000000 
    1    0    1    0    5    0    5    0    6    0    6    1 0.0289479568 0.0113891579 
    1    0    1    0    5    0    5    0    6    1    6    0 0.0289479568 -0.0113891579 
    1    0    1    0    5    0    5    0    6    1    6    1 0.1479669954 0.0000000000 
    1    0    1    0    5    0    5    1    6    0    6    0 -0.0131124584 -0.0185411290 
    1    0    1    0    5    0    5    1    6    0    6    1 0.0818495074 0.0151346371 
    1    0    1    0    5    0    5    1    6    1    6    0 -0.0756493649 0.0062580206 
    1    0    1    0    5    0    5    1    6    1    6    1 0.0048351493 0.0040404584 
    1    0    1    0    5    1    5    0    6    0    6    0 -0.0131124584 0.0185411290 
    1    0    1    0    5    1    5    0    6    0    6    1 -0.0756493649 -0.0062580206 
    1    0    1    0    5    1    5    0    6    1    6    0 0.0818495074 -0.0151346371 
    1    0    1    0    5    1    5    0    6    1    6    1 0.0048351493 -0.0040404584 
    1    0    1    0    5    1    5    1    6    0    6    0 0.1590884966 0.0000000000 
    1    0    1    0    5    1    5    1    6    0    6    1 0.0058237463 0.0123541642 
    1    0    1    0    5    1    5    1    6    1    6    0 0.0058237463 -0.0123541642 
    1    0    1    0    5    1    5    1    6    1    6    1 0.1267763043 0.0000000000 
    1    0    1    1    5    0    5    0    6    0    6    0 -0.0354726059 0.0166698156 
    1    0    1    1    5    0    5    0    6    0    6    1 0.0328090369 0.0114367853 
    1    0    1    1    5    0    5    0    6    1    6    0 -0.0120952997 -0.0237691697 
    1    0    1    1    5    0    5    0    6    1    6    1 0.0366497805 -0.0224940779 
    1    0    1    1    5    0    5    1    6    0    6    0 -0.0531340050 0.0021745549 
    1    0    1    1    5    0    5    1    6    0    6    1 -0.0131620532 -0.0098193666 
    1    0    1    1    5    0    5    1    6    1    6    0 -0.0153617732 0.0240792584 
    1    0    1    1    5    0    5    1    6    1    6    1 -0.0196652472 -0.0053380422 
    1    0    1    1    5    1    5    0    6    0    6    0 -0.0113571323 -0.0154008885 
    1    0    1    1    5    1    5    0    6    0    6    1 -0.0207296843 -0.0198030750 
    1    0    1    1    5    1    5    0    6    1    6    0 -0.0229661755 0.0137793168 
    1    0    1    1    5    1    5    0    6    1    6    1 0.0295932961 -0.0078882835 
    1    0    1    1    5    1    5    1    6    0    6    0 0.0105480284 0.0225145672 
    1    0    1    1    5    1    5    1    6    0    6    1 0.0370943006 -0.0095593913 
    1    0    1    1    5    1    5    1    6    1    6    0 -0.0262712968 -0.0027729993 
    1    0    1    1    5    1    5    1    6    1    6    1 -0.0165295832 -0.0237903495 
    1    1    1    0    5    0    5    0    6    0    6    0 -0.0354726059 -0.0166698156 
    1    1    1    0    5    0    5    0    6    0    6    1 -0.0120952997 0.0237691697 
    1    1    1    0    5    0    5    0    6    1    6    0 0.0328090369 -0.0114367853 
    1    1    1    0    5    0    5    0    6    1    6    1 0.0366497805 0.0224940779 
    1    1    1    0    5    0    5    1    6    0    6    0 -0.0113571323 0.0154008885 
    1    1    1    0    5    0    5    1    6    0    6    1 -0.0229661755 -0.0137793168 
    1    1    1    0    5    0    5    1    6    1    6    0 -0.0207296843 0.0198030750 
    1    1    1    0    5    0    5    1    6    1    6    1 0.0295932961 0.0078882835 
    1    1    1    0    5    1    5    0    6    0    6    0 -0.0531340050 -0.0021745549 
    1    1    1    0    5    1    5    0    6    0    6    1 -0.0153617732 -0.0240792584 
    1    1    1    0    5    1    5    0    6    1    6    0 -0.0131620532 0.0098193666 
    1    1    1    0    5    1    5    0    6    1    6    1 -0.0196652472 0.0053380422 
    1    1    1    0    5    1    5    1    6    0    6    0 0.0105480284 -0.0225145672 
    1    1    1    0    5    1    5    1    6    0    6    1 -0.0262712968 0.0027729993 
    1    1    1    0    5    1    5    1    6    1    6    0 0.0370943006 0.0095593913 
    1    1    1    0    5    1    5    1    6    1    6    1 -0.0165295832 0.0237903495 
    1    1    1    1    5    0    5    0    6    0    6    0 0.1114361491 0.0000000000 
    1    1    1    1    5    0    5    0    6    0    6    1 0.0255240507 0.0119437492 
    1    1    1    1    5    0    5    0    6    1    6    0 0.0255240507 -0.0119437492 
    1    1    1    1    5    0    5    0    6    1    6    1 0.1084075351 0.0000000000 
    1    1    1    1    5    0    5    1    6    0    6    0 -0.0122314951 -0.0259616007 
    1    1    1    1    5    0    5    1    6    0    6    1 0.0377214115 0.0085251115 
    1    1    1    1    5    0    5    1    6    1    6    0 -0.0725140012 0.0090260981 
    1    1    1    1    5    0    5    1    6    1    6    1 -0.0006683848 0.0007406652 
    1    1    1    1    5    1    5    0    6    0    6    0 -0.0122314951 0.0259616007 
    1    1    1    1    5    1    5    0    6    0    6    1 -0.0725140012 -0.0090260981 
    1    1    1    1    5    1    5    0    6    1    6    0 0.0377214115 -0.0085251115 
    1    1    1    1    5    1    5    0    6    1    6    1 -0.0006683848 -0.0007406652 
    1    1    1    1    5    1    5    1    6    0    6    0 0.1354344432 0.0000000000 
    1    1    1    1    5    1    5    1    6    0    6    1 0.0140515551 0.0079389028 
    1    1    1    1    5    1    5    1    6    1    6    0 0.0140515551 -0.0079389028 
    1    1    1    1    5    1    5    1    6    1    6    1 0.0706789722 0.0000000000 
    1    0    1    0    5    0    5    0    7    0    7    0 0.1571883867 0.0000000000 
    1    0    1    0    5    0    5    0    7    0    7    1 -0.0233571362 -0.0014942839 
    1    0    1    0    5    0    5    0    7    1    7    0 -0.0233571362 0.0014942839 
    1    0    1    0    5    0    5    0    7    1    7    1 0.1309897128 0.0000000000 
    1    0    1    0    5    0    5    1    7    0    7    0 0.0058065962 -0.0295716790 
    1    0    1    0    5    0    5    1    7    0    7    1 0.0261684525 -0.0017500011 
    1    0    1    0    5    0    5    1    7    1    7    0 -0.0404345645 -0.0188767150 
    1    0    1    0    5    0    5    1    7    1    7    1 -0.0140839053 0.0150710085 
    1    0    1    0    5    1    5    0    7    0    7    0 0.0058065962 0.0295716790 
    1    0    1    0    5    1    5    0    7    0    7    1 -0.0404345645 0.0188767150 
    1    0    1    0    5    1    5    0    7    1    7    0 0.0261684525 0.0017500011 
    1    0    1    0    5    1    5    0    7    1    7    1 -0.0140839053 -0.0150710085 
    1    0    1    0    5    1    5    1    7    0    7    0 0.1682646543 0.0000000000 
    1    0    1    0    5    1    5    1    7    0    7    1 -0.0096246221 -0.0052907630 
    1    0    1    0    5    1    5    1    7    1    7    0 -0.0096246221 0.0052907630 
    1    0    1    0    5    1    5    1    7    1    7    1 0.1176001465 0.0000000000 
    1    0    1    1    5    0    5    0    7    0    7    0 0.0017980829 -0.0113260045 
    1    0    1    1    5    0    5    0    7    0    7    1 -0.0090084408 0.0149645604 
    1    0    1    1    5    0    5    0    7    1    7    0 0.0020768481 -0.0149877470 
    1    0    1    1    5    0    5    0    7    1    7    1 -0.0006209083 0.0055017422 
    1    0    1    1    5    0    5    1    7    0    7    0 -0.0551669487 -0.0059594875 
    1    0    1    1    5    0    5    1    7    0    7    1 -0.0023365953 -0.0054703754 
    1    0    1    1    5    0    5    1    7    1    7    0 -0.0063758295 -0.0082588079 
    1    0    1    1    5    0    5    1    7    1    7    1 -0.0176323035 0.0027960002 
    1    0    1    1    5    1    5    0    7    0    7    0 0.0062712713 -0.0160223286 
    1    0    1    1    5    1    5    0    7    0    7    1 0.0136406084 0.0004483189 
    1    0    1    1    5    1    5    0    7    1    7    0 0.0008850681 0.0035068125 
    1    0    1    1    5    1    5    0    7    1    7    1 0.0119648925 -0.0072668435 
    1    0    1    1    5    1    5    1    7    0    7    0 -0.0093672964 -0.0012262444 
    1    0    1    1    5    1    5    1    7    0    7    1 -0.0101708344 -0.0165165246 
    1    0    1    1    5    1    5    1    7    1    7    0 -0.0136528851 0.0164933410 
    1    0    1    1    5    1    5    1    7    1    7    1 0.0033857416 -0.0000495379 
    1    1    1    0    5    0    5    0    7    0    7    0 0.0017980829 0.0113260045 
    1    1    1    0    5    0    5    0    7    0    7    1 0.0020768481 0.0149877470 
    1    1    1    0    5    0    5    0    7    1    7    0 -0.0090084408 -0.0149645604 
    1    1    1    0    5    0    5    0    7    1    7    1 -0.0006209083 -0.0055017422 
    1    1    1    0    5    0    5    1    7    0    7    0 0.0062712713 0.0160223286 
    1    1    1    0    5    0    5    1    7    0    7    1 0.0008850681 -0.0035068125 
    1    1    1    0    5    0    5    1    7    1    7    0 0.0136406084 -0.0004483189 
    1    1    1    0    5    0    5    1    7    1    7    1 0.0119648925 0.0072668435 
    1    1    1    0    5    1    5    0    7    0    7    0 -0.0551669487 0.0059594875 
    1    1    1    0    5    1    5    0    7    0    7    1 -0.0063758295 0.0082588079 
    1    1    1    0    5    1    5    0    7    1    7    0 -0.0023365953 0.0054703754 
    1    1    1    0    5    1    5    0    7    1    7    1 -0.0176323035 -0.0027960002 
    1    1    1    0    5    1    5    1    7    0    7    0 -0.0093672964 0.0012262444 
    1    1    1    0    5    1    5    1    7    0    7    1 -0.0136528851 -0.0164933410 
    1    1    1    0    5    1    5    1    7    1    7    0 -0.0101708344 0.0165165246 
    1    1    1    0    5    1    5    1    7    1    7    1 0.0033857416 0.0000495379 
    1    1    1    1    5    0    5    0    7    0    7    0 0.1371547885 0.0000000000 
    1    1    1    1    5    0    5    0    7    0    7    1 -0.0209784201 -0.0098889940 
    1    1    1    1    5    0    5    0    7    1    7    0 -0.0209784201 0.0098889940 
    1    1    1    1    5    0    5    0    7    1    7    1 0.0826888958 0.0000000000 
    1    1    1    1    5    0    5    1    7    0    7    0 -0.0155600943 -0.0206727218 
    1    1    1    1    5    0    5    1    7    0    7    1 0.0220422906 -0.0024675624 
    1    1    1    1    5    0    5    1    7    1    7    0 -0.0048003327 -0.0195942753 
    1    1    1    1    5    0    5    1    7    1    7    1 0.0026602144 -0.0045482137 
    1    1    1    1    5    1    5    0    7    0    7    0 -0.0155600943 0.0206727218 
    1    1    1    1    5    1    5    0    7    0    7    1 -0.0048003327 0.0195942753 
    1    1    1    1    5    1    5    0    7    1    7    0 0.0220422906 0.0024675624 
    1    1    1    1    5    1    5    0    7    1    7    1 0.0026602144 0.0045482137 
    1    1    1    1    5    1    5    1    7    0    7    0 0.1358294626 0.0000000000 
    1    1    1    1    5    1    5    1    7    0    7    1 -0.0156628594 0.0172855047 
    1    1    1    1    5    1    5    1    7    1    7    0 -0.0156628594 -0.0172855047 
    1    1    1    1    5    1    5    1    7    1    7    1 0.0702839528 0.0000000000 
    1    0    1    0    6    0    6    0    7    0    7    0 0.1933056977 0.0000000000 
    1    0    1    0    6    0    6    0    7    0    7    1 -0.0201420481 -0.0322301029 
    1    0    1    0    6    0    6    0    7    1    7    0 -0.0201420481 0.0322301029 
    1    0    1    0    6    0    6    0    7    1    7    1 0.1059939030 0.0000000000 
    1    0    1    0    6    0    6    1    7    0    7    0 0.0108686341 0.0469947528 
    1    0    1    0    6    0    6    1    7    0    7    1 -0.1212255051 0.0057569655 
    1    0    1    0    6    0    6    1    7    1    7    0 -0.0299088427 0.0104285747 
    1    0    1    0    6    0    6    1    7    1    7    1 0.0239030691 -0.0232514306 
    1    0    1    0    6    1    6    0    7    0    7    0 0.0108686341 -0.0469947528 
    1    0    1    0    6    1    6    0    7    0    7    1 -0.0299088427 -0.0104285747 
    1    0    1    0    6    1    6    0    7    1    7    0 -0.1212255051 -0.0057569655 
    1    0    1    0    6    1    6    0    7    1    7    1 0.0239030691 0.0232514306 
    1    0    1    0    6    1    6    1    7    0    7    0 0.1321473433 0.0000000000 
    1    0    1    0    6    1    6    1    7    0    7    1 -0.0128397102 0.0254450560 
    1    0    1    0    6    1    6    1    7    1    7    0 -0.0128397102 -0.0254450560 
    1    0    1    0    6    1    6    1    7    1    7    1 0.1425959564 0.0000000000 
    1    0    1    1    6    0    6    0    7    0    7    0 -0.0135398395 0.0420203220 
    1    0    1    1    6    0    6    0    7    0    7    1 -0.0330507920 -0.0134725733 
    1    0    1    1    6    0    6    0    7    1    7    0 0.0207632923 -0.0119437948 
    1    0    1    1    6    0    6    0    7    1    7    1 -0.0113847380 -0.0028359392 
    1    0    1    1    6    0    6    1    7    0    7    0 0.0588922283 -0.0100887085 
    1    0    1    1    6    0    6    1    7    0    7    1 -0.0059649997 -0.0138404262 
    1    0    1    1    6    0    6    1    7    1    7    0 0.0208618984 0.0240164468 
    1    0    1    1    6    0    6    1    7    1    7    1 0.0110111091 0.0119661025 
    1    0    1    1    6    1    6    0    7    0    7    0 -0.0389822315 -0.0242984917 
    1    0    1    1    6    1    6    0    7    0    7    1 -0.0228276817 0.0172373518 
    1    0    1    1    6    1    6    0    7    1    7    0 0.0118439597 -0.0227123724 
    1    0    1    1    6    1    6    0    7    1    7    1 0.0006156350 -0.0022436774 
    1    0    1    1    6    1    6    1    7    0    7    0 0.0059706260 -0.0545725709 
    1    0    1    1    6    1    6    1    7    0    7    1 0.0138715168 0.0119206091 
    1    0    1    1    6    1    6    1    7    1    7    0 -0.0323393292 0.0134493888 
    1    0    1    1    6    1    6    1    7    1    7    1 0.0141495713 0.0082881435 
    1    1    1    0    6    0    6    0    7    0    7    0 -0.0135398395 -0.0420203220 
    1    1    1    0    6    0    6    0    7    0    7    1 0.0207632923 0.0119437948 
    1    1    1    0    6    0    6    0    7    1    7    0 -0.0330507920 0.0134725733 
    1    1    1    0    6    0    6    0    7    1    7    1 -0.0113847380 0.0028359392 
    1    1    1    0    6    0    6    1    7    0    7    0 -0.0389822315 0.0242984917 
    1    1    1    0    6    0    6    1    7    0    7    1 0.0118439597 0.0227123724 
    1    1    1    0    6    0    6    1    7    1    7    0 -0.0228276817 -0.0172373518 
    1    1    1    0    6    0    6    1    7    1    7    1 0.0006156350 0.0022436774 
    1    1    1    0    6    1    6    0    7    0    7    0 0.0588922283 0.0100887085 
    1    1    1    0    6    1    6    0    7    0    7    1 0.0208618984 -0.0240164468 
    1    1    1    0    6    1    6    0    7    1    7    0 -0.0059649997 0.0138404262 
    1    1    1    0    6    1    6    0    7    1    7    1 0.0110111091 -0.0119661025 
    1    1    1    0    6    1    6    1    7    0    7    0 0.0059706260 0.0545725709 
    1    1    1    0    6    1    6    1    7    0    7    1 -0.0323393292 -0.0134493888 
    1    1    1    0    6    1    6    1    7    1    7    0 0.0138715168 -0.0119206091 
    1    1    1    0    6    1    6    1    7    1    7    1 0.0141495713 -0.0082881435 
    1    1    1    1    6    0    6    0    7    0    7    0 0.1572680948 0.0000000000 
    1    1    1    1    6    0    6    0    7    0    7    1 -0.0199795500 0.0014848490 
    1    1    1    1    6    0    6    0    7    1    7    0 -0.0199795500 -0.0014848490 
    1    1    1    1    6    0    6    0    7    1    7    1 0.0896024975 0.0000000000 
    1    1    1    1    6    0    6    1    7    0    7    0 0.0233824194 0.0195492297 
    1    1    1    1    6    0    6    1    7    0    7    1 -0.0622128187 0.0055824879 
    1    1    1    1    6    0    6    1    7    1    7    0 -0.0416580677 0.0171758390 
    1    1    1    1    6    0    6    1    7    1    7    1 0.0161931863 0.0003334223 
    1    1    1    1    6    1    6    0    7    0    7    0 0.0233824194 -0.0195492297 
    1    1    1    1    6    1    6    0    7    0    7    1 -0.0416580677 -0.0171758390 
    1    1    1    1    6    1    6    0    7    1    7    0 -0.0622128187 -0.0055824879 
    1    1    1    1    6    1    6    0    7    1    7    1 0.0161931863 -0.0003334223 
    1    1    1    1    6    1    6    1    7    0    7    0 0.1157161562 0.0000000000 
    1    1    1    1    6    1    6    1    7    0    7    1 -0.0166617294 0.0059116617 
    1    1    1    1    6    1    6    1    7    1    7    0 -0.0166617294 -0.0059116617 
    1    1    1    1    6    1    6    1    7    1    7    1 0.0633703511 0.0000000000 
    2    0    2    0    3    0    3    0    4    0    4    0 0.0567366946 0.0000000000 
    2    0    2    0    3    0    3    0    4    0    4    1 0.0058909123 0.0211790693 
    2    0    2    0    3    0    3    0    4    1    4    0 0.0058909123 -0.0211790693 
    2    0    2    0    3    0    3    0    4    1    4    1 0.0916280993 0.0000000000 
    2    0    2    0    3    0    3    1    4    0    4    0 0.0226443228 0.0086214385 
    2    0    2    0    3    0    3    1    4    0    4    1 -0.0303266073 0.0176421477 
    2    0    2    0    3    0    3    1    4    1    4    0 0.0212745591 0.0155031723 
    2    0    2    0    3    0    3    1    4    1    4    1 0.0288172163 0.0322497580 
    2    0    2    0    3    1    3    0    4    0    4    0 0.0226443228 -0.0086214385 
    2    0    2    0    3    1    3    0    4    0    4    1 0.0212745591 -0.0155031723 
    2    0    2    0    3    1    3    0    4    1    4    0 -0.0303266073 -0.0176421477 
    2    0    2    0    3    1    3    0    4    1    4    1 0.0288172163 -0.0322497580 
    2    0    2    0    3    1    3    1    4    0    4    0 0.0952993799 0.0000000000 
    2    0    2    0    3    1    3    1    4    0    4    1 0.0045074914 0.0336888868 
    2    0    2    0    3    1    3    1    4    1    4    0 0.0045074914 -0.0336888868 
    2    0    2    0    3    1    3    1    4    1    4    1 0.1541507420 0.0000000000 
    2    0    2    1    3    0    3    0    4    0    4    0 -0.0235697663 -0.0149254508 
    2    0    2    1    3    0    3    0    4    0    4    1 0.0250564031 -0.0143885285 
    2    0    2    1    3    0    3    0    4    1    4    0 -0.0083515762 0.0011621990 
    2    0    2    1    3    0    3    0    4    1    4    1 -0.0241210539 -0.0381320473 
    2    0    2    1    3    0    3    1    4    0    4    0 -0.0341664368 0.0096823024 
    2    0    2    1    3    0    3    1    4    0    4    1 -0.0107269039 0.0056305062 
    2    0    2    1    3    0    3    1    4    1    4    0 0.0112312834 -0.0150318680 
    2    0    2    1    3    0    3    1    4    1    4    1 -0.0233216731 0.0005779731 
    2    0    2    1    3    1    3    0    4    0    4    0 -0.0595692247 0.0020645769 
    2    0    2    1    3    1    3    0    4    0    4    1 -0.0101570330 -0.0072275641 
    2    0    2    1    3    1    3    0    4    1    4    0 0.0125735260 0.0133786495 
    2    0    2    1    3    1    3    0    4    1    4    1 -0.1218276133 -0.0136125374 
    2    0    2    1    3    1    3    1    4    0    4    0 -0.0218458588 0.0250713843 
    2    0    2    1    3    1    3    1    4    0    4    1 -0.0134803670 0.0206408232 
    2    0    2    1    3    1    3    1    4    1    4    0 0.0275308508 -0.0338671506 
    2    0    2    1    3    1    3    1    4    1    4    1 -0.0165211679 0.0350233364 
    2    1    2    0    3    0    3    0    4    0    4    0 -0.0235697663 0.0149254508 
    2    1    2    0    3    0    3    0    4    0    4    1 -0.0083515762 -0.0011621990 
    2    1    2    0    3    0    3    0    4    1    4    0 0.0250564031 0.0143885285 
    2    1    2    0    3    0    3    0    4    1    4    1 -0.0241210539 0.0381320473 
    2    1    2    0    3    0    3    1    4    0    4    0 -0.0595692247 -0.0020645769 
    2    1    2    0    3    0    3    1    4    0    4    1 0.0125735260 -0.0133786495 
    2    1    2    0    3    0    3    1    4    1    4    0 -0.0101570330 0.0072275641 
    2    1    2    0    3    0    3    1    4    1    4    1 -0.1218276133 0.0136125374 
    2    1    2    0    3    1    3    0    4    0    4    0 -0.0341664368 -0.0096823024 
    2    1    2    0    3    1    3    0    4    0    4    1 0.0112312834 0.0150318680 
    2    1    2    0    3    1    3    0    4    1    4    0 -0.0107269039 -0.0056305062 
    2    1    2    0    3    1    3    0    4    1    4    1 -0.0233216731 -0.0005779731 
    2    1    2    0    3    1    3    1    4    0    4    0 -0.0218458588 -0.0250713843 
    2    1    2    0    3    1    3    1    4    0    4    1 0.0275308508 0.0338671506 
    2    1    2    0    3    1    3    1    4    1    4    0 -0.0134803670 -0.0206408232 
    2    1    2    0    3    1    3    1    4    1    4    1 -0.0165211679 -0.0350233364 
    2    1    2    1    3    0    3    0    4    0    4    0 0.1255378950 0.0000000000 
    2    1    2    1    3    0    3    0    4    0    4    1 0.0053078493 -0.0048104340 
    2    1    2    1    3    0    3    0    4    1    4    0 0.0053078493 0.0048104340 
    2    1    2    1    3    0    3    0    4    1    4    1 0.1844290461 0.0000000000 
    2    1    2    1    3    0    3    1    4    0    4    0 0.0293205807 -0.0699497729 
    2    1    2    1    3    0    3    1    4    0    4    1 -0.0346118632 -0.0044126703 
    2    1    2    1    3    0    3    1    4    1    4    0 0.0070985577 0.0375579811 
    2    1    2    1    3    0    3    1    4    1    4    1 0.0117082118 -0.0669426154 
    2    1    2    1    3    1    3    0    4    0    4    0 0.0293205807 0.0699497729 
    2    1    2    1    3    1    3    0    4    0    4    1 0.0070985577 -0.0375579811 
    2    1    2    1    3    1    3    0    4    1    4    0 -0.0346118632 0.0044126703 
    2    1    2    1    3    1    3    0    4    1    4    1 0.0117082118 0.0669426154 
    2    1    2    1    3    1    3    1    4    0    4    0 0.1502573719 0.0000000000 
    2    1    2    1    3    1    3    1    4    0    4    1 0.0034203616 -0.0511321509 
    2    1    2    1    3    1    3    1    4    1    4    0 0.0034203616 0.0511321509 
    2    1    2    1    3    1    3    1    4    1    4    1 0.1419607712 0.0000000000 
    2    0    2    0    3    0    3    0    5    0    5    0 0.0829642928 0.0000000000 
    2    0    2    0    3    0    3    0    5    0    5    1 -0.0036707823 0.0214588144 
    2    0    2    0    3    0    3    0    5    1    5    0 -0.0036707823 -0.0214588144 
    2    0    2    0    3    0    3    0    5    1    5    1 0.0654005011 0.0000000000 
    2    0    2    0    3    0    3    1    5    0    5    0 0.0455759118 0.0244637575 
    2    0    2    0    3    0    3    1    5    0    5    1 0.0040031683 -0.0137967894 
    2    0    2    0    3    0    3    1    5    1    5    0 0.0086646973 -0.0248355098 
    2    0    2    0    3    0    3    1    5    1    5    1 0.0058856273 0.0164074391 
    2    0    2    0    3    1    3    0    5    0    5    0 0.0455759118 -0.0244637575 
    2    0    2    0    3    1    3    0    5    0    5    1 0.0086646973 0.0248355098 
    2    0    2    0    3    1    3    0    5    1    5    0 0.0040031683 0.0137967894 
    2    0    2    0    3    1    3    0    5    1    5    1 0.0058856273 -0.0164074391 
    2    0    2    0    3    1    3    1    5    0    5    0 0.1288243597 0.0000000000 
    2    0    2    0    3    1    3    1    5    0    5    1 -0.0089329771 -0.0116989341 
    2    0    2    0    3    1    3    1    5    1    5    0 -0.0089329771 0.0116989341 
    2    0    2    0    3    1    3    1    5    1    5    1 0.1206257622 0.0000000000 
    2    0    2    1    3    0    3    0    5    0    5    0 -0.0485053563 -0.0330487083 
    2    0    2    1    3    0    3    0    5    0    5    1 0.0085180821 -0.0045669668 
    2    0    2    1    3    0    3    0    5    1    5    0 -0.0306351030 0.0190699273 
    2    0    2    1    3    0    3    0    5    1    5    1 0.0008145361 -0.0200087899 
    2    0    2    1    3    0    3    1    5    0    5    0 -0.0234428782 0.0110017356 
    2    0    2    1    3    0    3    1    5    0    5    1 -0.0129465926 0.0152973404 
    2    0    2    1    3    0    3    1    5    1    5    0 0.0152535332 0.0009275548 
    2    0    2    1    3    0    3    1    5    1    5    1 -0.0340452317 -0.0007414602 
    2    0    2    1    3    1    3    0    5    0    5    0 -0.1024469616 -0.0063316737 
    2    0    2    1    3    1    3    0    5    0    5    1 0.0145085797 0.0027811805 
    2    0    2    1    3    1    3    0    5    1    5    0 -0.0127057068 -0.0152971142 
    2    0    2    1    3    1    3    0    5    1    5    1 -0.0789498765 -0.0052162869 
    2    0    2    1    3    1    3    1    5    0    5    0 -0.0322260928 0.0297434948 
    2    0    2    1    3    1    3    1    5    0    5    1 0.0273342078 0.0205657424 
    2    0    2    1    3    1    3    1    5    1    5    0 -0.0417825416 -0.0060627843 
    2    0    2    1    3    1    3    1    5    1    5    1 -0.0061409339 0.0303512259 
    2    1    2    0    3    0    3    0    5    0    5    0 -0.0485053563 0.0330487083 
    2    1    2    0    3    0    3    0    5    0    5    1 -0.0306351030 -0.0190699273 
    2    1    2    0    3    0    3    0    5    1    5    0 0.0085180821 0.0045669668 
    2    1    2    0    3    0    3    0    5    1    5    1 0.0008145361 0.0200087899 
    2    1    2    0    3    0    3    1    5    0    5    0 -0.1024469616 0.0063316737 
    2    1    2    0    3    0    3    1    5    0    5    1 -0.0127057068 0.0152971142 
    2    1    2    0    3    0    3    1    5    1    5    0 0.0145085797 -0.0027811805 
    2    1    2    0    3    0    3    1    5    1    5    1 -0.0789498765 0.0052162869 
    2    1    2    0    3    1    3    0    5    0    5    0 -0.0234428782 -0.0110017356 
    2    1    2    0    3    1    3    0    5    0    5    1 0.0152535332 -0.0009275548 
    2    1    2    0    3    1    3    0    5    1    5    0 -0.0129465926 -0.0152973404 
    2    1    2    0    3    1    3    0    5    1    5    1 -0.0340452317 0.0007414602 
    2    1    2    0    3    1    3    1    5    0    5    0 -0.0322260928 -0.0297434948 
    2    1    2    0    3    1    3    1    5    0    5    1 -0.0417825416 0.0060627843 
    2    1    2    0    3    1    3    1    5    1    5    0 0.0273342078 -0.0205657424 
    2    1    2    0    3    1    3    1    5    1    5    1 -0.0061409339 -0.0303512259 
    2    1    2    1    3    0    3    0    5    0    5    0 0.1702468947 0.0000000000 
    2    1    2    1    3    0    3    0    5    0    5    1 -0.0026116751 -0.0113321950 
    2    1    2    1    3    0    3    0    5    1    5    0 -0.0026116751 0.0113321950 
    2    1    2    1    3    0    3    0    5    1    5    1 0.1397200464 0.0000000000 
    2    1    2    1    3    0    3    1    5    0    5    0 0.0383550070 -0.0662285367 
    2    1    2    1    3    0    3    1    5    0    5    1 -0.0228218413 -0.0391899708 
    2    1    2    1    3    0    3    1    5    1    5    0 0.0409092860 0.0005576814 
    2    1    2    1    3    0    3    1    5    1    5    1 0.0026737855 -0.0706638516 
    2    1    2    1    3    1    3    0    5    0    5    0 0.0383550070 0.0662285367 
    2    1    2    1    3    1    3    0    5    0    5    1 0.0409092860 -0.0005576814 
    2    1    2    1    3    1    3    0    5    1    5    0 -0.0228218413 0.0391899708 
    2    1    2    1    3    1    3    0    5    1    5    1 0.0026737855 0.0706638516 
    2    1    2    1    3    1    3    1    5    0    5    0 0.1259862366 0.0000000000 
    2    1    2    1    3    1    3    1    5    0    5    1 -0.0059617546 -0.0381492913 
    2    1    2    1    3    1    3    1    5    1    5    0 -0.0059617546 0.0381492913 
    2    1    2    1    3    1    3    1    5    1    5    1 0.1662319066 0.0000000000 
    2    0    2    0    3    0    3    0    6    0    6    0 0.0497647823 0.0000000000 
    2    0    2    0    3    0    3    0    6    0    6    1 0.0191847672 -0.0182379341 
    2    0    2    0    3    0    3    0    6    1    6    0 0.0191847672 0.0182379341 
    2    0    2    0    3    0    3    0    6    1    6    1 0.0986000116 0.0000000000 
    2    0    2    0    3    0    3    1    6    0    6    0 0.0221167282 0.0234446211 
    2    0    2    0    3    0    3    1    6    0    6    1 0.0112779677 0.0046845641 
    2    0    2    0    3    0    3    1    6    1    6    0 0.0100814602 0.0051310981 
    2    0    2    0    3    0    3    1    6    1    6    1 0.0293448108 0.0174265755 
    2    0    2    0    3    1    3    0    6    0    6    0 0.0221167282 -0.0234446211 
    2    0    2    0    3    1    3    0    6    0    6    1 0.0100814602 -0.0051310981 
    2    0    2    0    3    1    3    0    6    1    6    0 0.0112779677 -0.0046845641 
    2    0    2    0    3    1    3    0    6    1    6    1 0.0293448108 -0.0174265755 
    2    0    2    0    3    1    3    1    6    0    6    0 0.1720245284 0.0000000000 
    2    0    2    0    3    1    3    1    6    0    6    1 0.0212197383 0.0096673243 
    2    0    2    0    3    1    3    1    6    1    6    0 0.0212197383 -0.0096673243 
    2    0    2    0    3    1    3    1    6    1    6    1 0.0774255935 0.0000000000 
    2    0    2    1    3    0    3    0    6    0    6    0 -0.0129080022 -0.0288880217 
    2    0    2    1    3    0    3    0    6    0    6    1 -0.0273147031 -0.0104998071 
    2    0    2    1    3    0    3    0    6    1    6    0 0.0049835461 -0.0098283296 
    2    0    2    1    3    0    3    0    6    1    6    1 -0.0347828180 -0.0241694765 
    2    0    2    1    3    0    3    1    6    0    6    0 -0.0453623922 0.0033225786 
    2    0    2    1    3    0    3    1    6    0    6    1 -0.0022331316 -0.0090557084 
    2    0    2    1    3    0    3    1    6    1    6    0 -0.0306029081 0.0004577724 
    2    0    2    1    3    0    3    1    6    1    6    1 -0.0121257177 0.0069376969 
    2    0    2    1    3    1    3    0    6    0    6    0 -0.0836306251 -0.0075815395 
    2    0    2    1    3    1    3    0    6    0    6    1 -0.0207713893 -0.0076338578 
    2    0    2    1    3    1    3    0    6    1    6    0 0.0015895162 0.0097051320 
    2    0    2    1    3    1    3    0    6    1    6    1 -0.0977662130 -0.0039664211 
    2    0    2    1    3    1    3    1    6    0    6    0 -0.0249755414 0.0306433255 
    2    0    2    1    3    1    3    1    6    0    6    1 -0.0352349450 -0.0038778441 
    2    0    2    1    3    1    3    1    6    1    6    0 0.0235022243 0.0241596096 
    2    0    2    1    3    1    3    1    6    1    6    1 -0.0133914853 0.0294513952 
    2    1    2    0    3    0    3    0    6    0    6    0 -0.0129080022 0.0288880217 
    2    1    2    0    3    0    3    0    6    0    6    1 0.0049835461 0.0098283296 
    2    1    2    0    3    0    3    0    6    1    6    0 -0.0273147031 0.0104998071 
    2    1    2    0    3    0    3    0    6    1    6    1 -0.0347828180 0.0241694765 
    2    1    2    0    3    0    3    1    6    0    6    0 -0.0836306251 0.0075815395 
    2    1    2    0    3    0    3    1    6    0    6    1 0.0015895162 -0.0097051320 
    2    1    2    0    3    0    3    1    6    1    6    0 -0.0207713893 0.0076338578 
    2    1    2    0    3    0    3    1    6    1    6    1 -0.0977662130 0.0039664211 
    2    1    2    0    3    1    3    0    6    0    6    0 -0.0453623922 -0.0033225786 
    2    1    2    0    3    1    3    0    6    0    6    1 -0.0306029081 -0.0004577724 
    2    1    2    0    3    1    3    0    6    1    6    0 -0.0022331316 0.0090557084 
    2    1    2    0    3    1    3    0    6    1    6    1 -0.0121257177 -0.0069376969 
    2    1    2    0    3    1    3    1    6    0    6    0 -0.0249755414 -0.0306433255 
    2    1    2    0    3    1    3    1    6    0    6    1 0.0235022243 -0.0241596096 
    2    1    2    0    3    1    3    1    6    1    6    0 -0.0352349450 0.0038778441 
    2    1    2    0    3    1    3    1    6    1    6    1 -0.0133914853 -0.0294513952 
    2    1    2    1    3    0    3    0    6    0    6    0 0.0994551800 0.0000000000 
    2    1    2    1    3    0    3    0    6    0    6    1 0.0126788070 0.0154089938 
    2    1    2    1    3    0    3    0    6    1    6    0 0.0126788070 -0.0154089938 
    2    1    2    1    3    0    3    0    6    1    6    1 0.2105117611 0.0000000000 
    2    1    2    1    3    0    3    1    6    0    6    0 0.0194665405 -0.0672079531 
    2    1    2    1    3    0    3    1    6    0    6    1 0.0287768533 -0.0078238410 
    2    1    2    1    3    0    3    1    6    1    6    0 -0.0405712105 -0.0865977757 
    2    1    2    1    3    0    3    1    6    1    6    1 0.0215622520 -0.0696844352 
    2    1    2    1    3    1    3    0    6    0    6    0 0.0194665405 0.0672079531 
    2    1    2    1    3    1    3    0    6    0    6    1 -0.0405712105 0.0865977757 
    2    1    2    1    3    1    3    0    6    1    6    0 0.0287768533 0.0078238410 
    2    1    2    1    3    1    3    0    6    1    6    1 0.0215622520 0.0696844352 
    2    1    2    1    3    1    3    1    6    0    6    0 0.2249257023 0.0000000000 
    2    1    2    1    3    1    3    1    6    0    6    1 0.0212639964 0.0367875902 
    2    1    2    1    3    1    3    1    6    1    6    0 0.0212639964 -0.0367875902 
    2    1    2    1    3    1    3    1    6    1    6    1 0.0672924409 0.0000000000 
    2    0    2    0    3    0    3    0    7    0    7    0 0.0414200988 0.0000000000 
    2    0    2    0    3    0    3    0    7    0    7    1 -0.0172796045 -0.0116935920 
    2    0    2    0    3    0    3    0    7    1    7    0 -0.0172796045 0.0116935920 
    2    0    2    0    3    0    3    0    7    1    7    1 0.1069446951 0.0000000000 
    2    0    2    0    3    0    3    1    7    0    7    0 0.0133514275 0.0038461368 
    2    0    2    0    3    0    3    1    7    0    7    1 0.0130996485 0.0005727026 
    2    0    2    0    3    0    3    1    7    1    7    0 -0.0344972868 -0.0000817929 
    2    0    2    0    3    0    3    1    7    1    7    1 0.0381101116 0.0370250598 
    2    0    2    0    3    1    3    0    7    0    7    0 0.0133514275 -0.0038461368 
    2    0    2    0    3    1    3    0    7    0    7    1 -0.0344972868 0.0000817929 
    2    0    2    0    3    1    3    0    7    1    7    0 0.0130996485 -0.0005727026 
    2    0    2    0    3    1    3    0    7    1    7    1 0.0381101116 -0.0370250598 
    2    0    2    0    3    1    3    1    7    0    7    0 0.0891352342 0.0000000000 
    2    0    2    0    3    1    3    1    7    0    7    1 -0.0204545158 -0.0388258208 
    2    0    2    0    3    1    3    1    7    1    7    0 -0.0204545158 0.0388258208 
    2    0    2    0    3    1    3    1    7    1    7    1 0.1603148877 0.0000000000 
    2    0    2    1    3    0    3    0    7    0    7    0 -0.0190247202 -0.0195273518 
    2    0    2    1    3    0    3    0    7    0    7    1 0.0010981813 0.0066676395 
    2    0    2    1    3    0    3    0    7    1    7    0 0.0434125018 -0.0056023584 
    2    0    2    1    3    0    3    0    7    1    7    1 -0.0286661000 -0.0335301463 
    2    0    2    1    3    0    3    1    7    0    7    0 -0.0309971283 0.0069376977 
    2    0    2    1    3    0    3    1    7    0    7    1 0.0134858843 -0.0038852501 
    2    0    2    1    3    0    3    1    7    1    7    0 0.0028511843 0.0305961953 
    2    0    2    1    3    0    3    1    7    1    7    1 -0.0264909815 0.0033225778 
    2    0    2    1    3    1    3    0    7    0    7    0 -0.1078423958 -0.0075815400 
    2    0    2    1    3    1    3    0    7    0    7    1 0.0095869453 0.0049994483 
    2    0    2    1    3    1    3    0    7    1    7    0 -0.0067589878 -0.0279250390 
    2    0    2    1    3    1    3    0    7    1    7    1 -0.0735544423 -0.0039664205 
    2    0    2    1    3    1    3    1    7    0    7    0 -0.0187878312 0.0312853972 
    2    0    2    1    3    1    3    1    7    0    7    1 0.0203598243 -0.0161494346 
    2    0    2    1    3    1    3    1    7    1    7    0 -0.0193117724 0.0508010200 
    2    0    2    1    3    1    3    1    7    1    7    1 -0.0195791954 0.0288093234 
    2    1    2    0    3    0    3    0    7    0    7    0 -0.0190247202 0.0195273518 
    2    1    2    0    3    0    3    0    7    0    7    1 0.0434125018 0.0056023584 
    2    1    2    0    3    0    3    0    7    1    7    0 0.0010981813 -0.0066676395 
    2    1    2    0    3    0    3    0    7    1    7    1 -0.0286661000 0.0335301463 
    2    1    2    0    3    0    3    1    7    0    7    0 -0.1078423958 0.0075815400 
    2    1    2    0    3    0    3    1    7    0    7    1 -0.0067589878 0.0279250390 
    2    1    2    0    3    0    3    1    7    1    7    0 0.0095869453 -0.0049994483 
    2    1    2    0    3    0    3    1    7    1    7    1 -0.0735544423 0.0039664205 
    2    1    2    0    3    1    3    0    7    0    7    0 -0.0309971283 -0.0069376977 
    2    1    2    0    3    1    3    0    7    0    7    1 0.0028511843 -0.0305961953 
    2    1    2    0    3    1    3    0    7    1    7    0 0.0134858843 0.0038852501 
    2    1    2    0    3    1    3    0    7    1    7    1 -0.0264909815 -0.0033225778 
    2    1    2    0    3    1    3    1    7    0    7    0 -0.0187878312 -0.0312853972 
    2    1    2    0    3    1    3    1    7    0    7    1 -0.0193117724 -0.0508010200 
    2    1    2    0    3    1    3    1    7    1    7    0 0.0203598243 0.0161494346 
    2    1    2    0    3    1    3    1    7    1    7    1 -0.0195791954 -0.0288093234 
    2    1    2    1    3    0    3    0    7    0    7    0 0.2367611713 0.0000000000 
    2    1    2    1    3    0    3    0    7    0    7    1 -0.0111015543 0.0143132818 
    2    1    2    1    3    0    3    0    7    1    7    0 -0.0111015543 -0.0143132818 
    2    1    2    1    3    0    3    0    7    1    7    1 0.0732057698 0.0000000000 
    2    1    2    1    3    0    3    1    7    0    7    0 0.0270801352 -0.1163805763 
    2    1    2    1    3    0    3    1    7    0    7    1 0.0153861209 0.0397017808 
    2    1    2    1    3    0    3    1    7    1    7    0 -0.0280523606 0.0013990291 
    2    1    2    1    3    0    3    1    7    1    7    1 0.0139486573 -0.0205118120 
    2    1    2    1    3    1    3    0    7    0    7    0 0.0270801352 0.1163805763 
    2    1    2    1    3    1    3    0    7    0    7    1 -0.0280523606 -0.0013990291 
    2    1    2    1    3    1    3    0    7    1    7    0 0.0153861209 -0.0397017808 
    2    1    2    1    3    1    3    0    7    1    7    1 0.0139486573 0.0205118120 
    2    1    2    1    3    1    3    1    7    0    7    0 0.2311207878 0.0000000000 
    2    1    2    1    3    1    3    1    7    0    7    1 -0.0207873631 0.0368175948 
    2    1    2    1    3    1    3    1    7    1    7    0 -0.0207873631 -0.0368175948 
    2    1    2    1    3    1    3    1    7    1    7    1 0.0610973554 0.0000000000 
    2    0    2    0    4    0    4    0    5    0    5    0 0.0865052642 0.0000000000 
    2    0    2    0    4    0    4    0    5    0    5    1 0.0038826362 -0.0119759424 
    2    0    2    0    4    0    4    0    5    1    5    0 0.0038826362 0.0119759424 
    2    0    2    0    4    0    4    0    5    1    5    1 0.0655308102 0.0000000000 
    2    0    2    0    4    0    4    1    5    0    5    0 0.0001662053 0.0362174366 
    2    0    2    0    4    0    4    1    5    0    5    1 -0.0481025326 -0.0101960688 
    2    0    2    0    4    0    4    1    5    1    5    0 -0.0242870118 -0.0090699784 
    2    0    2    0    4    0    4    1    5    1    5    1 0.0102321984 0.0186505194 
    2    0    2    0    4    1    4    0    5    0    5    0 0.0001662053 -0.0362174366 
    2    0    2    0    4    1    4    0    5    0    5    1 -0.0242870118 0.0090699784 
    2    0    2    0    4    1    4    0    5    1    5    0 -0.0481025326 0.0101960688 
    2    0    2    0    4    1    4    0    5    1    5    1 0.0102321984 -0.0186505194 
    2    0    2    0    4    1    4    1    5    0    5    0 0.1252833882 0.0000000000 
    2    0    2    0    4    1    4    1    5    0    5    1 -0.0164863957 0.0217358227 
    2    0    2    0    4    1    4    1    5    1    5    0 -0.0164863957 -0.0217358227 
    2    0    2    0    4    1    4    1    5    1    5    1 0.1204954530 0.0000000000 
    2    0    2    1    4    0    4    0    5    0    5    0 -0.0339627733 0.0234873339 
    2    0    2    1    4    0    4    0    5    0    5    1 0.0211728427 -0.0031683988 
    2    0    2    1    4    0    4    0    5    1    5    0 -0.0351873033 -0.0046642166 
    2    0    2    1    4    0    4    0    5    1    5    1 -0.0114528518 -0.0133414004 
    2    0    2    1    4    0    4    1    5    0    5    0 -0.0029979885 -0.0095704465 
    2    0    2    1    4    0    4    1    5    0    5    1 0.0083838901 -0.0056000169 
    2    0    2    1    4    0    4    1    5    1    5    0 -0.0006881555 0.0054831957 
    2    0    2    1    4    0    4    1    5    1    5    1 0.0145740245 0.0158227412 
    2    0    2    1    4    1    4    0    5    0    5    0 0.0099295833 -0.0290490667 
    2    0    2    1    4    1    4    0    5    0    5    1 -0.0145853185 0.0120221128 
    2    0    2    1    4    1    4    0    5    1    5    0 -0.0015042022 -0.0167454136 
    2    0    2    1    4    1    4    0    5    1    5    1 0.0092496913 -0.0036558849 
    2    0    2    1    4    1    4    1    5    0    5    0 -0.0467686758 -0.0267925474 
    2    0    2    1    4    1    4    1    5    0    5    1 0.0146794472 0.0191671744 
    2    0    2    1    4    1    4    1    5    1    5    0 -0.0372303413 0.0176713595 
    2    0    2    1    4    1    4    1    5    1    5    1 0.0061264540 0.0236838365 
    2    1    2    0    4    0    4    0    5    0    5    0 -0.0339627733 -0.0234873339 
    2    1    2    0    4    0    4    0    5    0    5    1 -0.0351873033 0.0046642166 
    2    1    2    0    4    0    4    0    5    1    5    0 0.0211728427 0.0031683988 
    2    1    2    0    4    0    4    0    5    1    5    1 -0.0114528518 0.0133414004 
    2    1    2    0    4    0    4    1    5    0    5    0 0.0099295833 0.0290490667 
    2    1    2    0    4    0    4    1    5    0    5    1 -0.0015042022 0.0167454136 
    2    1    2    0    4    0    4    1    5    1    5    0 -0.0145853185 -0.0120221128 
    2    1    2    0    4    0    4    1    5    1    5    1 0.0092496913 0.0036558849 
    2    1    2    0    4    1    4    0    5    0    5    0 -0.0029979885 0.0095704465 
    2    1    2    0    4    1    4    0    5    0    5    1 -0.0006881555 -0.0054831957 
    2    1    2    0    4    1    4    0    5    1    5    0 0.0083838901 0.0056000169 
    2    1    2    0    4    1    4    0    5    1    5    1 0.0145740245 -0.0158227412 
    2    1    2    0    4    1    4    1    5    0    5    0 -0.0467686758 0.0267925474 
    2    1    2    0    4    1    4    1    5    0    5    1 -0.0372303413 -0.0176713595 
    2    1    2    0    4    1    4    1    5    1    5    0 0.0146794472 -0.0191671744 
    2    1    2    0    4    1    4    1    5    1    5    1 0.0061264540 -0.0236838365 
    2    1    2    1    4    0    4    0    5    0    5    0 0.1628830142 0.0000000000 
    2    1    2    1    4    0    4    0    5    0    5    1 -0.0164465760 -0.0260997416 
    2    1    2    1    4    0    4    0    5    1    5    0 -0.0164465760 0.0260997416 
    2    1    2    1    4    0    4    0    5    1    5    1 0.1129122527 0.0000000000 
    2    1    2    1    4    0    4    1    5    0    5    0 -0.0011618149 -0.0154554290 
    2    1    2    1    4    0    4    1    5    0    5    1 -0.1135673128 -0.0014212934 
    2    1    2    1    4    0    4    1    5    1    5    0 -0.0223720814 -0.0109230148 
    2    1    2    1    4    0    4    1    5    1    5    1 0.0098900258 -0.0404871559 
    2    1    2    1    4    1    4    0    5    0    5    0 -0.0011618149 0.0154554290 
    2    1    2    1    4    1    4    0    5    0    5    1 -0.0223720814 0.0109230148 
    2    1    2    1    4    1    4    0    5    1    5    0 -0.1135673128 0.0014212934 
    2    1    2    1    4    1    4    0    5    1    5    1 0.0098900258 0.0404871559 
    2    1    2    1    4    1    4    1    5    0    5    0 0.1333501171 0.0000000000 
    2    1    2    1    4    1    4    1    5    0    5    1 0.0078731464 -0.0233817448 
    2    1    2    1    4    1    4    1    5    1    5    0 0.0078731464 0.0233817448 
    2    1    2    1    4    1    4    1    5    1    5    1 0.1930397003 0.0000000000 
    2    0    2    0    4    0    4    0    6    0    6    0 0.0922811473 0.0000000000 
    2    0    2    0    4    0    4    0    6    0    6    1 0.0170634315 0.0060091331 
    2    0    2    0    4    0    4    0    6    1    6    0 0.0170634315 -0.0060091331 
    2    0    2    0    4    0    4    0    6    1    6    1 0.0597549272 0.0000000000 
    2    0    2    0    4    0    4    1    6    0    6    0 0.0077830820 0.0357190225 
    2    0    2    0    4    0    4    1    6    0    6    1 0.0199643032 0.0042116369 
    2    0    2    0    4    0    4    1    6    1    6    0 -0.0102595460 0.0043885348 
    2    0    2    0    4    0    4    1    6    1    6    1 0.0026153216 0.0191489336 
    2    0    2    0    4    1    4    0    6    0    6    0 0.0077830820 -0.0357190225 
    2    0    2    0    4    1    4    0    6    0    6    1 -0.0102595460 -0.0043885348 
    2    0    2    0    4    1    4    0    6    1    6    0 0.0199643032 -0.0042116369 
    2    0    2    0    4    1    4    0    6    1    6    1 0.0026153216 -0.0191489336 
    2    0    2    0    4    1    4    1    6    0    6    0 0.1295081634 0.0000000000 
    2    0    2    0    4    1    4    1    6    0    6    1 0.0233410740 -0.0145797429 
    2    0    2    0    4    1    4    1    6    1    6    0 0.0233410740 0.0145797429 
    2    0    2    0    4    1    4    1    6    1    6    1 0.1162706778 0.0000000000 
    2    0    2    1    4    0    4    0    6    0    6    0 -0.0214633007 -0.0002297657 
    2    0    2    1    4    0    4    0    6    0    6    1 -0.0204559267 -0.0055416873 
    2    0    2    1    4    0    4    0    6    1    6    0 0.0237346115 0.0088127808 
    2    0    2    1    4    0    4    0    6    1    6    1 -0.0239523244 0.0103756992 
    2    0    2    1    4    0    4    1    6    0    6    0 -0.0117450974 0.0188666883 
    2    0    2    1    4    0    4    1    6    0    6    1 -0.0204453894 -0.0047927712 
    2    0    2    1    4    0    4    1    6    1    6    0 -0.0046295910 0.0094661731 
    2    0    2    1    4    0    4    1    6    1    6    1 0.0233211334 -0.0126143935 
    2    0    2    1    4    1    4    0    6    0    6    0 0.0240325982 -0.0320930177 
    2    0    2    1    4    1    4    0    6    0    6    1 0.0227787628 0.0019842038 
    2    0    2    1    4    1    4    0    6    1    6    0 0.0037794609 0.0033762996 
    2    0    2    1    4    1    4    0    6    1    6    1 -0.0048533236 -0.0006119340 
    2    0    2    1    4    1    4    1    6    0    6    0 -0.0164202429 0.0019850695 
    2    0    2    1    4    1    4    1    6    0    6    1 -0.0420937214 -0.0088359640 
    2    0    2    1    4    1    4    1    6    1    6    0 0.0047511588 0.0055184992 
    2    0    2    1    4    1    4    1    6    1    6    1 -0.0242219790 -0.0050937805 
    2    1    2    0    4    0    4    0    6    0    6    0 -0.0214633007 0.0002297657 
    2    1    2    0    4    0    4    0    6    0    6    1 0.0237346115 -0.0088127808 
    2    1    2    0    4    0    4    0    6    1    6    0 -0.0204559267 0.0055416873 
    2    1    2    0    4    0    4    0    6    1    6    1 -0.0239523244 -0.0103756992 
    2    1    2    0    4    0    4    1    6    0    6    0 0.0240325982 0.0320930177 
    2    1    2    0    4    0    4    1    6    0    6    1 0.0037794609 -0.0033762996 
    2    1    2    0    4    0    4    1    6    1    6    0 0.0227787628 -0.0019842038 
    2    1    2    0    4    0    4    1    6    1    6    1 -0.0048533236 0.0006119340 
    2    1    2    0    4    1    4    0    6    0    6    0 -0.0117450974 -0.0188666883 
    2    1    2    0    4    1    4    0    6    0    6    1 -0.0046295910 -0.0094661731 
    2    1    2    0    4    1    4    0    6    1    6    0 -0.0204453894 0.0047927712 
    2    1    2    0    4    1    4    0    6    1    6    1 0.0233211334 0.0126143935 
    2    1    2    0    4    1    4    1    6    0    6    0 -0.0164202429 -0.0019850695 
    2    1    2    0    4    1    4    1    6    0    6    1 0.0047511588 -0.0055184992 
    2    1    2    0    4    1    4    1    6    1    6    0 -0.0420937214 0.0088359640 
    2    1    2    0    4    1    4    1    6    1    6    1 -0.0242219790 0.0050937805 
    2    1    2    1    4    0    4    0    6    0    6    0 0.1536059824 0.0000000000 
    2    1    2    1    4    0    4    0    6    0    6    1 0.0219399837 0.0211639881 
    2    1    2    1    4    0    4    0    6    1    6    0 0.0219399837 -0.0211639881 
    2    1    2    1    4    0    4    0    6    1    6    1 0.1221892845 0.0000000000 
    2    1    2    1    4    0    4    1    6    0    6    0 0.0060863623 -0.0339423786 
    2    1    2    1    4    0    4    1    6    0    6    1 0.0282464412 -0.0009954820 
    2    1    2    1    4    0    4    1    6    1    6    0 -0.0349753513 0.0095956541 
    2    1    2    1    4    0    4    1    6    1    6    1 0.0026418485 -0.0220002063 
    2    1    2    1    4    1    4    0    6    0    6    0 0.0060863623 0.0339423786 
    2    1    2    1    4    1    4    0    6    0    6    1 -0.0349753513 -0.0095956541 
    2    1    2    1    4    1    4    0    6    1    6    0 0.0282464412 0.0009954820 
    2    1    2    1    4    1    4    0    6    1    6    1 0.0026418485 0.0220002063 
    2    1    2    1    4    1    4    1    6    0    6    0 0.1707748999 0.0000000000 
    2    1    2    1    4    1    4    1    6    0    6    1 0.0120028196 0.0310325959 
    2    1    2    1    4    1    4    1    6    1    6    0 0.0120028196 -0.0310325959 
    2    1    2    1    4    1    4    1    6    1    6    1 0.1556149174 0.0000000000 
    2    0    2    0    4    0    4    0    7    0    7    0 0.0550785198 0.0000000000 
    2    0    2    0    4    0    4    0    7    0    7    1 -0.0137909511 -0.0223124039 
    2    0    2    0    4    0    4    0    7    1    7    0 -0.0137909511 0.0223124039 
    2    0    2    0    4    0    4    0    7    1    7    1 0.0969575546 0.0000000000 
    2    0    2    0    4    0    4    1    7    0    7    0 0.0003634605 0.0021455108 
    2    0    2    0    4    0    4    1    7    0    7    1 0.0527193818 -0.0096904053 
    2    0    2    0    4    0    4    1    7    1    7    0 -0.0504436613 0.0015579249 
    2    0    2    0    4    0    4    1    7    1    7    1 0.0100349432 0.0527224453 
    2    0    2    0    4    1    4    0    7    0    7    0 0.0003634605 -0.0021455108 
    2    0    2    0    4    1    4    0    7    0    7    1 -0.0504436613 -0.0015579249 
    2    0    2    0    4    1    4    0    7    1    7    0 0.0527193818 0.0096904053 
    2    0    2    0    4    1    4    0    7    1    7    1 0.0100349432 -0.0527224453 
    2    0    2    0    4    1    4    1    7    0    7    0 0.0754768131 0.0000000000 
    2    0    2    0    4    1    4    1    7    0    7    1 -0.0239431693 -0.0282070090 
    2    0    2    0    4    1    4    1    7    1    7    0 -0.0239431693 0.0282070090 
    2    0    2    0    4    1    4    1    7    1    7    1 0.1703020281 0.0000000000 
    2    0    2    1    4    0    4    0    7    0    7    0 -0.0277037570 0.0071336527 
    2    0    2    1    4    0    4    0    7    0    7    1 0.0008562162 -0.0017345107 
    2    0    2    1    4    0    4    0    7    1    7    0 -0.0144814221 0.0141390880 
    2    0    2    1    4    0    4    0    7    1    7    1 -0.0177118680 0.0030122808 
    2    0    2    1    4    0    4    1    7    0    7    0 0.0190911226 0.0015165753 
    2    0    2    1    4    0    4    1    7    0    7    1 -0.0015374019 -0.0010847583 
    2    0    2    1    4    0    4    1    7    1    7    0 0.0258499388 -0.0082448387 
    2    0    2    1    4    0    4    1    7    1    7    1 -0.0075150866 0.0047357194 
    2    0    2    1    4    1    4    0    7    0    7    0 0.0185270435 -0.0199398219 
    2    0    2    1    4    1    4    0    7    0    7    1 -0.0021147038 -0.0023983255 
    2    0    2    1    4    1    4    0    7    1    7    0 -0.0599185607 -0.0062819173 
    2    0    2    1    4    1    4    0    7    1    7    1 0.0006522310 -0.0127651298 
    2    0    2    1    4    1    4    1    7    0    7    0 -0.0101087944 0.0046243927 
    2    0    2    1    4    1    4    1    7    0    7    1 0.0206017895 -0.0077472844 
    2    0    2    1    4    1    4    1    7    1    7    0 0.0385821514 0.0310595736 
    2    0    2    1    4    1    4    1    7    1    7    1 -0.0305334274 -0.0077331036 
    2    1    2    0    4    0    4    0    7    0    7    0 -0.0277037570 -0.0071336527 
    2    1    2    0    4    0    4    0    7    0    7    1 -0.0144814221 -0.0141390880 
    2    1    2    0    4    0    4    0    7    1    7    0 0.0008562162 0.0017345107 
    2    1    2    0    4    0    4    0    7    1    7    1 -0.0177118680 -0.0030122808 
    2    1    2    0    4    0    4    1    7    0    7    0 0.0185270435 0.0199398219 
    2    1    2    0    4    0    4    1    7    0    7    1 -0.0599185607 0.0062819173 
    2    1    2    0    4    0    4    1    7    1    7    0 -0.0021147038 0.0023983255 
    2    1    2    0    4    0    4    1    7    1    7    1 0.0006522310 0.0127651298 
    2    1    2    0    4    1    4    0    7    0    7    0 0.0190911226 -0.0015165753 
    2    1    2    0    4    1    4    0    7    0    7    1 0.0258499388 0.0082448387 
    2    1    2    0    4    1    4    0    7    1    7    0 -0.0015374019 0.0010847583 
    2    1    2    0    4    1    4    0    7    1    7    1 -0.0075150866 -0.0047357194 
    2    1    2    0    4    1    4    1    7    0    7    0 -0.0101087944 -0.0046243927 
    2    1    2    0    4    1    4    1    7    0    7    1 0.0385821514 -0.0310595736 
    2    1    2    0    4    1    4    1    7    1    7    0 0.0206017895 0.0077472844 
    2    1    2    0    4    1    4    1    7    1    7    1 -0.0305334274 0.0077331036 
    2    1    2    1    4    0    4    0    7    0    7    0 0.2197145203 0.0000000000 
    2    1    2    1    4    0    4    0    7    0    7    1 -0.0228225872 0.0292476756 
    2    1    2    1    4    0    4    0    7    1    7    0 -0.0228225872 -0.0292476756 
    2    1    2    1    4    0    4    0    7    1    7    1 0.0560807466 0.0000000000 
    2    1    2    1    4    0    4    1    7    0    7    0 0.0097031230 -0.0535079709 
    2    1    2    1    4    0    4    1    7    0    7    1 0.0750849241 -0.0142472537 
    2    1    2    1    4    0    4    1    7    1    7    0 -0.0694540456 0.0061147735 
    2    1    2    1    4    0    4    1    7    1    7    1 -0.0009749122 -0.0024346140 
    2    1    2    1    4    1    4    0    7    0    7    0 0.0097031230 0.0535079709 
    2    1    2    1    4    1    4    0    7    0    7    1 -0.0694540456 -0.0061147735 
    2    1    2    1    4    1    4    0    7    1    7    0 0.0750849241 0.0142472537 
    2    1    2    1    4    1    4    0    7    1    7    1 -0.0009749122 0.0024346140 
    2    1    2    1    4    1    4    1    7    0    7    0 0.2481674388 0.0000000000 
    2    1    2    1    4    1    4    1    7    0    7    1 -0.0090663302 0.0218832010 
    2    1    2    1    4    1    4    1    7    1    7    0 -0.0090663302 -0.0218832010 
    2    1    2    1    4    1    4    1    7    1    7    1 0.0782223785 0.0000000000 
    2    0    2    0    5    0    5    0    6    0    6    0 0.1044335093 0.0000000000 
    2    0    2    0    5    0    5    0    6    0    6    1 0.0278459671 -0.0027927372 
    2    0    2    0    5    0    5    0    6    1    6    0 0.0278459671 0.0027927372 
    2    0    2    0    5    0    5    0    6    1    6    1 0.1073551432 0.0000000000 
    2    0    2    0    5    0    5    1    6    0    6    0 -0.0137891553 -0.0086520802 
    2    0    2    0    5    0    5    1    6    0    6    1 0.0394056860 0.0107416122 
    2    0    2    0    5    0    5    1    6    1    6    0 -0.0626865253 0.0111501431 
    2    0    2    0    5    0    5    1    6    1    6    1 0.0011853958 0.0184119605 
    2    0    2    0    5    1    5    0    6    0    6    0 -0.0137891553 0.0086520802 
    2    0    2    0    5    1    5    0    6    0    6    1 -0.0626865253 -0.0111501431 
    2    0    2    0    5    1    5    0    6    1    6    0 0.0394056860 -0.0107416122 
    2    0    2    0    5    1    5    0    6    1    6    1 0.0011853958 -0.0184119605 
    2    0    2    0    5    1    5    1    6    0    6    0 0.1173558014 0.0000000000 
    2    0    2    0    5    1    5    1    6    0    6    1 0.0125585384 -0.0057778726 
    2    0    2    0    5    1    5    1    6    1    6    0 0.0125585384 0.0057778726 
    2    0    2    0    5    1    5    1    6    1    6    1 0.0686704619 0.0000000000 
    2    0    2    1    5    0    5    0    6    0    6    0 -0.0301889053 -0.0004752298 
    2    0    2    1    5    0    5    0    6    0    6    1 -0.0356433953 -0.0121782821 
    2    0    2    1    5    0    5    0    6    1    6    0 0.0071645227 0.0121550950 
    2    0    2    1    5    0    5    0    6    1    6    1 -0.0505425437 -0.0028299837 
    2    0    2    1    5    0    5    1    6    0    6    0 0.0231713437 0.0187012523 
    2    0    2    1    5    0    5    1    6    0    6    1 -0.0210801483 -0.0174510934 
    2    0    2    1    5    0    5    1    6    1    6    0 0.0152623053 -0.0267519342 
    2    0    2    1    5    0    5    1    6    1    6    1 0.0126809462 -0.0027024767 
    2    0    2    1    5    1    5    0    6    0    6    0 -0.0321960012 -0.0041982911 
    2    0    2    1    5    1    5    0    6    0    6    1 0.0273429496 0.0231310053 
    2    0    2    1    5    1    5    0    6    1    6    0 -0.0036867973 0.0139309908 
    2    0    2    1    5    1    5    0    6    1    6    1 -0.0402216435 0.0172054341 
    2    0    2    1    5    1    5    1    6    0    6    0 -0.0076946382 0.0022305336 
    2    0    2    1    5    1    5    1    6    0    6    1 -0.0269062528 -0.0021993692 
    2    0    2    1    5    1    5    1    6    1    6    0 0.0213212477 0.0021761850 
    2    0    2    1    5    1    5    1    6    1    6    1 0.0023682404 0.0081119025 
    2    1    2    0    5    0    5    0    6    0    6    0 -0.0301889053 0.0004752298 
    2    1    2    0    5    0    5    0    6    0    6    1 0.0071645227 -0.0121550950 
    2    1    2    0    5    0    5    0    6    1    6    0 -0.0356433953 0.0121782821 
    2    1    2    0    5    0    5    0    6    1    6    1 -0.0505425437 0.0028299837 
    2    1    2    0    5    0    5    1    6    0    6    0 -0.0321960012 0.0041982911 
    2    1    2    0    5    0    5    1    6    0    6    1 -0.0036867973 -0.0139309908 
    2    1    2    0    5    0    5    1    6    1    6    0 0.0273429496 -0.0231310053 
    2    1    2    0    5    0    5    1    6    1    6    1 -0.0402216435 -0.0172054341 
    2    1    2    0    5    1    5    0    6    0    6    0 0.0231713437 -0.0187012523 
    2    1    2    0    5    1    5    0    6    0    6    1 0.0152623053 0.0267519342 
    2    1    2    0    5    1    5    0    6    1    6    0 -0.0210801483 0.0174510934 
    2    1    2    0    5    1    5    0    6    1    6    1 0.0126809462 0.0027024767 
    2    1    2    0    5    1    5    1    6    0    6    0 -0.0076946382 -0.0022305336 
    2    1    2    0    5    1    5    1    6    0    6    1 0.0213212477 -0.0021761850 
    2    1    2    0    5    1    5    1    6    1    6    0 -0.0269062528 0.0021993692 
    2    1    2    0    5    1    5    1    6    1    6    1 0.0023682404 -0.0081119025 
    2    1    2    1    5    0    5    0    6    0    6    0 0.1472137439 0.0000000000 
    2    1    2    1    5    0    5    0    6    0    6    1 0.0266260404 0.0261256444 
    2    1    2    1    5    0    5    0    6    1    6    0 0.0266260404 -0.0261256444 
    2    1    2    1    5    0    5    0    6    1    6    1 0.1490193874 0.0000000000 
    2    1    2    1    5    0    5    1    6    0    6    0 -0.0115547983 -0.0358506495 
    2    1    2    1    5    0    5    1    6    0    6    1 0.0801652329 0.0129181364 
    2    1    2    1    5    0    5    1    6    1    6    0 -0.0854768409 0.0041339756 
    2    1    2    1    5    0    5    1    6    1    6    1 0.0029813686 -0.0136308368 
    2    1    2    1    5    1    5    0    6    0    6    0 -0.0115547983 0.0358506495 
    2    1    2    1    5    1    5    0    6    0    6    1 -0.0854768409 -0.0041339756 
    2    1    2    1    5    1    5    0    6    1    6    0 0.0801652329 -0.0129181364 
    2    1    2    1    5    1    5    0    6    1    6    1 0.0029813686 0.0136308368 
    2    1    2    1    5    1    5    1    6    0    6    0 0.1771671384 0.0000000000 
    2    1    2    1    5    1    5    1    6    0    6    1 0.0073167629 0.0260709397 
    2    1    2    1    5    1    5    1    6    1    6    0 0.0073167629 -0.0260709397 
    2    1    2    1    5    1    5    1    6    1    6    1 0.1287848146 0.0000000000 
    2    0    2    0    5    0    5    0    7    0    7    0 0.0694162281 0.0000000000 
    2    0    2    0    5    0    5    0    7    0    7    1 -0.0226017264 -0.0257900017 
    2    0    2    0    5    0    5    0    7    1    7    0 -0.0226017264 0.0257900017 
    2    0    2    0    5    0    5    0    7    1    7    1 0.1423724244 0.0000000000 
    2    0    2    0    5    0    5    1    7    0    7    0 -0.0030518181 -0.0021998371 
    2    0    2    0    5    0    5    1    7    0    7    1 0.0149660135 -0.0015410633 
    2    0    2    0    5    0    5    1    7    1    7    0 -0.0062728733 -0.0168690887 
    2    0    2    0    5    0    5    1    7    1    7    1 -0.0095519414 0.0119597174 
    2    0    2    0    5    1    5    0    7    0    7    0 -0.0030518181 0.0021998371 
    2    0    2    0    5    1    5    0    7    0    7    1 -0.0062728733 0.0168690887 
    2    0    2    0    5    1    5    0    7    1    7    0 0.0149660135 0.0015410633 
    2    0    2    0    5    1    5    0    7    1    7    1 -0.0095519414 -0.0119597174 
    2    0    2    0    5    1    5    1    7    0    7    0 0.0611391048 0.0000000000 
    2    0    2    0    5    1    5    1    7    0    7    1 -0.0151323940 -0.0247294111 
    2    0    2    0    5    1    5    1    7    1    7    0 -0.0151323940 0.0247294111 
    2    0    2    0    5    1    5    1    7    1    7    1 0.1248871584 0.0000000000 
    2    0    2    1    5    0    5    0    7    0    7    0 -0.0364293631 0.0068881888 
    2    0    2    1    5    0    5    0    7    0    7    1 0.0164706012 -0.0047408962 
    2    0    2    1    5    0    5    0    7    1    7    0 0.0115770029 0.0225993275 
    2    0    2    1    5    0    5    0    7    1    7    1 -0.0443020860 -0.0101934023 
    2    0    2    1    5    0    5    1    7    0    7    0 0.0226376666 0.0082977548 
    2    0    2    1    5    0    5    1    7    0    7    1 -0.0030464140 0.0083177991 
    2    0    2    1    5    0    5    1    7    1    7    0 0.0411463663 0.0530991682 
    2    0    2    1    5    0    5    1    7    1    7    1 0.0132146233 0.0077010208 
    2    0    2    1    5    1    5    0    7    0    7    0 -0.0489489612 0.0128898377 
    2    0    2    1    5    1    5    0    7    0    7    1 -0.0028923368 -0.0066373887 
    2    0    2    1    5    1    5    0    7    1    7    0 -0.0158533619 -0.0396626126 
    2    0    2    1    5    1    5    0    7    1    7    1 -0.0234686835 0.0001173053 
    2    0    2    1    5    1    5    1    7    0    7    0 -0.0013831884 0.0048698566 
    2    0    2    1    5    1    5    1    7    0    7    1 0.0049874045 -0.0047408989 
    2    0    2    1    5    1    5    1    7    1    7    0 0.0125237265 0.0225993341 
    2    0    2    1    5    1    5    1    7    1    7    1 -0.0039432094 0.0054725795 
    2    1    2    0    5    0    5    0    7    0    7    0 -0.0364293631 -0.0068881888 
    2    1    2    0    5    0    5    0    7    0    7    1 0.0115770029 -0.0225993275 
    2    1    2    0    5    0    5    0    7    1    7    0 0.0164706012 0.0047408962 
    2    1    2    0    5    0    5    0    7    1    7    1 -0.0443020860 0.0101934023 
    2    1    2    0    5    0    5    1    7    0    7    0 -0.0489489612 -0.0128898377 
    2    1    2    0    5    0    5    1    7    0    7    1 -0.0158533619 0.0396626126 
    2    1    2    0    5    0    5    1    7    1    7    0 -0.0028923368 0.0066373887 
    2    1    2    0    5    0    5    1    7    1    7    1 -0.0234686835 -0.0001173053 
    2    1    2    0    5    1    5    0    7    0    7    0 0.0226376666 -0.0082977548 
    2    1    2    0    5    1    5    0    7    0    7    1 0.0411463663 -0.0530991682 
    2    1    2    0    5    1    5    0    7    1    7    0 -0.0030464140 -0.0083177991 
    2    1    2    0    5    1    5    0    7    1    7    1 0.0132146233 -0.0077010208 
    2    1    2    0    5    1    5    1    7    0    7    0 -0.0013831884 -0.0048698566 
    2    1    2    0    5    1    5    1    7    0    7    1 0.0125237265 -0.0225993341 
    2    1    2    0    5    1    5    1    7    1    7    0 0.0049874045 0.0047408989 
    2    1    2    0    5    1    5    1    7    1    7    1 -0.0039432094 -0.0054725795 
    2    1    2    1    5    0    5    0    7    0    7    0 0.2249269471 0.0000000000 
    2    1    2    1    5    0    5    0    7    0    7    1 -0.0217338299 0.0144067238 
    2    1    2    1    5    0    5    0    7    1    7    0 -0.0217338299 -0.0144067238 
    2    1    2    1    5    0    5    0    7    1    7    1 0.0713061842 0.0000000000 
    2    1    2    1    5    0    5    1    7    0    7    0 -0.0067016800 -0.0480445637 
    2    1    2    1    5    0    5    1    7    0    7    1 0.0332447297 -0.0026765002 
    2    1    2    1    5    0    5    1    7    1    7    0 -0.0389620240 -0.0216019016 
    2    1    2    1    5    0    5    1    7    1    7    1 -0.0018717496 -0.0014369227 
    2    1    2    1    5    1    5    0    7    0    7    0 -0.0067016800 0.0480445637 
    2    1    2    1    5    1    5    0    7    0    7    1 -0.0389620240 0.0216019016 
    2    1    2    1    5    1    5    0    7    1    7    0 0.0332447297 0.0026765002 
    2    1    2    1    5    1    5    0    7    1    7    1 -0.0018717496 0.0014369227 
    2    1    2    1    5    1    5    1    7    0    7    0 0.2429550121 0.0000000000 
    2    1    2    1    5    1    5    1    7    0    7    1 -0.0101550875 0.0367241528 
    2    1    2    1    5    1    5    1    7    1    7    0 -0.0101550875 -0.0367241528 
    2    1    2    1    5    1    5    1    7    1    7    1 0.0629969409 0.0000000000 
    2    0    2    0    6    0    6    0    7    0    7    0 0.0815115617 0.0000000000 
    2    0    2    0    6    0    6    0    7    0    7    1 -0.0210898142 -0.0434525016 
    2    0    2    0    6    0    6    0    7    1    7    0 -0.0210898142 0.0434525016 
    2    0    2    0    6    0    6    0    7    1    7    1 0.1402777490 0.0000000000 
    2    0    2    0    6    0    6    1    7    0    7    0 0.0111427004 0.0113670735 
    2    0    2    0    6    0    6    1    7    0    7    1 -0.0703071657 0.0024769697 
    2    0    2    0    6    0    6    1    7    1    7    0 -0.0365074891 0.0106094498 
    2    0    2    0    6    0    6    1    7    1    7    1 0.0292618050 -0.0199376833 
    2    0    2    0    6    1    6    0    7    0    7    0 0.0111427004 -0.0113670735 
    2    0    2    0    6    1    6    0    7    0    7    1 -0.0365074891 -0.0106094498 
    2    0    2    0    6    1    6    0    7    1    7    0 -0.0703071657 -0.0024769697 
    2    0    2    0    6    1    6    0    7    1    7    1 0.0292618050 0.0199376833 
    2    0    2    0    6    1    6    1    7    0    7    0 0.0490437713 0.0000000000 
    2    0    2    0    6    1    6    1    7    0    7    1 -0.0166443062 -0.0070669112 
    2    0    2    0    6    1    6    1    7    1    7    0 -0.0166443062 0.0070669112 
    2    0    2    0    6    1    6    1    7    1    7    1 0.1269818338 0.0000000000 
    2    0    2    1    6    0    6    0    7    0    7    0 -0.0239298883 -0.0168289071 
    2    0    2    1    6    0    6    0    7    0    7    1 0.0273808414 -0.0109950985 
    2    0    2    1    6    0    6    0    7    1    7    0 -0.0315550274 0.0684637583 
    2    0    2    1    6    0    6    0    7    1    7    1 -0.0139536553 0.0185842109 
    2    0    2    1    6    0    6    1    7    0    7    0 -0.0497834517 0.0123757096 
    2    0    2    1    6    0    6    1    7    0    7    1 0.0187601626 0.0080095878 
    2    0    2    1    6    0    6    1    7    1    7    0 -0.0352367686 -0.0546173691 
    2    0    2    1    6    0    6    1    7    1    7    1 -0.0127661964 -0.0267533609 
    2    0    2    1    6    1    6    0    7    0    7    0 0.0373413223 0.0064252326 
    2    0    2    1    6    1    6    0    7    0    7    1 0.0112157075 -0.0091940423 
    2    0    2    1    6    1    6    0    7    1    7    0 0.0270345207 0.0498913600 
    2    0    2    1    6    1    6    0    7    1    7    1 -0.0088555520 0.0079060475 
    2    0    2    1    6    1    6    1    7    0    7    0 -0.0138826632 0.0285869525 
    2    0    2    1    6    1    6    1    7    0    7    1 -0.0059228358 0.0015133034 
    2    0    2    1    6    1    6    1    7    1    7    0 0.0556557568 -0.0232650968 
    2    0    2    1    6    1    6    1    7    1    7    1 -0.0342916402 -0.0233050337 
    2    1    2    0    6    0    6    0    7    0    7    0 -0.0239298883 0.0168289071 
    2    1    2    0    6    0    6    0    7    0    7    1 -0.0315550274 -0.0684637583 
    2    1    2    0    6    0    6    0    7    1    7    0 0.0273808414 0.0109950985 
    2    1    2    0    6    0    6    0    7    1    7    1 -0.0139536553 -0.0185842109 
    2    1    2    0    6    0    6    1    7    0    7    0 0.0373413223 -0.0064252326 
    2    1    2    0    6    0    6    1    7    0    7    1 0.0270345207 -0.0498913600 
    2    1    2    0    6    0    6    1    7    1    7    0 0.0112157075 0.0091940423 
    2    1    2    0    6    0    6    1    7    1    7    1 -0.0088555520 -0.0079060475 
    2    1    2    0    6    1    6    0    7    0    7    0 -0.0497834517 -0.0123757096 
    2    1    2    0    6    1    6    0    7    0    7    1 -0.0352367686 0.0546173691 
    2    1    2    0    6    1    6    0    7    1    7    0 0.0187601626 -0.0080095878 
    2    1    2    0    6    1    6    0    7    1    7    1 -0.0127661964 0.0267533609 
    2    1    2    0    6    1    6    1    7    0    7    0 -0.0138826632 -0.0285869525 
    2    1    2    0    6    1    6    1    7    0    7    1 0.0556557568 0.0232650968 
    2    1    2    0    6    1    6    1    7    1    7    0 -0.0059228358 -0.0015133034 
    2    1    2    0    6    1    6    1    7    1    7    1 -0.0342916402 0.0233050337 
    2    1    2    1    6    0    6    0    7    0    7    0 0.2690622308 0.0000000000 
    2    1    2    1    6    0    6    0    7    0    7    1 -0.0190317839 0.0127072478 
    2    1    2    1    6    0    6    0    7    1    7    0 -0.0190317839 -0.0127072478 
    2    1    2    1    6    0    6    0    7    1    7    1 0.0553186515 0.0000000000 
    2    1    2    1    6    0    6    1    7    0    7    0 0.0231083530 0.0551769090 
    2    1    2    1    6    0    6    1    7    0    7    1 -0.1131311582 0.0088624837 
    2    1    2    1    6    0    6    1    7    1    7    0 -0.0350594213 0.0169949639 
    2    1    2    1    6    0    6    1    7    1    7    1 0.0108344503 -0.0029803250 
    2    1    2    1    6    1    6    0    7    0    7    0 0.0231083530 -0.0551769090 
    2    1    2    1    6    1    6    0    7    0    7    1 -0.0350594213 -0.0169949639 
    2    1    2    1    6    1    6    0    7    1    7    0 -0.1131311582 -0.0088624837 
    2    1    2    1    6    1    6    0    7    1    7    1 0.0108344503 0.0029803250 
    2    1    2    1    6    1    6    1    7    0    7    0 0.1988197283 0.0000000000 
    2    1    2    1    6    1    6    1    7    0    7    1 -0.0128571335 0.0384236289 
    2    1    2    1    6    1    6    1    7    1    7    0 -0.0128571335 -0.0384236289 
    2    1    2    1    6    1    6    1    7    1    7    1 0.0789844737 0.0000000000 
    3    0    3    0    4    0    4    0    5    0    5    0 0.1215981588 0.0000000000 
    3    0    3    0    4    0    4    0    5    0    5    1 -0.0043219931 -0.0017327826 
    3    0    3    0    4    0    4    0    5    1    5    0 -0.0043219931 0.0017327826 
    3    0    3    0    4    0    4    0    5    1    5    1 0.0606764308 0.0000000000 
    3    0    3    0    4    0    4    1    5    0    5    0 0.0141735249 0.0164558270 
    3    0    3    0    4    0    4    1    5    0    5    1 -0.0824268259 -0.0029152042 
    3    0    3    0    4    0    4    1    5    1    5    0 -0.0044250893 -0.0096035810 
    3    0    3    0    4    0    4    1    5    1    5    1 -0.0029747633 -0.0000871917 
    3    0    3    0    4    1    4    0    5    0    5    0 0.0141735249 -0.0164558270 
    3    0    3    0    4    1    4    0    5    0    5    1 -0.0044250893 0.0096035810 
    3    0    3    0    4    1    4    0    5    1    5    0 -0.0824268259 0.0029152042 
    3    0    3    0    4    1    4    0    5    1    5    1 -0.0029747633 0.0000871917 
    3    0    3    0    4    1    4    1    5    0    5    0 0.1316130287 0.0000000000 
    3    0    3    0    4    1    4    1    5    0    5    1 -0.0019604643 0.0118594019 
    3    0    3    0    4    1    4    1    5    1    5    0 -0.0019604643 -0.0118594019 
    3    0    3    0    4    1    4    1    5    1    5    1 0.1444441167 0.0000000000 
    3    0    3    1    4    0    4    0    5    0    5    0 0.0392870391 -0.0271281298 
    3    0    3    1    4    0    4    0    5    0    5    1 0.0039074027 -0.0089787051 
    3    0    3    1    4    0    4    0    5    1    5    0 0.0128956118 0.0053757639 
    3    0    3    1    4    0    4    0    5    1    5    1 0.0126778644 -0.0342002045 
    3    0    3    1    4    0    4    1    5    0    5    0 -0.0262163503 0.0190407153 
    3    0    3    1    4    0    4    1    5    0    5    1 -0.0066718338 0.0076353164 
    3    0    3    1    4    0    4    1    5    1    5    0 -0.0030965963 0.0190089407 
    3    0    3    1    4    0    4    1    5    1    5    1 -0.0387221203 -0.0058112379 
    3    0    3    1    4    1    4    0    5    0    5    0 0.0278864018 0.0389565501 
    3    0    3    1    4    1    4    0    5    0    5    1 0.0114587596 0.0093108176 
    3    0    3    1    4    1    4    0    5    1    5    0 -0.0153512143 0.0187078736 
    3    0    3    1    4    1    4    0    5    1    5    1 0.0004867150 0.0141046032 
    3    0    3    1    4    1    4    1    5    0    5    0 0.0446438797 -0.0146366494 
    3    0    3    1    4    1    4    1    5    0    5    1 -0.0227260757 -0.0440080551 
    3    0    3    1    4    1    4    1    5    1    5    0 0.0366783714 -0.0296535924 
    3    0    3    1    4    1    4    1    5    1    5    1 -0.0041184516 -0.0200562080 
    3    1    3    0    4    0    4    0    5    0    5    0 0.0392870391 0.0271281298 
    3    1    3    0    4    0    4    0    5    0    5    1 0.0128956118 -0.0053757639 
    3    1    3    0    4    0    4    0    5    1    5    0 0.0039074027 0.0089787051 
    3    1    3    0    4    0    4    0    5    1    5    1 0.0126778644 0.0342002045 
    3    1    3    0    4    0    4    1    5    0    5    0 0.0278864018 -0.0389565501 
    3    1    3    0    4    0    4    1    5    0    5    1 -0.0153512143 -0.0187078736 
    3    1    3    0    4    0    4    1    5    1    5    0 0.0114587596 -0.0093108176 
    3    1    3    0    4    0    4    1    5    1    5    1 0.0004867150 -0.0141046032 
    3    1    3    0    4    1    4    0    5    0    5    0 -0.0262163503 -0.0190407153 
    3    1    3    0    4    1    4    0    5    0    5    1 -0.0030965963 -0.0190089407 
    3    1    3    0    4    1    4    0    5    1    5    0 -0.0066718338 -0.0076353164 
    3    1    3    0    4    1    4    0    5    1    5    1 -0.0387221203 0.0058112379 
    3    1    3    0    4    1    4    1    5    0    5    0 0.0446438797 0.0146366494 
    3    1    3    0    4    1    4    1    5    0    5    1 0.0366783714 0.0296535924 
    3    1    3    0    4    1    4    1    5    1    5    0 -0.0227260757 0.0440080551 
    3    1    3    0    4    1    4    1    5    1    5    1 -0.0041184516 0.0200562080 
    3    1    3    1    4    0    4    0    5    0    5    0 0.1277901197 0.0000000000 
    3    1    3    1    4    0    4    0    5    0    5    1 -0.0082419467 -0.0363429014 
    3    1    3    1    4    0    4    0    5    1    5    0 -0.0082419467 0.0363429014 
    3    1    3    1    4    0    4    0    5    1    5    1 0.1177666321 0.0000000000 
    3    1    3    1    4    0    4    1    5    0    5    0 -0.0151691345 0.0043061807 
    3    1    3    1    4    0    4    1    5    0    5    1 -0.0792430195 -0.0087021580 
    3    1    3    1    4    0    4    1    5    1    5    0 -0.0422340038 -0.0103894121 
    3    1    3    1    4    0    4    1    5    1    5    1 0.0230969874 -0.0217494448 
    3    1    3    1    4    1    4    0    5    0    5    0 -0.0151691345 -0.0043061807 
    3    1    3    1    4    1    4    0    5    0    5    1 -0.0422340038 0.0103894121 
    3    1    3    1    4    1    4    0    5    1    5    0 -0.0792430195 0.0087021580 
    3    1    3    1    4    1    4    0    5    1    5    1 0.0230969874 0.0217494448 
    3    1    3    1    4    1    4    1    5    0    5    0 0.1270204766 0.0000000000 
    3    1    3    1    4    1    4    1    5    0    5    1 -0.0066527850 -0.0135053240 
    3    1    3    1    4    1    4    1    5    1    5    0 -0.0066527850 0.0135053240 
    3    1    3    1    4    1    4    1    5    1    5    1 0.1690910366 0.0000000000 
    3    0    3    0    4    0    4    0    6    0    6    0 0.0553434092 0.0000000000 
    3    0    3    0    4    0    4    0    6    0    6    1 0.0179727598 0.0000916923 
    3    0    3    0    4    0    4    0    6    1    6    0 0.0179727598 -0.0000916923 
    3    0    3    0    4    0    4    0    6    1    6    1 0.1269311804 0.0000000000 
    3    0    3    0    4    0    4    1    6    0    6    0 0.0037847779 0.0093553388 
    3    0    3    0    4    0    4    1    6    0    6    1 0.0186453008 -0.0028117200 
    3    0    3    0    4    0    4    1    6    1    6    0 -0.0441940884 0.0084777674 
    3    0    3    0    4    0    4    1    6    1    6    1 0.0074139837 0.0070132965 
    3    0    3    0    4    1    4    0    6    0    6    0 0.0037847779 -0.0093553388 
    3    0    3    0    4    1    4    0    6    0    6    1 -0.0441940884 -0.0084777674 
    3    0    3    0    4    1    4    0    6    1    6    0 0.0186453008 0.0028117200 
    3    0    3    0    4    1    4    0    6    1    6    1 0.0074139837 -0.0070132965 
    3    0    3    0    4    1    4    1    6    0    6    0 0.0938765531 0.0000000000 
    3    0    3    0    4    1    4    1    6    0    6    1 0.0138908144 -0.0029206326 
    3    0    3    0    4    1    4    1    6    1    6    0 0.0138908144 0.0029206326 
    3    0    3    0    4    1    4    1    6    1    6    1 0.1821805922 0.0000000000 
    3    0    3    1    4    0    4    0    6    0    6    0 0.0244473798 -0.0288841435 
    3    0    3    1    4    0    4    0    6    0    6    1 0.0044613525 -0.0015696382 
    3    0    3    1    4    0    4    0    6    1    6    0 -0.0141519307 -0.0407333435 
    3    0    3    1    4    0    4    0    6    1    6    1 0.0275175237 -0.0324441909 
    3    0    3    1    4    0    4    1    6    0    6    0 -0.0289919985 -0.0024858555 
    3    0    3    1    4    0    4    1    6    0    6    1 0.0071752828 0.0060092750 
    3    0    3    1    4    0    4    1    6    1    6    0 0.0038975127 -0.0044099115 
    3    0    3    1    4    0    4    1    6    1    6    1 -0.0359464720 0.0157153328 
    3    0    3    1    4    1    4    0    6    0    6    0 0.0140519230 0.0423158051 
    3    0    3    1    4    1    4    0    6    0    6    1 -0.0134643884 0.0055010520 
    3    0    3    1    4    1    4    0    6    1    6    0 0.0202299031 -0.0039945708 
    3    0    3    1    4    1    4    0    6    1    6    1 0.0143211938 0.0107453483 
    3    0    3    1    4    1    4    1    6    0    6    0 0.0171358890 -0.0148791885 
    3    0    3    1    4    1    4    1    6    0    6    1 0.0355934685 -0.0015696387 
    3    0    3    1    4    1    4    1    6    1    6    0 -0.0163378197 -0.0407333341 
    3    0    3    1    4    1    4    1    6    1    6    1 0.0233895391 -0.0198136689 
    3    1    3    0    4    0    4    0    6    0    6    0 0.0244473798 0.0288841435 
    3    1    3    0    4    0    4    0    6    0    6    1 -0.0141519307 0.0407333435 
    3    1    3    0    4    0    4    0    6    1    6    0 0.0044613525 0.0015696382 
    3    1    3    0    4    0    4    0    6    1    6    1 0.0275175237 0.0324441909 
    3    1    3    0    4    0    4    1    6    0    6    0 0.0140519230 -0.0423158051 
    3    1    3    0    4    0    4    1    6    0    6    1 0.0202299031 0.0039945708 
    3    1    3    0    4    0    4    1    6    1    6    0 -0.0134643884 -0.0055010520 
    3    1    3    0    4    0    4    1    6    1    6    1 0.0143211938 -0.0107453483 
    3    1    3    0    4    1    4    0    6    0    6    0 -0.0289919985 0.0024858555 
    3    1    3    0    4    1    4    0    6    0    6    1 0.0038975127 0.0044099115 
    3    1    3    0    4    1    4    0    6    1    6    0 0.0071752828 -0.0060092750 
    3    1    3    0    4    1    4    0    6    1    6    1 -0.0359464720 -0.0157153328 
    3    1    3    0    4    1    4    1    6    0    6    0 0.0171358890 0.0148791885 
    3    1    3    0    4    1    4    1    6    0    6    1 -0.0163378197 0.0407333341 
    3    1    3    0    4    1    4    1    6    1    6    0 0.0355934685 0.0015696387 
    3    1    3    0    4    1    4    1    6    1    6    1 0.0233895391 0.0198136689 
    3    1    3    1    4    0    4    0    6    0    6    0 0.1905437205 0.0000000000 
    3    1    3    1    4    0    4    0    6    0    6    1 0.0210306554 0.0270814290 
    3    1    3    1    4    0    4    0    6    1    6    0 0.0210306554 -0.0270814290 
    3    1    3    1    4    0    4    0    6    1    6    1 0.0550130313 0.0000000000 
    3    1    3    1    4    0    4    1    6    0    6    0 0.0100846665 -0.0075786950 
    3    1    3    1    4    0    4    1    6    0    6    1 0.0295654436 0.0060278749 
    3    1    3    1    4    0    4    1    6    1    6    0 -0.0010408088 0.0055064215 
    3    1    3    1    4    0    4    1    6    1    6    1 -0.0021568136 -0.0098645692 
    3    1    3    1    4    1    4    0    6    0    6    0 0.0100846665 0.0075786950 
    3    1    3    1    4    1    4    0    6    0    6    1 -0.0010408088 -0.0055064215 
    3    1    3    1    4    1    4    0    6    1    6    0 0.0295654436 -0.0060278749 
    3    1    3    1    4    1    4    0    6    1    6    1 -0.0021568136 0.0098645692 
    3    1    3    1    4    1    4    1    6    0    6    0 0.2064065102 0.0000000000 
    3    1    3    1    4    1    4    1    6    0    6    1 0.0214530792 0.0193734855 
    3    1    3    1    4    1    4    1    6    1    6    0 0.0214530792 -0.0193734855 
    3    1    3    1    4    1    4    1    6    1    6    1 0.0897050031 0.0000000000 
    3    0    3    0    4    0    4    0    7    0    7    0 0.1317794361 0.0000000000 
    3    0    3    0    4    0    4    0    7    0    7    1 -0.0167010964 -0.0016917064 
    3    0    3    0    4    0    4    0    7    1    7    0 -0.0167010964 0.0016917064 
    3    0    3    0    4    0    4    0    7    1    7    1 0.0504951535 0.0000000000 
    3    0    3    0    4    0    4    1    7    0    7    0 0.0068236088 -0.0061108282 
    3    0    3    0    4    0    4    1    7    0    7    1 0.0729363538 -0.0141391035 
    3    0    3    0    4    0    4    1    7    1    7    0 -0.0336020982 0.0035868006 
    3    0    3    0    4    0    4    1    7    1    7    1 0.0043751528 0.0224794635 
    3    0    3    0    4    1    4    0    7    0    7    0 0.0068236088 0.0061108282 
    3    0    3    0    4    1    4    0    7    0    7    1 -0.0336020982 -0.0035868006 
    3    0    3    0    4    1    4    0    7    1    7    0 0.0729363538 0.0141391035 
    3    0    3    0    4    1    4    0    7    1    7    1 0.0043751528 -0.0224794635 
    3    0    3    0    4    1    4    1    7    0    7    0 0.1464018340 0.0000000000 
    3    0    3    0    4    1    4    1    7    0    7    1 -0.0116800623 0.0043113962 
    3    0    3    0    4    1    4    1    7    1    7    0 -0.0116800623 -0.0043113962 
    3    0    3    0    4    1    4    1    7    1    7    1 0.1296553114 0.0000000000 
    3    0    3    1    4    0    4    0    7    0    7    0 0.0308835912 -0.0621636747 
    3    0    3    1    4    0    4    0    7    0    7    1 0.0288628306 0.0151477866 
    3    0    3    1    4    0    4    0    7    1    7    0 -0.0153277056 0.0056480764 
    3    0    3    1    4    0    4    0    7    1    7    1 0.0210813123 0.0008353403 
    3    0    3    1    4    0    4    1    7    0    7    0 -0.0503090507 0.0010630416 
    3    0    3    1    4    0    4    1    7    0    7    1 0.0121033865 -0.0072759995 
    3    0    3    1    4    0    4    1    7    1    7    0 -0.0128691732 0.0021094537 
    3    0    3    1    4    0    4    1    7    1    7    1 -0.0146294198 0.0121664358 
    3    0    3    1    4    1    4    0    7    0    7    0 0.0083412193 0.0320822688 
    3    0    3    1    4    1    4    0    7    0    7    1 -0.0040180097 0.0001752323 
    3    0    3    1    4    1    4    0    7    1    7    0 0.0241380537 -0.0052027671 
    3    0    3    1    4    1    4    0    7    1    7    1 0.0200318975 0.0209788845 
    3    0    3    1    4    1    4    1    7    0    7    0 0.0095479715 -0.0503707648 
    3    0    3    1    4    1    4    1    7    0    7    1 -0.0003770612 0.0251266967 
    3    0    3    1    4    1    4    1    7    1    7    0 -0.0472219418 -0.0043308402 
    3    0    3    1    4    1    4    1    7    1    7    1 0.0309774566 0.0156779075 
    3    1    3    0    4    0    4    0    7    0    7    0 0.0308835912 0.0621636747 
    3    1    3    0    4    0    4    0    7    0    7    1 -0.0153277056 -0.0056480764 
    3    1    3    0    4    0    4    0    7    1    7    0 0.0288628306 -0.0151477866 
    3    1    3    0    4    0    4    0    7    1    7    1 0.0210813123 -0.0008353403 
    3    1    3    0    4    0    4    1    7    0    7    0 0.0083412193 -0.0320822688 
    3    1    3    0    4    0    4    1    7    0    7    1 0.0241380537 0.0052027671 
    3    1    3    0    4    0    4    1    7    1    7    0 -0.0040180097 -0.0001752323 
    3    1    3    0    4    0    4    1    7    1    7    1 0.0200318975 -0.0209788845 
    3    1    3    0    4    1    4    0    7    0    7    0 -0.0503090507 -0.0010630416 
    3    1    3    0    4    1    4    0    7    0    7    1 -0.0128691732 -0.0021094537 
    3    1    3    0    4    1    4    0    7    1    7    0 0.0121033865 0.0072759995 
    3    1    3    0    4    1    4    0    7    1    7    1 -0.0146294198 -0.0121664358 
    3    1    3    0    4    1    4    1    7    0    7    0 0.0095479715 0.0503707648 
    3    1    3    0    4    1    4    1    7    0    7    1 -0.0472219418 0.0043308402 
    3    1    3    0    4    1    4    1    7    1    7    0 -0.0003770612 -0.0251266967 
    3    1    3    0    4    1    4    1    7    1    7    1 0.0309774566 -0.0156779075 
    3    1    3    1    4    0    4    0    7    0    7    0 0.1430136040 0.0000000000 
    3    1    3    1    4    0    4    0    7    0    7    1 -0.0199124419 0.0086269782 
    3    1    3    1    4    0    4    0    7    1    7    0 -0.0199124419 -0.0086269782 
    3    1    3    1    4    0    4    0    7    1    7    1 0.1025431478 0.0000000000 
    3    1    3    1    4    0    4    1    7    0    7    0 0.0032429746 -0.0452516318 
    3    1    3    1    4    0    4    1    7    0    7    1 0.0548679521 -0.0097985554 
    3    1    3    1    4    0    4    1    7    1    7    0 -0.0862956087 0.0040858978 
    3    1    3    1    4    0    4    1    7    1    7    1 0.0046848783 0.0278083677 
    3    1    3    1    4    1    4    0    7    0    7    0 0.0032429746 0.0452516318 
    3    1    3    1    4    1    4    0    7    0    7    1 -0.0862956087 -0.0040858978 
    3    1    3    1    4    1    4    0    7    1    7    0 0.0548679521 0.0097985554 
    3    1    3    1    4    1    4    0    7    1    7    1 0.0046848783 -0.0278083677 
    3    1    3    1    4    1    4    1    7    0    7    0 0.1772424179 0.0000000000 
    3    1    3    1    4    1    4    1    7    0    7    1 -0.0213294371 -0.0106352042 
    3    1    3    1    4    1    4    1    7    1    7    0 -0.0213294371 0.0106352042 
    3    1    3    1    4    1    4    1    7    1    7    1 0.1188690953 0.0000000000 
    3    0    3    0    5    0    5    0    6    0    6    0 0.0770981279 0.0000000000 
    3    0    3    0    5    0    5    0    6    0    6    1 0.0261707241 -0.0017162310 
    3    0    3    0    5    0    5    0    6    1    6    0 0.0261707241 0.0017162310 
    3    0    3    0    5    0    5    0    6    1    6    1 0.1761130595 0.0000000000 
    3    0    3    0    5    0    5    1    6    0    6    0 -0.0073486887 -0.0034305841 
    3    0    3    0    5    0    5    1    6    0    6    1 0.0659957985 0.0150356221 
    3    0    3    0    5    0    5    1    6    1    6    0 -0.0598714728 0.0044363114 
    3    0    3    0    5    0    5    1    6    1    6    1 0.0010662313 0.0135572035 
    3    0    3    0    5    1    5    0    6    0    6    0 -0.0073486887 0.0034305841 
    3    0    3    0    5    1    5    0    6    0    6    1 -0.0598714728 -0.0044363114 
    3    0    3    0    5    1    5    0    6    1    6    0 0.0659957985 -0.0150356221 
    3    0    3    0    5    1    5    0    6    1    6    1 0.0010662313 -0.0135572035 
    3    0    3    0    5    1    5    1    6    0    6    0 0.0721218344 0.0000000000 
    3    0    3    0    5    1    5    1    6    0    6    1 0.0056928501 -0.0011127093 
    3    0    3    0    5    1    5    1    6    1    6    0 0.0056928501 0.0011127093 
    3    0    3    0    5    1    5    1    6    1    6    1 0.1329987131 0.0000000000 
    3    0    3    1    5    0    5    0    6    0    6    0 0.0318265723 -0.0195211714 
    3    0    3    1    5    0    5    0    6    0    6    1 0.0237634342 0.0014367478 
    3    0    3    1    5    0    5    0    6    1    6    0 -0.0052938926 -0.0491935797 
    3    0    3    1    5    0    5    0    6    1    6    1 0.0521043465 -0.0222436078 
    3    0    3    1    5    0    5    1    6    0    6    0 -0.0111272392 -0.0354431568 
    3    0    3    1    5    0    5    1    6    0    6    1 0.0158662972 -0.0047103609 
    3    0    3    1    5    0    5    1    6    1    6    0 -0.0303172473 0.0409122462 
    3    0    3    1    5    0    5    1    6    1    6    1 -0.0076914338 -0.0175436035 
    3    0    3    1    5    1    5    0    6    0    6    0 0.0177698711 -0.0083860569 
    3    0    3    1    5    1    5    0    6    0    6    1 -0.0190017819 -0.0061349433 
    3    0    3    1    5    1    5    0    6    1    6    0 -0.0040499946 -0.0306609705 
    3    0    3    1    5    1    5    0    6    1    6    1 0.0318041122 -0.0158917715 
    3    0    3    1    5    1    5    1    6    0    6    0 0.0097566965 -0.0242421607 
    3    0    3    1    5    1    5    1    6    0    6    1 0.0162913868 -0.0045760247 
    3    0    3    1    5    1    5    1    6    1    6    0 -0.0251958578 -0.0322730980 
    3    0    3    1    5    1    5    1    6    1    6    1 -0.0011972837 -0.0300142519 
    3    1    3    0    5    0    5    0    6    0    6    0 0.0318265723 0.0195211714 
    3    1    3    0    5    0    5    0    6    0    6    1 -0.0052938926 0.0491935797 
    3    1    3    0    5    0    5    0    6    1    6    0 0.0237634342 -0.0014367478 
    3    1    3    0    5    0    5    0    6    1    6    1 0.0521043465 0.0222436078 
    3    1    3    0    5    0    5    1    6    0    6    0 0.0177698711 0.0083860569 
    3    1    3    0    5    0    5    1    6    0    6    1 -0.0040499946 0.0306609705 
    3    1    3    0    5    0    5    1    6    1    6    0 -0.0190017819 0.0061349433 
    3    1    3    0    5    0    5    1    6    1    6    1 0.0318041122 0.0158917715 
    3    1    3    0    5    1    5    0    6    0    6    0 -0.0111272392 0.0354431568 
    3    1    3    0    5    1    5    0    6    0    6    1 -0.0303172473 -0.0409122462 
    3    1    3    0    5    1    5    0    6    1    6    0 0.0158662972 0.0047103609 
    3    1    3    0    5    1    5    0    6    1    6    1 -0.0076914338 0.0175436035 
    3    1    3    0    5    1    5    1    6    0    6    0 0.0097566965 0.0242421607 
    3    1    3    0    5    1    5    1    6    0    6    1 -0.0251958578 0.0322730980 
    3    1    3    0    5    1    5    1    6    1    6    0 0.0162913868 0.0045760247 
    3    1    3    0    5    1    5    1    6    1    6    1 -0.0011972837 0.0300142519 
    3    1    3    1    5    0    5    0    6    0    6    0 0.1745491253 0.0000000000 
    3    1    3    1    5    0    5    0    6    0    6    1 0.0283012834 0.0250491382 
    3    1    3    1    5    0    5    0    6    1    6    0 0.0283012834 -0.0250491382 
    3    1    3    1    5    0    5    0    6    1    6    1 0.0802614710 0.0000000000 
    3    1    3    1    5    0    5    1    6    0    6    0 -0.0179952648 -0.0410721456 
    3    1    3    1    5    0    5    1    6    0    6    1 0.0535751204 0.0086241265 
    3    1    3    1    5    0    5    1    6    1    6    0 -0.0882918933 0.0108478073 
    3    1    3    1    5    0    5    1    6    1    6    1 0.0031005331 -0.0087760798 
    3    1    3    1    5    1    5    0    6    0    6    0 -0.0179952648 0.0410721456 
    3    1    3    1    5    1    5    0    6    0    6    1 -0.0882918933 -0.0108478073 
    3    1    3    1    5    1    5    0    6    1    6    0 0.0535751204 -0.0086241265 
    3    1    3    1    5    1    5    0    6    1    6    1 0.0031005331 0.0087760798 
    3    1    3    1    5    1    5    1    6    0    6    0 0.2224011054 0.0000000000 
    3    1    3    1    5    1    5    1    6    0    6    1 0.0141824512 0.0214057763 
    3    1    3    1    5    1    5    1    6    1    6    0 0.0141824512 -0.0214057763 
    3    1    3    1    5    1    5    1    6    1    6    1 0.0644565633 0.0000000000 
    3    0    3    0    5    0    5    0    7    0    7    0 0.1482843779 0.0000000000 
    3    0    3    0    5    0    5    0    7    0    7    1 -0.0227090623 -0.0031494779 
    3    0    3    0    5    0    5    0    7    1    7    0 -0.0227090623 0.0031494779 
    3    0    3    0    5    0    5    0    7    1    7    1 0.1049268095 0.0000000000 
    3    0    3    0    5    0    5    1    7    0    7    0 -0.0030709645 -0.0110167510 
    3    0    3    0    5    0    5    1    7    0    7    1 0.0220422906 -0.0024675614 
    3    0    3    0    5    0    5    1    7    1    7    0 -0.0404345634 -0.0188767156 
    3    0    3    0    5    0    5    1    7    1    7    1 -0.0032114929 0.0211433703 
    3    0    3    0    5    1    5    0    7    0    7    0 -0.0030709645 0.0110167510 
    3    0    3    0    5    1    5    0    7    0    7    1 -0.0404345634 0.0188767156 
    3    0    3    0    5    1    5    0    7    1    7    0 0.0220422906 0.0024675614 
    3    0    3    0    5    1    5    0    7    1    7    1 -0.0032114929 -0.0211433703 
    3    0    3    0    5    1    5    1    7    0    7    0 0.1298968922 0.0000000000 
    3    0    3    0    5    1    5    1    7    0    7    1 -0.0056720964 0.0057691677 
    3    0    3    0    5    1    5    1    7    1    7    0 -0.0056720964 -0.0057691677 
    3    0    3    0    5    1    5    1    7    1    7    1 0.0752236553 0.0000000000 
    3    0    3    1    5    0    5    0    7    0    7    0 0.0382627830 -0.0528007032 
    3    0    3    1    5    0    5    0    7    0    7    1 0.0091338348 0.0217843797 
    3    0    3    1    5    0    5    0    7    1    7    0 -0.0336740840 0.0023057588 
    3    0    3    1    5    0    5    0    7    1    7    1 0.0456681358 0.0110359240 
    3    0    3    1    5    0    5    1    7    0    7    0 -0.0165305703 -0.0315651433 
    3    0    3    1    5    0    5    1    7    0    7    1 -0.0018639581 -0.0096611005 
    3    0    3    1    5    0    5    1    7    1    7    0 -0.0209511852 -0.0118704841 
    3    0    3    1    5    0    5    1    7    1    7    1 -0.0022881027 -0.0214216170 
    3    0    3    1    5    1    5    0    7    0    7    0 0.0393976403 -0.0070671469 
    3    0    3    1    5    1    5    0    7    0    7    1 0.0048882204 0.0153698549 
    3    0    3    1    5    1    5    0    7    1    7    0 0.0186627406 0.0138439946 
    3    0    3    1    5    1    5    0    7    1    7    1 0.0101763430 -0.0172106816 
    3    0    3    1    5    1    5    1    7    0    7    0 0.0021687796 -0.0597337363 
    3    0    3    1    5    1    5    1    7    0    7    1 0.0193519345 0.0184901037 
    3    0    3    1    5    1    5    1    7    1    7    0 -0.0288755635 -0.0009885226 
    3    0    3    1    5    1    5    1    7    1    7    1 0.0063906331 0.0054773238 
    3    1    3    0    5    0    5    0    7    0    7    0 0.0382627830 0.0528007032 
    3    1    3    0    5    0    5    0    7    0    7    1 -0.0336740840 -0.0023057588 
    3    1    3    0    5    0    5    0    7    1    7    0 0.0091338348 -0.0217843797 
    3    1    3    0    5    0    5    0    7    1    7    1 0.0456681358 -0.0110359240 
    3    1    3    0    5    0    5    1    7    0    7    0 0.0393976403 0.0070671469 
    3    1    3    0    5    0    5    1    7    0    7    1 0.0186627406 -0.0138439946 
    3    1    3    0    5    0    5    1    7    1    7    0 0.0048882204 -0.0153698549 
    3    1    3    0    5    0    5    1    7    1    7    1 0.0101763430 0.0172106816 
    3    1    3    0    5    1    5    0    7    0    7    0 -0.0165305703 0.0315651433 
    3    1    3    0    5    1    5    0    7    0    7    1 -0.0209511852 0.0118704841 
    3    1    3    0    5    1    5    0    7    1    7    0 -0.0018639581 0.0096611005 
    3    1    3    0    5    1    5    0    7    1    7    1 -0.0022881027 0.0214216170 
    3    1    3    0    5    1    5    1    7    0    7    0 0.0021687796 0.0597337363 
    3    1    3    0    5    1    5    1    7    0    7    1 -0.0288755635 0.0009885226 
    3    1    3    0    5    1    5    1    7    1    7    0 0.0193519345 -0.0184901037 
    3    1    3    0    5    1    5    1    7    1    7    1 0.0063906331 -0.0054773238 
    3    1    3    1    5    0    5    0    7    0    7    0 0.1460587972 0.0000000000 
    3    1    3    1    5    0    5    0    7    0    7    1 -0.0216264939 -0.0082338000 
    3    1    3    1    5    0    5    0    7    1    7    0 -0.0216264939 0.0082338000 
    3    1    3    1    5    0    5    0    7    1    7    1 0.1087517991 0.0000000000 
    3    1    3    1    5    0    5    1    7    0    7    0 -0.0066825336 -0.0392276498 
    3    1    3    1    5    0    5    1    7    0    7    1 0.0261684525 -0.0017500021 
    3    1    3    1    5    0    5    1    7    1    7    0 -0.0048003338 -0.0195942747 
    3    1    3    1    5    0    5    1    7    1    7    1 -0.0082121981 -0.0106205756 
    3    1    3    1    5    1    5    0    7    0    7    0 -0.0066825336 0.0392276498 
    3    1    3    1    5    1    5    0    7    0    7    1 -0.0048003338 0.0195942747 
    3    1    3    1    5    1    5    0    7    1    7    0 0.0261684525 0.0017500021 
    3    1    3    1    5    1    5    0    7    1    7    1 -0.0082121981 0.0106205756 
    3    1    3    1    5    1    5    1    7    0    7    0 0.1741972247 0.0000000000 
    3    1    3    1    5    1    5    1    7    0    7    1 -0.0196153850 0.0062255740 
    3    1    3    1    5    1    5    1    7    1    7    0 -0.0196153850 -0.0062255740 
    3    1    3    1    5    1    5    1    7    1    7    1 0.1126604440 0.0000000000 
    3    0    3    0    6    0    6    0    7    0    7    0 0.1041113484 0.0000000000 
    3    0    3    0    6    0    6    0    7    0    7    1 -0.0100609956 -0.0146048901 
    3    0    3    0    6    0    6    0    7    1    7    0 -0.0100609956 0.0146048901 
    3    0    3    0    6    0    6    0    7    1    7    1 0.0451086139 0.0000000000 
    3    0    3    0    6    0    6    1    7    0    7    0 0.0140337616 0.0218973678 
    3    0    3    0    6    0    6    1    7    0    7    1 -0.0912883811 0.0088624843 
    3    0    3    0    6    0    6    1    7    1    7    0 -0.0282143653 0.0106094497 
    3    0    3    0    6    0    6    1    7    1    7    1 0.0178298126 -0.0247263081 
    3    0    3    0    6    1    6    0    7    0    7    0 0.0140337616 -0.0218973678 
    3    0    3    0    6    1    6    0    7    0    7    1 -0.0282143653 -0.0106094497 
    3    0    3    0    6    1    6    0    7    1    7    0 -0.0912883811 -0.0088624843 
    3    0    3    0    6    1    6    0    7    1    7    1 0.0178298126 0.0247263081 
    3    0    3    0    6    1    6    1    7    0    7    0 0.1740699217 0.0000000000 
    3    0    3    0    6    1    6    1    7    0    7    1 -0.0183201632 0.0172245799 
    3    0    3    0    6    1    6    1    7    1    7    0 -0.0183201632 -0.0172245799 
    3    0    3    0    6    1    6    1    7    1    7    1 0.1350418510 0.0000000000 
    3    0    3    1    6    0    6    0    7    0    7    0 0.0234231224 -0.0545567190 
    3    0    3    1    6    0    6    0    7    0    7    1 0.0095838614 0.0234482189 
    3    0    3    1    6    0    6    0    7    1    7    0 -0.0189581875 -0.0163353477 
    3    0    3    1    6    0    6    0    7    1    7    1 0.0181601464 0.0107933869 
    3    0    3    1    6    0    6    1    7    0    7    0 0.0294440375 -0.0129781739 
    3    0    3    1    6    0    6    1    7    0    7    1 -0.0114761375 0.0183550995 
    3    0    3    1    6    0    6    1    7    1    7    0 0.0120395047 0.0187531796 
    3    0    3    1    6    0    6    1    7    1    7    1 0.0106107835 0.0098388970 
    3    0    3    1    6    1    6    0    7    0    7    0 -0.0417346468 -0.0689350371 
    3    0    3    1    6    1    6    0    7    0    7    1 -0.0255679815 0.0121635576 
    3    0    3    1    6    1    6    0    7    1    7    0 -0.0415009367 0.0134180014 
    3    0    3    1    6    1    6    0    7    1    7    1 0.0112448964 -0.0125316405 
    3    0    3    1    6    1    6    1    7    0    7    0 0.0170084402 -0.0579777206 
    3    0    3    1    6    1    6    1    7    0    7    1 0.0189019080 0.0168262645 
    3    0    3    1    6    1    6    1    7    1    7    0 -0.0435914600 0.0176525838 
    3    0    3    1    6    1    6    1    7    1    7    1 0.0338986226 0.0057198608 
    3    1    3    0    6    0    6    0    7    0    7    0 0.0234231224 0.0545567190 
    3    1    3    0    6    0    6    0    7    0    7    1 -0.0189581875 0.0163353477 
    3    1    3    0    6    0    6    0    7    1    7    0 0.0095838614 -0.0234482189 
    3    1    3    0    6    0    6    0    7    1    7    1 0.0181601464 -0.0107933869 
    3    1    3    0    6    0    6    1    7    0    7    0 -0.0417346468 0.0689350371 
    3    1    3    0    6    0    6    1    7    0    7    1 -0.0415009367 -0.0134180014 
    3    1    3    0    6    0    6    1    7    1    7    0 -0.0255679815 -0.0121635576 
    3    1    3    0    6    0    6    1    7    1    7    1 0.0112448964 0.0125316405 
    3    1    3    0    6    1    6    0    7    0    7    0 0.0294440375 0.0129781739 
    3    1    3    0    6    1    6    0    7    0    7    1 0.0120395047 -0.0187531796 
    3    1    3    0    6    1    6    0    7    1    7    0 -0.0114761375 -0.0183550995 
    3    1    3    0    6    1    6    0    7    1    7    1 0.0106107835 -0.0098388970 
    3    1    3    0    6    1    6    1    7    0    7    0 0.0170084402 0.0579777206 
    3    1    3    0    6    1    6    1    7    0    7    1 -0.0435914600 -0.0176525838 
    3    1    3    0    6    1    6    1    7    1    7    0 0.0189019080 -0.0168262645 
    3    1    3    0    6    1    6    1    7    1    7    1 0.0338986226 -0.0057198608 
    3    1    3    1    6    0    6    0    7    0    7    0 0.2464624440 0.0000000000 
    3    1    3    1    6    0    6    0    7    0    7    1 -0.0300606025 -0.0161403638 
    3    1    3    1    6    0    6    0    7    1    7    0 -0.0300606025 0.0161403638 
    3    1    3    1    6    0    6    0    7    1    7    1 0.1504877867 0.0000000000 
    3    1    3    1    6    0    6    1    7    0    7    0 0.0202172919 0.0446466146 
    3    1    3    1    6    0    6    1    7    0    7    1 -0.0921499427 0.0024769691 
    3    1    3    1    6    0    6    1    7    1    7    0 -0.0433525451 0.0169949640 
    3    1    3    1    6    0    6    1    7    1    7    1 0.0222664428 0.0018082999 
    3    1    3    1    6    1    6    0    7    0    7    0 0.0202172919 -0.0446466146 
    3    1    3    1    6    1    6    0    7    0    7    1 -0.0433525451 -0.0169949640 
    3    1    3    1    6    1    6    0    7    1    7    0 -0.0921499427 -0.0024769691 
    3    1    3    1    6    1    6    0    7    1    7    1 0.0222664428 -0.0018082999 
    3    1    3    1    6    1    6    1    7    0    7    0 0.0737935779 0.0000000000 
    3    1    3    1    6    1    6    1    7    0    7    1 -0.0111812765 0.0141321378 
    3    1    3    1    6    1    6    1    7    1    7    0 -0.0111812765 -0.0141321378 
    3    1    3    1    6    1    6    1    7    1    7    1 0.0709244564 0.0000000000 
    4    0    4    0    5    0    5    0    6    0    6    0 0.1128145879 0.0000000000 
    4    0    4    0    5    0    5    0    6    0    6    1 0.0247736054 0.0153336395 
    4    0    4    0    5    0    5    0    6    1    6    0 0.0247736054 -0.0153336395 
    4    0    4    0    5    0    5    0    6    1    6    1 0.1365736906 0.0000000000 
    4    0    4    0    5    0    5    1    6    0    6    0 -0.0122318418 -0.0335794868 
    4    0    4    0    5    0    5    1    6    0    6    1 0.0281497210 0.0071298839 
    4    0    4    0    5    0    5    1    6    1    6    0 -0.0740087445 0.0080697620 
    4    0    4    0    5    0    5    1    6    1    6    1 -0.0003320980 -0.0044961972 
    4    0    4    0    5    1    5    0    6    0    6    0 -0.0122318418 0.0335794868 
    4    0    4    0    5    1    5    0    6    0    6    1 -0.0740087445 -0.0080697620 
    4    0    4    0    5    1    5    0    6    1    6    0 0.0281497210 -0.0071298839 
    4    0    4    0    5    1    5    0    6    1    6    1 -0.0003320980 0.0044961972 
    4    0    4    0    5    1    5    1    6    0    6    0 0.1330725419 0.0000000000 
    4    0    4    0    5    1    5    1    6    0    6    1 0.0142298098 0.0118394817 
    4    0    4    0    5    1    5    1    6    1    6    0 0.0142298098 -0.0118394817 
    4    0    4    0    5    1    5    1    6    1    6    1 0.0453705211 0.0000000000 
    4    0    4    1    5    0    5    0    6    0    6    0 -0.0110274067 0.0144354846 
    4    0    4    1    5    0    5    0    6    0    6    1 0.0319961415 0.0059184085 
    4    0    4    1    5    0    5    0    6    1    6    0 -0.0375590233 0.0113024253 
    4    0    4    1    5    0    5    0    6    1    6    1 0.0100317971 0.0063265230 
    4    0    4    1    5    0    5    1    6    0    6    0 -0.0719473581 -0.0086081608 
    4    0    4    1    5    0    5    1    6    0    6    1 -0.0095392290 -0.0048004295 
    4    0    4    1    5    0    5    1    6    1    6    0 -0.0132142785 0.0052121893 
    4    0    4    1    5    0    5    1    6    1    6    1 -0.0897224874 -0.0030092014 
    4    0    4    1    5    1    5    0    6    0    6    0 -0.0460047780 -0.0128349745 
    4    0    4    1    5    1    5    0    6    0    6    1 -0.0164679393 -0.0016633517 
    4    0    4    1    5    1    5    0    6    1    6    0 -0.0127964667 0.0063219944 
    4    0    4    1    5    1    5    0    6    1    6    1 -0.0006543151 -0.0071580186 
    4    0    4    1    5    1    5    1    6    0    6    0 0.0248968510 -0.0126588408 
    4    0    4    1    5    1    5    1    6    0    6    1 0.0162146029 -0.0027022537 
    4    0    4    1    5    1    5    1    6    1    6    0 -0.0076758740 0.0026817636 
    4    0    4    1    5    1    5    1    6    1    6    1 -0.0047746269 -0.0091777957 
    4    1    4    0    5    0    5    0    6    0    6    0 -0.0110274067 -0.0144354846 
    4    1    4    0    5    0    5    0    6    0    6    1 -0.0375590233 -0.0113024253 
    4    1    4    0    5    0    5    0    6    1    6    0 0.0319961415 -0.0059184085 
    4    1    4    0    5    0    5    0    6    1    6    1 0.0100317971 -0.0063265230 
    4    1    4    0    5    0    5    1    6    0    6    0 -0.0460047780 0.0128349745 
    4    1    4    0    5    0    5    1    6    0    6    1 -0.0127964667 -0.0063219944 
    4    1    4    0    5    0    5    1    6    1    6    0 -0.0164679393 0.0016633517 
    4    1    4    0    5    0    5    1    6    1    6    1 -0.0006543151 0.0071580186 
    4    1    4    0    5    1    5    0    6    0    6    0 -0.0719473581 0.0086081608 
    4    1    4    0    5    1    5    0    6    0    6    1 -0.0132142785 -0.0052121893 
    4    1    4    0    5    1    5    0    6    1    6    0 -0.0095392290 0.0048004295 
    4    1    4    0    5    1    5    0    6    1    6    1 -0.0897224874 0.0030092014 
    4    1    4    0    5    1    5    1    6    0    6    0 0.0248968510 0.0126588408 
    4    1    4    0    5    1    5    1    6    0    6    1 -0.0076758740 -0.0026817636 
    4    1    4    0    5    1    5    1    6    1    6    0 0.0162146029 0.0027022537 
    4    1    4    0    5    1    5    1    6    1    6    1 -0.0047746269 0.0091777957 
    4    1    4    1    5    0    5    0    6    0    6    0 0.1388326653 0.0000000000 
    4    1    4    1    5    0    5    0    6    0    6    1 0.0296984021 0.0079992676 
    4    1    4    1    5    0    5    0    6    1    6    0 0.0296984021 -0.0079992676 
    4    1    4    1    5    0    5    0    6    1    6    1 0.1198008400 0.0000000000 
    4    1    4    1    5    0    5    1    6    0    6    0 -0.0131121117 -0.0109232429 
    4    1    4    1    5    0    5    1    6    0    6    1 0.0914211979 0.0165298647 
    4    1    4    1    5    0    5    1    6    1    6    0 -0.0741546217 0.0072143568 
    4    1    4    1    5    0    5    1    6    1    6    1 0.0044988625 0.0092773208 
    4    1    4    1    5    1    5    0    6    0    6    0 -0.0131121117 0.0109232429 
    4    1    4    1    5    1    5    0    6    0    6    1 -0.0741546217 -0.0072143568 
    4    1    4    1    5    1    5    0    6    1    6    0 0.0914211979 -0.0165298647 
    4    1    4    1    5    1    5    0    6    1    6    1 0.0044988625 -0.0092773208 
    4    1    4    1    5    1    5    1    6    0    6    0 0.1614503979 0.0000000000 
    4    1    4    1    5    1    5    1    6    0    6    1 0.0056454916 0.0084535853 
    4    1    4    1    5    1    5    1    6    1    6    0 0.0056454916 -0.0084535853 
    4    1    4    1    5    1    5    1    6    1    6    1 0.1520847553 0.0000000000 
    4    0    4    0    5    0    5    0    7    0    7    0 0.1700897493 0.0000000000 
    4    0    4    0    5    0    5    0    7    0    7    1 -0.0196552427 -0.0086862401 
    4    0    4    0    5    0    5    0    7    1    7    0 -0.0196552427 0.0086862401 
    4    0    4    0    5    0    5    0    7    1    7    1 0.0792985292 0.0000000000 
    4    0    4    0    5    0    5    1    7    0    7    0 -0.0126095818 -0.0260962025 
    4    0    4    0    5    0    5    1    7    0    7    1 0.0312301341 -0.0027027630 
    4    0    4    0    5    0    5    1    7    1    7    0 0.0059267798 -0.0198294761 
    4    0    4    0    5    0    5    1    7    1    7    1 0.0000456419 -0.0119794815 
    4    0    4    0    5    1    5    0    7    0    7    0 -0.0126095818 0.0260962025 
    4    0    4    0    5    1    5    0    7    0    7    1 0.0059267798 0.0198294761 
    4    0    4    0    5    1    5    0    7    1    7    0 0.0312301341 0.0027027630 
    4    0    4    0    5    1    5    0    7    1    7    1 0.0000456419 0.0119794815 
    4    0    4    0    5    1    5    1    7    0    7    0 0.1047032909 0.0000000000 
    4    0    4    0    5    1    5    1    7    0    7    1 -0.0169582956 0.0156215118 
    4    0    4    0    5    1    5    1    7    1    7    0 -0.0169582956 -0.0156215118 
    4    0    4    0    5    1    5    1    7    1    7    1 0.0737397721 0.0000000000 
    4    0    4    1    5    0    5    0    7    0    7    0 -0.0017483879 -0.0124342465 
    4    0    4    1    5    0    5    0    7    0    7    1 0.0829192862 -0.0115411276 
    4    0    4    1    5    0    5    0    7    1    7    0 -0.0501213468 -0.0008636416 
    4    0    4    1    5    0    5    0    7    1    7    1 0.0007527783 0.0331962542 
    4    0    4    1    5    0    5    1    7    0    7    0 -0.1175613531 -0.0009168095 
    4    0    4    1    5    0    5    1    7    0    7    1 0.0008040493 0.0025322618 
    4    0    4    1    5    0    5    1    7    1    7    0 0.0055033517 0.0061354714 
    4    0    4    1    5    0    5    1    7    1    7    1 -0.0441084924 -0.0107005527 
    4    0    4    1    5    1    5    0    7    0    7    0 -0.0312113381 -0.0107425858 
    4    0    4    1    5    1    5    0    7    0    7    1 0.0043988898 -0.0033558722 
    4    0    4    1    5    1    5    0    7    1    7    0 0.0084587338 -0.0067817325 
    4    0    4    1    5    1    5    0    7    1    7    1 -0.0154477551 -0.0092504074 
    4    0    4    1    5    1    5    1    7    0    7    0 0.0118149714 -0.0389282136 
    4    0    4    1    5    1    5    1    7    0    7    1 0.0448850198 -0.0123965313 
    4    0    4    1    5    1    5    1    7    1    7    0 -0.0697763601 0.0085363400 
    4    0    4    1    5    1    5    1    7    1    7    1 0.0083072527 0.0170915770 
    4    1    4    0    5    0    5    0    7    0    7    0 -0.0017483879 0.0124342465 
    4    1    4    0    5    0    5    0    7    0    7    1 -0.0501213468 0.0008636416 
    4    1    4    0    5    0    5    0    7    1    7    0 0.0829192862 0.0115411276 
    4    1    4    0    5    0    5    0    7    1    7    1 0.0007527783 -0.0331962542 
    4    1    4    0    5    0    5    1    7    0    7    0 -0.0312113381 0.0107425858 
    4    1    4    0    5    0    5    1    7    0    7    1 0.0084587338 0.0067817325 
    4    1    4    0    5    0    5    1    7    1    7    0 0.0043988898 0.0033558722 
    4    1    4    0    5    0    5    1    7    1    7    1 -0.0154477551 0.0092504074 
    4    1    4    0    5    1    5    0    7    0    7    0 -0.1175613531 0.0009168095 
    4    1    4    0    5    1    5    0    7    0    7    1 0.0055033517 -0.0061354714 
    4    1    4    0    5    1    5    0    7    1    7    0 0.0008040493 -0.0025322618 
    4    1    4    0    5    1    5    0    7    1    7    1 -0.0441084924 0.0107005527 
    4    1    4    0    5    1    5    1    7    0    7    0 0.0118149714 0.0389282136 
    4    1    4    0    5    1    5    1    7    0    7    1 -0.0697763601 -0.0085363400 
    4    1    4    0    5    1    5    1    7    1    7    0 0.0448850198 0.0123965313 
    4    1    4    0    5    1    5    1    7    1    7    1 0.0083072527 -0.0170915770 
    4    1    4    1    5    0    5    0    7    0    7    0 0.1242534259 0.0000000000 
    4    1    4    1    5    0    5    0    7    0    7    1 -0.0246803136 -0.0026970378 
    4    1    4    1    5    0    5    0    7    1    7    0 -0.0246803136 0.0026970378 
    4    1    4    1    5    0    5    0    7    1    7    1 0.1343800794 0.0000000000 
    4    1    4    1    5    0    5    1    7    0    7    0 0.0028560836 -0.0241481983 
    4    1    4    1    5    0    5    1    7    0    7    1 0.0169806091 -0.0015148005 
    4    1    4    1    5    0    5    1    7    1    7    0 -0.0511616770 -0.0186415142 
    4    1    4    1    5    0    5    1    7    1    7    1 -0.0114693329 0.0225022763 
    4    1    4    1    5    1    5    0    7    0    7    0 0.0028560836 0.0241481983 
    4    1    4    1    5    1    5    0    7    0    7    1 -0.0511616770 0.0186415142 
    4    1    4    1    5    1    5    0    7    1    7    0 0.0169806091 0.0015148005 
    4    1    4    1    5    1    5    0    7    1    7    1 -0.0114693329 -0.0225022763 
    4    1    4    1    5    1    5    1    7    0    7    0 0.1993908260 0.0000000000 
    4    1    4    1    5    1    5    1    7    0    7    1 -0.0083291858 -0.0036267701 
    4    1    4    1    5    1    5    1    7    1    7    0 -0.0083291858 0.0036267701 
    4    1    4    1    5    1    5    1    7    1    7    1 0.1141443273 0.0000000000 
    4    0    4    0    6    0    6    0    7    0    7    0 0.1456524443 0.0000000000 
    4    0    4    0    6    0    6    0    7    0    7    1 -0.0193585822 0.0008101771 
    4    0    4    0    6    0    6    0    7    1    7    0 -0.0193585822 -0.0008101771 
    4    0    4    0    6    0    6    0    7    1    7    1 0.1002346854 0.0000000000 
    4    0    4    0    6    0    6    1    7    0    7    0 0.0214256587 0.0202814293 
    4    0    4    0    6    0    6    1    7    0    7    1 -0.0575890352 0.0064158155 
    4    0    4    0    6    0    6    1    7    1    7    0 -0.0382049039 0.0186940781 
    4    0    4    0    6    0    6    1    7    1    7    1 0.0175777566 0.0068916919 
    4    0    4    0    6    1    6    0    7    0    7    0 0.0214256587 -0.0202814293 
    4    0    4    0    6    1    6    0    7    0    7    1 -0.0382049039 -0.0186940781 
    4    0    4    0    6    1    6    0    7    1    7    0 -0.0575890352 -0.0064158155 
    4    0    4    0    6    1    6    0    7    1    7    1 0.0175777566 -0.0068916919 
    4    0    4    0    6    1    6    1    7    0    7    0 0.1291405959 0.0000000000 
    4    0    4    0    6    1    6    1    7    0    7    1 -0.0172549561 0.0061250946 
    4    0    4    0    6    1    6    1    7    1    7    0 -0.0172549561 -0.0061250946 
    4    0    4    0    6    1    6    1    7    1    7    1 0.0528036158 0.0000000000 
    4    0    4    1    6    0    6    0    7    0    7    0 0.0059089753 -0.0342709769 
    4    0    4    1    6    0    6    0    7    0    7    1 0.0525201987 -0.0080503784 
    4    0    4    1    6    0    6    0    7    1    7    0 -0.0851184746 0.0034825095 
    4    0    4    1    6    0    6    0    7    1    7    1 0.0079604691 0.0360476207 
    4    0    4    1    6    0    6    1    7    0    7    0 0.0162146023 -0.0027022554 
    4    0    4    1    6    0    6    1    7    0    7    1 0.0078045723 0.0021454529 
    4    0    4    1    6    0    6    1    7    1    7    0 -0.0083479892 -0.0153863372 
    4    0    4    1    6    0    6    1    7    1    7    1 0.0319961421 0.0059184102 
    4    0    4    1    6    1    6    0    7    0    7    0 -0.0375590230 0.0113024272 
    4    0    4    1    6    1    6    0    7    0    7    1 0.0059750656 -0.0014555956 
    4    0    4    1    6    1    6    0    7    1    7    0 -0.0082653815 0.0151928991 
    4    0    4    1    6    1    6    0    7    1    7    1 -0.0076758743 0.0026817617 
    4    0    4    1    6    1    6    1    7    0    7    0 0.0041576082 -0.0170914832 
    4    0    4    1    6    1    6    1    7    0    7    1 0.0752841072 -0.0158872806 
    4    0    4    1    6    1    6    1    7    1    7    0 -0.0347792323 0.0041901890 
    4    0    4    1    6    1    6    1    7    1    7    1 0.0010995619 0.0142402105 
    4    1    4    0    6    0    6    0    7    0    7    0 0.0059089753 0.0342709769 
    4    1    4    0    6    0    6    0    7    0    7    1 -0.0851184746 -0.0034825095 
    4    1    4    0    6    0    6    0    7    1    7    0 0.0525201987 0.0080503784 
    4    1    4    0    6    0    6    0    7    1    7    1 0.0079604691 -0.0360476207 
    4    1    4    0    6    0    6    1    7    0    7    0 -0.0375590230 -0.0113024272 
    4    1    4    0    6    0    6    1    7    0    7    1 -0.0082653815 -0.0151928991 
    4    1    4    0    6    0    6    1    7    1    7    0 0.0059750656 0.0014555956 
    4    1    4    0    6    0    6    1    7    1    7    1 -0.0076758743 -0.0026817617 
    4    1    4    0    6    1    6    0    7    0    7    0 0.0162146023 0.0027022554 
    4    1    4    0    6    1    6    0    7    0    7    1 -0.0083479892 0.0153863372 
    4    1    4    0    6    1    6    0    7    1    7    0 0.0078045723 -0.0021454529 
    4    1    4    0    6    1    6    0    7    1    7    1 0.0319961421 -0.0059184102 
    4    1    4    0    6    1    6    1    7    0    7    0 0.0041576082 0.0170914832 
    4    1    4    0    6    1    6    1    7    0    7    1 -0.0347792323 -0.0041901890 
    4    1    4    0    6    1    6    1    7    1    7    0 0.0752841072 0.0158872806 
    4    1    4    0    6    1    6    1    7    1    7    1 0.0010995619 -0.0142402105 
    4    1    4    1    6    0    6    0    7    0    7    0 0.2049213482 0.0000000000 
    4    1    4    1    6    0    6    0    7    0    7    1 -0.0207630159 -0.0315554310 
    4    1    4    1    6    0    6    0    7    1    7    0 -0.0207630159 0.0315554310 
    4    1    4    1    6    0    6    0    7    1    7    1 0.0953617151 0.0000000000 
    4    1    4    1    6    0    6    1    7    0    7    0 0.0128253948 0.0462625531 
    4    1    4    1    6    0    6    1    7    0    7    1 -0.1258492886 0.0049236380 
    4    1    4    1    6    0    6    1    7    1    7    0 -0.0333620065 0.0089103356 
    4    1    4    1    6    0    6    1    7    1    7    1 0.0225184988 -0.0298097002 
    4    1    4    1    6    1    6    0    7    0    7    0 0.0128253948 -0.0462625531 
    4    1    4    1    6    1    6    0    7    0    7    1 -0.0333620065 -0.0089103356 
    4    1    4    1    6    1    6    0    7    1    7    0 -0.1258492886 -0.0049236380 
    4    1    4    1    6    1    6    0    7    1    7    1 0.0225184988 0.0298097002 
    4    1    4    1    6    1    6    1    7    0    7    0 0.1187229037 0.0000000000 
    4    1    4    1    6    1    6    1    7    0    7    1 -0.0122464836 0.0252316231 
    4    1    4    1    6    1    6    1    7    1    7    0 -0.0122464836 -0.0252316231 
    4    1    4    1    6    1    6    1    7    1    7    1 0.1531626916 0.0000000000 
    5    0    5    0    6    0    6    0    7    0    7    0 0.1675274434 0.0000000000 
    5    0    5    0    6    0    6    0    7    0    7    1 -0.0197753904 -0.0229167842 
    5    0    5    0    6    0    6    0    7    1    7    0 -0.0197753904 0.0229167842 
    5    0    5    0    6    0    6    0    7    1    7    1 0.0841198098 0.0000000000 
    5    0    5    0    6    0    6    1    7    0    7    0 0.0268359032 0.0337947974 
    5    0    5    0    6    0    6    1    7    0    7    1 -0.1048388355 0.0028312486 
    5    0    5    0    6    0    6    1    7    1    7    0 -0.0318534076 0.0166016864 
    5    0    5    0    6    0    6    1    7    1    7    1 0.0276361043 -0.0104618902 
    5    0    5    0    6    1    6    0    7    0    7    0 0.0268359032 -0.0337947974 
    5    0    5    0    6    1    6    0    7    0    7    1 -0.0318534076 -0.0166016864 
    5    0    5    0    6    1    6    0    7    1    7    0 -0.1048388355 -0.0028312486 
    5    0    5    0    6    1    6    0    7    1    7    1 0.0276361043 0.0104618902 
    5    0    5    0    6    1    6    1    7    0    7    0 0.1268157318 0.0000000000 
    5    0    5    0    6    1    6    1    7    0    7    1 -0.0245601658 0.0115335063 
    5    0    5    0    6    1    6    1    7    1    7    0 -0.0245601658 -0.0115335063 
    5    0    5    0    6    1    6    1    7    1    7    1 0.1295587988 0.0000000000 
    5    0    5    1    6    0    6    0    7    0    7    0 -0.0122755772 -0.0365255843 
    5    0    5    1    6    0    6    0    7    0    7    1 0.0169806080 -0.0015148025 
    5    0    5    1    6    0    6    0    7    1    7    0 0.0059267803 -0.0198294744 
    5    0    5    1    6    0    6    0    7    1    7    1 -0.0130683764 -0.0079771453 
    5    0    5    1    6    0    6    1    7    0    7    0 0.0906144336 0.0121837140 
    5    0    5    1    6    0    6    1    7    0    7    1 -0.0030695320 0.0045702301 
    5    0    5    1    6    0    6    1    7    1    7    0 -0.0019529268 0.0070528033 
    5    0    5    1    6    0    6    1    7    1    7    1 0.0289564853 0.0114760346 
    5    0    5    1    6    1    6    0    7    0    7    0 -0.0878609368 0.0037236085 
    5    0    5    1    6    1    6    0    7    0    7    1 0.0107517494 0.0011981416 
    5    0    5    1    6    1    6    0    7    1    7    0 0.0113642865 0.0024871012 
    5    0    5    1    6    1    6    0    7    1    7    1 -0.0603024293 0.0115605103 
    5    0    5    1    6    1    6    1    7    0    7    0 0.0025220790 -0.0137188164 
    5    0    5    1    6    1    6    1    7    0    7    1 0.0312301351 -0.0027027610 
    5    0    5    1    6    1    6    1    7    1    7    0 -0.0511616775 -0.0186415160 
    5    0    5    1    6    1    6    1    7    1    7    1 0.0016446854 0.0184999401 
    5    1    5    0    6    0    6    0    7    0    7    0 -0.0122755772 0.0365255843 
    5    1    5    0    6    0    6    0    7    0    7    1 0.0059267803 0.0198294744 
    5    1    5    0    6    0    6    0    7    1    7    0 0.0169806080 0.0015148025 
    5    1    5    0    6    0    6    0    7    1    7    1 -0.0130683764 0.0079771453 
    5    1    5    0    6    0    6    1    7    0    7    0 -0.0878609368 -0.0037236085 
    5    1    5    0    6    0    6    1    7    0    7    1 0.0113642865 -0.0024871012 
    5    1    5    0    6    0    6    1    7    1    7    0 0.0107517494 -0.0011981416 
    5    1    5    0    6    0    6    1    7    1    7    1 -0.0603024293 -0.0115605103 
    5    1    5    0    6    1    6    0    7    0    7    0 0.0906144336 -0.0121837140 
    5    1    5    0    6    1    6    0    7    0    7    1 -0.0019529268 -0.0070528033 
    5    1    5    0    6    1    6    0    7    1    7    0 -0.0030695320 -0.0045702301 
    5    1    5    0    6    1    6    0    7    1    7    1 0.0289564853 -0.0114760346 
    5    1    5    0    6    1    6    1    7    0    7    0 0.0025220790 0.0137188164 
    5    1    5    0    6    1    6    1    7    0    7    1 -0.0511616775 0.0186415160 
    5    1    5    0    6    1    6    1    7    1    7    0 0.0312301351 0.0027027610 
    5    1    5    0    6    1    6    1    7    1    7    1 0.0016446854 -0.0184999401 
    5    1    5    1    6    0    6    0    7    0    7    0 0.1830463491 0.0000000000 
    5    1    5    1    6    0    6    0    7    0    7    1 -0.0203462076 -0.0078284697 
    5    1    5    1    6    0    6    0    7    1    7    0 -0.0203462076 0.0078284697 
    5    1    5    1    6    0    6    0    7    1    7    1 0.1114765907 0.0000000000 
    5    1    5    1    6    0    6    1    7    0    7    0 0.0074151503 0.0327491851 
    5    1    5    1    6    0    6    1    7    0    7    1 -0.0785994883 0.0085082048 
    5    1    5    1    6    0    6    1    7    1    7    0 -0.0397135028 0.0110027273 
    5    1    5    1    6    0    6    1    7    1    7    1 0.0124601510 -0.0124561180 
    5    1    5    1    6    1    6    0    7    0    7    0 0.0074151503 -0.0327491851 
    5    1    5    1    6    1    6    0    7    0    7    1 -0.0397135028 -0.0110027273 
    5    1    5    1    6    1    6    0    7    1    7    0 -0.0785994883 -0.0085082048 
    5    1    5    1    6    1    6    0    7    1    7    1 0.0124601510 0.0124561180 
    5    1    5    1    6    1    6    1    7    0    7    0 0.1210477678 0.0000000000 
    5    1    5    1    6    1    6    1    7    0    7    1 -0.0049412739 0.0198232114 
    5    1    5    1    6    1    6    1    7    1    7    0 -0.0049412739 -0.0198232114 
    5    1    5    1    6    1    6    1    7    1    7    1 0.0764075086 0.0000000000 
